timestamp,date_GMT,status,attendance,home_team_name,away_team_name,referee,Game Week,Pre-Match PPG (Home),Pre-Match PPG (Away),home_ppg,away_ppg,home_team_goal_count,away_team_goal_count,total_goal_count,total_goals_at_half_time,home_team_goal_count_half_time,away_team_goal_count_half_time,home_team_goal_timings,away_team_goal_timings,home_team_corner_count,away_team_corner_count,home_team_yellow_cards,home_team_red_cards,away_team_yellow_cards,away_team_red_cards,home_team_first_half_cards,home_team_second_half_cards,away_team_first_half_cards,away_team_second_half_cards,home_team_shots,away_team_shots,home_team_shots_on_target,away_team_shots_on_target,home_team_shots_off_target,away_team_shots_off_target,home_team_fouls,away_team_fouls,home_team_possession,away_team_possession,Home Team Pre-Match xG,Away Team Pre-Match xG,team_a_xg,team_b_xg,average_goals_per_match_pre_match,btts_percentage_pre_match,over_15_percentage_pre_match,over_25_percentage_pre_match,over_35_percentage_pre_match,over_45_percentage_pre_match,over_15_HT_FHG_percentage_pre_match,over_05_HT_FHG_percentage_pre_match,over_15_2HG_percentage_pre_match,over_05_2HG_percentage_pre_match,average_corners_per_match_pre_match,average_cards_per_match_pre_match,odds_ft_home_team_win,odds_ft_draw,odds_ft_away_team_win,odds_ft_over15,odds_ft_over25,odds_ft_over35,odds_ft_over45,odds_btts_yes,odds_btts_no,stadium_name
1777856400,May 04 2026 - 1:00am,incomplete,N/A,San Francisco City,San Juan SC,N/A,N/A,0.00,0.00,0.00,0.00,0,0,0,0,0,0,"","",-1,-1,-1,-1,-1,-1,-1,-1,-1,-1,-1,-1,-1,-1,-1,-1,-1,-1,-1,-1,0.00,0.00,0.00,0.00,0.00,0,0,0,0,0,0,0,0,0,0.00,0.00,0.00,0.00,0.00,0.00,0.00,0.00,0.00,0.00,0.00,N/A
1778205600,May 08 2026 - 2:00am,incomplete,N/A,San Juan SC,Davis Legacy,N/A,N/A,0.00,0.00,0.00,0.00,0,0,0,0,0,0,"","",-1,-1,-1,-1,-1,-1,-1,-1,-1,-1,-1,-1,-1,-1,-1,-1,-1,-1,-1,-1,0.00,0.00,0.00,0.00,0.00,0,0,0,0,0,0,0,0,0,0.00,0.00,0.00,0.00,0.00,0.00,0.00,0.00,0.00,0.00,0.00,N/A
1778356800,May 09 2026 - 8:00pm,incomplete,N/A,Philadelphia Lone Star,West Chester United II,N/A,N/A,0.00,0.00,0.00,0.00,0,0,0,0,0,0,"","",-1,-1,-1,-1,-1,-1,-1,-1,-1,-1,-1,-1,-1,-1,-1,-1,-1,-1,-1,-1,0.00,0.00,0.00,0.00,0.00,0,0,0,0,0,0,0,0,0,0.00,0.00,0.00,0.00,0.00,0.00,0.00,0.00,0.00,0.00,0.00,N/A
1778356800,May 09 2026 - 8:00pm,incomplete,N/A,Project 51O,Academica,N/A,N/A,0.00,0.00,0.00,0.00,0,0,0,0,0,0,"","",-1,-1,-1,-1,-1,-1,-1,-1,-1,-1,-1,-1,-1,-1,-1,-1,-1,-1,-1,-1,0.00,0.00,0.00,0.00,0.00,0,0,0,0,0,0,0,0,0,0.00,0.00,0.00,0.00,0.00,0.00,0.00,0.00,0.00,0.00,0.00,N/A
1778364000,May 09 2026 - 10:00pm,incomplete,N/A,Boston City FC,New England SC,N/A,N/A,0.00,0.00,0.00,0.00,0,0,0,0,0,0,"","",-1,-1,-1,-1,-1,-1,-1,-1,-1,-1,-1,-1,-1,-1,-1,-1,-1,-1,-1,-1,0.00,0.00,0.00,0.00,0.00,0,0,0,0,0,0,0,0,0,0.00,0.00,0.00,0.00,0.00,0.00,0.00,0.00,0.00,0.00,0.00,N/A
1778367600,May 09 2026 - 11:00pm,incomplete,N/A,Virginia Beach United,Lionsbridge,N/A,N/A,0.00,0.00,0.00,0.00,0,0,0,0,0,0,"","",-1,-1,-1,-1,-1,-1,-1,-1,-1,-1,-1,-1,-1,-1,-1,-1,-1,-1,-1,-1,0.00,0.00,0.00,0.00,0.00,0,0,0,0,0,0,0,0,0,0.00,0.00,0.00,0.00,0.00,0.00,0.00,0.00,0.00,0.00,0.00,N/A
1778369400,May 09 2026 - 11:30pm,incomplete,N/A,Apotheos,Columbus United,N/A,N/A,0.00,0.00,0.00,0.00,0,0,0,0,0,0,"","",-1,-1,-1,-1,-1,-1,-1,-1,-1,-1,-1,-1,-1,-1,-1,-1,-1,-1,-1,-1,0.00,0.00,0.00,0.00,0.00,0,0,0,0,0,0,0,0,0,0.00,0.00,0.00,0.00,0.00,0.00,0.00,0.00,0.00,0.00,0.00,N/A
1778371200,May 10 2026 - 12:00am,incomplete,N/A,Almaden,San Francisco City,N/A,N/A,0.00,0.00,0.00,0.00,0,0,0,0,0,0,"","",-1,-1,-1,-1,-1,-1,-1,-1,-1,-1,-1,-1,-1,-1,-1,-1,-1,-1,-1,-1,0.00,0.00,0.00,0.00,0.00,0,0,0,0,0,0,0,0,0,0.00,0.00,0.00,0.00,0.00,0.00,0.00,0.00,0.00,0.00,0.00,N/A
1778371200,May 10 2026 - 12:00am,incomplete,N/A,St. Louis Ambush,Peoria City,N/A,N/A,0.00,0.00,0.00,0.00,0,0,0,0,0,0,"","",-1,-1,-1,-1,-1,-1,-1,-1,-1,-1,-1,-1,-1,-1,-1,-1,-1,-1,-1,-1,0.00,0.00,0.00,0.00,0.00,0,0,0,0,0,0,0,0,0,0.00,0.00,0.00,0.00,0.00,0.00,0.00,0.00,0.00,0.00,0.00,N/A
1778371200,May 10 2026 - 12:00am,incomplete,N/A,Evergreen,Virginia Marauders,N/A,N/A,0.00,0.00,0.00,0.00,0,0,0,0,0,0,"","",-1,-1,-1,-1,-1,-1,-1,-1,-1,-1,-1,-1,-1,-1,-1,-1,-1,-1,-1,-1,0.00,0.00,0.00,0.00,0.00,0,0,0,0,0,0,0,0,0,0.00,0.00,0.00,0.00,0.00,0.00,0.00,0.00,0.00,0.00,0.00,N/A
1778373000,May 10 2026 - 12:30am,incomplete,N/A,Fort Worth Vaqueros,Denton Diablos,N/A,N/A,0.00,0.00,0.00,0.00,0,0,0,0,0,0,"","",-1,-1,-1,-1,-1,-1,-1,-1,-1,-1,-1,-1,-1,-1,-1,-1,-1,-1,-1,-1,0.00,0.00,0.00,0.00,0.00,0,0,0,0,0,0,0,0,0,0.00,0.00,0.00,0.00,0.00,0.00,0.00,0.00,0.00,0.00,0.00,N/A
1778376600,May 10 2026 - 1:30am,incomplete,N/A,Oly Town,Ballard,N/A,N/A,0.00,0.00,0.00,0.00,0,0,0,0,0,0,"","",-1,-1,-1,-1,-1,-1,-1,-1,-1,-1,-1,-1,-1,-1,-1,-1,-1,-1,-1,-1,0.00,0.00,0.00,0.00,0.00,0,0,0,0,0,0,0,0,0,0.00,0.00,0.00,0.00,0.00,0.00,0.00,0.00,0.00,0.00,0.00,N/A
1778454000,May 10 2026 - 11:00pm,incomplete,N/A,Loudoun United II,Christos,N/A,N/A,0.00,0.00,0.00,0.00,0,0,0,0,0,0,"","",-1,-1,-1,-1,-1,-1,-1,-1,-1,-1,-1,-1,-1,-1,-1,-1,-1,-1,-1,-1,0.00,0.00,0.00,0.00,0.00,0,0,0,0,0,0,0,0,0,0.00,0.00,0.00,0.00,0.00,0.00,0.00,0.00,0.00,0.00,0.00,N/A
1778458500,May 11 2026 - 12:15am,incomplete,N/A,West Seattle Junction,Tacoma Stars,N/A,N/A,0.00,0.00,0.00,0.00,0,0,0,0,0,0,"","",-1,-1,-1,-1,-1,-1,-1,-1,-1,-1,-1,-1,-1,-1,-1,-1,-1,-1,-1,-1,0.00,0.00,0.00,0.00,0.00,0,0,0,0,0,0,0,0,0,0.00,0.00,0.00,0.00,0.00,0.00,0.00,0.00,0.00,0.00,0.00,N/A
1778626800,May 12 2026 - 11:00pm,incomplete,N/A,Lehigh Valley Utd. Sonic,West Chester United II,N/A,N/A,0.00,0.00,0.00,0.00,0,0,0,0,0,0,"","",-1,-1,-1,-1,-1,-1,-1,-1,-1,-1,-1,-1,-1,-1,-1,-1,-1,-1,-1,-1,0.00,0.00,0.00,0.00,0.00,0,0,0,0,0,0,0,0,0,0.00,0.00,0.00,0.00,0.00,0.00,0.00,0.00,0.00,0.00,0.00,N/A
1778630400,May 13 2026 - 12:00am,incomplete,N/A,Evergreen,Patuxent,N/A,N/A,0.00,0.00,0.00,0.00,0,0,0,0,0,0,"","",-1,-1,-1,-1,-1,-1,-1,-1,-1,-1,-1,-1,-1,-1,-1,-1,-1,-1,-1,-1,0.00,0.00,0.00,0.00,0.00,0,0,0,0,0,0,0,0,0,0.00,0.00,0.00,0.00,0.00,0.00,0.00,0.00,0.00,0.00,0.00,N/A
1778630400,May 13 2026 - 12:00am,incomplete,N/A,Virginia Marauders,Charlottesville Blues,N/A,N/A,0.00,0.00,0.00,0.00,0,0,0,0,0,0,"","",-1,-1,-1,-1,-1,-1,-1,-1,-1,-1,-1,-1,-1,-1,-1,-1,-1,-1,-1,-1,0.00,0.00,0.00,0.00,0.00,0,0,0,0,0,0,0,0,0,0.00,0.00,0.00,0.00,0.00,0.00,0.00,0.00,0.00,0.00,0.00,N/A
1778709600,May 13 2026 - 10:00pm,incomplete,N/A,Dayton Dutch Lions,Louisville City II,N/A,N/A,0.00,0.00,0.00,0.00,0,0,0,0,0,0,"","",-1,-1,-1,-1,-1,-1,-1,-1,-1,-1,-1,-1,-1,-1,-1,-1,-1,-1,-1,-1,0.00,0.00,0.00,0.00,0.00,0,0,0,0,0,0,0,0,0,0.00,0.00,0.00,0.00,0.00,0.00,0.00,0.00,0.00,0.00,0.00,Dayton Outpatient Center Stadium
1778713200,May 13 2026 - 11:00pm,incomplete,N/A,Kalamazoo FC,Union Macomb,N/A,N/A,0.00,0.00,0.00,0.00,0,0,0,0,0,0,"","",-1,-1,-1,-1,-1,-1,-1,-1,-1,-1,-1,-1,-1,-1,-1,-1,-1,-1,-1,-1,0.00,0.00,0.00,0.00,0.00,0,0,0,0,0,0,0,0,0,0.00,0.00,0.00,0.00,0.00,0.00,0.00,0.00,0.00,0.00,0.00,N/A
1778713200,May 13 2026 - 11:00pm,incomplete,N/A,Seacoast United Phantoms,New England SC,N/A,N/A,0.00,0.00,0.00,0.00,0,0,0,0,0,0,"","",-1,-1,-1,-1,-1,-1,-1,-1,-1,-1,-1,-1,-1,-1,-1,-1,-1,-1,-1,-1,0.00,0.00,0.00,0.00,0.00,0,0,0,0,0,0,0,0,0,0.00,0.00,0.00,0.00,0.00,0.00,0.00,0.00,0.00,0.00,0.00,N/A
1778713200,May 13 2026 - 11:00pm,incomplete,N/A,Appalachian,Asheville City,N/A,N/A,0.00,0.00,0.00,0.00,0,0,0,0,0,0,"","",-1,-1,-1,-1,-1,-1,-1,-1,-1,-1,-1,-1,-1,-1,-1,-1,-1,-1,-1,-1,0.00,0.00,0.00,0.00,0.00,0,0,0,0,0,0,0,0,0,0.00,0.00,0.00,0.00,0.00,0.00,0.00,0.00,0.00,0.00,0.00,N/A
1778713200,May 13 2026 - 11:00pm,incomplete,N/A,Brevard,Lakeland United,N/A,N/A,0.00,0.00,0.00,0.00,0,0,0,0,0,0,"","",-1,-1,-1,-1,-1,-1,-1,-1,-1,-1,-1,-1,-1,-1,-1,-1,-1,-1,-1,-1,0.00,0.00,0.00,0.00,0.00,0,0,0,0,0,0,0,0,0,0.00,0.00,0.00,0.00,0.00,0.00,0.00,0.00,0.00,0.00,0.00,N/A
1778713200,May 13 2026 - 11:00pm,incomplete,N/A,Weston FC,Miami AC,N/A,N/A,0.00,0.00,0.00,0.00,0,0,0,0,0,0,"","",-1,-1,-1,-1,-1,-1,-1,-1,-1,-1,-1,-1,-1,-1,-1,-1,-1,-1,-1,-1,0.00,0.00,0.00,0.00,0.00,0,0,0,0,0,0,0,0,0,0.00,0.00,0.00,0.00,0.00,0.00,0.00,0.00,0.00,0.00,0.00,N/A
1778716800,May 14 2026 - 12:00am,incomplete,N/A,Project 51O,Almaden,N/A,N/A,0.00,0.00,0.00,0.00,0,0,0,0,0,0,"","",-1,-1,-1,-1,-1,-1,-1,-1,-1,-1,-1,-1,-1,-1,-1,-1,-1,-1,-1,-1,0.00,0.00,0.00,0.00,0.00,0,0,0,0,0,0,0,0,0,0.00,0.00,0.00,0.00,0.00,0.00,0.00,0.00,0.00,0.00,0.00,N/A
1778716800,May 14 2026 - 12:00am,incomplete,N/A,Houston FC,AHFC Royals,N/A,N/A,0.00,0.00,0.00,0.00,0,0,0,0,0,0,"","",-1,-1,-1,-1,-1,-1,-1,-1,-1,-1,-1,-1,-1,-1,-1,-1,-1,-1,-1,-1,0.00,0.00,0.00,0.00,0.00,0,0,0,0,0,0,0,0,0,0.00,0.00,0.00,0.00,0.00,0.00,0.00,0.00,0.00,0.00,0.00,N/A
1778724000,May 14 2026 - 2:00am,incomplete,N/A,Academica,Davis Legacy,N/A,N/A,0.00,0.00,0.00,0.00,0,0,0,0,0,0,"","",-1,-1,-1,-1,-1,-1,-1,-1,-1,-1,-1,-1,-1,-1,-1,-1,-1,-1,-1,-1,0.00,0.00,0.00,0.00,0.00,0,0,0,0,0,0,0,0,0,0.00,0.00,0.00,0.00,0.00,0.00,0.00,0.00,0.00,0.00,0.00,N/A
1778724000,May 14 2026 - 2:00am,incomplete,N/A,San Juan SC,SF Glens,N/A,N/A,0.00,0.00,0.00,0.00,0,0,0,0,0,0,"","",-1,-1,-1,-1,-1,-1,-1,-1,-1,-1,-1,-1,-1,-1,-1,-1,-1,-1,-1,-1,0.00,0.00,0.00,0.00,0.00,0,0,0,0,0,0,0,0,0,0.00,0.00,0.00,0.00,0.00,0.00,0.00,0.00,0.00,0.00,0.00,N/A
1778799600,May 14 2026 - 11:00pm,incomplete,N/A,Wake,Charlotte Eagles,N/A,N/A,0.00,0.00,0.00,0.00,0,0,0,0,0,0,"","",-1,-1,-1,-1,-1,-1,-1,-1,-1,-1,-1,-1,-1,-1,-1,-1,-1,-1,-1,-1,0.00,0.00,0.00,0.00,0.00,0,0,0,0,0,0,0,0,0,0.00,0.00,0.00,0.00,0.00,0.00,0.00,0.00,0.00,0.00,0.00,N/A
1778801400,May 14 2026 - 11:30pm,incomplete,N/A,Western Mass Pioneers,Blackwatch Rush,N/A,N/A,0.00,0.00,0.00,0.00,0,0,0,0,0,0,"","",-1,-1,-1,-1,-1,-1,-1,-1,-1,-1,-1,-1,-1,-1,-1,-1,-1,-1,-1,-1,0.00,0.00,0.00,0.00,0.00,0,0,0,0,0,0,0,0,0,0.00,0.00,0.00,0.00,0.00,0.00,0.00,0.00,0.00,0.00,0.00,Lusitano Stadium
1778803200,May 15 2026 - 12:00am,incomplete,N/A,Birmingham Legion II,East Atlanta,N/A,N/A,0.00,0.00,0.00,0.00,0,0,0,0,0,0,"","",-1,-1,-1,-1,-1,-1,-1,-1,-1,-1,-1,-1,-1,-1,-1,-1,-1,-1,-1,-1,0.00,0.00,0.00,0.00,0.00,0,0,0,0,0,0,0,0,0,0.00,0.00,0.00,0.00,0.00,0.00,0.00,0.00,0.00,0.00,0.00,N/A
1778889600,May 16 2026 - 12:00am,incomplete,N/A,Des Moines Menace,Santafé Wanderers,N/A,N/A,0.00,0.00,0.00,0.00,0,0,0,0,0,0,"","",-1,-1,-1,-1,-1,-1,-1,-1,-1,-1,-1,-1,-1,-1,-1,-1,-1,-1,-1,-1,0.00,0.00,0.00,0.00,0.00,0,0,0,0,0,0,0,0,0,0.00,0.00,0.00,0.00,0.00,0.00,0.00,0.00,0.00,0.00,0.00,Valley Stadium
1778889600,May 16 2026 - 12:00am,incomplete,N/A,Christos,Lionsbridge,N/A,N/A,0.00,0.00,0.00,0.00,0,0,0,0,0,0,"","",-1,-1,-1,-1,-1,-1,-1,-1,-1,-1,-1,-1,-1,-1,-1,-1,-1,-1,-1,-1,0.00,0.00,0.00,0.00,0.00,0,0,0,0,0,0,0,0,0,0.00,0.00,0.00,0.00,0.00,0.00,0.00,0.00,0.00,0.00,0.00,N/A
1778891400,May 16 2026 - 12:30am,incomplete,N/A,San Antonio II,Laredo Heat,N/A,N/A,0.00,0.00,0.00,0.00,0,0,0,0,0,0,"","",-1,-1,-1,-1,-1,-1,-1,-1,-1,-1,-1,-1,-1,-1,-1,-1,-1,-1,-1,-1,0.00,0.00,0.00,0.00,0.00,0,0,0,0,0,0,0,0,0,0.00,0.00,0.00,0.00,0.00,0.00,0.00,0.00,0.00,0.00,0.00,N/A
1778893200,May 16 2026 - 1:00am,incomplete,N/A,West Virginia Chaos,Kings Hammer Columbus,N/A,N/A,0.00,0.00,0.00,0.00,0,0,0,0,0,0,"","",-1,-1,-1,-1,-1,-1,-1,-1,-1,-1,-1,-1,-1,-1,-1,-1,-1,-1,-1,-1,0.00,0.00,0.00,0.00,0.00,0,0,0,0,0,0,0,0,0,0.00,0.00,0.00,0.00,0.00,0.00,0.00,0.00,0.00,0.00,0.00,N/A
1778898600,May 16 2026 - 2:30am,incomplete,N/A,Ballard,Oly Town,N/A,N/A,0.00,0.00,0.00,0.00,0,0,0,0,0,0,"","",-1,-1,-1,-1,-1,-1,-1,-1,-1,-1,-1,-1,-1,-1,-1,-1,-1,-1,-1,-1,0.00,0.00,0.00,0.00,0.00,0,0,0,0,0,0,0,0,0,0.00,0.00,0.00,0.00,0.00,0.00,0.00,0.00,0.00,0.00,0.00,N/A
1778954400,May 16 2026 - 6:00pm,incomplete,N/A,Edgewater Castle,Rockford Raptors,N/A,N/A,0.00,0.00,0.00,0.00,0,0,0,0,0,0,"","",-1,-1,-1,-1,-1,-1,-1,-1,-1,-1,-1,-1,-1,-1,-1,-1,-1,-1,-1,-1,0.00,0.00,0.00,0.00,0.00,0,0,0,0,0,0,0,0,0,0.00,0.00,0.00,0.00,0.00,0.00,0.00,0.00,0.00,0.00,0.00,N/A
1778954400,May 16 2026 - 6:00pm,incomplete,N/A,Sueno,Rochester,N/A,N/A,0.00,0.00,0.00,0.00,0,0,0,0,0,0,"","",-1,-1,-1,-1,-1,-1,-1,-1,-1,-1,-1,-1,-1,-1,-1,-1,-1,-1,-1,-1,0.00,0.00,0.00,0.00,0.00,0,0,0,0,0,0,0,0,0,0.00,0.00,0.00,0.00,0.00,0.00,0.00,0.00,0.00,0.00,0.00,N/A
1778958000,May 16 2026 - 7:00pm,incomplete,N/A,New England SC,AC Connecticut,N/A,N/A,0.00,0.00,0.00,0.00,0,0,0,0,0,0,"","",-1,-1,-1,-1,-1,-1,-1,-1,-1,-1,-1,-1,-1,-1,-1,-1,-1,-1,-1,-1,0.00,0.00,0.00,0.00,0.00,0,0,0,0,0,0,0,0,0,0.00,0.00,0.00,0.00,0.00,0.00,0.00,0.00,0.00,0.00,0.00,N/A
1778959800,May 16 2026 - 7:30pm,incomplete,N/A,Asheville City,Hickory,N/A,N/A,0.00,0.00,0.00,0.00,0,0,0,0,0,0,"","",-1,-1,-1,-1,-1,-1,-1,-1,-1,-1,-1,-1,-1,-1,-1,-1,-1,-1,-1,-1,0.00,0.00,0.00,0.00,0.00,0,0,0,0,0,0,0,0,0,0.00,0.00,0.00,0.00,0.00,0.00,0.00,0.00,0.00,0.00,0.00,N/A
1778961600,May 16 2026 - 8:00pm,incomplete,N/A,Seacoast United Phantoms,Vermont Green,N/A,N/A,0.00,0.00,0.00,0.00,0,0,0,0,0,0,"","",-1,-1,-1,-1,-1,-1,-1,-1,-1,-1,-1,-1,-1,-1,-1,-1,-1,-1,-1,-1,0.00,0.00,0.00,0.00,0.00,0,0,0,0,0,0,0,0,0,0.00,0.00,0.00,0.00,0.00,0.00,0.00,0.00,0.00,0.00,0.00,N/A
1778961600,May 16 2026 - 8:00pm,incomplete,N/A,Philadelphia Lone Star,Eagle FC,N/A,N/A,0.00,0.00,0.00,0.00,0,0,0,0,0,0,"","",-1,-1,-1,-1,-1,-1,-1,-1,-1,-1,-1,-1,-1,-1,-1,-1,-1,-1,-1,-1,0.00,0.00,0.00,0.00,0.00,0,0,0,0,0,0,0,0,0,0.00,0.00,0.00,0.00,0.00,0.00,0.00,0.00,0.00,0.00,0.00,N/A
1778965200,May 16 2026 - 9:00pm,incomplete,N/A,Brooke House,Nona,N/A,N/A,0.00,0.00,0.00,0.00,0,0,0,0,0,0,"","",-1,-1,-1,-1,-1,-1,-1,-1,-1,-1,-1,-1,-1,-1,-1,-1,-1,-1,-1,-1,0.00,0.00,0.00,0.00,0.00,0,0,0,0,0,0,0,0,0,0.00,0.00,0.00,0.00,0.00,0.00,0.00,0.00,0.00,0.00,0.00,N/A
1778968800,May 16 2026 - 10:00pm,incomplete,N/A,Minneapolis City SC,Chicago Dutch Lions,N/A,N/A,0.00,0.00,0.00,0.00,0,0,0,0,0,0,"","",-1,-1,-1,-1,-1,-1,-1,-1,-1,-1,-1,-1,-1,-1,-1,-1,-1,-1,-1,-1,0.00,0.00,0.00,0.00,0.00,0,0,0,0,0,0,0,0,0,0.00,0.00,0.00,0.00,0.00,0.00,0.00,0.00,0.00,0.00,0.00,N/A
1778968800,May 16 2026 - 10:00pm,incomplete,N/A,Midwest United,Lansing City,N/A,N/A,0.00,0.00,0.00,0.00,0,0,0,0,0,0,"","",-1,-1,-1,-1,-1,-1,-1,-1,-1,-1,-1,-1,-1,-1,-1,-1,-1,-1,-1,-1,0.00,0.00,0.00,0.00,0.00,0,0,0,0,0,0,0,0,0,0.00,0.00,0.00,0.00,0.00,0.00,0.00,0.00,0.00,0.00,0.00,N/A
1778968800,May 16 2026 - 10:00pm,incomplete,N/A,Staten Island Athletic,Ironbound,N/A,N/A,0.00,0.00,0.00,0.00,0,0,0,0,0,0,"","",-1,-1,-1,-1,-1,-1,-1,-1,-1,-1,-1,-1,-1,-1,-1,-1,-1,-1,-1,-1,0.00,0.00,0.00,0.00,0.00,0,0,0,0,0,0,0,0,0,0.00,0.00,0.00,0.00,0.00,0.00,0.00,0.00,0.00,0.00,0.00,N/A
1778968800,May 16 2026 - 10:00pm,incomplete,N/A,Lakeland United,Miami AC,N/A,N/A,0.00,0.00,0.00,0.00,0,0,0,0,0,0,"","",-1,-1,-1,-1,-1,-1,-1,-1,-1,-1,-1,-1,-1,-1,-1,-1,-1,-1,-1,-1,0.00,0.00,0.00,0.00,0.00,0,0,0,0,0,0,0,0,0,0.00,0.00,0.00,0.00,0.00,0.00,0.00,0.00,0.00,0.00,0.00,N/A
1778972400,May 16 2026 - 11:00pm,incomplete,N/A,Oakland County,Union Macomb,N/A,N/A,0.00,0.00,0.00,0.00,0,0,0,0,0,0,"","",-1,-1,-1,-1,-1,-1,-1,-1,-1,-1,-1,-1,-1,-1,-1,-1,-1,-1,-1,-1,0.00,0.00,0.00,0.00,0.00,0,0,0,0,0,0,0,0,0,0.00,0.00,0.00,0.00,0.00,0.00,0.00,0.00,0.00,0.00,0.00,N/A
1778972400,May 16 2026 - 11:00pm,incomplete,N/A,Akron City,FC Buffalo,N/A,N/A,0.00,0.00,0.00,0.00,0,0,0,0,0,0,"","",-1,-1,-1,-1,-1,-1,-1,-1,-1,-1,-1,-1,-1,-1,-1,-1,-1,-1,-1,-1,0.00,0.00,0.00,0.00,0.00,0,0,0,0,0,0,0,0,0,0.00,0.00,0.00,0.00,0.00,0.00,0.00,0.00,0.00,0.00,0.00,N/A
1778972400,May 16 2026 - 11:00pm,incomplete,N/A,Wake,Tobacco Road FC,N/A,N/A,0.00,0.00,0.00,0.00,0,0,0,0,0,0,"","",-1,-1,-1,-1,-1,-1,-1,-1,-1,-1,-1,-1,-1,-1,-1,-1,-1,-1,-1,-1,0.00,0.00,0.00,0.00,0.00,0,0,0,0,0,0,0,0,0,0.00,0.00,0.00,0.00,0.00,0.00,0.00,0.00,0.00,0.00,0.00,N/A
1778972400,May 16 2026 - 11:00pm,incomplete,N/A,Connecticut Rush,Boston City FC,N/A,N/A,0.00,0.00,0.00,0.00,0,0,0,0,0,0,"","",-1,-1,-1,-1,-1,-1,-1,-1,-1,-1,-1,-1,-1,-1,-1,-1,-1,-1,-1,-1,0.00,0.00,0.00,0.00,0.00,0,0,0,0,0,0,0,0,0,0.00,0.00,0.00,0.00,0.00,0.00,0.00,0.00,0.00,0.00,0.00,N/A
1778972400,May 16 2026 - 11:00pm,incomplete,N/A,Charlotte Independence 2,SC United Bantams,N/A,N/A,0.00,0.00,0.00,0.00,0,0,0,0,0,0,"","",-1,-1,-1,-1,-1,-1,-1,-1,-1,-1,-1,-1,-1,-1,-1,-1,-1,-1,-1,-1,0.00,0.00,0.00,0.00,0.00,0,0,0,0,0,0,0,0,0,0.00,0.00,0.00,0.00,0.00,0.00,0.00,0.00,0.00,0.00,0.00,N/A
1778972400,May 16 2026 - 11:00pm,incomplete,N/A,West Chester United II,Pennsylvania Classics,N/A,N/A,0.00,0.00,0.00,0.00,0,0,0,0,0,0,"","",-1,-1,-1,-1,-1,-1,-1,-1,-1,-1,-1,-1,-1,-1,-1,-1,-1,-1,-1,-1,0.00,0.00,0.00,0.00,0.00,0,0,0,0,0,0,0,0,0,0.00,0.00,0.00,0.00,0.00,0.00,0.00,0.00,0.00,0.00,0.00,N/A
1778972400,May 16 2026 - 11:00pm,incomplete,N/A,Hill City,Loudoun United II,N/A,N/A,0.00,0.00,0.00,0.00,0,0,0,0,0,0,"","",-1,-1,-1,-1,-1,-1,-1,-1,-1,-1,-1,-1,-1,-1,-1,-1,-1,-1,-1,-1,0.00,0.00,0.00,0.00,0.00,0,0,0,0,0,0,0,0,0,0.00,0.00,0.00,0.00,0.00,0.00,0.00,0.00,0.00,0.00,0.00,N/A
1778972400,May 16 2026 - 11:00pm,incomplete,N/A,Shark Coast,Sporting JAX II,N/A,N/A,0.00,0.00,0.00,0.00,0,0,0,0,0,0,"","",-1,-1,-1,-1,-1,-1,-1,-1,-1,-1,-1,-1,-1,-1,-1,-1,-1,-1,-1,-1,0.00,0.00,0.00,0.00,0.00,0,0,0,0,0,0,0,0,0,0.00,0.00,0.00,0.00,0.00,0.00,0.00,0.00,0.00,0.00,0.00,N/A
1778972400,May 16 2026 - 11:00pm,incomplete,N/A,Weston FC,Fort Lauderdale United,N/A,N/A,0.00,0.00,0.00,0.00,0,0,0,0,0,0,"","",-1,-1,-1,-1,-1,-1,-1,-1,-1,-1,-1,-1,-1,-1,-1,-1,-1,-1,-1,-1,0.00,0.00,0.00,0.00,0.00,0,0,0,0,0,0,0,0,0,0.00,0.00,0.00,0.00,0.00,0.00,0.00,0.00,0.00,0.00,0.00,N/A
1778974200,May 16 2026 - 11:30pm,incomplete,N/A,Columbus United,Apotheos,N/A,N/A,0.00,0.00,0.00,0.00,0,0,0,0,0,0,"","",-1,-1,-1,-1,-1,-1,-1,-1,-1,-1,-1,-1,-1,-1,-1,-1,-1,-1,-1,-1,0.00,0.00,0.00,0.00,0.00,0,0,0,0,0,0,0,0,0,0.00,0.00,0.00,0.00,0.00,0.00,0.00,0.00,0.00,0.00,0.00,N/A
1778976000,May 17 2026 - 12:00am,incomplete,N/A,Dothan United,Montgomery United,N/A,N/A,0.00,0.00,0.00,0.00,0,0,0,0,0,0,"","",-1,-1,-1,-1,-1,-1,-1,-1,-1,-1,-1,-1,-1,-1,-1,-1,-1,-1,-1,-1,0.00,0.00,0.00,0.00,0.00,0,0,0,0,0,0,0,0,0,0.00,0.00,0.00,0.00,0.00,0.00,0.00,0.00,0.00,0.00,0.00,N/A
1778976000,May 17 2026 - 12:00am,incomplete,N/A,Louisiana Krewe,Memphis FC,N/A,N/A,0.00,0.00,0.00,0.00,0,0,0,0,0,0,"","",-1,-1,-1,-1,-1,-1,-1,-1,-1,-1,-1,-1,-1,-1,-1,-1,-1,-1,-1,-1,0.00,0.00,0.00,0.00,0.00,0,0,0,0,0,0,0,0,0,0.00,0.00,0.00,0.00,0.00,0.00,0.00,0.00,0.00,0.00,0.00,N/A
1778976000,May 17 2026 - 12:00am,incomplete,N/A,Red River,Hattiesburg,N/A,N/A,0.00,0.00,0.00,0.00,0,0,0,0,0,0,"","",-1,-1,-1,-1,-1,-1,-1,-1,-1,-1,-1,-1,-1,-1,-1,-1,-1,-1,-1,-1,0.00,0.00,0.00,0.00,0.00,0,0,0,0,0,0,0,0,0,0.00,0.00,0.00,0.00,0.00,0.00,0.00,0.00,0.00,0.00,0.00,N/A
1778976000,May 17 2026 - 12:00am,incomplete,N/A,Sunflower State,St. Louis Ambush,N/A,N/A,0.00,0.00,0.00,0.00,0,0,0,0,0,0,"","",-1,-1,-1,-1,-1,-1,-1,-1,-1,-1,-1,-1,-1,-1,-1,-1,-1,-1,-1,-1,0.00,0.00,0.00,0.00,0.00,0,0,0,0,0,0,0,0,0,0.00,0.00,0.00,0.00,0.00,0.00,0.00,0.00,0.00,0.00,0.00,N/A
1778976000,May 17 2026 - 12:00am,incomplete,N/A,Evergreen,Virginia Beach United,N/A,N/A,0.00,0.00,0.00,0.00,0,0,0,0,0,0,"","",-1,-1,-1,-1,-1,-1,-1,-1,-1,-1,-1,-1,-1,-1,-1,-1,-1,-1,-1,-1,0.00,0.00,0.00,0.00,0.00,0,0,0,0,0,0,0,0,0,0.00,0.00,0.00,0.00,0.00,0.00,0.00,0.00,0.00,0.00,0.00,N/A
1778977800,May 17 2026 - 12:30am,incomplete,N/A,McKinney Chupacabras,Denton Diablos,N/A,N/A,0.00,0.00,0.00,0.00,0,0,0,0,0,0,"","",-1,-1,-1,-1,-1,-1,-1,-1,-1,-1,-1,-1,-1,-1,-1,-1,-1,-1,-1,-1,0.00,0.00,0.00,0.00,0.00,0,0,0,0,0,0,0,0,0,0.00,0.00,0.00,0.00,0.00,0.00,0.00,0.00,0.00,0.00,0.00,N/A
1778979600,May 17 2026 - 1:00am,incomplete,N/A,Almaden,Academica,N/A,N/A,0.00,0.00,0.00,0.00,0,0,0,0,0,0,"","",-1,-1,-1,-1,-1,-1,-1,-1,-1,-1,-1,-1,-1,-1,-1,-1,-1,-1,-1,-1,0.00,0.00,0.00,0.00,0.00,0,0,0,0,0,0,0,0,0,0.00,0.00,0.00,0.00,0.00,0.00,0.00,0.00,0.00,0.00,0.00,N/A
1778979600,May 17 2026 - 1:00am,incomplete,N/A,City SC,Capo II,N/A,N/A,0.00,0.00,0.00,0.00,0,0,0,0,0,0,"","",-1,-1,-1,-1,-1,-1,-1,-1,-1,-1,-1,-1,-1,-1,-1,-1,-1,-1,-1,-1,0.00,0.00,0.00,0.00,0.00,0,0,0,0,0,0,0,0,0,0.00,0.00,0.00,0.00,0.00,0.00,0.00,0.00,0.00,0.00,0.00,N/A
1778979600,May 17 2026 - 1:00am,incomplete,N/A,Colorado ISA,Atlético Unión,N/A,N/A,0.00,0.00,0.00,0.00,0,0,0,0,0,0,"","",-1,-1,-1,-1,-1,-1,-1,-1,-1,-1,-1,-1,-1,-1,-1,-1,-1,-1,-1,-1,0.00,0.00,0.00,0.00,0.00,0,0,0,0,0,0,0,0,0,0.00,0.00,0.00,0.00,0.00,0.00,0.00,0.00,0.00,0.00,0.00,N/A
1778983200,May 17 2026 - 2:00am,incomplete,N/A,Southern California Seahorses,AMSG,N/A,N/A,0.00,0.00,0.00,0.00,0,0,0,0,0,0,"","",-1,-1,-1,-1,-1,-1,-1,-1,-1,-1,-1,-1,-1,-1,-1,-1,-1,-1,-1,-1,0.00,0.00,0.00,0.00,0.00,0,0,0,0,0,0,0,0,0,0.00,0.00,0.00,0.00,0.00,0.00,0.00,0.00,0.00,0.00,0.00,N/A
1778983200,May 17 2026 - 2:00am,incomplete,N/A,Bangers,Snohomish United,N/A,N/A,0.00,0.00,0.00,0.00,0,0,0,0,0,0,"","",-1,-1,-1,-1,-1,-1,-1,-1,-1,-1,-1,-1,-1,-1,-1,-1,-1,-1,-1,-1,0.00,0.00,0.00,0.00,0.00,0,0,0,0,0,0,0,0,0,0.00,0.00,0.00,0.00,0.00,0.00,0.00,0.00,0.00,0.00,0.00,N/A
1778985000,May 17 2026 - 2:30am,incomplete,N/A,Fort Worth Vaqueros,Lubbock Matadors,N/A,N/A,0.00,0.00,0.00,0.00,0,0,0,0,0,0,"","",-1,-1,-1,-1,-1,-1,-1,-1,-1,-1,-1,-1,-1,-1,-1,-1,-1,-1,-1,-1,0.00,0.00,0.00,0.00,0.00,0,0,0,0,0,0,0,0,0,0.00,0.00,0.00,0.00,0.00,0.00,0.00,0.00,0.00,0.00,0.00,N/A
1779048000,May 17 2026 - 8:00pm,incomplete,N/A,Riverhounds II,Cleveland Force,N/A,N/A,0.00,0.00,0.00,0.00,0,0,0,0,0,0,"","",-1,-1,-1,-1,-1,-1,-1,-1,-1,-1,-1,-1,-1,-1,-1,-1,-1,-1,-1,-1,0.00,0.00,0.00,0.00,0.00,0,0,0,0,0,0,0,0,0,0.00,0.00,0.00,0.00,0.00,0.00,0.00,0.00,0.00,0.00,0.00,N/A
1779053400,May 17 2026 - 9:30pm,incomplete,N/A,Port City,North Carolina II,N/A,N/A,0.00,0.00,0.00,0.00,0,0,0,0,0,0,"","",-1,-1,-1,-1,-1,-1,-1,-1,-1,-1,-1,-1,-1,-1,-1,-1,-1,-1,-1,-1,0.00,0.00,0.00,0.00,0.00,0,0,0,0,0,0,0,0,0,0.00,0.00,0.00,0.00,0.00,0.00,0.00,0.00,0.00,0.00,0.00,N/A
1779055200,May 17 2026 - 10:00pm,incomplete,N/A,San Francisco City,Davis Legacy,N/A,N/A,0.00,0.00,0.00,0.00,0,0,0,0,0,0,"","",-1,-1,-1,-1,-1,-1,-1,-1,-1,-1,-1,-1,-1,-1,-1,-1,-1,-1,-1,-1,0.00,0.00,0.00,0.00,0.00,0,0,0,0,0,0,0,0,0,0.00,0.00,0.00,0.00,0.00,0.00,0.00,0.00,0.00,0.00,0.00,N/A
1779062400,May 18 2026 - 12:00am,incomplete,N/A,Charlottesville Blues,Annapolis Blues,N/A,N/A,0.00,0.00,0.00,0.00,0,0,0,0,0,0,"","",-1,-1,-1,-1,-1,-1,-1,-1,-1,-1,-1,-1,-1,-1,-1,-1,-1,-1,-1,-1,0.00,0.00,0.00,0.00,0.00,0,0,0,0,0,0,0,0,0,0.00,0.00,0.00,0.00,0.00,0.00,0.00,0.00,0.00,0.00,0.00,N/A
1779062400,May 18 2026 - 12:00am,incomplete,N/A,AHFC Royals,Hill Country Lobos,N/A,N/A,0.00,0.00,0.00,0.00,0,0,0,0,0,0,"","",-1,-1,-1,-1,-1,-1,-1,-1,-1,-1,-1,-1,-1,-1,-1,-1,-1,-1,-1,-1,0.00,0.00,0.00,0.00,0.00,0,0,0,0,0,0,0,0,0,0.00,0.00,0.00,0.00,0.00,0.00,0.00,0.00,0.00,0.00,0.00,N/A
1779062400,May 18 2026 - 12:00am,incomplete,N/A,GFI,Houston FC,N/A,N/A,0.00,0.00,0.00,0.00,0,0,0,0,0,0,"","",-1,-1,-1,-1,-1,-1,-1,-1,-1,-1,-1,-1,-1,-1,-1,-1,-1,-1,-1,-1,0.00,0.00,0.00,0.00,0.00,0,0,0,0,0,0,0,0,0,0.00,0.00,0.00,0.00,0.00,0.00,0.00,0.00,0.00,0.00,0.00,N/A
1779213600,May 19 2026 - 6:00pm,incomplete,N/A,FC Boston Bolts,Vermont Green,N/A,N/A,0.00,0.00,0.00,0.00,0,0,0,0,0,0,"","",-1,-1,-1,-1,-1,-1,-1,-1,-1,-1,-1,-1,-1,-1,-1,-1,-1,-1,-1,-1,0.00,0.00,0.00,0.00,0.00,0,0,0,0,0,0,0,0,0,0.00,0.00,0.00,0.00,0.00,0.00,0.00,0.00,0.00,0.00,0.00,Mount Ida College
1779231600,May 19 2026 - 11:00pm,incomplete,N/A,Lehigh Valley Utd. Sonic,Delaware FC,N/A,N/A,0.00,0.00,0.00,0.00,0,0,0,0,0,0,"","",-1,-1,-1,-1,-1,-1,-1,-1,-1,-1,-1,-1,-1,-1,-1,-1,-1,-1,-1,-1,0.00,0.00,0.00,0.00,0.00,0,0,0,0,0,0,0,0,0,0.00,0.00,0.00,0.00,0.00,0.00,0.00,0.00,0.00,0.00,0.00,N/A
1779231600,May 19 2026 - 11:00pm,incomplete,N/A,Toledo Villa,Northern Indiana,N/A,N/A,0.00,0.00,0.00,0.00,0,0,0,0,0,0,"","",-1,-1,-1,-1,-1,-1,-1,-1,-1,-1,-1,-1,-1,-1,-1,-1,-1,-1,-1,-1,0.00,0.00,0.00,0.00,0.00,0,0,0,0,0,0,0,0,0,0.00,0.00,0.00,0.00,0.00,0.00,0.00,0.00,0.00,0.00,0.00,N/A
1779233400,May 19 2026 - 11:30pm,incomplete,N/A,Charlotte Eagles,Appalachian,N/A,N/A,0.00,0.00,0.00,0.00,0,0,0,0,0,0,"","",-1,-1,-1,-1,-1,-1,-1,-1,-1,-1,-1,-1,-1,-1,-1,-1,-1,-1,-1,-1,0.00,0.00,0.00,0.00,0.00,0,0,0,0,0,0,0,0,0,0.00,0.00,0.00,0.00,0.00,0.00,0.00,0.00,0.00,0.00,0.00,Charlotte Christian Stadium
1779240600,May 20 2026 - 1:30am,incomplete,N/A,Midlakes United,Oly Town,N/A,N/A,0.00,0.00,0.00,0.00,0,0,0,0,0,0,"","",-1,-1,-1,-1,-1,-1,-1,-1,-1,-1,-1,-1,-1,-1,-1,-1,-1,-1,-1,-1,0.00,0.00,0.00,0.00,0.00,0,0,0,0,0,0,0,0,0,0.00,0.00,0.00,0.00,0.00,0.00,0.00,0.00,0.00,0.00,0.00,N/A
1779244200,May 20 2026 - 2:30am,incomplete,N/A,Fort Worth Vaqueros,Texoma,N/A,N/A,0.00,0.00,0.00,0.00,0,0,0,0,0,0,"","",-1,-1,-1,-1,-1,-1,-1,-1,-1,-1,-1,-1,-1,-1,-1,-1,-1,-1,-1,-1,0.00,0.00,0.00,0.00,0.00,0,0,0,0,0,0,0,0,0,0.00,0.00,0.00,0.00,0.00,0.00,0.00,0.00,0.00,0.00,0.00,N/A
1779289200,May 20 2026 - 3:00pm,incomplete,N/A,Michigan Bucks,Lansing City,N/A,N/A,0.00,0.00,0.00,0.00,0,0,0,0,0,0,"","",-1,-1,-1,-1,-1,-1,-1,-1,-1,-1,-1,-1,-1,-1,-1,-1,-1,-1,-1,-1,0.00,0.00,0.00,0.00,0.00,0,0,0,0,0,0,0,0,0,0.00,0.00,0.00,0.00,0.00,0.00,0.00,0.00,0.00,0.00,0.00,Ultimate Soccer Arenas
1779310800,May 20 2026 - 9:00pm,incomplete,N/A,Midwest United,Ann Arbor,N/A,N/A,0.00,0.00,0.00,0.00,0,0,0,0,0,0,"","",-1,-1,-1,-1,-1,-1,-1,-1,-1,-1,-1,-1,-1,-1,-1,-1,-1,-1,-1,-1,0.00,0.00,0.00,0.00,0.00,0,0,0,0,0,0,0,0,0,0.00,0.00,0.00,0.00,0.00,0.00,0.00,0.00,0.00,0.00,0.00,N/A
1779310800,May 20 2026 - 9:00pm,incomplete,N/A,New Jersey Copa FC,Long Island Rough Riders,N/A,N/A,0.00,0.00,0.00,0.00,0,0,0,0,0,0,"","",-1,-1,-1,-1,-1,-1,-1,-1,-1,-1,-1,-1,-1,-1,-1,-1,-1,-1,-1,-1,0.00,0.00,0.00,0.00,0.00,0,0,0,0,0,0,0,0,0,0.00,0.00,0.00,0.00,0.00,0.00,0.00,0.00,0.00,0.00,0.00,N/A
1779314400,May 20 2026 - 10:00pm,incomplete,N/A,Blackwatch Rush,New England SC,N/A,N/A,0.00,0.00,0.00,0.00,0,0,0,0,0,0,"","",-1,-1,-1,-1,-1,-1,-1,-1,-1,-1,-1,-1,-1,-1,-1,-1,-1,-1,-1,-1,0.00,0.00,0.00,0.00,0.00,0,0,0,0,0,0,0,0,0,0.00,0.00,0.00,0.00,0.00,0.00,0.00,0.00,0.00,0.00,0.00,N/A
1779314400,May 20 2026 - 10:00pm,incomplete,N/A,Steel City,Lorain County Leviathan,N/A,N/A,0.00,0.00,0.00,0.00,0,0,0,0,0,0,"","",-1,-1,-1,-1,-1,-1,-1,-1,-1,-1,-1,-1,-1,-1,-1,-1,-1,-1,-1,-1,0.00,0.00,0.00,0.00,0.00,0,0,0,0,0,0,0,0,0,0.00,0.00,0.00,0.00,0.00,0.00,0.00,0.00,0.00,0.00,0.00,N/A
1779314400,May 20 2026 - 10:00pm,incomplete,N/A,North Carolina II,Hickory,N/A,N/A,0.00,0.00,0.00,0.00,0,0,0,0,0,0,"","",-1,-1,-1,-1,-1,-1,-1,-1,-1,-1,-1,-1,-1,-1,-1,-1,-1,-1,-1,-1,0.00,0.00,0.00,0.00,0.00,0,0,0,0,0,0,0,0,0,0.00,0.00,0.00,0.00,0.00,0.00,0.00,0.00,0.00,0.00,0.00,N/A
1779314400,May 20 2026 - 10:00pm,incomplete,N/A,Louisville City II,West Virginia Chaos,N/A,N/A,0.00,0.00,0.00,0.00,0,0,0,0,0,0,"","",-1,-1,-1,-1,-1,-1,-1,-1,-1,-1,-1,-1,-1,-1,-1,-1,-1,-1,-1,-1,0.00,0.00,0.00,0.00,0.00,0,0,0,0,0,0,0,0,0,0.00,0.00,0.00,0.00,0.00,0.00,0.00,0.00,0.00,0.00,0.00,N/A
1779314400,May 20 2026 - 10:00pm,incomplete,N/A,Virginia Beach United,Christos,N/A,N/A,0.00,0.00,0.00,0.00,0,0,0,0,0,0,"","",-1,-1,-1,-1,-1,-1,-1,-1,-1,-1,-1,-1,-1,-1,-1,-1,-1,-1,-1,-1,0.00,0.00,0.00,0.00,0.00,0,0,0,0,0,0,0,0,0,0.00,0.00,0.00,0.00,0.00,0.00,0.00,0.00,0.00,0.00,0.00,N/A
1779316200,May 20 2026 - 10:30pm,incomplete,N/A,Fort Lauderdale United,Brevard,N/A,N/A,0.00,0.00,0.00,0.00,0,0,0,0,0,0,"","",-1,-1,-1,-1,-1,-1,-1,-1,-1,-1,-1,-1,-1,-1,-1,-1,-1,-1,-1,-1,0.00,0.00,0.00,0.00,0.00,0,0,0,0,0,0,0,0,0,0.00,0.00,0.00,0.00,0.00,0.00,0.00,0.00,0.00,0.00,0.00,N/A
1779318000,May 20 2026 - 11:00pm,incomplete,N/A,St. Croix,Sueno,N/A,N/A,0.00,0.00,0.00,0.00,0,0,0,0,0,0,"","",-1,-1,-1,-1,-1,-1,-1,-1,-1,-1,-1,-1,-1,-1,-1,-1,-1,-1,-1,-1,0.00,0.00,0.00,0.00,0.00,0,0,0,0,0,0,0,0,0,0.00,0.00,0.00,0.00,0.00,0.00,0.00,0.00,0.00,0.00,0.00,N/A
1779318000,May 20 2026 - 11:00pm,incomplete,N/A,Tobacco Road FC,Charlotte Independence 2,N/A,N/A,0.00,0.00,0.00,0.00,0,0,0,0,0,0,"","",-1,-1,-1,-1,-1,-1,-1,-1,-1,-1,-1,-1,-1,-1,-1,-1,-1,-1,-1,-1,0.00,0.00,0.00,0.00,0.00,0,0,0,0,0,0,0,0,0,0.00,0.00,0.00,0.00,0.00,0.00,0.00,0.00,0.00,0.00,0.00,N/A
1779318000,May 20 2026 - 11:00pm,incomplete,N/A,Akron City,Cleveland Force,N/A,N/A,0.00,0.00,0.00,0.00,0,0,0,0,0,0,"","",-1,-1,-1,-1,-1,-1,-1,-1,-1,-1,-1,-1,-1,-1,-1,-1,-1,-1,-1,-1,0.00,0.00,0.00,0.00,0.00,0,0,0,0,0,0,0,0,0,0.00,0.00,0.00,0.00,0.00,0.00,0.00,0.00,0.00,0.00,0.00,N/A
1779318000,May 20 2026 - 11:00pm,incomplete,N/A,Real Central New Jersey,Pennsylvania Classics,N/A,N/A,0.00,0.00,0.00,0.00,0,0,0,0,0,0,"","",-1,-1,-1,-1,-1,-1,-1,-1,-1,-1,-1,-1,-1,-1,-1,-1,-1,-1,-1,-1,0.00,0.00,0.00,0.00,0.00,0,0,0,0,0,0,0,0,0,0.00,0.00,0.00,0.00,0.00,0.00,0.00,0.00,0.00,0.00,0.00,N/A
1779318000,May 20 2026 - 11:00pm,incomplete,N/A,Nona,Shark Coast,N/A,N/A,0.00,0.00,0.00,0.00,0,0,0,0,0,0,"","",-1,-1,-1,-1,-1,-1,-1,-1,-1,-1,-1,-1,-1,-1,-1,-1,-1,-1,-1,-1,0.00,0.00,0.00,0.00,0.00,0,0,0,0,0,0,0,0,0,0.00,0.00,0.00,0.00,0.00,0.00,0.00,0.00,0.00,0.00,0.00,N/A
1779318000,May 20 2026 - 11:00pm,incomplete,N/A,Seacoast United Phantoms,Western Mass Pioneers,N/A,N/A,0.00,0.00,0.00,0.00,0,0,0,0,0,0,"","",-1,-1,-1,-1,-1,-1,-1,-1,-1,-1,-1,-1,-1,-1,-1,-1,-1,-1,-1,-1,0.00,0.00,0.00,0.00,0.00,0,0,0,0,0,0,0,0,0,0.00,0.00,0.00,0.00,0.00,0.00,0.00,0.00,0.00,0.00,0.00,N/A
1779318000,May 20 2026 - 11:00pm,incomplete,N/A,Wake,North Carolina Fusion U23,N/A,N/A,0.00,0.00,0.00,0.00,0,0,0,0,0,0,"","",-1,-1,-1,-1,-1,-1,-1,-1,-1,-1,-1,-1,-1,-1,-1,-1,-1,-1,-1,-1,0.00,0.00,0.00,0.00,0.00,0,0,0,0,0,0,0,0,0,0.00,0.00,0.00,0.00,0.00,0.00,0.00,0.00,0.00,0.00,0.00,N/A
1779318000,May 20 2026 - 11:00pm,incomplete,N/A,Patuxent,Charlottesville Blues,N/A,N/A,0.00,0.00,0.00,0.00,0,0,0,0,0,0,"","",-1,-1,-1,-1,-1,-1,-1,-1,-1,-1,-1,-1,-1,-1,-1,-1,-1,-1,-1,-1,0.00,0.00,0.00,0.00,0.00,0,0,0,0,0,0,0,0,0,0.00,0.00,0.00,0.00,0.00,0.00,0.00,0.00,0.00,0.00,0.00,N/A
1779318000,May 20 2026 - 11:00pm,incomplete,N/A,Lionsbridge,Virginia Marauders,N/A,N/A,0.00,0.00,0.00,0.00,0,0,0,0,0,0,"","",-1,-1,-1,-1,-1,-1,-1,-1,-1,-1,-1,-1,-1,-1,-1,-1,-1,-1,-1,-1,0.00,0.00,0.00,0.00,0.00,0,0,0,0,0,0,0,0,0,0.00,0.00,0.00,0.00,0.00,0.00,0.00,0.00,0.00,0.00,0.00,N/A
1779318000,May 20 2026 - 11:00pm,incomplete,N/A,Lakeland United,Miami FC,N/A,N/A,0.00,0.00,0.00,0.00,0,0,0,0,0,0,"","",-1,-1,-1,-1,-1,-1,-1,-1,-1,-1,-1,-1,-1,-1,-1,-1,-1,-1,-1,-1,0.00,0.00,0.00,0.00,0.00,0,0,0,0,0,0,0,0,0,0.00,0.00,0.00,0.00,0.00,0.00,0.00,0.00,0.00,0.00,0.00,N/A
1779319800,May 20 2026 - 11:30pm,incomplete,N/A,Morris Elite,Ironbound,N/A,N/A,0.00,0.00,0.00,0.00,0,0,0,0,0,0,"","",-1,-1,-1,-1,-1,-1,-1,-1,-1,-1,-1,-1,-1,-1,-1,-1,-1,-1,-1,-1,0.00,0.00,0.00,0.00,0.00,0,0,0,0,0,0,0,0,0,0.00,0.00,0.00,0.00,0.00,0.00,0.00,0.00,0.00,0.00,0.00,N/A
1779319800,May 20 2026 - 11:30pm,incomplete,N/A,Cedar Stars Rush,Manhattan,N/A,N/A,0.00,0.00,0.00,0.00,0,0,0,0,0,0,"","",-1,-1,-1,-1,-1,-1,-1,-1,-1,-1,-1,-1,-1,-1,-1,-1,-1,-1,-1,-1,0.00,0.00,0.00,0.00,0.00,0,0,0,0,0,0,0,0,0,0.00,0.00,0.00,0.00,0.00,0.00,0.00,0.00,0.00,0.00,0.00,N/A
1779319800,May 20 2026 - 11:30pm,incomplete,N/A,East Atlanta,Columbus United,N/A,N/A,0.00,0.00,0.00,0.00,0,0,0,0,0,0,"","",-1,-1,-1,-1,-1,-1,-1,-1,-1,-1,-1,-1,-1,-1,-1,-1,-1,-1,-1,-1,0.00,0.00,0.00,0.00,0.00,0,0,0,0,0,0,0,0,0,0.00,0.00,0.00,0.00,0.00,0.00,0.00,0.00,0.00,0.00,0.00,N/A
1779321600,May 21 2026 - 12:00am,incomplete,N/A,Project 51O,San Francisco City,N/A,N/A,0.00,0.00,0.00,0.00,0,0,0,0,0,0,"","",-1,-1,-1,-1,-1,-1,-1,-1,-1,-1,-1,-1,-1,-1,-1,-1,-1,-1,-1,-1,0.00,0.00,0.00,0.00,0.00,0,0,0,0,0,0,0,0,0,0.00,0.00,0.00,0.00,0.00,0.00,0.00,0.00,0.00,0.00,0.00,N/A
1779321600,May 21 2026 - 12:00am,incomplete,N/A,Springfield,St. Louis Ambush,N/A,N/A,0.00,0.00,0.00,0.00,0,0,0,0,0,0,"","",-1,-1,-1,-1,-1,-1,-1,-1,-1,-1,-1,-1,-1,-1,-1,-1,-1,-1,-1,-1,0.00,0.00,0.00,0.00,0.00,0,0,0,0,0,0,0,0,0,0.00,0.00,0.00,0.00,0.00,0.00,0.00,0.00,0.00,0.00,0.00,N/A
1779321600,May 21 2026 - 12:00am,incomplete,N/A,Louisiana Krewe,Mississippi Brilla,N/A,N/A,0.00,0.00,0.00,0.00,0,0,0,0,0,0,"","",-1,-1,-1,-1,-1,-1,-1,-1,-1,-1,-1,-1,-1,-1,-1,-1,-1,-1,-1,-1,0.00,0.00,0.00,0.00,0.00,0,0,0,0,0,0,0,0,0,0.00,0.00,0.00,0.00,0.00,0.00,0.00,0.00,0.00,0.00,0.00,N/A
1779321600,May 21 2026 - 12:00am,incomplete,N/A,AHFC Royals,Brazos Valley,N/A,N/A,0.00,0.00,0.00,0.00,0,0,0,0,0,0,"","",-1,-1,-1,-1,-1,-1,-1,-1,-1,-1,-1,-1,-1,-1,-1,-1,-1,-1,-1,-1,0.00,0.00,0.00,0.00,0.00,0,0,0,0,0,0,0,0,0,0.00,0.00,0.00,0.00,0.00,0.00,0.00,0.00,0.00,0.00,0.00,N/A
1779323400,May 21 2026 - 12:30am,incomplete,N/A,SF Glens,Marin,N/A,N/A,0.00,0.00,0.00,0.00,0,0,0,0,0,0,"","",-1,-1,-1,-1,-1,-1,-1,-1,-1,-1,-1,-1,-1,-1,-1,-1,-1,-1,-1,-1,0.00,0.00,0.00,0.00,0.00,0,0,0,0,0,0,0,0,0,0.00,0.00,0.00,0.00,0.00,0.00,0.00,0.00,0.00,0.00,0.00,N/A
1779328800,May 21 2026 - 2:00am,incomplete,N/A,AC Connecticut,Connecticut Rush,N/A,N/A,0.00,0.00,0.00,0.00,0,0,0,0,0,0,"","",-1,-1,-1,-1,-1,-1,-1,-1,-1,-1,-1,-1,-1,-1,-1,-1,-1,-1,-1,-1,0.00,0.00,0.00,0.00,0.00,0,0,0,0,0,0,0,0,0,0.00,0.00,0.00,0.00,0.00,0.00,0.00,0.00,0.00,0.00,0.00,N/A
1779328800,May 21 2026 - 2:00am,incomplete,N/A,Southern California Seahorses,City SC,N/A,N/A,0.00,0.00,0.00,0.00,0,0,0,0,0,0,"","",-1,-1,-1,-1,-1,-1,-1,-1,-1,-1,-1,-1,-1,-1,-1,-1,-1,-1,-1,-1,0.00,0.00,0.00,0.00,0.00,0,0,0,0,0,0,0,0,0,0.00,0.00,0.00,0.00,0.00,0.00,0.00,0.00,0.00,0.00,0.00,N/A
1779328800,May 21 2026 - 2:00am,incomplete,N/A,Bangers,West Seattle Junction,N/A,N/A,0.00,0.00,0.00,0.00,0,0,0,0,0,0,"","",-1,-1,-1,-1,-1,-1,-1,-1,-1,-1,-1,-1,-1,-1,-1,-1,-1,-1,-1,-1,0.00,0.00,0.00,0.00,0.00,0,0,0,0,0,0,0,0,0,0.00,0.00,0.00,0.00,0.00,0.00,0.00,0.00,0.00,0.00,0.00,N/A
1779404400,May 21 2026 - 11:00pm,incomplete,N/A,Oakland County,Kalamazoo FC,N/A,N/A,0.00,0.00,0.00,0.00,0,0,0,0,0,0,"","",-1,-1,-1,-1,-1,-1,-1,-1,-1,-1,-1,-1,-1,-1,-1,-1,-1,-1,-1,-1,0.00,0.00,0.00,0.00,0.00,0,0,0,0,0,0,0,0,0,0.00,0.00,0.00,0.00,0.00,0.00,0.00,0.00,0.00,0.00,0.00,N/A
1779404400,May 21 2026 - 11:00pm,incomplete,N/A,Riverhounds II,Erie Sports Center,N/A,N/A,0.00,0.00,0.00,0.00,0,0,0,0,0,0,"","",-1,-1,-1,-1,-1,-1,-1,-1,-1,-1,-1,-1,-1,-1,-1,-1,-1,-1,-1,-1,0.00,0.00,0.00,0.00,0.00,0,0,0,0,0,0,0,0,0,0.00,0.00,0.00,0.00,0.00,0.00,0.00,0.00,0.00,0.00,0.00,N/A
1779404400,May 21 2026 - 11:00pm,incomplete,N/A,Brooke House,Sporting JAX II,N/A,N/A,0.00,0.00,0.00,0.00,0,0,0,0,0,0,"","",-1,-1,-1,-1,-1,-1,-1,-1,-1,-1,-1,-1,-1,-1,-1,-1,-1,-1,-1,-1,0.00,0.00,0.00,0.00,0.00,0,0,0,0,0,0,0,0,0,0.00,0.00,0.00,0.00,0.00,0.00,0.00,0.00,0.00,0.00,0.00,N/A
1779406200,May 21 2026 - 11:30pm,incomplete,N/A,Southern Soccer Academy,Apotheos,N/A,N/A,0.00,0.00,0.00,0.00,0,0,0,0,0,0,"","",-1,-1,-1,-1,-1,-1,-1,-1,-1,-1,-1,-1,-1,-1,-1,-1,-1,-1,-1,-1,0.00,0.00,0.00,0.00,0.00,0,0,0,0,0,0,0,0,0,0.00,0.00,0.00,0.00,0.00,0.00,0.00,0.00,0.00,0.00,0.00,N/A
1779408000,May 22 2026 - 12:00am,incomplete,N/A,West Chester United II,Delaware FC,N/A,N/A,0.00,0.00,0.00,0.00,0,0,0,0,0,0,"","",-1,-1,-1,-1,-1,-1,-1,-1,-1,-1,-1,-1,-1,-1,-1,-1,-1,-1,-1,-1,0.00,0.00,0.00,0.00,0.00,0,0,0,0,0,0,0,0,0,0.00,0.00,0.00,0.00,0.00,0.00,0.00,0.00,0.00,0.00,0.00,N/A
1779408000,May 22 2026 - 12:00am,incomplete,N/A,Evergreen,Loudoun United II,N/A,N/A,0.00,0.00,0.00,0.00,0,0,0,0,0,0,"","",-1,-1,-1,-1,-1,-1,-1,-1,-1,-1,-1,-1,-1,-1,-1,-1,-1,-1,-1,-1,0.00,0.00,0.00,0.00,0.00,0,0,0,0,0,0,0,0,0,0.00,0.00,0.00,0.00,0.00,0.00,0.00,0.00,0.00,0.00,0.00,N/A
1779408000,May 22 2026 - 12:00am,incomplete,N/A,FC Motown II,Westchester Flames,N/A,N/A,0.00,0.00,0.00,0.00,0,0,0,0,0,0,"","",-1,-1,-1,-1,-1,-1,-1,-1,-1,-1,-1,-1,-1,-1,-1,-1,-1,-1,-1,-1,0.00,0.00,0.00,0.00,0.00,0,0,0,0,0,0,0,0,0,0.00,0.00,0.00,0.00,0.00,0.00,0.00,0.00,0.00,0.00,0.00,N/A
1779411600,May 22 2026 - 1:00am,incomplete,N/A,Laredo Heat,San Antonio II,N/A,N/A,0.00,0.00,0.00,0.00,0,0,0,0,0,0,"","",-1,-1,-1,-1,-1,-1,-1,-1,-1,-1,-1,-1,-1,-1,-1,-1,-1,-1,-1,-1,0.00,0.00,0.00,0.00,0.00,0,0,0,0,0,0,0,0,0,0.00,0.00,0.00,0.00,0.00,0.00,0.00,0.00,0.00,0.00,0.00,N/A
1779483600,May 22 2026 - 9:00pm,incomplete,N/A,Charlotte Eagles,Port City,N/A,N/A,0.00,0.00,0.00,0.00,0,0,0,0,0,0,"","",-1,-1,-1,-1,-1,-1,-1,-1,-1,-1,-1,-1,-1,-1,-1,-1,-1,-1,-1,-1,0.00,0.00,0.00,0.00,0.00,0,0,0,0,0,0,0,0,0,0.00,0.00,0.00,0.00,0.00,0.00,0.00,0.00,0.00,0.00,0.00,Charlotte Christian Stadium
1779490800,May 22 2026 - 11:00pm,incomplete,N/A,Vermont Green,Blackwatch Rush,N/A,N/A,0.00,0.00,0.00,0.00,0,0,0,0,0,0,"","",-1,-1,-1,-1,-1,-1,-1,-1,-1,-1,-1,-1,-1,-1,-1,-1,-1,-1,-1,-1,0.00,0.00,0.00,0.00,0.00,0,0,0,0,0,0,0,0,0,0.00,0.00,0.00,0.00,0.00,0.00,0.00,0.00,0.00,0.00,0.00,N/A
1779490800,May 22 2026 - 11:00pm,incomplete,N/A,Ocean City Nor'easters,Philadelphia Lone Star,N/A,N/A,0.00,0.00,0.00,0.00,0,0,0,0,0,0,"","",-1,-1,-1,-1,-1,-1,-1,-1,-1,-1,-1,-1,-1,-1,-1,-1,-1,-1,-1,-1,0.00,0.00,0.00,0.00,0.00,0,0,0,0,0,0,0,0,0,0.00,0.00,0.00,0.00,0.00,0.00,0.00,0.00,0.00,0.00,0.00,Carey Stadium
1779494400,May 23 2026 - 12:00am,incomplete,N/A,Colorado Storm,Utah United,N/A,N/A,0.00,0.00,0.00,0.00,0,0,0,0,0,0,"","",-1,-1,-1,-1,-1,-1,-1,-1,-1,-1,-1,-1,-1,-1,-1,-1,-1,-1,-1,-1,0.00,0.00,0.00,0.00,0.00,0,0,0,0,0,0,0,0,0,0.00,0.00,0.00,0.00,0.00,0.00,0.00,0.00,0.00,0.00,0.00,N/A
1779494400,May 23 2026 - 12:00am,incomplete,N/A,Christos,Annapolis Blues,N/A,N/A,0.00,0.00,0.00,0.00,0,0,0,0,0,0,"","",-1,-1,-1,-1,-1,-1,-1,-1,-1,-1,-1,-1,-1,-1,-1,-1,-1,-1,-1,-1,0.00,0.00,0.00,0.00,0.00,0,0,0,0,0,0,0,0,0,0.00,0.00,0.00,0.00,0.00,0.00,0.00,0.00,0.00,0.00,0.00,N/A
1779494400,May 23 2026 - 12:00am,incomplete,N/A,Red River,Jackson Boom,N/A,N/A,0.00,0.00,0.00,0.00,0,0,0,0,0,0,"","",-1,-1,-1,-1,-1,-1,-1,-1,-1,-1,-1,-1,-1,-1,-1,-1,-1,-1,-1,-1,0.00,0.00,0.00,0.00,0.00,0,0,0,0,0,0,0,0,0,0.00,0.00,0.00,0.00,0.00,0.00,0.00,0.00,0.00,0.00,0.00,N/A
1779494400,May 23 2026 - 12:00am,incomplete,N/A,Lubbock Matadors,Fort Worth Vaqueros,N/A,N/A,0.00,0.00,0.00,0.00,0,0,0,0,0,0,"","",-1,-1,-1,-1,-1,-1,-1,-1,-1,-1,-1,-1,-1,-1,-1,-1,-1,-1,-1,-1,0.00,0.00,0.00,0.00,0.00,0,0,0,0,0,0,0,0,0,0.00,0.00,0.00,0.00,0.00,0.00,0.00,0.00,0.00,0.00,0.00,N/A
1779499800,May 23 2026 - 1:30am,incomplete,N/A,Midlakes United,Tacoma Stars,N/A,N/A,0.00,0.00,0.00,0.00,0,0,0,0,0,0,"","",-1,-1,-1,-1,-1,-1,-1,-1,-1,-1,-1,-1,-1,-1,-1,-1,-1,-1,-1,-1,0.00,0.00,0.00,0.00,0.00,0,0,0,0,0,0,0,0,0,0.00,0.00,0.00,0.00,0.00,0.00,0.00,0.00,0.00,0.00,0.00,N/A
1779501600,May 23 2026 - 2:00am,incomplete,N/A,Kings Hammer Columbus,Dayton Dutch Lions,N/A,N/A,0.00,0.00,0.00,0.00,0,0,0,0,0,0,"","",-1,-1,-1,-1,-1,-1,-1,-1,-1,-1,-1,-1,-1,-1,-1,-1,-1,-1,-1,-1,0.00,0.00,0.00,0.00,0.00,0,0,0,0,0,0,0,0,0,0.00,0.00,0.00,0.00,0.00,0.00,0.00,0.00,0.00,0.00,0.00,N/A
1779501600,May 23 2026 - 2:00am,incomplete,N/A,Oly Town,Snohomish United,N/A,N/A,0.00,0.00,0.00,0.00,0,0,0,0,0,0,"","",-1,-1,-1,-1,-1,-1,-1,-1,-1,-1,-1,-1,-1,-1,-1,-1,-1,-1,-1,-1,0.00,0.00,0.00,0.00,0.00,0,0,0,0,0,0,0,0,0,0.00,0.00,0.00,0.00,0.00,0.00,0.00,0.00,0.00,0.00,0.00,N/A
1779503400,May 23 2026 - 2:30am,incomplete,N/A,Davis Legacy,Almaden,N/A,N/A,0.00,0.00,0.00,0.00,0,0,0,0,0,0,"","",-1,-1,-1,-1,-1,-1,-1,-1,-1,-1,-1,-1,-1,-1,-1,-1,-1,-1,-1,-1,0.00,0.00,0.00,0.00,0.00,0,0,0,0,0,0,0,0,0,0.00,0.00,0.00,0.00,0.00,0.00,0.00,0.00,0.00,0.00,0.00,N/A
1779559200,May 23 2026 - 6:00pm,incomplete,N/A,River Light,Rochester,N/A,N/A,0.00,0.00,0.00,0.00,0,0,0,0,0,0,"","",-1,-1,-1,-1,-1,-1,-1,-1,-1,-1,-1,-1,-1,-1,-1,-1,-1,-1,-1,-1,0.00,0.00,0.00,0.00,0.00,0,0,0,0,0,0,0,0,0,0.00,0.00,0.00,0.00,0.00,0.00,0.00,0.00,0.00,0.00,0.00,N/A
1779566400,May 23 2026 - 8:00pm,incomplete,N/A,Project 51O,SF Glens,N/A,N/A,0.00,0.00,0.00,0.00,0,0,0,0,0,0,"","",-1,-1,-1,-1,-1,-1,-1,-1,-1,-1,-1,-1,-1,-1,-1,-1,-1,-1,-1,-1,0.00,0.00,0.00,0.00,0.00,0,0,0,0,0,0,0,0,0,0.00,0.00,0.00,0.00,0.00,0.00,0.00,0.00,0.00,0.00,0.00,N/A
1779570000,May 23 2026 - 9:00pm,incomplete,N/A,Edgewater Castle,RKC,N/A,N/A,0.00,0.00,0.00,0.00,0,0,0,0,0,0,"","",-1,-1,-1,-1,-1,-1,-1,-1,-1,-1,-1,-1,-1,-1,-1,-1,-1,-1,-1,-1,0.00,0.00,0.00,0.00,0.00,0,0,0,0,0,0,0,0,0,0.00,0.00,0.00,0.00,0.00,0.00,0.00,0.00,0.00,0.00,0.00,N/A
1779570000,May 23 2026 - 9:00pm,incomplete,N/A,Springfield,Sunflower State,N/A,N/A,0.00,0.00,0.00,0.00,0,0,0,0,0,0,"","",-1,-1,-1,-1,-1,-1,-1,-1,-1,-1,-1,-1,-1,-1,-1,-1,-1,-1,-1,-1,0.00,0.00,0.00,0.00,0.00,0,0,0,0,0,0,0,0,0,0.00,0.00,0.00,0.00,0.00,0.00,0.00,0.00,0.00,0.00,0.00,N/A
1779570000,May 23 2026 - 9:00pm,incomplete,N/A,Brooke House,The Villages,N/A,N/A,0.00,0.00,0.00,0.00,0,0,0,0,0,0,"","",-1,-1,-1,-1,-1,-1,-1,-1,-1,-1,-1,-1,-1,-1,-1,-1,-1,-1,-1,-1,0.00,0.00,0.00,0.00,0.00,0,0,0,0,0,0,0,0,0,0.00,0.00,0.00,0.00,0.00,0.00,0.00,0.00,0.00,0.00,0.00,N/A
1779573600,May 23 2026 - 10:00pm,incomplete,N/A,Northern Indiana,West Virginia Chaos,N/A,N/A,0.00,0.00,0.00,0.00,0,0,0,0,0,0,"","",-1,-1,-1,-1,-1,-1,-1,-1,-1,-1,-1,-1,-1,-1,-1,-1,-1,-1,-1,-1,0.00,0.00,0.00,0.00,0.00,0,0,0,0,0,0,0,0,0,0.00,0.00,0.00,0.00,0.00,0.00,0.00,0.00,0.00,0.00,0.00,N/A
1779573600,May 23 2026 - 10:00pm,incomplete,N/A,Chicago Dutch Lions,Sueno,N/A,N/A,0.00,0.00,0.00,0.00,0,0,0,0,0,0,"","",-1,-1,-1,-1,-1,-1,-1,-1,-1,-1,-1,-1,-1,-1,-1,-1,-1,-1,-1,-1,0.00,0.00,0.00,0.00,0.00,0,0,0,0,0,0,0,0,0,0.00,0.00,0.00,0.00,0.00,0.00,0.00,0.00,0.00,0.00,0.00,N/A
1779573600,May 23 2026 - 10:00pm,incomplete,N/A,Brevard,Miami AC,N/A,N/A,0.00,0.00,0.00,0.00,0,0,0,0,0,0,"","",-1,-1,-1,-1,-1,-1,-1,-1,-1,-1,-1,-1,-1,-1,-1,-1,-1,-1,-1,-1,0.00,0.00,0.00,0.00,0.00,0,0,0,0,0,0,0,0,0,0.00,0.00,0.00,0.00,0.00,0.00,0.00,0.00,0.00,0.00,0.00,N/A
1779575400,May 23 2026 - 10:30pm,incomplete,N/A,Morris Elite,Hudson Valley Hammers,N/A,N/A,0.00,0.00,0.00,0.00,0,0,0,0,0,0,"","",-1,-1,-1,-1,-1,-1,-1,-1,-1,-1,-1,-1,-1,-1,-1,-1,-1,-1,-1,-1,0.00,0.00,0.00,0.00,0.00,0,0,0,0,0,0,0,0,0,0.00,0.00,0.00,0.00,0.00,0.00,0.00,0.00,0.00,0.00,0.00,N/A
1779577200,May 23 2026 - 11:00pm,incomplete,N/A,Ann Arbor,Lansing City,N/A,N/A,0.00,0.00,0.00,0.00,0,0,0,0,0,0,"","",-1,-1,-1,-1,-1,-1,-1,-1,-1,-1,-1,-1,-1,-1,-1,-1,-1,-1,-1,-1,0.00,0.00,0.00,0.00,0.00,0,0,0,0,0,0,0,0,0,0.00,0.00,0.00,0.00,0.00,0.00,0.00,0.00,0.00,0.00,0.00,N/A
1779577200,May 23 2026 - 11:00pm,incomplete,N/A,Union Macomb,Michigan Bucks,N/A,N/A,0.00,0.00,0.00,0.00,0,0,0,0,0,0,"","",-1,-1,-1,-1,-1,-1,-1,-1,-1,-1,-1,-1,-1,-1,-1,-1,-1,-1,-1,-1,0.00,0.00,0.00,0.00,0.00,0,0,0,0,0,0,0,0,0,0.00,0.00,0.00,0.00,0.00,0.00,0.00,0.00,0.00,0.00,0.00,N/A
1779577200,May 23 2026 - 11:00pm,incomplete,N/A,Hickory,SC United Bantams,N/A,N/A,0.00,0.00,0.00,0.00,0,0,0,0,0,0,"","",-1,-1,-1,-1,-1,-1,-1,-1,-1,-1,-1,-1,-1,-1,-1,-1,-1,-1,-1,-1,0.00,0.00,0.00,0.00,0.00,0,0,0,0,0,0,0,0,0,0.00,0.00,0.00,0.00,0.00,0.00,0.00,0.00,0.00,0.00,0.00,N/A
1779577200,May 23 2026 - 11:00pm,incomplete,N/A,Asheville City,Charlotte Independence 2,N/A,N/A,0.00,0.00,0.00,0.00,0,0,0,0,0,0,"","",-1,-1,-1,-1,-1,-1,-1,-1,-1,-1,-1,-1,-1,-1,-1,-1,-1,-1,-1,-1,0.00,0.00,0.00,0.00,0.00,0,0,0,0,0,0,0,0,0,0.00,0.00,0.00,0.00,0.00,0.00,0.00,0.00,0.00,0.00,0.00,N/A
1779577200,May 23 2026 - 11:00pm,incomplete,N/A,Boston City FC,FC Boston Bolts,N/A,N/A,0.00,0.00,0.00,0.00,0,0,0,0,0,0,"","",-1,-1,-1,-1,-1,-1,-1,-1,-1,-1,-1,-1,-1,-1,-1,-1,-1,-1,-1,-1,0.00,0.00,0.00,0.00,0.00,0,0,0,0,0,0,0,0,0,0.00,0.00,0.00,0.00,0.00,0.00,0.00,0.00,0.00,0.00,0.00,N/A
1779577200,May 23 2026 - 11:00pm,incomplete,N/A,West Chester United II,Eagle FC,N/A,N/A,0.00,0.00,0.00,0.00,0,0,0,0,0,0,"","",-1,-1,-1,-1,-1,-1,-1,-1,-1,-1,-1,-1,-1,-1,-1,-1,-1,-1,-1,-1,0.00,0.00,0.00,0.00,0.00,0,0,0,0,0,0,0,0,0,0.00,0.00,0.00,0.00,0.00,0.00,0.00,0.00,0.00,0.00,0.00,N/A
1779577200,May 23 2026 - 11:00pm,incomplete,N/A,North Carolina Fusion U23,Appalachian,N/A,N/A,0.00,0.00,0.00,0.00,0,0,0,0,0,0,"","",-1,-1,-1,-1,-1,-1,-1,-1,-1,-1,-1,-1,-1,-1,-1,-1,-1,-1,-1,-1,0.00,0.00,0.00,0.00,0.00,0,0,0,0,0,0,0,0,0,0.00,0.00,0.00,0.00,0.00,0.00,0.00,0.00,0.00,0.00,0.00,Macpherson Stadium
1779577200,May 23 2026 - 11:00pm,incomplete,N/A,Connecticut Rush,Black Rock FC,N/A,N/A,0.00,0.00,0.00,0.00,0,0,0,0,0,0,"","",-1,-1,-1,-1,-1,-1,-1,-1,-1,-1,-1,-1,-1,-1,-1,-1,-1,-1,-1,-1,0.00,0.00,0.00,0.00,0.00,0,0,0,0,0,0,0,0,0,0.00,0.00,0.00,0.00,0.00,0.00,0.00,0.00,0.00,0.00,0.00,N/A
1779577200,May 23 2026 - 11:00pm,incomplete,N/A,Lehigh Valley Utd. Sonic,Reading United,N/A,N/A,0.00,0.00,0.00,0.00,0,0,0,0,0,0,"","",-1,-1,-1,-1,-1,-1,-1,-1,-1,-1,-1,-1,-1,-1,-1,-1,-1,-1,-1,-1,0.00,0.00,0.00,0.00,0.00,0,0,0,0,0,0,0,0,0,0.00,0.00,0.00,0.00,0.00,0.00,0.00,0.00,0.00,0.00,0.00,N/A
1779577200,May 23 2026 - 11:00pm,incomplete,N/A,Pennsylvania Classics,Delaware FC,N/A,N/A,0.00,0.00,0.00,0.00,0,0,0,0,0,0,"","",-1,-1,-1,-1,-1,-1,-1,-1,-1,-1,-1,-1,-1,-1,-1,-1,-1,-1,-1,-1,0.00,0.00,0.00,0.00,0.00,0,0,0,0,0,0,0,0,0,0.00,0.00,0.00,0.00,0.00,0.00,0.00,0.00,0.00,0.00,0.00,N/A
1779577200,May 23 2026 - 11:00pm,incomplete,N/A,Hill City,Patuxent,N/A,N/A,0.00,0.00,0.00,0.00,0,0,0,0,0,0,"","",-1,-1,-1,-1,-1,-1,-1,-1,-1,-1,-1,-1,-1,-1,-1,-1,-1,-1,-1,-1,0.00,0.00,0.00,0.00,0.00,0,0,0,0,0,0,0,0,0,0.00,0.00,0.00,0.00,0.00,0.00,0.00,0.00,0.00,0.00,0.00,N/A
1779577200,May 23 2026 - 11:00pm,incomplete,N/A,Fort Lauderdale United,Miami FC,N/A,N/A,0.00,0.00,0.00,0.00,0,0,0,0,0,0,"","",-1,-1,-1,-1,-1,-1,-1,-1,-1,-1,-1,-1,-1,-1,-1,-1,-1,-1,-1,-1,0.00,0.00,0.00,0.00,0.00,0,0,0,0,0,0,0,0,0,0.00,0.00,0.00,0.00,0.00,0.00,0.00,0.00,0.00,0.00,0.00,N/A
1779577200,May 23 2026 - 11:00pm,incomplete,N/A,Shark Coast,Inter Gainesville,N/A,N/A,0.00,0.00,0.00,0.00,0,0,0,0,0,0,"","",-1,-1,-1,-1,-1,-1,-1,-1,-1,-1,-1,-1,-1,-1,-1,-1,-1,-1,-1,-1,0.00,0.00,0.00,0.00,0.00,0,0,0,0,0,0,0,0,0,0.00,0.00,0.00,0.00,0.00,0.00,0.00,0.00,0.00,0.00,0.00,N/A
1779579000,May 23 2026 - 11:30pm,incomplete,N/A,Western Mass Pioneers,New England SC,N/A,N/A,0.00,0.00,0.00,0.00,0,0,0,0,0,0,"","",-1,-1,-1,-1,-1,-1,-1,-1,-1,-1,-1,-1,-1,-1,-1,-1,-1,-1,-1,-1,0.00,0.00,0.00,0.00,0.00,0,0,0,0,0,0,0,0,0,0.00,0.00,0.00,0.00,0.00,0.00,0.00,0.00,0.00,0.00,0.00,Lusitano Stadium
1779579000,May 23 2026 - 11:30pm,incomplete,N/A,East Atlanta,Dothan United,N/A,N/A,0.00,0.00,0.00,0.00,0,0,0,0,0,0,"","",-1,-1,-1,-1,-1,-1,-1,-1,-1,-1,-1,-1,-1,-1,-1,-1,-1,-1,-1,-1,0.00,0.00,0.00,0.00,0.00,0,0,0,0,0,0,0,0,0,0.00,0.00,0.00,0.00,0.00,0.00,0.00,0.00,0.00,0.00,0.00,N/A
1779579000,May 23 2026 - 11:30pm,incomplete,N/A,Columbus United,Southern Soccer Academy,N/A,N/A,0.00,0.00,0.00,0.00,0,0,0,0,0,0,"","",-1,-1,-1,-1,-1,-1,-1,-1,-1,-1,-1,-1,-1,-1,-1,-1,-1,-1,-1,-1,0.00,0.00,0.00,0.00,0.00,0,0,0,0,0,0,0,0,0,0.00,0.00,0.00,0.00,0.00,0.00,0.00,0.00,0.00,0.00,0.00,N/A
1779579000,May 23 2026 - 11:30pm,incomplete,N/A,Apotheos,Montgomery United,N/A,N/A,0.00,0.00,0.00,0.00,0,0,0,0,0,0,"","",-1,-1,-1,-1,-1,-1,-1,-1,-1,-1,-1,-1,-1,-1,-1,-1,-1,-1,-1,-1,0.00,0.00,0.00,0.00,0.00,0,0,0,0,0,0,0,0,0,0.00,0.00,0.00,0.00,0.00,0.00,0.00,0.00,0.00,0.00,0.00,N/A
1779580800,May 24 2026 - 12:00am,incomplete,N/A,Atlético Unión,Albion Colorado,N/A,N/A,0.00,0.00,0.00,0.00,0,0,0,0,0,0,"","",-1,-1,-1,-1,-1,-1,-1,-1,-1,-1,-1,-1,-1,-1,-1,-1,-1,-1,-1,-1,0.00,0.00,0.00,0.00,0.00,0,0,0,0,0,0,0,0,0,0.00,0.00,0.00,0.00,0.00,0.00,0.00,0.00,0.00,0.00,0.00,N/A
1779580800,May 24 2026 - 12:00am,incomplete,N/A,Charlottesville Blues,Virginia Beach United,N/A,N/A,0.00,0.00,0.00,0.00,0,0,0,0,0,0,"","",-1,-1,-1,-1,-1,-1,-1,-1,-1,-1,-1,-1,-1,-1,-1,-1,-1,-1,-1,-1,0.00,0.00,0.00,0.00,0.00,0,0,0,0,0,0,0,0,0,0.00,0.00,0.00,0.00,0.00,0.00,0.00,0.00,0.00,0.00,0.00,N/A
1779580800,May 24 2026 - 12:00am,incomplete,N/A,Mississippi Brilla,Little Rock Rangers,N/A,N/A,0.00,0.00,0.00,0.00,0,0,0,0,0,0,"","",-1,-1,-1,-1,-1,-1,-1,-1,-1,-1,-1,-1,-1,-1,-1,-1,-1,-1,-1,-1,0.00,0.00,0.00,0.00,0.00,0,0,0,0,0,0,0,0,0,0.00,0.00,0.00,0.00,0.00,0.00,0.00,0.00,0.00,0.00,0.00,Arrow Field at Clinton High School
1779580800,May 24 2026 - 12:00am,incomplete,N/A,Brazos Valley,GFI,N/A,N/A,0.00,0.00,0.00,0.00,0,0,0,0,0,0,"","",-1,-1,-1,-1,-1,-1,-1,-1,-1,-1,-1,-1,-1,-1,-1,-1,-1,-1,-1,-1,0.00,0.00,0.00,0.00,0.00,0,0,0,0,0,0,0,0,0,0.00,0.00,0.00,0.00,0.00,0.00,0.00,0.00,0.00,0.00,0.00,N/A
1779580800,May 24 2026 - 12:00am,incomplete,N/A,Houston Sur,Lonestar,N/A,N/A,0.00,0.00,0.00,0.00,0,0,0,0,0,0,"","",-1,-1,-1,-1,-1,-1,-1,-1,-1,-1,-1,-1,-1,-1,-1,-1,-1,-1,-1,-1,0.00,0.00,0.00,0.00,0.00,0,0,0,0,0,0,0,0,0,0.00,0.00,0.00,0.00,0.00,0.00,0.00,0.00,0.00,0.00,0.00,N/A
1779582600,May 24 2026 - 12:30am,incomplete,N/A,Bigfoot,West Seattle Junction,N/A,N/A,0.00,0.00,0.00,0.00,0,0,0,0,0,0,"","",-1,-1,-1,-1,-1,-1,-1,-1,-1,-1,-1,-1,-1,-1,-1,-1,-1,-1,-1,-1,0.00,0.00,0.00,0.00,0.00,0,0,0,0,0,0,0,0,0,0.00,0.00,0.00,0.00,0.00,0.00,0.00,0.00,0.00,0.00,0.00,N/A
1779582600,May 24 2026 - 12:30am,incomplete,N/A,Peoria City,Des Moines Menace,N/A,N/A,0.00,0.00,0.00,0.00,0,0,0,0,0,0,"","",-1,-1,-1,-1,-1,-1,-1,-1,-1,-1,-1,-1,-1,-1,-1,-1,-1,-1,-1,-1,0.00,0.00,0.00,0.00,0.00,0,0,0,0,0,0,0,0,0,0.00,0.00,0.00,0.00,0.00,0.00,0.00,0.00,0.00,0.00,0.00,N/A
1779582600,May 24 2026 - 12:30am,incomplete,N/A,Denton Diablos,West Texas,N/A,N/A,0.00,0.00,0.00,0.00,0,0,0,0,0,0,"","",-1,-1,-1,-1,-1,-1,-1,-1,-1,-1,-1,-1,-1,-1,-1,-1,-1,-1,-1,-1,0.00,0.00,0.00,0.00,0.00,0,0,0,0,0,0,0,0,0,0.00,0.00,0.00,0.00,0.00,0.00,0.00,0.00,0.00,0.00,0.00,N/A
1779588000,May 24 2026 - 2:00am,incomplete,N/A,FC Tucson,Redlands,N/A,N/A,0.00,0.00,0.00,0.00,0,0,0,0,0,0,"","",-1,-1,-1,-1,-1,-1,-1,-1,-1,-1,-1,-1,-1,-1,-1,-1,-1,-1,-1,-1,0.00,0.00,0.00,0.00,0.00,0,0,0,0,0,0,0,0,0,0.00,0.00,0.00,0.00,0.00,0.00,0.00,0.00,0.00,0.00,0.00,Kino North Stadium
1779588000,May 24 2026 - 2:00am,incomplete,N/A,Southern California Seahorses,Ventura County Fusion,N/A,N/A,0.00,0.00,0.00,0.00,0,0,0,0,0,0,"","",-1,-1,-1,-1,-1,-1,-1,-1,-1,-1,-1,-1,-1,-1,-1,-1,-1,-1,-1,-1,0.00,0.00,0.00,0.00,0.00,0,0,0,0,0,0,0,0,0,0.00,0.00,0.00,0.00,0.00,0.00,0.00,0.00,0.00,0.00,0.00,N/A
1779588000,May 24 2026 - 2:00am,incomplete,N/A,AMSG,Capo II,N/A,N/A,0.00,0.00,0.00,0.00,0,0,0,0,0,0,"","",-1,-1,-1,-1,-1,-1,-1,-1,-1,-1,-1,-1,-1,-1,-1,-1,-1,-1,-1,-1,0.00,0.00,0.00,0.00,0.00,0,0,0,0,0,0,0,0,0,0.00,0.00,0.00,0.00,0.00,0.00,0.00,0.00,0.00,0.00,0.00,N/A
1779588000,May 24 2026 - 2:00am,incomplete,N/A,Santafé Wanderers,St. Louis Ambush,N/A,N/A,0.00,0.00,0.00,0.00,0,0,0,0,0,0,"","",-1,-1,-1,-1,-1,-1,-1,-1,-1,-1,-1,-1,-1,-1,-1,-1,-1,-1,-1,-1,0.00,0.00,0.00,0.00,0.00,0,0,0,0,0,0,0,0,0,0.00,0.00,0.00,0.00,0.00,0.00,0.00,0.00,0.00,0.00,0.00,N/A
1779634800,May 24 2026 - 3:00pm,incomplete,N/A,San Antonio II,Hill Country Lobos,N/A,N/A,0.00,0.00,0.00,0.00,0,0,0,0,0,0,"","",-1,-1,-1,-1,-1,-1,-1,-1,-1,-1,-1,-1,-1,-1,-1,-1,-1,-1,-1,-1,0.00,0.00,0.00,0.00,0.00,0,0,0,0,0,0,0,0,0,0.00,0.00,0.00,0.00,0.00,0.00,0.00,0.00,0.00,0.00,0.00,N/A
1779651000,May 24 2026 - 7:30pm,incomplete,N/A,Marin,Davis Legacy,N/A,N/A,0.00,0.00,0.00,0.00,0,0,0,0,0,0,"","",-1,-1,-1,-1,-1,-1,-1,-1,-1,-1,-1,-1,-1,-1,-1,-1,-1,-1,-1,-1,0.00,0.00,0.00,0.00,0.00,0,0,0,0,0,0,0,0,0,0.00,0.00,0.00,0.00,0.00,0.00,0.00,0.00,0.00,0.00,0.00,N/A
1779660000,May 24 2026 - 10:00pm,incomplete,N/A,Louisville City II,Toledo Villa,N/A,N/A,0.00,0.00,0.00,0.00,0,0,0,0,0,0,"","",-1,-1,-1,-1,-1,-1,-1,-1,-1,-1,-1,-1,-1,-1,-1,-1,-1,-1,-1,-1,0.00,0.00,0.00,0.00,0.00,0,0,0,0,0,0,0,0,0,0.00,0.00,0.00,0.00,0.00,0.00,0.00,0.00,0.00,0.00,0.00,N/A
1779660000,May 24 2026 - 10:00pm,incomplete,N/A,Staten Island Athletic,FC Motown II,N/A,N/A,0.00,0.00,0.00,0.00,0,0,0,0,0,0,"","",-1,-1,-1,-1,-1,-1,-1,-1,-1,-1,-1,-1,-1,-1,-1,-1,-1,-1,-1,-1,0.00,0.00,0.00,0.00,0.00,0,0,0,0,0,0,0,0,0,0.00,0.00,0.00,0.00,0.00,0.00,0.00,0.00,0.00,0.00,0.00,N/A
1779663600,May 24 2026 - 11:00pm,incomplete,N/A,Tobacco Road FC,North Carolina II,N/A,N/A,0.00,0.00,0.00,0.00,0,0,0,0,0,0,"","",-1,-1,-1,-1,-1,-1,-1,-1,-1,-1,-1,-1,-1,-1,-1,-1,-1,-1,-1,-1,0.00,0.00,0.00,0.00,0.00,0,0,0,0,0,0,0,0,0,0.00,0.00,0.00,0.00,0.00,0.00,0.00,0.00,0.00,0.00,0.00,N/A
1779663600,May 24 2026 - 11:00pm,incomplete,N/A,Louisiana Krewe,Jackson Boom,N/A,N/A,0.00,0.00,0.00,0.00,0,0,0,0,0,0,"","",-1,-1,-1,-1,-1,-1,-1,-1,-1,-1,-1,-1,-1,-1,-1,-1,-1,-1,-1,-1,0.00,0.00,0.00,0.00,0.00,0,0,0,0,0,0,0,0,0,0.00,0.00,0.00,0.00,0.00,0.00,0.00,0.00,0.00,0.00,0.00,N/A
1779670800,May 25 2026 - 1:00am,incomplete,N/A,Colorado ISA,Utah United,N/A,N/A,0.00,0.00,0.00,0.00,0,0,0,0,0,0,"","",-1,-1,-1,-1,-1,-1,-1,-1,-1,-1,-1,-1,-1,-1,-1,-1,-1,-1,-1,-1,0.00,0.00,0.00,0.00,0.00,0,0,0,0,0,0,0,0,0,0.00,0.00,0.00,0.00,0.00,0.00,0.00,0.00,0.00,0.00,0.00,N/A
1779674400,May 25 2026 - 2:00am,incomplete,N/A,Bangers,Tacoma Stars,N/A,N/A,0.00,0.00,0.00,0.00,0,0,0,0,0,0,"","",-1,-1,-1,-1,-1,-1,-1,-1,-1,-1,-1,-1,-1,-1,-1,-1,-1,-1,-1,-1,0.00,0.00,0.00,0.00,0.00,0,0,0,0,0,0,0,0,0,0.00,0.00,0.00,0.00,0.00,0.00,0.00,0.00,0.00,0.00,0.00,N/A
1779676200,May 25 2026 - 2:30am,incomplete,N/A,Stars FC,Redlands,N/A,N/A,0.00,0.00,0.00,0.00,0,0,0,0,0,0,"","",-1,-1,-1,-1,-1,-1,-1,-1,-1,-1,-1,-1,-1,-1,-1,-1,-1,-1,-1,-1,0.00,0.00,0.00,0.00,0.00,0,0,0,0,0,0,0,0,0,0.00,0.00,0.00,0.00,0.00,0.00,0.00,0.00,0.00,0.00,0.00,N/A
1779735600,May 25 2026 - 7:00pm,incomplete,N/A,Lorain County Leviathan,FC Buffalo,N/A,N/A,0.00,0.00,0.00,0.00,0,0,0,0,0,0,"","",-1,-1,-1,-1,-1,-1,-1,-1,-1,-1,-1,-1,-1,-1,-1,-1,-1,-1,-1,-1,0.00,0.00,0.00,0.00,0.00,0,0,0,0,0,0,0,0,0,0.00,0.00,0.00,0.00,0.00,0.00,0.00,0.00,0.00,0.00,0.00,N/A
1779735600,May 25 2026 - 7:00pm,incomplete,N/A,Oly Town,West Seattle Junction,N/A,N/A,0.00,0.00,0.00,0.00,0,0,0,0,0,0,"","",-1,-1,-1,-1,-1,-1,-1,-1,-1,-1,-1,-1,-1,-1,-1,-1,-1,-1,-1,-1,0.00,0.00,0.00,0.00,0.00,0,0,0,0,0,0,0,0,0,0.00,0.00,0.00,0.00,0.00,0.00,0.00,0.00,0.00,0.00,0.00,N/A
1779832800,May 26 2026 - 10:00pm,incomplete,N/A,Colorado ISA,Real Colorado,N/A,N/A,0.00,0.00,0.00,0.00,0,0,0,0,0,0,"","",-1,-1,-1,-1,-1,-1,-1,-1,-1,-1,-1,-1,-1,-1,-1,-1,-1,-1,-1,-1,0.00,0.00,0.00,0.00,0.00,0,0,0,0,0,0,0,0,0,0.00,0.00,0.00,0.00,0.00,0.00,0.00,0.00,0.00,0.00,0.00,N/A
1779836400,May 26 2026 - 11:00pm,incomplete,N/A,Seacoast United Phantoms,Connecticut Rush,N/A,N/A,0.00,0.00,0.00,0.00,0,0,0,0,0,0,"","",-1,-1,-1,-1,-1,-1,-1,-1,-1,-1,-1,-1,-1,-1,-1,-1,-1,-1,-1,-1,0.00,0.00,0.00,0.00,0.00,0,0,0,0,0,0,0,0,0,0.00,0.00,0.00,0.00,0.00,0.00,0.00,0.00,0.00,0.00,0.00,N/A
1779836400,May 26 2026 - 11:00pm,incomplete,N/A,Lehigh Valley Utd. Sonic,Eagle FC,N/A,N/A,0.00,0.00,0.00,0.00,0,0,0,0,0,0,"","",-1,-1,-1,-1,-1,-1,-1,-1,-1,-1,-1,-1,-1,-1,-1,-1,-1,-1,-1,-1,0.00,0.00,0.00,0.00,0.00,0,0,0,0,0,0,0,0,0,0.00,0.00,0.00,0.00,0.00,0.00,0.00,0.00,0.00,0.00,0.00,N/A
1779836400,May 26 2026 - 11:00pm,incomplete,N/A,Tobacco Road FC,North Carolina Fusion U23,N/A,N/A,0.00,0.00,0.00,0.00,0,0,0,0,0,0,"","",-1,-1,-1,-1,-1,-1,-1,-1,-1,-1,-1,-1,-1,-1,-1,-1,-1,-1,-1,-1,0.00,0.00,0.00,0.00,0.00,0,0,0,0,0,0,0,0,0,0.00,0.00,0.00,0.00,0.00,0.00,0.00,0.00,0.00,0.00,0.00,N/A
1779836400,May 26 2026 - 11:00pm,incomplete,N/A,Delaware FC,Philadelphia Lone Star,N/A,N/A,0.00,0.00,0.00,0.00,0,0,0,0,0,0,"","",-1,-1,-1,-1,-1,-1,-1,-1,-1,-1,-1,-1,-1,-1,-1,-1,-1,-1,-1,-1,0.00,0.00,0.00,0.00,0.00,0,0,0,0,0,0,0,0,0,0.00,0.00,0.00,0.00,0.00,0.00,0.00,0.00,0.00,0.00,0.00,N/A
1779836400,May 26 2026 - 11:00pm,incomplete,N/A,Nona,Sporting JAX II,N/A,N/A,0.00,0.00,0.00,0.00,0,0,0,0,0,0,"","",-1,-1,-1,-1,-1,-1,-1,-1,-1,-1,-1,-1,-1,-1,-1,-1,-1,-1,-1,-1,0.00,0.00,0.00,0.00,0.00,0,0,0,0,0,0,0,0,0,0.00,0.00,0.00,0.00,0.00,0.00,0.00,0.00,0.00,0.00,0.00,N/A
1779840000,May 27 2026 - 12:00am,incomplete,N/A,Texoma,McKinney Chupacabras,N/A,N/A,0.00,0.00,0.00,0.00,0,0,0,0,0,0,"","",-1,-1,-1,-1,-1,-1,-1,-1,-1,-1,-1,-1,-1,-1,-1,-1,-1,-1,-1,-1,0.00,0.00,0.00,0.00,0.00,0,0,0,0,0,0,0,0,0,0.00,0.00,0.00,0.00,0.00,0.00,0.00,0.00,0.00,0.00,0.00,N/A
1779845400,May 27 2026 - 1:30am,incomplete,N/A,Midlakes United,Bigfoot,N/A,N/A,0.00,0.00,0.00,0.00,0,0,0,0,0,0,"","",-1,-1,-1,-1,-1,-1,-1,-1,-1,-1,-1,-1,-1,-1,-1,-1,-1,-1,-1,-1,0.00,0.00,0.00,0.00,0.00,0,0,0,0,0,0,0,0,0,0.00,0.00,0.00,0.00,0.00,0.00,0.00,0.00,0.00,0.00,0.00,N/A
1779912000,May 27 2026 - 8:00pm,incomplete,N/A,SF Glens,Davis Legacy,N/A,N/A,0.00,0.00,0.00,0.00,0,0,0,0,0,0,"","",-1,-1,-1,-1,-1,-1,-1,-1,-1,-1,-1,-1,-1,-1,-1,-1,-1,-1,-1,-1,0.00,0.00,0.00,0.00,0.00,0,0,0,0,0,0,0,0,0,0.00,0.00,0.00,0.00,0.00,0.00,0.00,0.00,0.00,0.00,0.00,N/A
1779919200,May 27 2026 - 10:00pm,incomplete,N/A,Dayton Dutch Lions,Louisville City II,N/A,N/A,0.00,0.00,0.00,0.00,0,0,0,0,0,0,"","",-1,-1,-1,-1,-1,-1,-1,-1,-1,-1,-1,-1,-1,-1,-1,-1,-1,-1,-1,-1,0.00,0.00,0.00,0.00,0.00,0,0,0,0,0,0,0,0,0,0.00,0.00,0.00,0.00,0.00,0.00,0.00,0.00,0.00,0.00,0.00,Dayton Outpatient Center Stadium
1779919200,May 27 2026 - 10:00pm,incomplete,N/A,Black Rock FC,Vermont Green,N/A,N/A,0.00,0.00,0.00,0.00,0,0,0,0,0,0,"","",-1,-1,-1,-1,-1,-1,-1,-1,-1,-1,-1,-1,-1,-1,-1,-1,-1,-1,-1,-1,0.00,0.00,0.00,0.00,0.00,0,0,0,0,0,0,0,0,0,0.00,0.00,0.00,0.00,0.00,0.00,0.00,0.00,0.00,0.00,0.00,N/A
1779919200,May 27 2026 - 10:00pm,incomplete,N/A,Inter Gainesville,The Villages,N/A,N/A,0.00,0.00,0.00,0.00,0,0,0,0,0,0,"","",-1,-1,-1,-1,-1,-1,-1,-1,-1,-1,-1,-1,-1,-1,-1,-1,-1,-1,-1,-1,0.00,0.00,0.00,0.00,0.00,0,0,0,0,0,0,0,0,0,0.00,0.00,0.00,0.00,0.00,0.00,0.00,0.00,0.00,0.00,0.00,N/A
1779921000,May 27 2026 - 10:30pm,incomplete,N/A,Port City,Wake,N/A,N/A,0.00,0.00,0.00,0.00,0,0,0,0,0,0,"","",-1,-1,-1,-1,-1,-1,-1,-1,-1,-1,-1,-1,-1,-1,-1,-1,-1,-1,-1,-1,0.00,0.00,0.00,0.00,0.00,0,0,0,0,0,0,0,0,0,0.00,0.00,0.00,0.00,0.00,0.00,0.00,0.00,0.00,0.00,0.00,N/A
1779921000,May 27 2026 - 10:30pm,incomplete,N/A,Bethesda Athletic,Lionsbridge,N/A,N/A,0.00,0.00,0.00,0.00,0,0,0,0,0,0,"","",-1,-1,-1,-1,-1,-1,-1,-1,-1,-1,-1,-1,-1,-1,-1,-1,-1,-1,-1,-1,0.00,0.00,0.00,0.00,0.00,0,0,0,0,0,0,0,0,0,0.00,0.00,0.00,0.00,0.00,0.00,0.00,0.00,0.00,0.00,0.00,N/A
1779922800,May 27 2026 - 11:00pm,incomplete,N/A,Hickory,Charlotte Eagles,N/A,N/A,0.00,0.00,0.00,0.00,0,0,0,0,0,0,"","",-1,-1,-1,-1,-1,-1,-1,-1,-1,-1,-1,-1,-1,-1,-1,-1,-1,-1,-1,-1,0.00,0.00,0.00,0.00,0.00,0,0,0,0,0,0,0,0,0,0.00,0.00,0.00,0.00,0.00,0.00,0.00,0.00,0.00,0.00,0.00,N/A
1779922800,May 27 2026 - 11:00pm,incomplete,N/A,Appalachian,Charlotte Independence 2,N/A,N/A,0.00,0.00,0.00,0.00,0,0,0,0,0,0,"","",-1,-1,-1,-1,-1,-1,-1,-1,-1,-1,-1,-1,-1,-1,-1,-1,-1,-1,-1,-1,0.00,0.00,0.00,0.00,0.00,0,0,0,0,0,0,0,0,0,0.00,0.00,0.00,0.00,0.00,0.00,0.00,0.00,0.00,0.00,0.00,N/A
1779922800,May 27 2026 - 11:00pm,incomplete,N/A,FC Boston Bolts,New England SC,N/A,N/A,0.00,0.00,0.00,0.00,0,0,0,0,0,0,"","",-1,-1,-1,-1,-1,-1,-1,-1,-1,-1,-1,-1,-1,-1,-1,-1,-1,-1,-1,-1,0.00,0.00,0.00,0.00,0.00,0,0,0,0,0,0,0,0,0,0.00,0.00,0.00,0.00,0.00,0.00,0.00,0.00,0.00,0.00,0.00,Mount Ida College
1779922800,May 27 2026 - 11:00pm,incomplete,N/A,Real Central New Jersey,Reading United,N/A,N/A,0.00,0.00,0.00,0.00,0,0,0,0,0,0,"","",-1,-1,-1,-1,-1,-1,-1,-1,-1,-1,-1,-1,-1,-1,-1,-1,-1,-1,-1,-1,0.00,0.00,0.00,0.00,0.00,0,0,0,0,0,0,0,0,0,0.00,0.00,0.00,0.00,0.00,0.00,0.00,0.00,0.00,0.00,0.00,N/A
1779922800,May 27 2026 - 11:00pm,incomplete,N/A,Riverhounds II,Steel City,N/A,N/A,0.00,0.00,0.00,0.00,0,0,0,0,0,0,"","",-1,-1,-1,-1,-1,-1,-1,-1,-1,-1,-1,-1,-1,-1,-1,-1,-1,-1,-1,-1,0.00,0.00,0.00,0.00,0.00,0,0,0,0,0,0,0,0,0,0.00,0.00,0.00,0.00,0.00,0.00,0.00,0.00,0.00,0.00,0.00,N/A
1779922800,May 27 2026 - 11:00pm,incomplete,N/A,Long Island Rough Riders,Staten Island Athletic,N/A,N/A,0.00,0.00,0.00,0.00,0,0,0,0,0,0,"","",-1,-1,-1,-1,-1,-1,-1,-1,-1,-1,-1,-1,-1,-1,-1,-1,-1,-1,-1,-1,0.00,0.00,0.00,0.00,0.00,0,0,0,0,0,0,0,0,0,0.00,0.00,0.00,0.00,0.00,0.00,0.00,0.00,0.00,0.00,0.00,N/A
1779922800,May 27 2026 - 11:00pm,incomplete,N/A,Hill City,Charlottesville Blues,N/A,N/A,0.00,0.00,0.00,0.00,0,0,0,0,0,0,"","",-1,-1,-1,-1,-1,-1,-1,-1,-1,-1,-1,-1,-1,-1,-1,-1,-1,-1,-1,-1,0.00,0.00,0.00,0.00,0.00,0,0,0,0,0,0,0,0,0,0.00,0.00,0.00,0.00,0.00,0.00,0.00,0.00,0.00,0.00,0.00,N/A
1779922800,May 27 2026 - 11:00pm,incomplete,N/A,Fort Lauderdale United,Lakeland United,N/A,N/A,0.00,0.00,0.00,0.00,0,0,0,0,0,0,"","",-1,-1,-1,-1,-1,-1,-1,-1,-1,-1,-1,-1,-1,-1,-1,-1,-1,-1,-1,-1,0.00,0.00,0.00,0.00,0.00,0,0,0,0,0,0,0,0,0,0.00,0.00,0.00,0.00,0.00,0.00,0.00,0.00,0.00,0.00,0.00,N/A
1779922800,May 27 2026 - 11:00pm,incomplete,N/A,Miami FC,Brevard,N/A,N/A,0.00,0.00,0.00,0.00,0,0,0,0,0,0,"","",-1,-1,-1,-1,-1,-1,-1,-1,-1,-1,-1,-1,-1,-1,-1,-1,-1,-1,-1,-1,0.00,0.00,0.00,0.00,0.00,0,0,0,0,0,0,0,0,0,0.00,0.00,0.00,0.00,0.00,0.00,0.00,0.00,0.00,0.00,0.00,Riccardo Silva Stadium
1779924600,May 27 2026 - 11:30pm,incomplete,N/A,Manhattan,Westchester Flames,N/A,N/A,0.00,0.00,0.00,0.00,0,0,0,0,0,0,"","",-1,-1,-1,-1,-1,-1,-1,-1,-1,-1,-1,-1,-1,-1,-1,-1,-1,-1,-1,-1,0.00,0.00,0.00,0.00,0.00,0,0,0,0,0,0,0,0,0,0.00,0.00,0.00,0.00,0.00,0.00,0.00,0.00,0.00,0.00,0.00,N/A
1779924600,May 27 2026 - 11:30pm,incomplete,N/A,Hudson Valley Hammers,Ironbound,N/A,N/A,0.00,0.00,0.00,0.00,0,0,0,0,0,0,"","",-1,-1,-1,-1,-1,-1,-1,-1,-1,-1,-1,-1,-1,-1,-1,-1,-1,-1,-1,-1,0.00,0.00,0.00,0.00,0.00,0,0,0,0,0,0,0,0,0,0.00,0.00,0.00,0.00,0.00,0.00,0.00,0.00,0.00,0.00,0.00,N/A
1779926400,May 28 2026 - 12:00am,incomplete,N/A,St. Croix,Minneapolis City SC,N/A,N/A,0.00,0.00,0.00,0.00,0,0,0,0,0,0,"","",-1,-1,-1,-1,-1,-1,-1,-1,-1,-1,-1,-1,-1,-1,-1,-1,-1,-1,-1,-1,0.00,0.00,0.00,0.00,0.00,0,0,0,0,0,0,0,0,0,0.00,0.00,0.00,0.00,0.00,0.00,0.00,0.00,0.00,0.00,0.00,N/A
1779926400,May 28 2026 - 12:00am,incomplete,N/A,River Light,RKC,N/A,N/A,0.00,0.00,0.00,0.00,0,0,0,0,0,0,"","",-1,-1,-1,-1,-1,-1,-1,-1,-1,-1,-1,-1,-1,-1,-1,-1,-1,-1,-1,-1,0.00,0.00,0.00,0.00,0.00,0,0,0,0,0,0,0,0,0,0.00,0.00,0.00,0.00,0.00,0.00,0.00,0.00,0.00,0.00,0.00,N/A
1779926400,May 28 2026 - 12:00am,incomplete,N/A,Dothan United,Birmingham Legion II,N/A,N/A,0.00,0.00,0.00,0.00,0,0,0,0,0,0,"","",-1,-1,-1,-1,-1,-1,-1,-1,-1,-1,-1,-1,-1,-1,-1,-1,-1,-1,-1,-1,0.00,0.00,0.00,0.00,0.00,0,0,0,0,0,0,0,0,0,0.00,0.00,0.00,0.00,0.00,0.00,0.00,0.00,0.00,0.00,0.00,N/A
1779926400,May 28 2026 - 12:00am,incomplete,N/A,Mississippi Brilla,Hattiesburg,N/A,N/A,0.00,0.00,0.00,0.00,0,0,0,0,0,0,"","",-1,-1,-1,-1,-1,-1,-1,-1,-1,-1,-1,-1,-1,-1,-1,-1,-1,-1,-1,-1,0.00,0.00,0.00,0.00,0.00,0,0,0,0,0,0,0,0,0,0.00,0.00,0.00,0.00,0.00,0.00,0.00,0.00,0.00,0.00,0.00,Arrow Field at Clinton High School
1779926400,May 28 2026 - 12:00am,incomplete,N/A,Midwest United,Kalamazoo FC,N/A,N/A,0.00,0.00,0.00,0.00,0,0,0,0,0,0,"","",-1,-1,-1,-1,-1,-1,-1,-1,-1,-1,-1,-1,-1,-1,-1,-1,-1,-1,-1,-1,0.00,0.00,0.00,0.00,0.00,0,0,0,0,0,0,0,0,0,0.00,0.00,0.00,0.00,0.00,0.00,0.00,0.00,0.00,0.00,0.00,N/A
1779926400,May 28 2026 - 12:00am,incomplete,N/A,Rockford Raptors,Chicago Dutch Lions,N/A,N/A,0.00,0.00,0.00,0.00,0,0,0,0,0,0,"","",-1,-1,-1,-1,-1,-1,-1,-1,-1,-1,-1,-1,-1,-1,-1,-1,-1,-1,-1,-1,0.00,0.00,0.00,0.00,0.00,0,0,0,0,0,0,0,0,0,0.00,0.00,0.00,0.00,0.00,0.00,0.00,0.00,0.00,0.00,0.00,N/A
1779928200,May 28 2026 - 12:30am,incomplete,N/A,Marin,San Francisco City,N/A,N/A,0.00,0.00,0.00,0.00,0,0,0,0,0,0,"","",-1,-1,-1,-1,-1,-1,-1,-1,-1,-1,-1,-1,-1,-1,-1,-1,-1,-1,-1,-1,0.00,0.00,0.00,0.00,0.00,0,0,0,0,0,0,0,0,0,0.00,0.00,0.00,0.00,0.00,0.00,0.00,0.00,0.00,0.00,0.00,N/A
1779928200,May 28 2026 - 12:30am,incomplete,N/A,Springfield,Peoria City,N/A,N/A,0.00,0.00,0.00,0.00,0,0,0,0,0,0,"","",-1,-1,-1,-1,-1,-1,-1,-1,-1,-1,-1,-1,-1,-1,-1,-1,-1,-1,-1,-1,0.00,0.00,0.00,0.00,0.00,0,0,0,0,0,0,0,0,0,0.00,0.00,0.00,0.00,0.00,0.00,0.00,0.00,0.00,0.00,0.00,N/A
1779933600,May 28 2026 - 2:00am,incomplete,N/A,Ventura County Fusion,Capo II,N/A,N/A,0.00,0.00,0.00,0.00,0,0,0,0,0,0,"","",-1,-1,-1,-1,-1,-1,-1,-1,-1,-1,-1,-1,-1,-1,-1,-1,-1,-1,-1,-1,0.00,0.00,0.00,0.00,0.00,0,0,0,0,0,0,0,0,0,0.00,0.00,0.00,0.00,0.00,0.00,0.00,0.00,0.00,0.00,0.00,Ventura College Stadium
1779933600,May 28 2026 - 2:00am,incomplete,N/A,AC Connecticut,Blackwatch Rush,N/A,N/A,0.00,0.00,0.00,0.00,0,0,0,0,0,0,"","",-1,-1,-1,-1,-1,-1,-1,-1,-1,-1,-1,-1,-1,-1,-1,-1,-1,-1,-1,-1,0.00,0.00,0.00,0.00,0.00,0,0,0,0,0,0,0,0,0,0.00,0.00,0.00,0.00,0.00,0.00,0.00,0.00,0.00,0.00,0.00,N/A
1779935400,May 28 2026 - 2:30am,incomplete,N/A,Stars FC,AMSG,N/A,N/A,0.00,0.00,0.00,0.00,0,0,0,0,0,0,"","",-1,-1,-1,-1,-1,-1,-1,-1,-1,-1,-1,-1,-1,-1,-1,-1,-1,-1,-1,-1,0.00,0.00,0.00,0.00,0.00,0,0,0,0,0,0,0,0,0,0.00,0.00,0.00,0.00,0.00,0.00,0.00,0.00,0.00,0.00,0.00,N/A
1780009200,May 28 2026 - 11:00pm,incomplete,N/A,FC Buffalo,Erie Sports Center,N/A,N/A,0.00,0.00,0.00,0.00,0,0,0,0,0,0,"","",-1,-1,-1,-1,-1,-1,-1,-1,-1,-1,-1,-1,-1,-1,-1,-1,-1,-1,-1,-1,0.00,0.00,0.00,0.00,0.00,0,0,0,0,0,0,0,0,0,0.00,0.00,0.00,0.00,0.00,0.00,0.00,0.00,0.00,0.00,0.00,N/A
1780009200,May 28 2026 - 11:00pm,incomplete,N/A,Utah United,Real Colorado,N/A,N/A,0.00,0.00,0.00,0.00,0,0,0,0,0,0,"","",-1,-1,-1,-1,-1,-1,-1,-1,-1,-1,-1,-1,-1,-1,-1,-1,-1,-1,-1,-1,0.00,0.00,0.00,0.00,0.00,0,0,0,0,0,0,0,0,0,0.00,0.00,0.00,0.00,0.00,0.00,0.00,0.00,0.00,0.00,0.00,N/A
1780009200,May 28 2026 - 11:00pm,incomplete,N/A,Lansing City,Oakland County,N/A,N/A,0.00,0.00,0.00,0.00,0,0,0,0,0,0,"","",-1,-1,-1,-1,-1,-1,-1,-1,-1,-1,-1,-1,-1,-1,-1,-1,-1,-1,-1,-1,0.00,0.00,0.00,0.00,0.00,0,0,0,0,0,0,0,0,0,0.00,0.00,0.00,0.00,0.00,0.00,0.00,0.00,0.00,0.00,0.00,N/A
1780011000,May 28 2026 - 11:30pm,incomplete,N/A,Patuxent,Annapolis Blues,N/A,N/A,0.00,0.00,0.00,0.00,0,0,0,0,0,0,"","",-1,-1,-1,-1,-1,-1,-1,-1,-1,-1,-1,-1,-1,-1,-1,-1,-1,-1,-1,-1,0.00,0.00,0.00,0.00,0.00,0,0,0,0,0,0,0,0,0,0.00,0.00,0.00,0.00,0.00,0.00,0.00,0.00,0.00,0.00,0.00,N/A
1780012800,May 29 2026 - 12:00am,incomplete,N/A,Memphis FC,Louisiana Krewe,N/A,N/A,0.00,0.00,0.00,0.00,0,0,0,0,0,0,"","",-1,-1,-1,-1,-1,-1,-1,-1,-1,-1,-1,-1,-1,-1,-1,-1,-1,-1,-1,-1,0.00,0.00,0.00,0.00,0.00,0,0,0,0,0,0,0,0,0,0.00,0.00,0.00,0.00,0.00,0.00,0.00,0.00,0.00,0.00,0.00,N/A
1780012800,May 29 2026 - 12:00am,incomplete,N/A,Edgewater Castle,Sueno,N/A,N/A,0.00,0.00,0.00,0.00,0,0,0,0,0,0,"","",-1,-1,-1,-1,-1,-1,-1,-1,-1,-1,-1,-1,-1,-1,-1,-1,-1,-1,-1,-1,0.00,0.00,0.00,0.00,0.00,0,0,0,0,0,0,0,0,0,0.00,0.00,0.00,0.00,0.00,0.00,0.00,0.00,0.00,0.00,0.00,N/A
1780012800,May 29 2026 - 12:00am,incomplete,N/A,Houston FC,Laredo Heat,N/A,N/A,0.00,0.00,0.00,0.00,0,0,0,0,0,0,"","",-1,-1,-1,-1,-1,-1,-1,-1,-1,-1,-1,-1,-1,-1,-1,-1,-1,-1,-1,-1,0.00,0.00,0.00,0.00,0.00,0,0,0,0,0,0,0,0,0,0.00,0.00,0.00,0.00,0.00,0.00,0.00,0.00,0.00,0.00,0.00,N/A
1780016400,May 29 2026 - 1:00am,incomplete,N/A,Flatirons Rush,Colorado Storm,N/A,N/A,0.00,0.00,0.00,0.00,0,0,0,0,0,0,"","",-1,-1,-1,-1,-1,-1,-1,-1,-1,-1,-1,-1,-1,-1,-1,-1,-1,-1,-1,-1,0.00,0.00,0.00,0.00,0.00,0,0,0,0,0,0,0,0,0,0.00,0.00,0.00,0.00,0.00,0.00,0.00,0.00,0.00,0.00,0.00,N/A
1780016400,May 29 2026 - 1:00am,incomplete,N/A,San Antonio II,Lonestar,N/A,N/A,0.00,0.00,0.00,0.00,0,0,0,0,0,0,"","",-1,-1,-1,-1,-1,-1,-1,-1,-1,-1,-1,-1,-1,-1,-1,-1,-1,-1,-1,-1,0.00,0.00,0.00,0.00,0.00,0,0,0,0,0,0,0,0,0,0.00,0.00,0.00,0.00,0.00,0.00,0.00,0.00,0.00,0.00,0.00,N/A
1780095600,May 29 2026 - 11:00pm,incomplete,N/A,Ann Arbor,Union Macomb,N/A,N/A,0.00,0.00,0.00,0.00,0,0,0,0,0,0,"","",-1,-1,-1,-1,-1,-1,-1,-1,-1,-1,-1,-1,-1,-1,-1,-1,-1,-1,-1,-1,0.00,0.00,0.00,0.00,0.00,0,0,0,0,0,0,0,0,0,0.00,0.00,0.00,0.00,0.00,0.00,0.00,0.00,0.00,0.00,0.00,N/A
1780095600,May 29 2026 - 11:00pm,incomplete,N/A,Ocean City Nor'easters,Delaware FC,N/A,N/A,0.00,0.00,0.00,0.00,0,0,0,0,0,0,"","",-1,-1,-1,-1,-1,-1,-1,-1,-1,-1,-1,-1,-1,-1,-1,-1,-1,-1,-1,-1,0.00,0.00,0.00,0.00,0.00,0,0,0,0,0,0,0,0,0,0.00,0.00,0.00,0.00,0.00,0.00,0.00,0.00,0.00,0.00,0.00,Carey Stadium
1780097400,May 29 2026 - 11:30pm,incomplete,N/A,Western Mass Pioneers,Connecticut Rush,N/A,N/A,0.00,0.00,0.00,0.00,0,0,0,0,0,0,"","",-1,-1,-1,-1,-1,-1,-1,-1,-1,-1,-1,-1,-1,-1,-1,-1,-1,-1,-1,-1,0.00,0.00,0.00,0.00,0.00,0,0,0,0,0,0,0,0,0,0.00,0.00,0.00,0.00,0.00,0.00,0.00,0.00,0.00,0.00,0.00,Lusitano Stadium
1780099200,May 30 2026 - 12:00am,incomplete,N/A,West Virginia Chaos,Toledo Villa,N/A,N/A,0.00,0.00,0.00,0.00,0,0,0,0,0,0,"","",-1,-1,-1,-1,-1,-1,-1,-1,-1,-1,-1,-1,-1,-1,-1,-1,-1,-1,-1,-1,0.00,0.00,0.00,0.00,0.00,0,0,0,0,0,0,0,0,0,0.00,0.00,0.00,0.00,0.00,0.00,0.00,0.00,0.00,0.00,0.00,N/A
1780099200,May 30 2026 - 12:00am,incomplete,N/A,Kings Hammer Columbus,Northern Indiana,N/A,N/A,0.00,0.00,0.00,0.00,0,0,0,0,0,0,"","",-1,-1,-1,-1,-1,-1,-1,-1,-1,-1,-1,-1,-1,-1,-1,-1,-1,-1,-1,-1,0.00,0.00,0.00,0.00,0.00,0,0,0,0,0,0,0,0,0,0.00,0.00,0.00,0.00,0.00,0.00,0.00,0.00,0.00,0.00,0.00,N/A
1780106400,May 30 2026 - 2:00am,incomplete,N/A,Ballard,Midlakes United,N/A,N/A,0.00,0.00,0.00,0.00,0,0,0,0,0,0,"","",-1,-1,-1,-1,-1,-1,-1,-1,-1,-1,-1,-1,-1,-1,-1,-1,-1,-1,-1,-1,0.00,0.00,0.00,0.00,0.00,0,0,0,0,0,0,0,0,0,0.00,0.00,0.00,0.00,0.00,0.00,0.00,0.00,0.00,0.00,0.00,N/A
1780106400,May 30 2026 - 2:00am,incomplete,N/A,Tacoma Stars,Oly Town,N/A,N/A,0.00,0.00,0.00,0.00,0,0,0,0,0,0,"","",-1,-1,-1,-1,-1,-1,-1,-1,-1,-1,-1,-1,-1,-1,-1,-1,-1,-1,-1,-1,0.00,0.00,0.00,0.00,0.00,0,0,0,0,0,0,0,0,0,0.00,0.00,0.00,0.00,0.00,0.00,0.00,0.00,0.00,0.00,0.00,N/A
1780156800,May 30 2026 - 4:00pm,incomplete,N/A,New Jersey Copa FC,Hudson Valley Hammers,N/A,N/A,0.00,0.00,0.00,0.00,0,0,0,0,0,0,"","",-1,-1,-1,-1,-1,-1,-1,-1,-1,-1,-1,-1,-1,-1,-1,-1,-1,-1,-1,-1,0.00,0.00,0.00,0.00,0.00,0,0,0,0,0,0,0,0,0,0.00,0.00,0.00,0.00,0.00,0.00,0.00,0.00,0.00,0.00,0.00,N/A
1780167600,May 30 2026 - 7:00pm,incomplete,N/A,Steel City,Akron City,N/A,N/A,0.00,0.00,0.00,0.00,0,0,0,0,0,0,"","",-1,-1,-1,-1,-1,-1,-1,-1,-1,-1,-1,-1,-1,-1,-1,-1,-1,-1,-1,-1,0.00,0.00,0.00,0.00,0.00,0,0,0,0,0,0,0,0,0,0.00,0.00,0.00,0.00,0.00,0.00,0.00,0.00,0.00,0.00,0.00,N/A
1780167600,May 30 2026 - 7:00pm,incomplete,N/A,Santafé Wanderers,Springfield,N/A,N/A,0.00,0.00,0.00,0.00,0,0,0,0,0,0,"","",-1,-1,-1,-1,-1,-1,-1,-1,-1,-1,-1,-1,-1,-1,-1,-1,-1,-1,-1,-1,0.00,0.00,0.00,0.00,0.00,0,0,0,0,0,0,0,0,0,0.00,0.00,0.00,0.00,0.00,0.00,0.00,0.00,0.00,0.00,0.00,N/A
1780171200,May 30 2026 - 8:00pm,incomplete,N/A,Philadelphia Lone Star,Pennsylvania Classics,N/A,N/A,0.00,0.00,0.00,0.00,0,0,0,0,0,0,"","",-1,-1,-1,-1,-1,-1,-1,-1,-1,-1,-1,-1,-1,-1,-1,-1,-1,-1,-1,-1,0.00,0.00,0.00,0.00,0.00,0,0,0,0,0,0,0,0,0,0.00,0.00,0.00,0.00,0.00,0.00,0.00,0.00,0.00,0.00,0.00,N/A
1780178400,May 30 2026 - 10:00pm,incomplete,N/A,Cleveland Force,Riverhounds II,N/A,N/A,0.00,0.00,0.00,0.00,0,0,0,0,0,0,"","",-1,-1,-1,-1,-1,-1,-1,-1,-1,-1,-1,-1,-1,-1,-1,-1,-1,-1,-1,-1,0.00,0.00,0.00,0.00,0.00,0,0,0,0,0,0,0,0,0,0.00,0.00,0.00,0.00,0.00,0.00,0.00,0.00,0.00,0.00,0.00,N/A
1780178400,May 30 2026 - 10:00pm,incomplete,N/A,Atlético Unión,Colorado Storm,N/A,N/A,0.00,0.00,0.00,0.00,0,0,0,0,0,0,"","",-1,-1,-1,-1,-1,-1,-1,-1,-1,-1,-1,-1,-1,-1,-1,-1,-1,-1,-1,-1,0.00,0.00,0.00,0.00,0.00,0,0,0,0,0,0,0,0,0,0.00,0.00,0.00,0.00,0.00,0.00,0.00,0.00,0.00,0.00,0.00,N/A
1780178400,May 30 2026 - 10:00pm,incomplete,N/A,Blackwatch Rush,Seacoast United Phantoms,N/A,N/A,0.00,0.00,0.00,0.00,0,0,0,0,0,0,"","",-1,-1,-1,-1,-1,-1,-1,-1,-1,-1,-1,-1,-1,-1,-1,-1,-1,-1,-1,-1,0.00,0.00,0.00,0.00,0.00,0,0,0,0,0,0,0,0,0,0.00,0.00,0.00,0.00,0.00,0.00,0.00,0.00,0.00,0.00,0.00,N/A
1780178400,May 30 2026 - 10:00pm,incomplete,N/A,Inter Gainesville,Sporting JAX II,N/A,N/A,0.00,0.00,0.00,0.00,0,0,0,0,0,0,"","",-1,-1,-1,-1,-1,-1,-1,-1,-1,-1,-1,-1,-1,-1,-1,-1,-1,-1,-1,-1,0.00,0.00,0.00,0.00,0.00,0,0,0,0,0,0,0,0,0,0.00,0.00,0.00,0.00,0.00,0.00,0.00,0.00,0.00,0.00,0.00,N/A
1780180200,May 30 2026 - 10:30pm,incomplete,N/A,Asheville City,Port City,N/A,N/A,0.00,0.00,0.00,0.00,0,0,0,0,0,0,"","",-1,-1,-1,-1,-1,-1,-1,-1,-1,-1,-1,-1,-1,-1,-1,-1,-1,-1,-1,-1,0.00,0.00,0.00,0.00,0.00,0,0,0,0,0,0,0,0,0,0.00,0.00,0.00,0.00,0.00,0.00,0.00,0.00,0.00,0.00,0.00,N/A
1780180200,May 30 2026 - 10:30pm,incomplete,N/A,Morris Elite,Manhattan,N/A,N/A,0.00,0.00,0.00,0.00,0,0,0,0,0,0,"","",-1,-1,-1,-1,-1,-1,-1,-1,-1,-1,-1,-1,-1,-1,-1,-1,-1,-1,-1,-1,0.00,0.00,0.00,0.00,0.00,0,0,0,0,0,0,0,0,0,0.00,0.00,0.00,0.00,0.00,0.00,0.00,0.00,0.00,0.00,0.00,N/A
1780182000,May 30 2026 - 11:00pm,incomplete,N/A,Michigan Bucks,Kalamazoo FC,N/A,N/A,0.00,0.00,0.00,0.00,0,0,0,0,0,0,"","",-1,-1,-1,-1,-1,-1,-1,-1,-1,-1,-1,-1,-1,-1,-1,-1,-1,-1,-1,-1,0.00,0.00,0.00,0.00,0.00,0,0,0,0,0,0,0,0,0,0.00,0.00,0.00,0.00,0.00,0.00,0.00,0.00,0.00,0.00,0.00,Ultimate Soccer Arenas
1780182000,May 30 2026 - 11:00pm,incomplete,N/A,Lehigh Valley Utd. Sonic,Real Central New Jersey,N/A,N/A,0.00,0.00,0.00,0.00,0,0,0,0,0,0,"","",-1,-1,-1,-1,-1,-1,-1,-1,-1,-1,-1,-1,-1,-1,-1,-1,-1,-1,-1,-1,0.00,0.00,0.00,0.00,0.00,0,0,0,0,0,0,0,0,0,0.00,0.00,0.00,0.00,0.00,0.00,0.00,0.00,0.00,0.00,0.00,N/A
1780182000,May 30 2026 - 11:00pm,incomplete,N/A,Shark Coast,Brooke House,N/A,N/A,0.00,0.00,0.00,0.00,0,0,0,0,0,0,"","",-1,-1,-1,-1,-1,-1,-1,-1,-1,-1,-1,-1,-1,-1,-1,-1,-1,-1,-1,-1,0.00,0.00,0.00,0.00,0.00,0,0,0,0,0,0,0,0,0,0.00,0.00,0.00,0.00,0.00,0.00,0.00,0.00,0.00,0.00,0.00,N/A
1780182000,May 30 2026 - 11:00pm,incomplete,N/A,Bigfoot,Snohomish United,N/A,N/A,0.00,0.00,0.00,0.00,0,0,0,0,0,0,"","",-1,-1,-1,-1,-1,-1,-1,-1,-1,-1,-1,-1,-1,-1,-1,-1,-1,-1,-1,-1,0.00,0.00,0.00,0.00,0.00,0,0,0,0,0,0,0,0,0,0.00,0.00,0.00,0.00,0.00,0.00,0.00,0.00,0.00,0.00,0.00,N/A
1780182000,May 30 2026 - 11:00pm,incomplete,N/A,North Carolina Fusion U23,Charlotte Eagles,N/A,N/A,0.00,0.00,0.00,0.00,0,0,0,0,0,0,"","",-1,-1,-1,-1,-1,-1,-1,-1,-1,-1,-1,-1,-1,-1,-1,-1,-1,-1,-1,-1,0.00,0.00,0.00,0.00,0.00,0,0,0,0,0,0,0,0,0,0.00,0.00,0.00,0.00,0.00,0.00,0.00,0.00,0.00,0.00,0.00,Macpherson Stadium
1780182000,May 30 2026 - 11:00pm,incomplete,N/A,Appalachian,Wake,N/A,N/A,0.00,0.00,0.00,0.00,0,0,0,0,0,0,"","",-1,-1,-1,-1,-1,-1,-1,-1,-1,-1,-1,-1,-1,-1,-1,-1,-1,-1,-1,-1,0.00,0.00,0.00,0.00,0.00,0,0,0,0,0,0,0,0,0,0.00,0.00,0.00,0.00,0.00,0.00,0.00,0.00,0.00,0.00,0.00,N/A
1780182000,May 30 2026 - 11:00pm,incomplete,N/A,SC United Bantams,North Carolina II,N/A,N/A,0.00,0.00,0.00,0.00,0,0,0,0,0,0,"","",-1,-1,-1,-1,-1,-1,-1,-1,-1,-1,-1,-1,-1,-1,-1,-1,-1,-1,-1,-1,0.00,0.00,0.00,0.00,0.00,0,0,0,0,0,0,0,0,0,0.00,0.00,0.00,0.00,0.00,0.00,0.00,0.00,0.00,0.00,0.00,N/A
1780182000,May 30 2026 - 11:00pm,incomplete,N/A,Eagle FC,Reading United,N/A,N/A,0.00,0.00,0.00,0.00,0,0,0,0,0,0,"","",-1,-1,-1,-1,-1,-1,-1,-1,-1,-1,-1,-1,-1,-1,-1,-1,-1,-1,-1,-1,0.00,0.00,0.00,0.00,0.00,0,0,0,0,0,0,0,0,0,0.00,0.00,0.00,0.00,0.00,0.00,0.00,0.00,0.00,0.00,0.00,N/A
1780182000,May 30 2026 - 11:00pm,incomplete,N/A,FC Boston Bolts,Black Rock FC,N/A,N/A,0.00,0.00,0.00,0.00,0,0,0,0,0,0,"","",-1,-1,-1,-1,-1,-1,-1,-1,-1,-1,-1,-1,-1,-1,-1,-1,-1,-1,-1,-1,0.00,0.00,0.00,0.00,0.00,0,0,0,0,0,0,0,0,0,0.00,0.00,0.00,0.00,0.00,0.00,0.00,0.00,0.00,0.00,0.00,Mount Ida College
1780182000,May 30 2026 - 11:00pm,incomplete,N/A,Lionsbridge,Christos,N/A,N/A,0.00,0.00,0.00,0.00,0,0,0,0,0,0,"","",-1,-1,-1,-1,-1,-1,-1,-1,-1,-1,-1,-1,-1,-1,-1,-1,-1,-1,-1,-1,0.00,0.00,0.00,0.00,0.00,0,0,0,0,0,0,0,0,0,0.00,0.00,0.00,0.00,0.00,0.00,0.00,0.00,0.00,0.00,0.00,N/A
1780182000,May 30 2026 - 11:00pm,incomplete,N/A,Jackson Boom,Louisiana Krewe,N/A,N/A,0.00,0.00,0.00,0.00,0,0,0,0,0,0,"","",-1,-1,-1,-1,-1,-1,-1,-1,-1,-1,-1,-1,-1,-1,-1,-1,-1,-1,-1,-1,0.00,0.00,0.00,0.00,0.00,0,0,0,0,0,0,0,0,0,0.00,0.00,0.00,0.00,0.00,0.00,0.00,0.00,0.00,0.00,0.00,N/A
1780182000,May 30 2026 - 11:00pm,incomplete,N/A,Lakeland United,Brevard,N/A,N/A,0.00,0.00,0.00,0.00,0,0,0,0,0,0,"","",-1,-1,-1,-1,-1,-1,-1,-1,-1,-1,-1,-1,-1,-1,-1,-1,-1,-1,-1,-1,0.00,0.00,0.00,0.00,0.00,0,0,0,0,0,0,0,0,0,0.00,0.00,0.00,0.00,0.00,0.00,0.00,0.00,0.00,0.00,0.00,N/A
1780182000,May 30 2026 - 11:00pm,incomplete,N/A,Fort Lauderdale United,Miami AC,N/A,N/A,0.00,0.00,0.00,0.00,0,0,0,0,0,0,"","",-1,-1,-1,-1,-1,-1,-1,-1,-1,-1,-1,-1,-1,-1,-1,-1,-1,-1,-1,-1,0.00,0.00,0.00,0.00,0.00,0,0,0,0,0,0,0,0,0,0.00,0.00,0.00,0.00,0.00,0.00,0.00,0.00,0.00,0.00,0.00,N/A
1780182900,May 30 2026 - 11:15pm,incomplete,N/A,Loudoun United II,Charlottesville Blues,N/A,N/A,0.00,0.00,0.00,0.00,0,0,0,0,0,0,"","",-1,-1,-1,-1,-1,-1,-1,-1,-1,-1,-1,-1,-1,-1,-1,-1,-1,-1,-1,-1,0.00,0.00,0.00,0.00,0.00,0,0,0,0,0,0,0,0,0,0.00,0.00,0.00,0.00,0.00,0.00,0.00,0.00,0.00,0.00,0.00,N/A
1780183800,May 30 2026 - 11:30pm,incomplete,N/A,Ironbound,Long Island Rough Riders,N/A,N/A,0.00,0.00,0.00,0.00,0,0,0,0,0,0,"","",-1,-1,-1,-1,-1,-1,-1,-1,-1,-1,-1,-1,-1,-1,-1,-1,-1,-1,-1,-1,0.00,0.00,0.00,0.00,0.00,0,0,0,0,0,0,0,0,0,0.00,0.00,0.00,0.00,0.00,0.00,0.00,0.00,0.00,0.00,0.00,N/A
1780183800,May 30 2026 - 11:30pm,incomplete,N/A,Annapolis Blues,Virginia Beach United,N/A,N/A,0.00,0.00,0.00,0.00,0,0,0,0,0,0,"","",-1,-1,-1,-1,-1,-1,-1,-1,-1,-1,-1,-1,-1,-1,-1,-1,-1,-1,-1,-1,0.00,0.00,0.00,0.00,0.00,0,0,0,0,0,0,0,0,0,0.00,0.00,0.00,0.00,0.00,0.00,0.00,0.00,0.00,0.00,0.00,N/A
1780183800,May 30 2026 - 11:30pm,incomplete,N/A,Bethesda Athletic,Evergreen,N/A,N/A,0.00,0.00,0.00,0.00,0,0,0,0,0,0,"","",-1,-1,-1,-1,-1,-1,-1,-1,-1,-1,-1,-1,-1,-1,-1,-1,-1,-1,-1,-1,0.00,0.00,0.00,0.00,0.00,0,0,0,0,0,0,0,0,0,0.00,0.00,0.00,0.00,0.00,0.00,0.00,0.00,0.00,0.00,0.00,N/A
1780185600,May 31 2026 - 12:00am,incomplete,N/A,Erie Sports Center,Lorain County Leviathan,N/A,N/A,0.00,0.00,0.00,0.00,0,0,0,0,0,0,"","",-1,-1,-1,-1,-1,-1,-1,-1,-1,-1,-1,-1,-1,-1,-1,-1,-1,-1,-1,-1,0.00,0.00,0.00,0.00,0.00,0,0,0,0,0,0,0,0,0,0.00,0.00,0.00,0.00,0.00,0.00,0.00,0.00,0.00,0.00,0.00,N/A
1780185600,May 31 2026 - 12:00am,incomplete,N/A,Minneapolis City SC,Rochester,N/A,N/A,0.00,0.00,0.00,0.00,0,0,0,0,0,0,"","",-1,-1,-1,-1,-1,-1,-1,-1,-1,-1,-1,-1,-1,-1,-1,-1,-1,-1,-1,-1,0.00,0.00,0.00,0.00,0.00,0,0,0,0,0,0,0,0,0,0.00,0.00,0.00,0.00,0.00,0.00,0.00,0.00,0.00,0.00,0.00,N/A
1780185600,May 31 2026 - 12:00am,incomplete,N/A,Montgomery United,East Atlanta,N/A,N/A,0.00,0.00,0.00,0.00,0,0,0,0,0,0,"","",-1,-1,-1,-1,-1,-1,-1,-1,-1,-1,-1,-1,-1,-1,-1,-1,-1,-1,-1,-1,0.00,0.00,0.00,0.00,0.00,0,0,0,0,0,0,0,0,0,0.00,0.00,0.00,0.00,0.00,0.00,0.00,0.00,0.00,0.00,0.00,N/A
1780185600,May 31 2026 - 12:00am,incomplete,N/A,Des Moines Menace,Sunflower State,N/A,N/A,0.00,0.00,0.00,0.00,0,0,0,0,0,0,"","",-1,-1,-1,-1,-1,-1,-1,-1,-1,-1,-1,-1,-1,-1,-1,-1,-1,-1,-1,-1,0.00,0.00,0.00,0.00,0.00,0,0,0,0,0,0,0,0,0,0.00,0.00,0.00,0.00,0.00,0.00,0.00,0.00,0.00,0.00,0.00,Valley Stadium
1780185600,May 31 2026 - 12:00am,incomplete,N/A,Little Rock Rangers,Hattiesburg,N/A,N/A,0.00,0.00,0.00,0.00,0,0,0,0,0,0,"","",-1,-1,-1,-1,-1,-1,-1,-1,-1,-1,-1,-1,-1,-1,-1,-1,-1,-1,-1,-1,0.00,0.00,0.00,0.00,0.00,0,0,0,0,0,0,0,0,0,0.00,0.00,0.00,0.00,0.00,0.00,0.00,0.00,0.00,0.00,0.00,N/A
1780185600,May 31 2026 - 12:00am,incomplete,N/A,Virginia Marauders,Hill City,N/A,N/A,0.00,0.00,0.00,0.00,0,0,0,0,0,0,"","",-1,-1,-1,-1,-1,-1,-1,-1,-1,-1,-1,-1,-1,-1,-1,-1,-1,-1,-1,-1,0.00,0.00,0.00,0.00,0.00,0,0,0,0,0,0,0,0,0,0.00,0.00,0.00,0.00,0.00,0.00,0.00,0.00,0.00,0.00,0.00,N/A
1780185600,May 31 2026 - 12:00am,incomplete,N/A,FC Motown II,Cedar Stars Rush,N/A,N/A,0.00,0.00,0.00,0.00,0,0,0,0,0,0,"","",-1,-1,-1,-1,-1,-1,-1,-1,-1,-1,-1,-1,-1,-1,-1,-1,-1,-1,-1,-1,0.00,0.00,0.00,0.00,0.00,0,0,0,0,0,0,0,0,0,0.00,0.00,0.00,0.00,0.00,0.00,0.00,0.00,0.00,0.00,0.00,N/A
1780185600,May 31 2026 - 12:00am,incomplete,N/A,Memphis FC,Red River,N/A,N/A,0.00,0.00,0.00,0.00,0,0,0,0,0,0,"","",-1,-1,-1,-1,-1,-1,-1,-1,-1,-1,-1,-1,-1,-1,-1,-1,-1,-1,-1,-1,0.00,0.00,0.00,0.00,0.00,0,0,0,0,0,0,0,0,0,0.00,0.00,0.00,0.00,0.00,0.00,0.00,0.00,0.00,0.00,0.00,N/A
1780185600,May 31 2026 - 12:00am,incomplete,N/A,Dothan United,Columbus United,N/A,N/A,0.00,0.00,0.00,0.00,0,0,0,0,0,0,"","",-1,-1,-1,-1,-1,-1,-1,-1,-1,-1,-1,-1,-1,-1,-1,-1,-1,-1,-1,-1,0.00,0.00,0.00,0.00,0.00,0,0,0,0,0,0,0,0,0,0.00,0.00,0.00,0.00,0.00,0.00,0.00,0.00,0.00,0.00,0.00,N/A
1780185600,May 31 2026 - 12:00am,incomplete,N/A,AHFC Royals,Laredo Heat,N/A,N/A,0.00,0.00,0.00,0.00,0,0,0,0,0,0,"","",-1,-1,-1,-1,-1,-1,-1,-1,-1,-1,-1,-1,-1,-1,-1,-1,-1,-1,-1,-1,0.00,0.00,0.00,0.00,0.00,0,0,0,0,0,0,0,0,0,0.00,0.00,0.00,0.00,0.00,0.00,0.00,0.00,0.00,0.00,0.00,N/A
1780185600,May 31 2026 - 12:00am,incomplete,N/A,Hill Country Lobos,GFI,N/A,N/A,0.00,0.00,0.00,0.00,0,0,0,0,0,0,"","",-1,-1,-1,-1,-1,-1,-1,-1,-1,-1,-1,-1,-1,-1,-1,-1,-1,-1,-1,-1,0.00,0.00,0.00,0.00,0.00,0,0,0,0,0,0,0,0,0,0.00,0.00,0.00,0.00,0.00,0.00,0.00,0.00,0.00,0.00,0.00,N/A
1780185600,May 31 2026 - 12:00am,incomplete,N/A,Houston Sur,Brazos Valley,N/A,N/A,0.00,0.00,0.00,0.00,0,0,0,0,0,0,"","",-1,-1,-1,-1,-1,-1,-1,-1,-1,-1,-1,-1,-1,-1,-1,-1,-1,-1,-1,-1,0.00,0.00,0.00,0.00,0.00,0,0,0,0,0,0,0,0,0,0.00,0.00,0.00,0.00,0.00,0.00,0.00,0.00,0.00,0.00,0.00,N/A
1780185600,May 31 2026 - 12:00am,incomplete,N/A,Texoma,Denton Diablos,N/A,N/A,0.00,0.00,0.00,0.00,0,0,0,0,0,0,"","",-1,-1,-1,-1,-1,-1,-1,-1,-1,-1,-1,-1,-1,-1,-1,-1,-1,-1,-1,-1,0.00,0.00,0.00,0.00,0.00,0,0,0,0,0,0,0,0,0,0.00,0.00,0.00,0.00,0.00,0.00,0.00,0.00,0.00,0.00,0.00,N/A
1780187400,May 31 2026 - 12:30am,incomplete,N/A,West Texas,Lubbock Matadors,N/A,N/A,0.00,0.00,0.00,0.00,0,0,0,0,0,0,"","",-1,-1,-1,-1,-1,-1,-1,-1,-1,-1,-1,-1,-1,-1,-1,-1,-1,-1,-1,-1,0.00,0.00,0.00,0.00,0.00,0,0,0,0,0,0,0,0,0,0.00,0.00,0.00,0.00,0.00,0.00,0.00,0.00,0.00,0.00,0.00,N/A
1780187400,May 31 2026 - 12:30am,incomplete,N/A,McKinney Chupacabras,Fort Worth Vaqueros,N/A,N/A,0.00,0.00,0.00,0.00,0,0,0,0,0,0,"","",-1,-1,-1,-1,-1,-1,-1,-1,-1,-1,-1,-1,-1,-1,-1,-1,-1,-1,-1,-1,0.00,0.00,0.00,0.00,0.00,0,0,0,0,0,0,0,0,0,0.00,0.00,0.00,0.00,0.00,0.00,0.00,0.00,0.00,0.00,0.00,N/A
1780189200,May 31 2026 - 1:00am,incomplete,N/A,AC Connecticut,Boston City FC,N/A,N/A,0.00,0.00,0.00,0.00,0,0,0,0,0,0,"","",-1,-1,-1,-1,-1,-1,-1,-1,-1,-1,-1,-1,-1,-1,-1,-1,-1,-1,-1,-1,0.00,0.00,0.00,0.00,0.00,0,0,0,0,0,0,0,0,0,0.00,0.00,0.00,0.00,0.00,0.00,0.00,0.00,0.00,0.00,0.00,N/A
1780189200,May 31 2026 - 1:00am,incomplete,N/A,Almaden,San Juan SC,N/A,N/A,0.00,0.00,0.00,0.00,0,0,0,0,0,0,"","",-1,-1,-1,-1,-1,-1,-1,-1,-1,-1,-1,-1,-1,-1,-1,-1,-1,-1,-1,-1,0.00,0.00,0.00,0.00,0.00,0,0,0,0,0,0,0,0,0,0.00,0.00,0.00,0.00,0.00,0.00,0.00,0.00,0.00,0.00,0.00,N/A
1780192800,May 31 2026 - 2:00am,incomplete,N/A,Redlands,City SC,N/A,N/A,0.00,0.00,0.00,0.00,0,0,0,0,0,0,"","",-1,-1,-1,-1,-1,-1,-1,-1,-1,-1,-1,-1,-1,-1,-1,-1,-1,-1,-1,-1,0.00,0.00,0.00,0.00,0.00,0,0,0,0,0,0,0,0,0,0.00,0.00,0.00,0.00,0.00,0.00,0.00,0.00,0.00,0.00,0.00,N/A
1780192800,May 31 2026 - 2:00am,incomplete,N/A,Utah United,Colorado ISA,N/A,N/A,0.00,0.00,0.00,0.00,0,0,0,0,0,0,"","",-1,-1,-1,-1,-1,-1,-1,-1,-1,-1,-1,-1,-1,-1,-1,-1,-1,-1,-1,-1,0.00,0.00,0.00,0.00,0.00,0,0,0,0,0,0,0,0,0,0.00,0.00,0.00,0.00,0.00,0.00,0.00,0.00,0.00,0.00,0.00,N/A
1780192800,May 31 2026 - 2:00am,incomplete,N/A,FC Tucson,Southern California Seahorses,N/A,N/A,0.00,0.00,0.00,0.00,0,0,0,0,0,0,"","",-1,-1,-1,-1,-1,-1,-1,-1,-1,-1,-1,-1,-1,-1,-1,-1,-1,-1,-1,-1,0.00,0.00,0.00,0.00,0.00,0,0,0,0,0,0,0,0,0,0.00,0.00,0.00,0.00,0.00,0.00,0.00,0.00,0.00,0.00,0.00,Kino North Stadium
1780192800,May 31 2026 - 2:00am,incomplete,N/A,Santafé Wanderers,Peoria City,N/A,N/A,0.00,0.00,0.00,0.00,0,0,0,0,0,0,"","",-1,-1,-1,-1,-1,-1,-1,-1,-1,-1,-1,-1,-1,-1,-1,-1,-1,-1,-1,-1,0.00,0.00,0.00,0.00,0.00,0,0,0,0,0,0,0,0,0,0.00,0.00,0.00,0.00,0.00,0.00,0.00,0.00,0.00,0.00,0.00,N/A
1780196400,May 31 2026 - 3:00am,incomplete,N/A,Capo II,AMSG,N/A,N/A,0.00,0.00,0.00,0.00,0,0,0,0,0,0,"","",-1,-1,-1,-1,-1,-1,-1,-1,-1,-1,-1,-1,-1,-1,-1,-1,-1,-1,-1,-1,0.00,0.00,0.00,0.00,0.00,0,0,0,0,0,0,0,0,0,0.00,0.00,0.00,0.00,0.00,0.00,0.00,0.00,0.00,0.00,0.00,N/A
1780254000,May 31 2026 - 7:00pm,incomplete,N/A,Oakland County,Ann Arbor,N/A,N/A,0.00,0.00,0.00,0.00,0,0,0,0,0,0,"","",-1,-1,-1,-1,-1,-1,-1,-1,-1,-1,-1,-1,-1,-1,-1,-1,-1,-1,-1,-1,0.00,0.00,0.00,0.00,0.00,0,0,0,0,0,0,0,0,0,0.00,0.00,0.00,0.00,0.00,0.00,0.00,0.00,0.00,0.00,0.00,N/A
1780254000,May 31 2026 - 7:00pm,incomplete,N/A,St. Croix,River Light,N/A,N/A,0.00,0.00,0.00,0.00,0,0,0,0,0,0,"","",-1,-1,-1,-1,-1,-1,-1,-1,-1,-1,-1,-1,-1,-1,-1,-1,-1,-1,-1,-1,0.00,0.00,0.00,0.00,0.00,0,0,0,0,0,0,0,0,0,0.00,0.00,0.00,0.00,0.00,0.00,0.00,0.00,0.00,0.00,0.00,N/A
1780254000,May 31 2026 - 7:00pm,incomplete,N/A,Tacoma Stars,Bangers,N/A,N/A,0.00,0.00,0.00,0.00,0,0,0,0,0,0,"","",-1,-1,-1,-1,-1,-1,-1,-1,-1,-1,-1,-1,-1,-1,-1,-1,-1,-1,-1,-1,0.00,0.00,0.00,0.00,0.00,0,0,0,0,0,0,0,0,0,0.00,0.00,0.00,0.00,0.00,0.00,0.00,0.00,0.00,0.00,0.00,N/A
1780264800,May 31 2026 - 10:00pm,incomplete,N/A,Chicago Dutch Lions,Edgewater Castle,N/A,N/A,0.00,0.00,0.00,0.00,0,0,0,0,0,0,"","",-1,-1,-1,-1,-1,-1,-1,-1,-1,-1,-1,-1,-1,-1,-1,-1,-1,-1,-1,-1,0.00,0.00,0.00,0.00,0.00,0,0,0,0,0,0,0,0,0,0.00,0.00,0.00,0.00,0.00,0.00,0.00,0.00,0.00,0.00,0.00,N/A
1780264800,May 31 2026 - 10:00pm,incomplete,N/A,Marin,Academica,N/A,N/A,0.00,0.00,0.00,0.00,0,0,0,0,0,0,"","",-1,-1,-1,-1,-1,-1,-1,-1,-1,-1,-1,-1,-1,-1,-1,-1,-1,-1,-1,-1,0.00,0.00,0.00,0.00,0.00,0,0,0,0,0,0,0,0,0,0.00,0.00,0.00,0.00,0.00,0.00,0.00,0.00,0.00,0.00,0.00,N/A
1780268400,May 31 2026 - 11:00pm,incomplete,N/A,Westchester Flames,Staten Island Athletic,N/A,N/A,0.00,0.00,0.00,0.00,0,0,0,0,0,0,"","",-1,-1,-1,-1,-1,-1,-1,-1,-1,-1,-1,-1,-1,-1,-1,-1,-1,-1,-1,-1,0.00,0.00,0.00,0.00,0.00,0,0,0,0,0,0,0,0,0,0.00,0.00,0.00,0.00,0.00,0.00,0.00,0.00,0.00,0.00,0.00,Skidelsky Field at City Park Stadium
1780272000,Jun 01 2026 - 12:00am,incomplete,N/A,Oly Town,Ballard,N/A,N/A,0.00,0.00,0.00,0.00,0,0,0,0,0,0,"","",-1,-1,-1,-1,-1,-1,-1,-1,-1,-1,-1,-1,-1,-1,-1,-1,-1,-1,-1,-1,0.00,0.00,0.00,0.00,0.00,0,0,0,0,0,0,0,0,0,0.00,0.00,0.00,0.00,0.00,0.00,0.00,0.00,0.00,0.00,0.00,N/A
1780272000,Jun 01 2026 - 12:00am,incomplete,N/A,RKC,Rockford Raptors,N/A,N/A,0.00,0.00,0.00,0.00,0,0,0,0,0,0,"","",-1,-1,-1,-1,-1,-1,-1,-1,-1,-1,-1,-1,-1,-1,-1,-1,-1,-1,-1,-1,0.00,0.00,0.00,0.00,0.00,0,0,0,0,0,0,0,0,0,0.00,0.00,0.00,0.00,0.00,0.00,0.00,0.00,0.00,0.00,0.00,N/A
1780275600,Jun 01 2026 - 1:00am,incomplete,N/A,Albion Colorado,Flatirons Rush,N/A,N/A,0.00,0.00,0.00,0.00,0,0,0,0,0,0,"","",-1,-1,-1,-1,-1,-1,-1,-1,-1,-1,-1,-1,-1,-1,-1,-1,-1,-1,-1,-1,0.00,0.00,0.00,0.00,0.00,0,0,0,0,0,0,0,0,0,0.00,0.00,0.00,0.00,0.00,0.00,0.00,0.00,0.00,0.00,0.00,N/A
1780365600,Jun 02 2026 - 2:00am,incomplete,N/A,Stars FC,Southern California Seahorses,N/A,N/A,0.00,0.00,0.00,0.00,0,0,0,0,0,0,"","",-1,-1,-1,-1,-1,-1,-1,-1,-1,-1,-1,-1,-1,-1,-1,-1,-1,-1,-1,-1,0.00,0.00,0.00,0.00,0.00,0,0,0,0,0,0,0,0,0,0.00,0.00,0.00,0.00,0.00,0.00,0.00,0.00,0.00,0.00,0.00,N/A
1780430400,Jun 02 2026 - 8:00pm,incomplete,N/A,New Jersey Copa FC,Cedar Stars Rush,N/A,N/A,0.00,0.00,0.00,0.00,0,0,0,0,0,0,"","",-1,-1,-1,-1,-1,-1,-1,-1,-1,-1,-1,-1,-1,-1,-1,-1,-1,-1,-1,-1,0.00,0.00,0.00,0.00,0.00,0,0,0,0,0,0,0,0,0,0.00,0.00,0.00,0.00,0.00,0.00,0.00,0.00,0.00,0.00,0.00,N/A
1780437600,Jun 02 2026 - 10:00pm,incomplete,N/A,Vermont Green,FC Boston Bolts,N/A,N/A,0.00,0.00,0.00,0.00,0,0,0,0,0,0,"","",-1,-1,-1,-1,-1,-1,-1,-1,-1,-1,-1,-1,-1,-1,-1,-1,-1,-1,-1,-1,0.00,0.00,0.00,0.00,0.00,0,0,0,0,0,0,0,0,0,0.00,0.00,0.00,0.00,0.00,0.00,0.00,0.00,0.00,0.00,0.00,N/A
1780441200,Jun 02 2026 - 11:00pm,incomplete,N/A,Eagle FC,Delaware FC,N/A,N/A,0.00,0.00,0.00,0.00,0,0,0,0,0,0,"","",-1,-1,-1,-1,-1,-1,-1,-1,-1,-1,-1,-1,-1,-1,-1,-1,-1,-1,-1,-1,0.00,0.00,0.00,0.00,0.00,0,0,0,0,0,0,0,0,0,0.00,0.00,0.00,0.00,0.00,0.00,0.00,0.00,0.00,0.00,0.00,N/A
1780441200,Jun 02 2026 - 11:00pm,incomplete,N/A,Nona,The Villages,N/A,N/A,0.00,0.00,0.00,0.00,0,0,0,0,0,0,"","",-1,-1,-1,-1,-1,-1,-1,-1,-1,-1,-1,-1,-1,-1,-1,-1,-1,-1,-1,-1,0.00,0.00,0.00,0.00,0.00,0,0,0,0,0,0,0,0,0,0.00,0.00,0.00,0.00,0.00,0.00,0.00,0.00,0.00,0.00,0.00,N/A
1780444800,Jun 03 2026 - 12:00am,incomplete,N/A,Christos,Charlottesville Blues,N/A,N/A,0.00,0.00,0.00,0.00,0,0,0,0,0,0,"","",-1,-1,-1,-1,-1,-1,-1,-1,-1,-1,-1,-1,-1,-1,-1,-1,-1,-1,-1,-1,0.00,0.00,0.00,0.00,0.00,0,0,0,0,0,0,0,0,0,0.00,0.00,0.00,0.00,0.00,0.00,0.00,0.00,0.00,0.00,0.00,N/A
1780444800,Jun 03 2026 - 12:00am,incomplete,N/A,Texoma,Fort Worth Vaqueros,N/A,N/A,0.00,0.00,0.00,0.00,0,0,0,0,0,0,"","",-1,-1,-1,-1,-1,-1,-1,-1,-1,-1,-1,-1,-1,-1,-1,-1,-1,-1,-1,-1,0.00,0.00,0.00,0.00,0.00,0,0,0,0,0,0,0,0,0,0.00,0.00,0.00,0.00,0.00,0.00,0.00,0.00,0.00,0.00,0.00,N/A
1780446600,Jun 03 2026 - 12:30am,incomplete,N/A,West Chester United II,Reading United,N/A,N/A,0.00,0.00,0.00,0.00,0,0,0,0,0,0,"","",-1,-1,-1,-1,-1,-1,-1,-1,-1,-1,-1,-1,-1,-1,-1,-1,-1,-1,-1,-1,0.00,0.00,0.00,0.00,0.00,0,0,0,0,0,0,0,0,0,0.00,0.00,0.00,0.00,0.00,0.00,0.00,0.00,0.00,0.00,0.00,N/A
1780452000,Jun 03 2026 - 2:00am,incomplete,N/A,Bangers,Midlakes United,N/A,N/A,0.00,0.00,0.00,0.00,0,0,0,0,0,0,"","",-1,-1,-1,-1,-1,-1,-1,-1,-1,-1,-1,-1,-1,-1,-1,-1,-1,-1,-1,-1,0.00,0.00,0.00,0.00,0.00,0,0,0,0,0,0,0,0,0,0.00,0.00,0.00,0.00,0.00,0.00,0.00,0.00,0.00,0.00,0.00,N/A
1780520400,Jun 03 2026 - 9:00pm,incomplete,N/A,Union Macomb,Midwest United,N/A,N/A,0.00,0.00,0.00,0.00,0,0,0,0,0,0,"","",-1,-1,-1,-1,-1,-1,-1,-1,-1,-1,-1,-1,-1,-1,-1,-1,-1,-1,-1,-1,0.00,0.00,0.00,0.00,0.00,0,0,0,0,0,0,0,0,0,0.00,0.00,0.00,0.00,0.00,0.00,0.00,0.00,0.00,0.00,0.00,N/A
1780524000,Jun 03 2026 - 10:00pm,incomplete,N/A,Chicago Dutch Lions,Rochester,N/A,N/A,0.00,0.00,0.00,0.00,0,0,0,0,0,0,"","",-1,-1,-1,-1,-1,-1,-1,-1,-1,-1,-1,-1,-1,-1,-1,-1,-1,-1,-1,-1,0.00,0.00,0.00,0.00,0.00,0,0,0,0,0,0,0,0,0,0.00,0.00,0.00,0.00,0.00,0.00,0.00,0.00,0.00,0.00,0.00,N/A
1780524000,Jun 03 2026 - 10:00pm,incomplete,N/A,Northern Indiana,Louisville City II,N/A,N/A,0.00,0.00,0.00,0.00,0,0,0,0,0,0,"","",-1,-1,-1,-1,-1,-1,-1,-1,-1,-1,-1,-1,-1,-1,-1,-1,-1,-1,-1,-1,0.00,0.00,0.00,0.00,0.00,0,0,0,0,0,0,0,0,0,0.00,0.00,0.00,0.00,0.00,0.00,0.00,0.00,0.00,0.00,0.00,N/A
1780524000,Jun 03 2026 - 10:00pm,incomplete,N/A,Riverhounds II,FC Buffalo,N/A,N/A,0.00,0.00,0.00,0.00,0,0,0,0,0,0,"","",-1,-1,-1,-1,-1,-1,-1,-1,-1,-1,-1,-1,-1,-1,-1,-1,-1,-1,-1,-1,0.00,0.00,0.00,0.00,0.00,0,0,0,0,0,0,0,0,0,0.00,0.00,0.00,0.00,0.00,0.00,0.00,0.00,0.00,0.00,0.00,N/A
1780524000,Jun 03 2026 - 10:00pm,incomplete,N/A,Staten Island Athletic,Manhattan,N/A,N/A,0.00,0.00,0.00,0.00,0,0,0,0,0,0,"","",-1,-1,-1,-1,-1,-1,-1,-1,-1,-1,-1,-1,-1,-1,-1,-1,-1,-1,-1,-1,0.00,0.00,0.00,0.00,0.00,0,0,0,0,0,0,0,0,0,0.00,0.00,0.00,0.00,0.00,0.00,0.00,0.00,0.00,0.00,0.00,N/A
1780524000,Jun 03 2026 - 10:00pm,incomplete,N/A,Inter Gainesville,Shark Coast,N/A,N/A,0.00,0.00,0.00,0.00,0,0,0,0,0,0,"","",-1,-1,-1,-1,-1,-1,-1,-1,-1,-1,-1,-1,-1,-1,-1,-1,-1,-1,-1,-1,0.00,0.00,0.00,0.00,0.00,0,0,0,0,0,0,0,0,0,0.00,0.00,0.00,0.00,0.00,0.00,0.00,0.00,0.00,0.00,0.00,N/A
1780524000,Jun 03 2026 - 10:00pm,incomplete,N/A,Jackson Boom,Memphis FC,N/A,N/A,0.00,0.00,0.00,0.00,0,0,0,0,0,0,"","",-1,-1,-1,-1,-1,-1,-1,-1,-1,-1,-1,-1,-1,-1,-1,-1,-1,-1,-1,-1,0.00,0.00,0.00,0.00,0.00,0,0,0,0,0,0,0,0,0,0.00,0.00,0.00,0.00,0.00,0.00,0.00,0.00,0.00,0.00,0.00,N/A
1780527600,Jun 03 2026 - 11:00pm,incomplete,N/A,New England SC,Connecticut Rush,N/A,N/A,0.00,0.00,0.00,0.00,0,0,0,0,0,0,"","",-1,-1,-1,-1,-1,-1,-1,-1,-1,-1,-1,-1,-1,-1,-1,-1,-1,-1,-1,-1,0.00,0.00,0.00,0.00,0.00,0,0,0,0,0,0,0,0,0,0.00,0.00,0.00,0.00,0.00,0.00,0.00,0.00,0.00,0.00,0.00,N/A
1780527600,Jun 03 2026 - 11:00pm,incomplete,N/A,Wake,SC United Bantams,N/A,N/A,0.00,0.00,0.00,0.00,0,0,0,0,0,0,"","",-1,-1,-1,-1,-1,-1,-1,-1,-1,-1,-1,-1,-1,-1,-1,-1,-1,-1,-1,-1,0.00,0.00,0.00,0.00,0.00,0,0,0,0,0,0,0,0,0,0.00,0.00,0.00,0.00,0.00,0.00,0.00,0.00,0.00,0.00,0.00,N/A
1780527600,Jun 03 2026 - 11:00pm,incomplete,N/A,Pennsylvania Classics,Philadelphia Lone Star,N/A,N/A,0.00,0.00,0.00,0.00,0,0,0,0,0,0,"","",-1,-1,-1,-1,-1,-1,-1,-1,-1,-1,-1,-1,-1,-1,-1,-1,-1,-1,-1,-1,0.00,0.00,0.00,0.00,0.00,0,0,0,0,0,0,0,0,0,0.00,0.00,0.00,0.00,0.00,0.00,0.00,0.00,0.00,0.00,0.00,N/A
1780527600,Jun 03 2026 - 11:00pm,incomplete,N/A,Ocean City Nor'easters,Real Central New Jersey,N/A,N/A,0.00,0.00,0.00,0.00,0,0,0,0,0,0,"","",-1,-1,-1,-1,-1,-1,-1,-1,-1,-1,-1,-1,-1,-1,-1,-1,-1,-1,-1,-1,0.00,0.00,0.00,0.00,0.00,0,0,0,0,0,0,0,0,0,0.00,0.00,0.00,0.00,0.00,0.00,0.00,0.00,0.00,0.00,0.00,Carey Stadium
1780527600,Jun 03 2026 - 11:00pm,incomplete,N/A,North Carolina Fusion U23,Hickory,N/A,N/A,0.00,0.00,0.00,0.00,0,0,0,0,0,0,"","",-1,-1,-1,-1,-1,-1,-1,-1,-1,-1,-1,-1,-1,-1,-1,-1,-1,-1,-1,-1,0.00,0.00,0.00,0.00,0.00,0,0,0,0,0,0,0,0,0,0.00,0.00,0.00,0.00,0.00,0.00,0.00,0.00,0.00,0.00,0.00,Macpherson Stadium
1780527600,Jun 03 2026 - 11:00pm,incomplete,N/A,Charlotte Independence 2,Asheville City,N/A,N/A,0.00,0.00,0.00,0.00,0,0,0,0,0,0,"","",-1,-1,-1,-1,-1,-1,-1,-1,-1,-1,-1,-1,-1,-1,-1,-1,-1,-1,-1,-1,0.00,0.00,0.00,0.00,0.00,0,0,0,0,0,0,0,0,0,0.00,0.00,0.00,0.00,0.00,0.00,0.00,0.00,0.00,0.00,0.00,N/A
1780527600,Jun 03 2026 - 11:00pm,incomplete,N/A,Charlotte Eagles,Tobacco Road FC,N/A,N/A,0.00,0.00,0.00,0.00,0,0,0,0,0,0,"","",-1,-1,-1,-1,-1,-1,-1,-1,-1,-1,-1,-1,-1,-1,-1,-1,-1,-1,-1,-1,0.00,0.00,0.00,0.00,0.00,0,0,0,0,0,0,0,0,0,0.00,0.00,0.00,0.00,0.00,0.00,0.00,0.00,0.00,0.00,0.00,Charlotte Christian Stadium
1780527600,Jun 03 2026 - 11:00pm,incomplete,N/A,Appalachian,North Carolina II,N/A,N/A,0.00,0.00,0.00,0.00,0,0,0,0,0,0,"","",-1,-1,-1,-1,-1,-1,-1,-1,-1,-1,-1,-1,-1,-1,-1,-1,-1,-1,-1,-1,0.00,0.00,0.00,0.00,0.00,0,0,0,0,0,0,0,0,0,0.00,0.00,0.00,0.00,0.00,0.00,0.00,0.00,0.00,0.00,0.00,N/A
1780527600,Jun 03 2026 - 11:00pm,incomplete,N/A,Black Rock FC,Western Mass Pioneers,N/A,N/A,0.00,0.00,0.00,0.00,0,0,0,0,0,0,"","",-1,-1,-1,-1,-1,-1,-1,-1,-1,-1,-1,-1,-1,-1,-1,-1,-1,-1,-1,-1,0.00,0.00,0.00,0.00,0.00,0,0,0,0,0,0,0,0,0,0.00,0.00,0.00,0.00,0.00,0.00,0.00,0.00,0.00,0.00,0.00,N/A
1780527600,Jun 03 2026 - 11:00pm,incomplete,N/A,Davis Legacy,SF Glens,N/A,N/A,0.00,0.00,0.00,0.00,0,0,0,0,0,0,"","",-1,-1,-1,-1,-1,-1,-1,-1,-1,-1,-1,-1,-1,-1,-1,-1,-1,-1,-1,-1,0.00,0.00,0.00,0.00,0.00,0,0,0,0,0,0,0,0,0,0.00,0.00,0.00,0.00,0.00,0.00,0.00,0.00,0.00,0.00,0.00,N/A
1780527600,Jun 03 2026 - 11:00pm,incomplete,N/A,Lorain County Leviathan,Cleveland Force,N/A,N/A,0.00,0.00,0.00,0.00,0,0,0,0,0,0,"","",-1,-1,-1,-1,-1,-1,-1,-1,-1,-1,-1,-1,-1,-1,-1,-1,-1,-1,-1,-1,0.00,0.00,0.00,0.00,0.00,0,0,0,0,0,0,0,0,0,0.00,0.00,0.00,0.00,0.00,0.00,0.00,0.00,0.00,0.00,0.00,N/A
1780527600,Jun 03 2026 - 11:00pm,incomplete,N/A,Rockford Raptors,St. Croix,N/A,N/A,0.00,0.00,0.00,0.00,0,0,0,0,0,0,"","",-1,-1,-1,-1,-1,-1,-1,-1,-1,-1,-1,-1,-1,-1,-1,-1,-1,-1,-1,-1,0.00,0.00,0.00,0.00,0.00,0,0,0,0,0,0,0,0,0,0.00,0.00,0.00,0.00,0.00,0.00,0.00,0.00,0.00,0.00,0.00,N/A
1780527600,Jun 03 2026 - 11:00pm,incomplete,N/A,Dayton Dutch Lions,Toledo Villa,N/A,N/A,0.00,0.00,0.00,0.00,0,0,0,0,0,0,"","",-1,-1,-1,-1,-1,-1,-1,-1,-1,-1,-1,-1,-1,-1,-1,-1,-1,-1,-1,-1,0.00,0.00,0.00,0.00,0.00,0,0,0,0,0,0,0,0,0,0.00,0.00,0.00,0.00,0.00,0.00,0.00,0.00,0.00,0.00,0.00,Dayton Outpatient Center Stadium
1780527600,Jun 03 2026 - 11:00pm,incomplete,N/A,Hill City,Bethesda Athletic,N/A,N/A,0.00,0.00,0.00,0.00,0,0,0,0,0,0,"","",-1,-1,-1,-1,-1,-1,-1,-1,-1,-1,-1,-1,-1,-1,-1,-1,-1,-1,-1,-1,0.00,0.00,0.00,0.00,0.00,0,0,0,0,0,0,0,0,0,0.00,0.00,0.00,0.00,0.00,0.00,0.00,0.00,0.00,0.00,0.00,N/A
1780527600,Jun 03 2026 - 11:00pm,incomplete,N/A,Annapolis Blues,Lionsbridge,N/A,N/A,0.00,0.00,0.00,0.00,0,0,0,0,0,0,"","",-1,-1,-1,-1,-1,-1,-1,-1,-1,-1,-1,-1,-1,-1,-1,-1,-1,-1,-1,-1,0.00,0.00,0.00,0.00,0.00,0,0,0,0,0,0,0,0,0,0.00,0.00,0.00,0.00,0.00,0.00,0.00,0.00,0.00,0.00,0.00,N/A
1780527600,Jun 03 2026 - 11:00pm,incomplete,N/A,Patuxent,Evergreen,N/A,N/A,0.00,0.00,0.00,0.00,0,0,0,0,0,0,"","",-1,-1,-1,-1,-1,-1,-1,-1,-1,-1,-1,-1,-1,-1,-1,-1,-1,-1,-1,-1,0.00,0.00,0.00,0.00,0.00,0,0,0,0,0,0,0,0,0,0.00,0.00,0.00,0.00,0.00,0.00,0.00,0.00,0.00,0.00,0.00,N/A
1780527600,Jun 03 2026 - 11:00pm,incomplete,N/A,Sporting JAX II,Brooke House,N/A,N/A,0.00,0.00,0.00,0.00,0,0,0,0,0,0,"","",-1,-1,-1,-1,-1,-1,-1,-1,-1,-1,-1,-1,-1,-1,-1,-1,-1,-1,-1,-1,0.00,0.00,0.00,0.00,0.00,0,0,0,0,0,0,0,0,0,0.00,0.00,0.00,0.00,0.00,0.00,0.00,0.00,0.00,0.00,0.00,N/A
1780527600,Jun 03 2026 - 11:00pm,incomplete,N/A,Brevard,Fort Lauderdale United,N/A,N/A,0.00,0.00,0.00,0.00,0,0,0,0,0,0,"","",-1,-1,-1,-1,-1,-1,-1,-1,-1,-1,-1,-1,-1,-1,-1,-1,-1,-1,-1,-1,0.00,0.00,0.00,0.00,0.00,0,0,0,0,0,0,0,0,0,0.00,0.00,0.00,0.00,0.00,0.00,0.00,0.00,0.00,0.00,0.00,N/A
1780529400,Jun 03 2026 - 11:30pm,incomplete,N/A,Capo II,Redlands,N/A,N/A,0.00,0.00,0.00,0.00,0,0,0,0,0,0,"","",-1,-1,-1,-1,-1,-1,-1,-1,-1,-1,-1,-1,-1,-1,-1,-1,-1,-1,-1,-1,0.00,0.00,0.00,0.00,0.00,0,0,0,0,0,0,0,0,0,0.00,0.00,0.00,0.00,0.00,0.00,0.00,0.00,0.00,0.00,0.00,N/A
1780529400,Jun 03 2026 - 11:30pm,incomplete,N/A,Morris Elite,FC Motown II,N/A,N/A,0.00,0.00,0.00,0.00,0,0,0,0,0,0,"","",-1,-1,-1,-1,-1,-1,-1,-1,-1,-1,-1,-1,-1,-1,-1,-1,-1,-1,-1,-1,0.00,0.00,0.00,0.00,0.00,0,0,0,0,0,0,0,0,0,0.00,0.00,0.00,0.00,0.00,0.00,0.00,0.00,0.00,0.00,0.00,N/A
1780529400,Jun 03 2026 - 11:30pm,incomplete,N/A,Long Island Rough Riders,Hudson Valley Hammers,N/A,N/A,0.00,0.00,0.00,0.00,0,0,0,0,0,0,"","",-1,-1,-1,-1,-1,-1,-1,-1,-1,-1,-1,-1,-1,-1,-1,-1,-1,-1,-1,-1,0.00,0.00,0.00,0.00,0.00,0,0,0,0,0,0,0,0,0,0.00,0.00,0.00,0.00,0.00,0.00,0.00,0.00,0.00,0.00,0.00,N/A
1780531200,Jun 04 2026 - 12:00am,incomplete,N/A,RKC,Minneapolis City SC,N/A,N/A,0.00,0.00,0.00,0.00,0,0,0,0,0,0,"","",-1,-1,-1,-1,-1,-1,-1,-1,-1,-1,-1,-1,-1,-1,-1,-1,-1,-1,-1,-1,0.00,0.00,0.00,0.00,0.00,0,0,0,0,0,0,0,0,0,0.00,0.00,0.00,0.00,0.00,0.00,0.00,0.00,0.00,0.00,0.00,N/A
1780531200,Jun 04 2026 - 12:00am,incomplete,N/A,River Light,Sueno,N/A,N/A,0.00,0.00,0.00,0.00,0,0,0,0,0,0,"","",-1,-1,-1,-1,-1,-1,-1,-1,-1,-1,-1,-1,-1,-1,-1,-1,-1,-1,-1,-1,0.00,0.00,0.00,0.00,0.00,0,0,0,0,0,0,0,0,0,0.00,0.00,0.00,0.00,0.00,0.00,0.00,0.00,0.00,0.00,0.00,N/A
1780531200,Jun 04 2026 - 12:00am,incomplete,N/A,Dothan United,Southern Soccer Academy,N/A,N/A,0.00,0.00,0.00,0.00,0,0,0,0,0,0,"","",-1,-1,-1,-1,-1,-1,-1,-1,-1,-1,-1,-1,-1,-1,-1,-1,-1,-1,-1,-1,0.00,0.00,0.00,0.00,0.00,0,0,0,0,0,0,0,0,0,0.00,0.00,0.00,0.00,0.00,0.00,0.00,0.00,0.00,0.00,0.00,N/A
1780531200,Jun 04 2026 - 12:00am,incomplete,N/A,Mississippi Brilla,Red River,N/A,N/A,0.00,0.00,0.00,0.00,0,0,0,0,0,0,"","",-1,-1,-1,-1,-1,-1,-1,-1,-1,-1,-1,-1,-1,-1,-1,-1,-1,-1,-1,-1,0.00,0.00,0.00,0.00,0.00,0,0,0,0,0,0,0,0,0,0.00,0.00,0.00,0.00,0.00,0.00,0.00,0.00,0.00,0.00,0.00,Arrow Field at Clinton High School
1780531200,Jun 04 2026 - 12:00am,incomplete,N/A,Virginia Marauders,Loudoun United II,N/A,N/A,0.00,0.00,0.00,0.00,0,0,0,0,0,0,"","",-1,-1,-1,-1,-1,-1,-1,-1,-1,-1,-1,-1,-1,-1,-1,-1,-1,-1,-1,-1,0.00,0.00,0.00,0.00,0.00,0,0,0,0,0,0,0,0,0,0.00,0.00,0.00,0.00,0.00,0.00,0.00,0.00,0.00,0.00,0.00,N/A
1780531200,Jun 04 2026 - 12:00am,incomplete,N/A,Sunflower State,Des Moines Menace,N/A,N/A,0.00,0.00,0.00,0.00,0,0,0,0,0,0,"","",-1,-1,-1,-1,-1,-1,-1,-1,-1,-1,-1,-1,-1,-1,-1,-1,-1,-1,-1,-1,0.00,0.00,0.00,0.00,0.00,0,0,0,0,0,0,0,0,0,0.00,0.00,0.00,0.00,0.00,0.00,0.00,0.00,0.00,0.00,0.00,N/A
1780531200,Jun 04 2026 - 12:00am,incomplete,N/A,Montgomery United,Birmingham Legion II,N/A,N/A,0.00,0.00,0.00,0.00,0,0,0,0,0,0,"","",-1,-1,-1,-1,-1,-1,-1,-1,-1,-1,-1,-1,-1,-1,-1,-1,-1,-1,-1,-1,0.00,0.00,0.00,0.00,0.00,0,0,0,0,0,0,0,0,0,0.00,0.00,0.00,0.00,0.00,0.00,0.00,0.00,0.00,0.00,0.00,N/A
1780531200,Jun 04 2026 - 12:00am,incomplete,N/A,Lubbock Matadors,Denton Diablos,N/A,N/A,0.00,0.00,0.00,0.00,0,0,0,0,0,0,"","",-1,-1,-1,-1,-1,-1,-1,-1,-1,-1,-1,-1,-1,-1,-1,-1,-1,-1,-1,-1,0.00,0.00,0.00,0.00,0.00,0,0,0,0,0,0,0,0,0,0.00,0.00,0.00,0.00,0.00,0.00,0.00,0.00,0.00,0.00,0.00,N/A
1780531200,Jun 04 2026 - 12:00am,incomplete,N/A,Houston FC,Hill Country Lobos,N/A,N/A,0.00,0.00,0.00,0.00,0,0,0,0,0,0,"","",-1,-1,-1,-1,-1,-1,-1,-1,-1,-1,-1,-1,-1,-1,-1,-1,-1,-1,-1,-1,0.00,0.00,0.00,0.00,0.00,0,0,0,0,0,0,0,0,0,0.00,0.00,0.00,0.00,0.00,0.00,0.00,0.00,0.00,0.00,0.00,N/A
1780531200,Jun 04 2026 - 12:00am,incomplete,N/A,GFI,Lonestar,N/A,N/A,0.00,0.00,0.00,0.00,0,0,0,0,0,0,"","",-1,-1,-1,-1,-1,-1,-1,-1,-1,-1,-1,-1,-1,-1,-1,-1,-1,-1,-1,-1,0.00,0.00,0.00,0.00,0.00,0,0,0,0,0,0,0,0,0,0.00,0.00,0.00,0.00,0.00,0.00,0.00,0.00,0.00,0.00,0.00,N/A
1780531200,Jun 04 2026 - 12:00am,incomplete,N/A,AHFC Royals,Houston Sur,N/A,N/A,0.00,0.00,0.00,0.00,0,0,0,0,0,0,"","",-1,-1,-1,-1,-1,-1,-1,-1,-1,-1,-1,-1,-1,-1,-1,-1,-1,-1,-1,-1,0.00,0.00,0.00,0.00,0.00,0,0,0,0,0,0,0,0,0,0.00,0.00,0.00,0.00,0.00,0.00,0.00,0.00,0.00,0.00,0.00,N/A
1780533000,Jun 04 2026 - 12:30am,incomplete,N/A,Marin,Project 51O,N/A,N/A,0.00,0.00,0.00,0.00,0,0,0,0,0,0,"","",-1,-1,-1,-1,-1,-1,-1,-1,-1,-1,-1,-1,-1,-1,-1,-1,-1,-1,-1,-1,0.00,0.00,0.00,0.00,0.00,0,0,0,0,0,0,0,0,0,0.00,0.00,0.00,0.00,0.00,0.00,0.00,0.00,0.00,0.00,0.00,N/A
1780534800,Jun 04 2026 - 1:00am,incomplete,N/A,Atlético Unión,Colorado ISA,N/A,N/A,0.00,0.00,0.00,0.00,0,0,0,0,0,0,"","",-1,-1,-1,-1,-1,-1,-1,-1,-1,-1,-1,-1,-1,-1,-1,-1,-1,-1,-1,-1,0.00,0.00,0.00,0.00,0.00,0,0,0,0,0,0,0,0,0,0.00,0.00,0.00,0.00,0.00,0.00,0.00,0.00,0.00,0.00,0.00,N/A
1780534800,Jun 04 2026 - 1:00am,incomplete,N/A,Miami AC,Weston FC,N/A,N/A,0.00,0.00,0.00,0.00,0,0,0,0,0,0,"","",-1,-1,-1,-1,-1,-1,-1,-1,-1,-1,-1,-1,-1,-1,-1,-1,-1,-1,-1,-1,0.00,0.00,0.00,0.00,0.00,0,0,0,0,0,0,0,0,0,0.00,0.00,0.00,0.00,0.00,0.00,0.00,0.00,0.00,0.00,0.00,N/A
1780538400,Jun 04 2026 - 2:00am,incomplete,N/A,Real Colorado,Colorado Storm,N/A,N/A,0.00,0.00,0.00,0.00,0,0,0,0,0,0,"","",-1,-1,-1,-1,-1,-1,-1,-1,-1,-1,-1,-1,-1,-1,-1,-1,-1,-1,-1,-1,0.00,0.00,0.00,0.00,0.00,0,0,0,0,0,0,0,0,0,0.00,0.00,0.00,0.00,0.00,0.00,0.00,0.00,0.00,0.00,0.00,N/A
1780538400,Jun 04 2026 - 2:00am,incomplete,N/A,Tacoma Stars,Ballard,N/A,N/A,0.00,0.00,0.00,0.00,0,0,0,0,0,0,"","",-1,-1,-1,-1,-1,-1,-1,-1,-1,-1,-1,-1,-1,-1,-1,-1,-1,-1,-1,-1,0.00,0.00,0.00,0.00,0.00,0,0,0,0,0,0,0,0,0,0.00,0.00,0.00,0.00,0.00,0.00,0.00,0.00,0.00,0.00,0.00,N/A
1780538400,Jun 04 2026 - 2:00am,incomplete,N/A,San Francisco City,Academica,N/A,N/A,0.00,0.00,0.00,0.00,0,0,0,0,0,0,"","",-1,-1,-1,-1,-1,-1,-1,-1,-1,-1,-1,-1,-1,-1,-1,-1,-1,-1,-1,-1,0.00,0.00,0.00,0.00,0.00,0,0,0,0,0,0,0,0,0,0.00,0.00,0.00,0.00,0.00,0.00,0.00,0.00,0.00,0.00,0.00,N/A
1780610400,Jun 04 2026 - 10:00pm,incomplete,N/A,Albion Colorado,Utah United,N/A,N/A,0.00,0.00,0.00,0.00,0,0,0,0,0,0,"","",-1,-1,-1,-1,-1,-1,-1,-1,-1,-1,-1,-1,-1,-1,-1,-1,-1,-1,-1,-1,0.00,0.00,0.00,0.00,0.00,0,0,0,0,0,0,0,0,0,0.00,0.00,0.00,0.00,0.00,0.00,0.00,0.00,0.00,0.00,0.00,N/A
1780624800,Jun 05 2026 - 2:00am,incomplete,N/A,Southern California Seahorses,FC Tucson,N/A,N/A,0.00,0.00,0.00,0.00,0,0,0,0,0,0,"","",-1,-1,-1,-1,-1,-1,-1,-1,-1,-1,-1,-1,-1,-1,-1,-1,-1,-1,-1,-1,0.00,0.00,0.00,0.00,0.00,0,0,0,0,0,0,0,0,0,0.00,0.00,0.00,0.00,0.00,0.00,0.00,0.00,0.00,0.00,0.00,N/A
1780704000,Jun 06 2026 - 12:00am,incomplete,N/A,West Virginia Chaos,Kings Hammer Columbus,N/A,N/A,0.00,0.00,0.00,0.00,0,0,0,0,0,0,"","",-1,-1,-1,-1,-1,-1,-1,-1,-1,-1,-1,-1,-1,-1,-1,-1,-1,-1,-1,-1,0.00,0.00,0.00,0.00,0.00,0,0,0,0,0,0,0,0,0,0.00,0.00,0.00,0.00,0.00,0.00,0.00,0.00,0.00,0.00,0.00,N/A
1780704000,Jun 06 2026 - 12:00am,incomplete,N/A,Erie Sports Center,Cleveland Force,N/A,N/A,0.00,0.00,0.00,0.00,0,0,0,0,0,0,"","",-1,-1,-1,-1,-1,-1,-1,-1,-1,-1,-1,-1,-1,-1,-1,-1,-1,-1,-1,-1,0.00,0.00,0.00,0.00,0.00,0,0,0,0,0,0,0,0,0,0.00,0.00,0.00,0.00,0.00,0.00,0.00,0.00,0.00,0.00,0.00,N/A
1780707600,Jun 06 2026 - 1:00am,incomplete,N/A,Snohomish United,Midlakes United,N/A,N/A,0.00,0.00,0.00,0.00,0,0,0,0,0,0,"","",-1,-1,-1,-1,-1,-1,-1,-1,-1,-1,-1,-1,-1,-1,-1,-1,-1,-1,-1,-1,0.00,0.00,0.00,0.00,0.00,0,0,0,0,0,0,0,0,0,0.00,0.00,0.00,0.00,0.00,0.00,0.00,0.00,0.00,0.00,0.00,N/A
1780709400,Jun 06 2026 - 1:30am,incomplete,N/A,Oly Town,Bigfoot,N/A,N/A,0.00,0.00,0.00,0.00,0,0,0,0,0,0,"","",-1,-1,-1,-1,-1,-1,-1,-1,-1,-1,-1,-1,-1,-1,-1,-1,-1,-1,-1,-1,0.00,0.00,0.00,0.00,0.00,0,0,0,0,0,0,0,0,0,0.00,0.00,0.00,0.00,0.00,0.00,0.00,0.00,0.00,0.00,0.00,N/A
1780711200,Jun 06 2026 - 2:00am,incomplete,N/A,Redlands,AMSG,N/A,N/A,0.00,0.00,0.00,0.00,0,0,0,0,0,0,"","",-1,-1,-1,-1,-1,-1,-1,-1,-1,-1,-1,-1,-1,-1,-1,-1,-1,-1,-1,-1,0.00,0.00,0.00,0.00,0.00,0,0,0,0,0,0,0,0,0,0.00,0.00,0.00,0.00,0.00,0.00,0.00,0.00,0.00,0.00,0.00,N/A
1780772400,Jun 06 2026 - 7:00pm,incomplete,N/A,Steel City,FC Buffalo,N/A,N/A,0.00,0.00,0.00,0.00,0,0,0,0,0,0,"","",-1,-1,-1,-1,-1,-1,-1,-1,-1,-1,-1,-1,-1,-1,-1,-1,-1,-1,-1,-1,0.00,0.00,0.00,0.00,0.00,0,0,0,0,0,0,0,0,0,0.00,0.00,0.00,0.00,0.00,0.00,0.00,0.00,0.00,0.00,0.00,N/A
1780772400,Jun 06 2026 - 7:00pm,incomplete,N/A,Sunflower State,Springfield,N/A,N/A,0.00,0.00,0.00,0.00,0,0,0,0,0,0,"","",-1,-1,-1,-1,-1,-1,-1,-1,-1,-1,-1,-1,-1,-1,-1,-1,-1,-1,-1,-1,0.00,0.00,0.00,0.00,0.00,0,0,0,0,0,0,0,0,0,0.00,0.00,0.00,0.00,0.00,0.00,0.00,0.00,0.00,0.00,0.00,N/A
1780776000,Jun 06 2026 - 8:00pm,incomplete,N/A,Philadelphia Lone Star,Lehigh Valley Utd. Sonic,N/A,N/A,0.00,0.00,0.00,0.00,0,0,0,0,0,0,"","",-1,-1,-1,-1,-1,-1,-1,-1,-1,-1,-1,-1,-1,-1,-1,-1,-1,-1,-1,-1,0.00,0.00,0.00,0.00,0.00,0,0,0,0,0,0,0,0,0,0.00,0.00,0.00,0.00,0.00,0.00,0.00,0.00,0.00,0.00,0.00,N/A
1780776000,Jun 06 2026 - 8:00pm,incomplete,N/A,Eagle FC,Real Central New Jersey,N/A,N/A,0.00,0.00,0.00,0.00,0,0,0,0,0,0,"","",-1,-1,-1,-1,-1,-1,-1,-1,-1,-1,-1,-1,-1,-1,-1,-1,-1,-1,-1,-1,0.00,0.00,0.00,0.00,0.00,0,0,0,0,0,0,0,0,0,0.00,0.00,0.00,0.00,0.00,0.00,0.00,0.00,0.00,0.00,0.00,N/A
1780779600,Jun 06 2026 - 9:00pm,incomplete,N/A,Edgewater Castle,Rochester,N/A,N/A,0.00,0.00,0.00,0.00,0,0,0,0,0,0,"","",-1,-1,-1,-1,-1,-1,-1,-1,-1,-1,-1,-1,-1,-1,-1,-1,-1,-1,-1,-1,0.00,0.00,0.00,0.00,0.00,0,0,0,0,0,0,0,0,0,0.00,0.00,0.00,0.00,0.00,0.00,0.00,0.00,0.00,0.00,0.00,N/A
1780779600,Jun 06 2026 - 9:00pm,incomplete,N/A,Brooke House,The Villages,N/A,N/A,0.00,0.00,0.00,0.00,0,0,0,0,0,0,"","",-1,-1,-1,-1,-1,-1,-1,-1,-1,-1,-1,-1,-1,-1,-1,-1,-1,-1,-1,-1,0.00,0.00,0.00,0.00,0.00,0,0,0,0,0,0,0,0,0,0.00,0.00,0.00,0.00,0.00,0.00,0.00,0.00,0.00,0.00,0.00,N/A
1780783200,Jun 06 2026 - 10:00pm,incomplete,N/A,Blackwatch Rush,Boston City FC,N/A,N/A,0.00,0.00,0.00,0.00,0,0,0,0,0,0,"","",-1,-1,-1,-1,-1,-1,-1,-1,-1,-1,-1,-1,-1,-1,-1,-1,-1,-1,-1,-1,0.00,0.00,0.00,0.00,0.00,0,0,0,0,0,0,0,0,0,0.00,0.00,0.00,0.00,0.00,0.00,0.00,0.00,0.00,0.00,0.00,N/A
1780783200,Jun 06 2026 - 10:00pm,incomplete,N/A,Connecticut Rush,Seacoast United Phantoms,N/A,N/A,0.00,0.00,0.00,0.00,0,0,0,0,0,0,"","",-1,-1,-1,-1,-1,-1,-1,-1,-1,-1,-1,-1,-1,-1,-1,-1,-1,-1,-1,-1,0.00,0.00,0.00,0.00,0.00,0,0,0,0,0,0,0,0,0,0.00,0.00,0.00,0.00,0.00,0.00,0.00,0.00,0.00,0.00,0.00,N/A
1780783200,Jun 06 2026 - 10:00pm,incomplete,N/A,Northern Indiana,Dayton Dutch Lions,N/A,N/A,0.00,0.00,0.00,0.00,0,0,0,0,0,0,"","",-1,-1,-1,-1,-1,-1,-1,-1,-1,-1,-1,-1,-1,-1,-1,-1,-1,-1,-1,-1,0.00,0.00,0.00,0.00,0.00,0,0,0,0,0,0,0,0,0,0.00,0.00,0.00,0.00,0.00,0.00,0.00,0.00,0.00,0.00,0.00,N/A
1780786800,Jun 06 2026 - 11:00pm,incomplete,N/A,SC United Bantams,Port City,N/A,N/A,0.00,0.00,0.00,0.00,0,0,0,0,0,0,"","",-1,-1,-1,-1,-1,-1,-1,-1,-1,-1,-1,-1,-1,-1,-1,-1,-1,-1,-1,-1,0.00,0.00,0.00,0.00,0.00,0,0,0,0,0,0,0,0,0,0.00,0.00,0.00,0.00,0.00,0.00,0.00,0.00,0.00,0.00,0.00,N/A
1780786800,Jun 06 2026 - 11:00pm,incomplete,N/A,FC Boston Bolts,AC Connecticut,N/A,N/A,0.00,0.00,0.00,0.00,0,0,0,0,0,0,"","",-1,-1,-1,-1,-1,-1,-1,-1,-1,-1,-1,-1,-1,-1,-1,-1,-1,-1,-1,-1,0.00,0.00,0.00,0.00,0.00,0,0,0,0,0,0,0,0,0,0.00,0.00,0.00,0.00,0.00,0.00,0.00,0.00,0.00,0.00,0.00,Mount Ida College
1780786800,Jun 06 2026 - 11:00pm,incomplete,N/A,Oakland County,Lansing City,N/A,N/A,0.00,0.00,0.00,0.00,0,0,0,0,0,0,"","",-1,-1,-1,-1,-1,-1,-1,-1,-1,-1,-1,-1,-1,-1,-1,-1,-1,-1,-1,-1,0.00,0.00,0.00,0.00,0.00,0,0,0,0,0,0,0,0,0,0.00,0.00,0.00,0.00,0.00,0.00,0.00,0.00,0.00,0.00,0.00,N/A
1780786800,Jun 06 2026 - 11:00pm,incomplete,N/A,Lorain County Leviathan,Riverhounds II,N/A,N/A,0.00,0.00,0.00,0.00,0,0,0,0,0,0,"","",-1,-1,-1,-1,-1,-1,-1,-1,-1,-1,-1,-1,-1,-1,-1,-1,-1,-1,-1,-1,0.00,0.00,0.00,0.00,0.00,0,0,0,0,0,0,0,0,0,0.00,0.00,0.00,0.00,0.00,0.00,0.00,0.00,0.00,0.00,0.00,N/A
1780786800,Jun 06 2026 - 11:00pm,incomplete,N/A,Michigan Bucks,Midwest United,N/A,N/A,0.00,0.00,0.00,0.00,0,0,0,0,0,0,"","",-1,-1,-1,-1,-1,-1,-1,-1,-1,-1,-1,-1,-1,-1,-1,-1,-1,-1,-1,-1,0.00,0.00,0.00,0.00,0.00,0,0,0,0,0,0,0,0,0,0.00,0.00,0.00,0.00,0.00,0.00,0.00,0.00,0.00,0.00,0.00,Ultimate Soccer Arenas
1780786800,Jun 06 2026 - 11:00pm,incomplete,N/A,Ocean City Nor'easters,Pennsylvania Classics,N/A,N/A,0.00,0.00,0.00,0.00,0,0,0,0,0,0,"","",-1,-1,-1,-1,-1,-1,-1,-1,-1,-1,-1,-1,-1,-1,-1,-1,-1,-1,-1,-1,0.00,0.00,0.00,0.00,0.00,0,0,0,0,0,0,0,0,0,0.00,0.00,0.00,0.00,0.00,0.00,0.00,0.00,0.00,0.00,0.00,Carey Stadium
1780786800,Jun 06 2026 - 11:00pm,incomplete,N/A,New England SC,Black Rock FC,N/A,N/A,0.00,0.00,0.00,0.00,0,0,0,0,0,0,"","",-1,-1,-1,-1,-1,-1,-1,-1,-1,-1,-1,-1,-1,-1,-1,-1,-1,-1,-1,-1,0.00,0.00,0.00,0.00,0.00,0,0,0,0,0,0,0,0,0,0.00,0.00,0.00,0.00,0.00,0.00,0.00,0.00,0.00,0.00,0.00,N/A
1780786800,Jun 06 2026 - 11:00pm,incomplete,N/A,North Carolina Fusion U23,North Carolina II,N/A,N/A,0.00,0.00,0.00,0.00,0,0,0,0,0,0,"","",-1,-1,-1,-1,-1,-1,-1,-1,-1,-1,-1,-1,-1,-1,-1,-1,-1,-1,-1,-1,0.00,0.00,0.00,0.00,0.00,0,0,0,0,0,0,0,0,0,0.00,0.00,0.00,0.00,0.00,0.00,0.00,0.00,0.00,0.00,0.00,Macpherson Stadium
1780786800,Jun 06 2026 - 11:00pm,incomplete,N/A,Appalachian,Hickory,N/A,N/A,0.00,0.00,0.00,0.00,0,0,0,0,0,0,"","",-1,-1,-1,-1,-1,-1,-1,-1,-1,-1,-1,-1,-1,-1,-1,-1,-1,-1,-1,-1,0.00,0.00,0.00,0.00,0.00,0,0,0,0,0,0,0,0,0,0.00,0.00,0.00,0.00,0.00,0.00,0.00,0.00,0.00,0.00,0.00,N/A
1780786800,Jun 06 2026 - 11:00pm,incomplete,N/A,Manhattan,FC Motown II,N/A,N/A,0.00,0.00,0.00,0.00,0,0,0,0,0,0,"","",-1,-1,-1,-1,-1,-1,-1,-1,-1,-1,-1,-1,-1,-1,-1,-1,-1,-1,-1,-1,0.00,0.00,0.00,0.00,0.00,0,0,0,0,0,0,0,0,0,0.00,0.00,0.00,0.00,0.00,0.00,0.00,0.00,0.00,0.00,0.00,N/A
1780786800,Jun 06 2026 - 11:00pm,incomplete,N/A,Cedar Stars Rush,Staten Island Athletic,N/A,N/A,0.00,0.00,0.00,0.00,0,0,0,0,0,0,"","",-1,-1,-1,-1,-1,-1,-1,-1,-1,-1,-1,-1,-1,-1,-1,-1,-1,-1,-1,-1,0.00,0.00,0.00,0.00,0.00,0,0,0,0,0,0,0,0,0,0.00,0.00,0.00,0.00,0.00,0.00,0.00,0.00,0.00,0.00,0.00,N/A
1780786800,Jun 06 2026 - 11:00pm,incomplete,N/A,Annapolis Blues,Patuxent,N/A,N/A,0.00,0.00,0.00,0.00,0,0,0,0,0,0,"","",-1,-1,-1,-1,-1,-1,-1,-1,-1,-1,-1,-1,-1,-1,-1,-1,-1,-1,-1,-1,0.00,0.00,0.00,0.00,0.00,0,0,0,0,0,0,0,0,0,0.00,0.00,0.00,0.00,0.00,0.00,0.00,0.00,0.00,0.00,0.00,N/A
1780786800,Jun 06 2026 - 11:00pm,incomplete,N/A,Shark Coast,Nona,N/A,N/A,0.00,0.00,0.00,0.00,0,0,0,0,0,0,"","",-1,-1,-1,-1,-1,-1,-1,-1,-1,-1,-1,-1,-1,-1,-1,-1,-1,-1,-1,-1,0.00,0.00,0.00,0.00,0.00,0,0,0,0,0,0,0,0,0,0.00,0.00,0.00,0.00,0.00,0.00,0.00,0.00,0.00,0.00,0.00,N/A
1780786800,Jun 06 2026 - 11:00pm,incomplete,N/A,Miami FC,Fort Lauderdale United,N/A,N/A,0.00,0.00,0.00,0.00,0,0,0,0,0,0,"","",-1,-1,-1,-1,-1,-1,-1,-1,-1,-1,-1,-1,-1,-1,-1,-1,-1,-1,-1,-1,0.00,0.00,0.00,0.00,0.00,0,0,0,0,0,0,0,0,0,0.00,0.00,0.00,0.00,0.00,0.00,0.00,0.00,0.00,0.00,0.00,Riccardo Silva Stadium
1780787700,Jun 06 2026 - 11:15pm,incomplete,N/A,Loudoun United II,Lionsbridge,N/A,N/A,0.00,0.00,0.00,0.00,0,0,0,0,0,0,"","",-1,-1,-1,-1,-1,-1,-1,-1,-1,-1,-1,-1,-1,-1,-1,-1,-1,-1,-1,-1,0.00,0.00,0.00,0.00,0.00,0,0,0,0,0,0,0,0,0,0.00,0.00,0.00,0.00,0.00,0.00,0.00,0.00,0.00,0.00,0.00,N/A
1780788600,Jun 06 2026 - 11:30pm,incomplete,N/A,Charlotte Independence 2,Charlotte Eagles,N/A,N/A,0.00,0.00,0.00,0.00,0,0,0,0,0,0,"","",-1,-1,-1,-1,-1,-1,-1,-1,-1,-1,-1,-1,-1,-1,-1,-1,-1,-1,-1,-1,0.00,0.00,0.00,0.00,0.00,0,0,0,0,0,0,0,0,0,0.00,0.00,0.00,0.00,0.00,0.00,0.00,0.00,0.00,0.00,0.00,N/A
1780788600,Jun 06 2026 - 11:30pm,incomplete,N/A,Columbus United,Montgomery United,N/A,N/A,0.00,0.00,0.00,0.00,0,0,0,0,0,0,"","",-1,-1,-1,-1,-1,-1,-1,-1,-1,-1,-1,-1,-1,-1,-1,-1,-1,-1,-1,-1,0.00,0.00,0.00,0.00,0.00,0,0,0,0,0,0,0,0,0,0.00,0.00,0.00,0.00,0.00,0.00,0.00,0.00,0.00,0.00,0.00,N/A
1780788600,Jun 06 2026 - 11:30pm,incomplete,N/A,East Atlanta,Apotheos,N/A,N/A,0.00,0.00,0.00,0.00,0,0,0,0,0,0,"","",-1,-1,-1,-1,-1,-1,-1,-1,-1,-1,-1,-1,-1,-1,-1,-1,-1,-1,-1,-1,0.00,0.00,0.00,0.00,0.00,0,0,0,0,0,0,0,0,0,0.00,0.00,0.00,0.00,0.00,0.00,0.00,0.00,0.00,0.00,0.00,N/A
1780788600,Jun 06 2026 - 11:30pm,incomplete,N/A,Westchester Flames,New Jersey Copa FC,N/A,N/A,0.00,0.00,0.00,0.00,0,0,0,0,0,0,"","",-1,-1,-1,-1,-1,-1,-1,-1,-1,-1,-1,-1,-1,-1,-1,-1,-1,-1,-1,-1,0.00,0.00,0.00,0.00,0.00,0,0,0,0,0,0,0,0,0,0.00,0.00,0.00,0.00,0.00,0.00,0.00,0.00,0.00,0.00,0.00,Skidelsky Field at City Park Stadium
1780788600,Jun 06 2026 - 11:30pm,incomplete,N/A,Bethesda Athletic,Virginia Beach United,N/A,N/A,0.00,0.00,0.00,0.00,0,0,0,0,0,0,"","",-1,-1,-1,-1,-1,-1,-1,-1,-1,-1,-1,-1,-1,-1,-1,-1,-1,-1,-1,-1,0.00,0.00,0.00,0.00,0.00,0,0,0,0,0,0,0,0,0,0.00,0.00,0.00,0.00,0.00,0.00,0.00,0.00,0.00,0.00,0.00,N/A
1780790400,Jun 07 2026 - 12:00am,incomplete,N/A,Rockford Raptors,River Light,N/A,N/A,0.00,0.00,0.00,0.00,0,0,0,0,0,0,"","",-1,-1,-1,-1,-1,-1,-1,-1,-1,-1,-1,-1,-1,-1,-1,-1,-1,-1,-1,-1,0.00,0.00,0.00,0.00,0.00,0,0,0,0,0,0,0,0,0,0.00,0.00,0.00,0.00,0.00,0.00,0.00,0.00,0.00,0.00,0.00,N/A
1780790400,Jun 07 2026 - 12:00am,incomplete,N/A,Minneapolis City SC,Sueno,N/A,N/A,0.00,0.00,0.00,0.00,0,0,0,0,0,0,"","",-1,-1,-1,-1,-1,-1,-1,-1,-1,-1,-1,-1,-1,-1,-1,-1,-1,-1,-1,-1,0.00,0.00,0.00,0.00,0.00,0,0,0,0,0,0,0,0,0,0.00,0.00,0.00,0.00,0.00,0.00,0.00,0.00,0.00,0.00,0.00,N/A
1780790400,Jun 07 2026 - 12:00am,incomplete,N/A,City SC,FC Tucson,N/A,N/A,0.00,0.00,0.00,0.00,0,0,0,0,0,0,"","",-1,-1,-1,-1,-1,-1,-1,-1,-1,-1,-1,-1,-1,-1,-1,-1,-1,-1,-1,-1,0.00,0.00,0.00,0.00,0.00,0,0,0,0,0,0,0,0,0,0.00,0.00,0.00,0.00,0.00,0.00,0.00,0.00,0.00,0.00,0.00,N/A
1780790400,Jun 07 2026 - 12:00am,incomplete,N/A,St. Louis Ambush,Santafé Wanderers,N/A,N/A,0.00,0.00,0.00,0.00,0,0,0,0,0,0,"","",-1,-1,-1,-1,-1,-1,-1,-1,-1,-1,-1,-1,-1,-1,-1,-1,-1,-1,-1,-1,0.00,0.00,0.00,0.00,0.00,0,0,0,0,0,0,0,0,0,0.00,0.00,0.00,0.00,0.00,0.00,0.00,0.00,0.00,0.00,0.00,N/A
1780790400,Jun 07 2026 - 12:00am,incomplete,N/A,Virginia Marauders,Christos,N/A,N/A,0.00,0.00,0.00,0.00,0,0,0,0,0,0,"","",-1,-1,-1,-1,-1,-1,-1,-1,-1,-1,-1,-1,-1,-1,-1,-1,-1,-1,-1,-1,0.00,0.00,0.00,0.00,0.00,0,0,0,0,0,0,0,0,0,0.00,0.00,0.00,0.00,0.00,0.00,0.00,0.00,0.00,0.00,0.00,N/A
1780790400,Jun 07 2026 - 12:00am,incomplete,N/A,Charlottesville Blues,Evergreen,N/A,N/A,0.00,0.00,0.00,0.00,0,0,0,0,0,0,"","",-1,-1,-1,-1,-1,-1,-1,-1,-1,-1,-1,-1,-1,-1,-1,-1,-1,-1,-1,-1,0.00,0.00,0.00,0.00,0.00,0,0,0,0,0,0,0,0,0,0.00,0.00,0.00,0.00,0.00,0.00,0.00,0.00,0.00,0.00,0.00,N/A
1780790400,Jun 07 2026 - 12:00am,incomplete,N/A,Hattiesburg,Memphis FC,N/A,N/A,0.00,0.00,0.00,0.00,0,0,0,0,0,0,"","",-1,-1,-1,-1,-1,-1,-1,-1,-1,-1,-1,-1,-1,-1,-1,-1,-1,-1,-1,-1,0.00,0.00,0.00,0.00,0.00,0,0,0,0,0,0,0,0,0,0.00,0.00,0.00,0.00,0.00,0.00,0.00,0.00,0.00,0.00,0.00,N/A
1780790400,Jun 07 2026 - 12:00am,incomplete,N/A,Little Rock Rangers,Jackson Boom,N/A,N/A,0.00,0.00,0.00,0.00,0,0,0,0,0,0,"","",-1,-1,-1,-1,-1,-1,-1,-1,-1,-1,-1,-1,-1,-1,-1,-1,-1,-1,-1,-1,0.00,0.00,0.00,0.00,0.00,0,0,0,0,0,0,0,0,0,0.00,0.00,0.00,0.00,0.00,0.00,0.00,0.00,0.00,0.00,0.00,N/A
1780790400,Jun 07 2026 - 12:00am,incomplete,N/A,Hattiesburg,Red River,N/A,N/A,0.00,0.00,0.00,0.00,0,0,0,0,0,0,"","",-1,-1,-1,-1,-1,-1,-1,-1,-1,-1,-1,-1,-1,-1,-1,-1,-1,-1,-1,-1,0.00,0.00,0.00,0.00,0.00,0,0,0,0,0,0,0,0,0,0.00,0.00,0.00,0.00,0.00,0.00,0.00,0.00,0.00,0.00,0.00,N/A
1780790400,Jun 07 2026 - 12:00am,incomplete,N/A,Louisiana Krewe,Red River,N/A,N/A,0.00,0.00,0.00,0.00,0,0,0,0,0,0,"","",-1,-1,-1,-1,-1,-1,-1,-1,-1,-1,-1,-1,-1,-1,-1,-1,-1,-1,-1,-1,0.00,0.00,0.00,0.00,0.00,0,0,0,0,0,0,0,0,0,0.00,0.00,0.00,0.00,0.00,0.00,0.00,0.00,0.00,0.00,0.00,N/A
1780790400,Jun 07 2026 - 12:00am,incomplete,N/A,Texoma,Lubbock Matadors,N/A,N/A,0.00,0.00,0.00,0.00,0,0,0,0,0,0,"","",-1,-1,-1,-1,-1,-1,-1,-1,-1,-1,-1,-1,-1,-1,-1,-1,-1,-1,-1,-1,0.00,0.00,0.00,0.00,0.00,0,0,0,0,0,0,0,0,0,0.00,0.00,0.00,0.00,0.00,0.00,0.00,0.00,0.00,0.00,0.00,N/A
1780790400,Jun 07 2026 - 12:00am,incomplete,N/A,Brazos Valley,Houston FC,N/A,N/A,0.00,0.00,0.00,0.00,0,0,0,0,0,0,"","",-1,-1,-1,-1,-1,-1,-1,-1,-1,-1,-1,-1,-1,-1,-1,-1,-1,-1,-1,-1,0.00,0.00,0.00,0.00,0.00,0,0,0,0,0,0,0,0,0,0.00,0.00,0.00,0.00,0.00,0.00,0.00,0.00,0.00,0.00,0.00,N/A
1780790400,Jun 07 2026 - 12:00am,incomplete,N/A,Hill Country Lobos,San Antonio II,N/A,N/A,0.00,0.00,0.00,0.00,0,0,0,0,0,0,"","",-1,-1,-1,-1,-1,-1,-1,-1,-1,-1,-1,-1,-1,-1,-1,-1,-1,-1,-1,-1,0.00,0.00,0.00,0.00,0.00,0,0,0,0,0,0,0,0,0,0.00,0.00,0.00,0.00,0.00,0.00,0.00,0.00,0.00,0.00,0.00,N/A
1780792200,Jun 07 2026 - 12:30am,incomplete,N/A,Denton Diablos,McKinney Chupacabras,N/A,N/A,0.00,0.00,0.00,0.00,0,0,0,0,0,0,"","",-1,-1,-1,-1,-1,-1,-1,-1,-1,-1,-1,-1,-1,-1,-1,-1,-1,-1,-1,-1,0.00,0.00,0.00,0.00,0.00,0,0,0,0,0,0,0,0,0,0.00,0.00,0.00,0.00,0.00,0.00,0.00,0.00,0.00,0.00,0.00,N/A
1780792200,Jun 07 2026 - 12:30am,incomplete,N/A,Miami AC,Brevard,N/A,N/A,0.00,0.00,0.00,0.00,0,0,0,0,0,0,"","",-1,-1,-1,-1,-1,-1,-1,-1,-1,-1,-1,-1,-1,-1,-1,-1,-1,-1,-1,-1,0.00,0.00,0.00,0.00,0.00,0,0,0,0,0,0,0,0,0,0.00,0.00,0.00,0.00,0.00,0.00,0.00,0.00,0.00,0.00,0.00,N/A
1780794000,Jun 07 2026 - 1:00am,incomplete,N/A,Colorado ISA,Flatirons Rush,N/A,N/A,0.00,0.00,0.00,0.00,0,0,0,0,0,0,"","",-1,-1,-1,-1,-1,-1,-1,-1,-1,-1,-1,-1,-1,-1,-1,-1,-1,-1,-1,-1,0.00,0.00,0.00,0.00,0.00,0,0,0,0,0,0,0,0,0,0.00,0.00,0.00,0.00,0.00,0.00,0.00,0.00,0.00,0.00,0.00,N/A
1780794000,Jun 07 2026 - 1:00am,incomplete,N/A,Almaden,Marin,N/A,N/A,0.00,0.00,0.00,0.00,0,0,0,0,0,0,"","",-1,-1,-1,-1,-1,-1,-1,-1,-1,-1,-1,-1,-1,-1,-1,-1,-1,-1,-1,-1,0.00,0.00,0.00,0.00,0.00,0,0,0,0,0,0,0,0,0,0.00,0.00,0.00,0.00,0.00,0.00,0.00,0.00,0.00,0.00,0.00,N/A
1780794000,Jun 07 2026 - 1:00am,incomplete,N/A,Atlético Unión,Utah United,N/A,N/A,0.00,0.00,0.00,0.00,0,0,0,0,0,0,"","",-1,-1,-1,-1,-1,-1,-1,-1,-1,-1,-1,-1,-1,-1,-1,-1,-1,-1,-1,-1,0.00,0.00,0.00,0.00,0.00,0,0,0,0,0,0,0,0,0,0.00,0.00,0.00,0.00,0.00,0.00,0.00,0.00,0.00,0.00,0.00,N/A
1780794000,Jun 07 2026 - 1:00am,incomplete,N/A,Laredo Heat,Houston Sur,N/A,N/A,0.00,0.00,0.00,0.00,0,0,0,0,0,0,"","",-1,-1,-1,-1,-1,-1,-1,-1,-1,-1,-1,-1,-1,-1,-1,-1,-1,-1,-1,-1,0.00,0.00,0.00,0.00,0.00,0,0,0,0,0,0,0,0,0,0.00,0.00,0.00,0.00,0.00,0.00,0.00,0.00,0.00,0.00,0.00,N/A
1780794000,Jun 07 2026 - 1:00am,incomplete,N/A,Lonestar,AHFC Royals,N/A,N/A,0.00,0.00,0.00,0.00,0,0,0,0,0,0,"","",-1,-1,-1,-1,-1,-1,-1,-1,-1,-1,-1,-1,-1,-1,-1,-1,-1,-1,-1,-1,0.00,0.00,0.00,0.00,0.00,0,0,0,0,0,0,0,0,0,0.00,0.00,0.00,0.00,0.00,0.00,0.00,0.00,0.00,0.00,0.00,N/A
1780797600,Jun 07 2026 - 2:00am,incomplete,N/A,Capo II,Ventura County Fusion,N/A,N/A,0.00,0.00,0.00,0.00,0,0,0,0,0,0,"","",-1,-1,-1,-1,-1,-1,-1,-1,-1,-1,-1,-1,-1,-1,-1,-1,-1,-1,-1,-1,0.00,0.00,0.00,0.00,0.00,0,0,0,0,0,0,0,0,0,0.00,0.00,0.00,0.00,0.00,0.00,0.00,0.00,0.00,0.00,0.00,N/A
1780797600,Jun 07 2026 - 2:00am,incomplete,N/A,Ballard,Bangers,N/A,N/A,0.00,0.00,0.00,0.00,0,0,0,0,0,0,"","",-1,-1,-1,-1,-1,-1,-1,-1,-1,-1,-1,-1,-1,-1,-1,-1,-1,-1,-1,-1,0.00,0.00,0.00,0.00,0.00,0,0,0,0,0,0,0,0,0,0.00,0.00,0.00,0.00,0.00,0.00,0.00,0.00,0.00,0.00,0.00,N/A
1780797600,Jun 07 2026 - 2:00am,incomplete,N/A,San Juan SC,Academica,N/A,N/A,0.00,0.00,0.00,0.00,0,0,0,0,0,0,"","",-1,-1,-1,-1,-1,-1,-1,-1,-1,-1,-1,-1,-1,-1,-1,-1,-1,-1,-1,-1,0.00,0.00,0.00,0.00,0.00,0,0,0,0,0,0,0,0,0,0.00,0.00,0.00,0.00,0.00,0.00,0.00,0.00,0.00,0.00,0.00,N/A
1780799400,Jun 07 2026 - 2:30am,incomplete,N/A,Southern Soccer Academy,Birmingham Legion II,N/A,N/A,0.00,0.00,0.00,0.00,0,0,0,0,0,0,"","",-1,-1,-1,-1,-1,-1,-1,-1,-1,-1,-1,-1,-1,-1,-1,-1,-1,-1,-1,-1,0.00,0.00,0.00,0.00,0.00,0,0,0,0,0,0,0,0,0,0.00,0.00,0.00,0.00,0.00,0.00,0.00,0.00,0.00,0.00,0.00,N/A
1780862400,Jun 07 2026 - 8:00pm,incomplete,N/A,Lakeland United,Weston FC,N/A,N/A,0.00,0.00,0.00,0.00,0,0,0,0,0,0,"","",-1,-1,-1,-1,-1,-1,-1,-1,-1,-1,-1,-1,-1,-1,-1,-1,-1,-1,-1,-1,0.00,0.00,0.00,0.00,0.00,0,0,0,0,0,0,0,0,0,0.00,0.00,0.00,0.00,0.00,0.00,0.00,0.00,0.00,0.00,0.00,N/A
1780866000,Jun 07 2026 - 9:00pm,incomplete,N/A,Toledo Villa,Louisville City II,N/A,N/A,0.00,0.00,0.00,0.00,0,0,0,0,0,0,"","",-1,-1,-1,-1,-1,-1,-1,-1,-1,-1,-1,-1,-1,-1,-1,-1,-1,-1,-1,-1,0.00,0.00,0.00,0.00,0.00,0,0,0,0,0,0,0,0,0,0.00,0.00,0.00,0.00,0.00,0.00,0.00,0.00,0.00,0.00,0.00,N/A
1780866000,Jun 07 2026 - 9:00pm,incomplete,N/A,West Seattle Junction,Midlakes United,N/A,N/A,0.00,0.00,0.00,0.00,0,0,0,0,0,0,"","",-1,-1,-1,-1,-1,-1,-1,-1,-1,-1,-1,-1,-1,-1,-1,-1,-1,-1,-1,-1,0.00,0.00,0.00,0.00,0.00,0,0,0,0,0,0,0,0,0,0.00,0.00,0.00,0.00,0.00,0.00,0.00,0.00,0.00,0.00,0.00,N/A
1780867800,Jun 07 2026 - 9:30pm,incomplete,N/A,Union Macomb,Kalamazoo FC,N/A,N/A,0.00,0.00,0.00,0.00,0,0,0,0,0,0,"","",-1,-1,-1,-1,-1,-1,-1,-1,-1,-1,-1,-1,-1,-1,-1,-1,-1,-1,-1,-1,0.00,0.00,0.00,0.00,0.00,0,0,0,0,0,0,0,0,0,0.00,0.00,0.00,0.00,0.00,0.00,0.00,0.00,0.00,0.00,0.00,N/A
1780869600,Jun 07 2026 - 10:00pm,incomplete,N/A,Snohomish United,Oly Town,N/A,N/A,0.00,0.00,0.00,0.00,0,0,0,0,0,0,"","",-1,-1,-1,-1,-1,-1,-1,-1,-1,-1,-1,-1,-1,-1,-1,-1,-1,-1,-1,-1,0.00,0.00,0.00,0.00,0.00,0,0,0,0,0,0,0,0,0,0.00,0.00,0.00,0.00,0.00,0.00,0.00,0.00,0.00,0.00,0.00,N/A
1780869600,Jun 07 2026 - 10:00pm,incomplete,N/A,Long Island Rough Riders,Morris Elite,N/A,N/A,0.00,0.00,0.00,0.00,0,0,0,0,0,0,"","",-1,-1,-1,-1,-1,-1,-1,-1,-1,-1,-1,-1,-1,-1,-1,-1,-1,-1,-1,-1,0.00,0.00,0.00,0.00,0.00,0,0,0,0,0,0,0,0,0,0.00,0.00,0.00,0.00,0.00,0.00,0.00,0.00,0.00,0.00,0.00,N/A
1780871400,Jun 07 2026 - 10:30pm,incomplete,N/A,Asheville City,Wake,N/A,N/A,0.00,0.00,0.00,0.00,0,0,0,0,0,0,"","",-1,-1,-1,-1,-1,-1,-1,-1,-1,-1,-1,-1,-1,-1,-1,-1,-1,-1,-1,-1,0.00,0.00,0.00,0.00,0.00,0,0,0,0,0,0,0,0,0,0.00,0.00,0.00,0.00,0.00,0.00,0.00,0.00,0.00,0.00,0.00,N/A
1780873200,Jun 07 2026 - 11:00pm,incomplete,N/A,RKC,St. Croix,N/A,N/A,0.00,0.00,0.00,0.00,0,0,0,0,0,0,"","",-1,-1,-1,-1,-1,-1,-1,-1,-1,-1,-1,-1,-1,-1,-1,-1,-1,-1,-1,-1,0.00,0.00,0.00,0.00,0.00,0,0,0,0,0,0,0,0,0,0.00,0.00,0.00,0.00,0.00,0.00,0.00,0.00,0.00,0.00,0.00,N/A
1780873200,Jun 07 2026 - 11:00pm,incomplete,N/A,Tacoma Stars,Bigfoot,N/A,N/A,0.00,0.00,0.00,0.00,0,0,0,0,0,0,"","",-1,-1,-1,-1,-1,-1,-1,-1,-1,-1,-1,-1,-1,-1,-1,-1,-1,-1,-1,-1,0.00,0.00,0.00,0.00,0.00,0,0,0,0,0,0,0,0,0,0.00,0.00,0.00,0.00,0.00,0.00,0.00,0.00,0.00,0.00,0.00,N/A
1780880400,Jun 08 2026 - 1:00am,incomplete,N/A,Albion Colorado,Real Colorado,N/A,N/A,0.00,0.00,0.00,0.00,0,0,0,0,0,0,"","",-1,-1,-1,-1,-1,-1,-1,-1,-1,-1,-1,-1,-1,-1,-1,-1,-1,-1,-1,-1,0.00,0.00,0.00,0.00,0.00,0,0,0,0,0,0,0,0,0,0.00,0.00,0.00,0.00,0.00,0.00,0.00,0.00,0.00,0.00,0.00,N/A
1780880400,Jun 08 2026 - 1:00am,incomplete,N/A,San Francisco City,SF Glens,N/A,N/A,0.00,0.00,0.00,0.00,0,0,0,0,0,0,"","",-1,-1,-1,-1,-1,-1,-1,-1,-1,-1,-1,-1,-1,-1,-1,-1,-1,-1,-1,-1,0.00,0.00,0.00,0.00,0.00,0,0,0,0,0,0,0,0,0,0.00,0.00,0.00,0.00,0.00,0.00,0.00,0.00,0.00,0.00,0.00,N/A
1780887600,Jun 08 2026 - 3:00am,incomplete,N/A,AMSG,Stars FC,N/A,N/A,0.00,0.00,0.00,0.00,0,0,0,0,0,0,"","",-1,-1,-1,-1,-1,-1,-1,-1,-1,-1,-1,-1,-1,-1,-1,-1,-1,-1,-1,-1,0.00,0.00,0.00,0.00,0.00,0,0,0,0,0,0,0,0,0,0.00,0.00,0.00,0.00,0.00,0.00,0.00,0.00,0.00,0.00,0.00,N/A
1780959600,Jun 08 2026 - 11:00pm,incomplete,N/A,The Villages,Sporting JAX II,N/A,N/A,0.00,0.00,0.00,0.00,0,0,0,0,0,0,"","",-1,-1,-1,-1,-1,-1,-1,-1,-1,-1,-1,-1,-1,-1,-1,-1,-1,-1,-1,-1,0.00,0.00,0.00,0.00,0.00,0,0,0,0,0,0,0,0,0,0.00,0.00,0.00,0.00,0.00,0.00,0.00,0.00,0.00,0.00,0.00,N/A
1780966800,Jun 09 2026 - 1:00am,suspended,N/A,Colorado Storm,Flatirons Rush,N/A,N/A,0.00,0.00,0.00,0.00,0,0,0,0,0,0,"","",-1,-1,-1,-1,-1,-1,-1,-1,-1,-1,-1,-1,-1,-1,-1,-1,-1,-1,-1,-1,0.00,0.00,0.00,0.00,0.00,0,0,0,0,0,0,0,0,0,0.00,0.00,0.00,0.00,0.00,0.00,0.00,0.00,0.00,0.00,0.00,N/A
1781042400,Jun 09 2026 - 10:00pm,incomplete,N/A,Cleveland Force,Akron City,N/A,N/A,0.00,0.00,0.00,0.00,0,0,0,0,0,0,"","",-1,-1,-1,-1,-1,-1,-1,-1,-1,-1,-1,-1,-1,-1,-1,-1,-1,-1,-1,-1,0.00,0.00,0.00,0.00,0.00,0,0,0,0,0,0,0,0,0,0.00,0.00,0.00,0.00,0.00,0.00,0.00,0.00,0.00,0.00,0.00,N/A
1781046000,Jun 09 2026 - 11:00pm,incomplete,N/A,Delaware FC,West Chester United II,N/A,N/A,0.00,0.00,0.00,0.00,0,0,0,0,0,0,"","",-1,-1,-1,-1,-1,-1,-1,-1,-1,-1,-1,-1,-1,-1,-1,-1,-1,-1,-1,-1,0.00,0.00,0.00,0.00,0.00,0,0,0,0,0,0,0,0,0,0.00,0.00,0.00,0.00,0.00,0.00,0.00,0.00,0.00,0.00,0.00,N/A
1781046000,Jun 09 2026 - 11:00pm,incomplete,N/A,Lehigh Valley Utd. Sonic,Philadelphia Lone Star,N/A,N/A,0.00,0.00,0.00,0.00,0,0,0,0,0,0,"","",-1,-1,-1,-1,-1,-1,-1,-1,-1,-1,-1,-1,-1,-1,-1,-1,-1,-1,-1,-1,0.00,0.00,0.00,0.00,0.00,0,0,0,0,0,0,0,0,0,0.00,0.00,0.00,0.00,0.00,0.00,0.00,0.00,0.00,0.00,0.00,N/A
1781049600,Jun 10 2026 - 12:00am,incomplete,N/A,Erie Sports Center,FC Buffalo,N/A,N/A,0.00,0.00,0.00,0.00,0,0,0,0,0,0,"","",-1,-1,-1,-1,-1,-1,-1,-1,-1,-1,-1,-1,-1,-1,-1,-1,-1,-1,-1,-1,0.00,0.00,0.00,0.00,0.00,0,0,0,0,0,0,0,0,0,0.00,0.00,0.00,0.00,0.00,0.00,0.00,0.00,0.00,0.00,0.00,N/A
1781049600,Jun 10 2026 - 12:00am,incomplete,N/A,Birmingham Legion II,Dothan United,N/A,N/A,0.00,0.00,0.00,0.00,0,0,0,0,0,0,"","",-1,-1,-1,-1,-1,-1,-1,-1,-1,-1,-1,-1,-1,-1,-1,-1,-1,-1,-1,-1,0.00,0.00,0.00,0.00,0.00,0,0,0,0,0,0,0,0,0,0.00,0.00,0.00,0.00,0.00,0.00,0.00,0.00,0.00,0.00,0.00,N/A
1781049600,Jun 10 2026 - 12:00am,incomplete,N/A,Virginia Marauders,Patuxent,N/A,N/A,0.00,0.00,0.00,0.00,0,0,0,0,0,0,"","",-1,-1,-1,-1,-1,-1,-1,-1,-1,-1,-1,-1,-1,-1,-1,-1,-1,-1,-1,-1,0.00,0.00,0.00,0.00,0.00,0,0,0,0,0,0,0,0,0,0.00,0.00,0.00,0.00,0.00,0.00,0.00,0.00,0.00,0.00,0.00,N/A
1781049600,Jun 10 2026 - 12:00am,incomplete,N/A,Christos,Bethesda Athletic,N/A,N/A,0.00,0.00,0.00,0.00,0,0,0,0,0,0,"","",-1,-1,-1,-1,-1,-1,-1,-1,-1,-1,-1,-1,-1,-1,-1,-1,-1,-1,-1,-1,0.00,0.00,0.00,0.00,0.00,0,0,0,0,0,0,0,0,0,0.00,0.00,0.00,0.00,0.00,0.00,0.00,0.00,0.00,0.00,0.00,N/A
1781049600,Jun 10 2026 - 12:00am,incomplete,N/A,Evergreen,Charlottesville Blues,N/A,N/A,0.00,0.00,0.00,0.00,0,0,0,0,0,0,"","",-1,-1,-1,-1,-1,-1,-1,-1,-1,-1,-1,-1,-1,-1,-1,-1,-1,-1,-1,-1,0.00,0.00,0.00,0.00,0.00,0,0,0,0,0,0,0,0,0,0.00,0.00,0.00,0.00,0.00,0.00,0.00,0.00,0.00,0.00,0.00,N/A
1781053200,Jun 10 2026 - 1:00am,incomplete,N/A,Laredo Heat,Lonestar,N/A,N/A,0.00,0.00,0.00,0.00,0,0,0,0,0,0,"","",-1,-1,-1,-1,-1,-1,-1,-1,-1,-1,-1,-1,-1,-1,-1,-1,-1,-1,-1,-1,0.00,0.00,0.00,0.00,0.00,0,0,0,0,0,0,0,0,0,0.00,0.00,0.00,0.00,0.00,0.00,0.00,0.00,0.00,0.00,0.00,N/A
1781058600,Jun 10 2026 - 2:30am,incomplete,N/A,Southern Soccer Academy,Columbus United,N/A,N/A,0.00,0.00,0.00,0.00,0,0,0,0,0,0,"","",-1,-1,-1,-1,-1,-1,-1,-1,-1,-1,-1,-1,-1,-1,-1,-1,-1,-1,-1,-1,0.00,0.00,0.00,0.00,0.00,0,0,0,0,0,0,0,0,0,0.00,0.00,0.00,0.00,0.00,0.00,0.00,0.00,0.00,0.00,0.00,N/A
1781125200,Jun 10 2026 - 9:00pm,incomplete,N/A,Charlotte Eagles,Asheville City,N/A,N/A,0.00,0.00,0.00,0.00,0,0,0,0,0,0,"","",-1,-1,-1,-1,-1,-1,-1,-1,-1,-1,-1,-1,-1,-1,-1,-1,-1,-1,-1,-1,0.00,0.00,0.00,0.00,0.00,0,0,0,0,0,0,0,0,0,0.00,0.00,0.00,0.00,0.00,0.00,0.00,0.00,0.00,0.00,0.00,Charlotte Christian Stadium
1781128800,Jun 10 2026 - 10:00pm,incomplete,N/A,Steel City,Riverhounds II,N/A,N/A,0.00,0.00,0.00,0.00,0,0,0,0,0,0,"","",-1,-1,-1,-1,-1,-1,-1,-1,-1,-1,-1,-1,-1,-1,-1,-1,-1,-1,-1,-1,0.00,0.00,0.00,0.00,0.00,0,0,0,0,0,0,0,0,0,0.00,0.00,0.00,0.00,0.00,0.00,0.00,0.00,0.00,0.00,0.00,N/A
1781128800,Jun 10 2026 - 10:00pm,incomplete,N/A,Chicago Dutch Lions,St. Croix,N/A,N/A,0.00,0.00,0.00,0.00,0,0,0,0,0,0,"","",-1,-1,-1,-1,-1,-1,-1,-1,-1,-1,-1,-1,-1,-1,-1,-1,-1,-1,-1,-1,0.00,0.00,0.00,0.00,0.00,0,0,0,0,0,0,0,0,0,0.00,0.00,0.00,0.00,0.00,0.00,0.00,0.00,0.00,0.00,0.00,N/A
1781130600,Jun 10 2026 - 10:30pm,incomplete,N/A,Charlotte Independence 2,Port City,N/A,N/A,0.00,0.00,0.00,0.00,0,0,0,0,0,0,"","",-1,-1,-1,-1,-1,-1,-1,-1,-1,-1,-1,-1,-1,-1,-1,-1,-1,-1,-1,-1,0.00,0.00,0.00,0.00,0.00,0,0,0,0,0,0,0,0,0,0.00,0.00,0.00,0.00,0.00,0.00,0.00,0.00,0.00,0.00,0.00,N/A
1781132400,Jun 10 2026 - 11:00pm,incomplete,N/A,New England SC,Seacoast United Phantoms,N/A,N/A,0.00,0.00,0.00,0.00,0,0,0,0,0,0,"","",-1,-1,-1,-1,-1,-1,-1,-1,-1,-1,-1,-1,-1,-1,-1,-1,-1,-1,-1,-1,0.00,0.00,0.00,0.00,0.00,0,0,0,0,0,0,0,0,0,0.00,0.00,0.00,0.00,0.00,0.00,0.00,0.00,0.00,0.00,0.00,N/A
1781132400,Jun 10 2026 - 11:00pm,incomplete,N/A,Connecticut Rush,FC Boston Bolts,N/A,N/A,0.00,0.00,0.00,0.00,0,0,0,0,0,0,"","",-1,-1,-1,-1,-1,-1,-1,-1,-1,-1,-1,-1,-1,-1,-1,-1,-1,-1,-1,-1,0.00,0.00,0.00,0.00,0.00,0,0,0,0,0,0,0,0,0,0.00,0.00,0.00,0.00,0.00,0.00,0.00,0.00,0.00,0.00,0.00,N/A
1781132400,Jun 10 2026 - 11:00pm,incomplete,N/A,Sueno,Rockford Raptors,N/A,N/A,0.00,0.00,0.00,0.00,0,0,0,0,0,0,"","",-1,-1,-1,-1,-1,-1,-1,-1,-1,-1,-1,-1,-1,-1,-1,-1,-1,-1,-1,-1,0.00,0.00,0.00,0.00,0.00,0,0,0,0,0,0,0,0,0,0.00,0.00,0.00,0.00,0.00,0.00,0.00,0.00,0.00,0.00,0.00,N/A
1781132400,Jun 10 2026 - 11:00pm,incomplete,N/A,Dayton Dutch Lions,Kings Hammer Columbus,N/A,N/A,0.00,0.00,0.00,0.00,0,0,0,0,0,0,"","",-1,-1,-1,-1,-1,-1,-1,-1,-1,-1,-1,-1,-1,-1,-1,-1,-1,-1,-1,-1,0.00,0.00,0.00,0.00,0.00,0,0,0,0,0,0,0,0,0,0.00,0.00,0.00,0.00,0.00,0.00,0.00,0.00,0.00,0.00,0.00,Dayton Outpatient Center Stadium
1781132400,Jun 10 2026 - 11:00pm,incomplete,N/A,Northern Indiana,Toledo Villa,N/A,N/A,0.00,0.00,0.00,0.00,0,0,0,0,0,0,"","",-1,-1,-1,-1,-1,-1,-1,-1,-1,-1,-1,-1,-1,-1,-1,-1,-1,-1,-1,-1,0.00,0.00,0.00,0.00,0.00,0,0,0,0,0,0,0,0,0,0.00,0.00,0.00,0.00,0.00,0.00,0.00,0.00,0.00,0.00,0.00,N/A
1781132400,Jun 10 2026 - 11:00pm,incomplete,N/A,Michigan Bucks,Ann Arbor,N/A,N/A,0.00,0.00,0.00,0.00,0,0,0,0,0,0,"","",-1,-1,-1,-1,-1,-1,-1,-1,-1,-1,-1,-1,-1,-1,-1,-1,-1,-1,-1,-1,0.00,0.00,0.00,0.00,0.00,0,0,0,0,0,0,0,0,0,0.00,0.00,0.00,0.00,0.00,0.00,0.00,0.00,0.00,0.00,0.00,Ultimate Soccer Arenas
1781132400,Jun 10 2026 - 11:00pm,incomplete,N/A,SC United Bantams,Tobacco Road FC,N/A,N/A,0.00,0.00,0.00,0.00,0,0,0,0,0,0,"","",-1,-1,-1,-1,-1,-1,-1,-1,-1,-1,-1,-1,-1,-1,-1,-1,-1,-1,-1,-1,0.00,0.00,0.00,0.00,0.00,0,0,0,0,0,0,0,0,0,0.00,0.00,0.00,0.00,0.00,0.00,0.00,0.00,0.00,0.00,0.00,N/A
1781132400,Jun 10 2026 - 11:00pm,incomplete,N/A,North Carolina II,Wake,N/A,N/A,0.00,0.00,0.00,0.00,0,0,0,0,0,0,"","",-1,-1,-1,-1,-1,-1,-1,-1,-1,-1,-1,-1,-1,-1,-1,-1,-1,-1,-1,-1,0.00,0.00,0.00,0.00,0.00,0,0,0,0,0,0,0,0,0,0.00,0.00,0.00,0.00,0.00,0.00,0.00,0.00,0.00,0.00,0.00,N/A
1781132400,Jun 10 2026 - 11:00pm,incomplete,N/A,Lansing City,Kalamazoo FC,N/A,N/A,0.00,0.00,0.00,0.00,0,0,0,0,0,0,"","",-1,-1,-1,-1,-1,-1,-1,-1,-1,-1,-1,-1,-1,-1,-1,-1,-1,-1,-1,-1,0.00,0.00,0.00,0.00,0.00,0,0,0,0,0,0,0,0,0,0.00,0.00,0.00,0.00,0.00,0.00,0.00,0.00,0.00,0.00,0.00,N/A
1781132400,Jun 10 2026 - 11:00pm,incomplete,N/A,Reading United,Ocean City Nor'easters,N/A,N/A,0.00,0.00,0.00,0.00,0,0,0,0,0,0,"","",-1,-1,-1,-1,-1,-1,-1,-1,-1,-1,-1,-1,-1,-1,-1,-1,-1,-1,-1,-1,0.00,0.00,0.00,0.00,0.00,0,0,0,0,0,0,0,0,0,0.00,0.00,0.00,0.00,0.00,0.00,0.00,0.00,0.00,0.00,0.00,N/A
1781132400,Jun 10 2026 - 11:00pm,incomplete,N/A,Pennsylvania Classics,Eagle FC,N/A,N/A,0.00,0.00,0.00,0.00,0,0,0,0,0,0,"","",-1,-1,-1,-1,-1,-1,-1,-1,-1,-1,-1,-1,-1,-1,-1,-1,-1,-1,-1,-1,0.00,0.00,0.00,0.00,0.00,0,0,0,0,0,0,0,0,0,0.00,0.00,0.00,0.00,0.00,0.00,0.00,0.00,0.00,0.00,0.00,N/A
1781132400,Jun 10 2026 - 11:00pm,incomplete,N/A,Appalachian,North Carolina Fusion U23,N/A,N/A,0.00,0.00,0.00,0.00,0,0,0,0,0,0,"","",-1,-1,-1,-1,-1,-1,-1,-1,-1,-1,-1,-1,-1,-1,-1,-1,-1,-1,-1,-1,0.00,0.00,0.00,0.00,0.00,0,0,0,0,0,0,0,0,0,0.00,0.00,0.00,0.00,0.00,0.00,0.00,0.00,0.00,0.00,0.00,N/A
1781132400,Jun 10 2026 - 11:00pm,incomplete,N/A,Black Rock FC,Blackwatch Rush,N/A,N/A,0.00,0.00,0.00,0.00,0,0,0,0,0,0,"","",-1,-1,-1,-1,-1,-1,-1,-1,-1,-1,-1,-1,-1,-1,-1,-1,-1,-1,-1,-1,0.00,0.00,0.00,0.00,0.00,0,0,0,0,0,0,0,0,0,0.00,0.00,0.00,0.00,0.00,0.00,0.00,0.00,0.00,0.00,0.00,N/A
1781132400,Jun 10 2026 - 11:00pm,incomplete,N/A,Virginia Beach United,Hill City,N/A,N/A,0.00,0.00,0.00,0.00,0,0,0,0,0,0,"","",-1,-1,-1,-1,-1,-1,-1,-1,-1,-1,-1,-1,-1,-1,-1,-1,-1,-1,-1,-1,0.00,0.00,0.00,0.00,0.00,0,0,0,0,0,0,0,0,0,0.00,0.00,0.00,0.00,0.00,0.00,0.00,0.00,0.00,0.00,0.00,N/A
1781132400,Jun 10 2026 - 11:00pm,incomplete,N/A,Cedar Stars Rush,Westchester Flames,N/A,N/A,0.00,0.00,0.00,0.00,0,0,0,0,0,0,"","",-1,-1,-1,-1,-1,-1,-1,-1,-1,-1,-1,-1,-1,-1,-1,-1,-1,-1,-1,-1,0.00,0.00,0.00,0.00,0.00,0,0,0,0,0,0,0,0,0,0.00,0.00,0.00,0.00,0.00,0.00,0.00,0.00,0.00,0.00,0.00,N/A
1781132400,Jun 10 2026 - 11:00pm,incomplete,N/A,Nona,Brooke House,N/A,N/A,0.00,0.00,0.00,0.00,0,0,0,0,0,0,"","",-1,-1,-1,-1,-1,-1,-1,-1,-1,-1,-1,-1,-1,-1,-1,-1,-1,-1,-1,-1,0.00,0.00,0.00,0.00,0.00,0,0,0,0,0,0,0,0,0,0.00,0.00,0.00,0.00,0.00,0.00,0.00,0.00,0.00,0.00,0.00,N/A
1781132400,Jun 10 2026 - 11:00pm,incomplete,N/A,Sporting JAX II,Shark Coast,N/A,N/A,0.00,0.00,0.00,0.00,0,0,0,0,0,0,"","",-1,-1,-1,-1,-1,-1,-1,-1,-1,-1,-1,-1,-1,-1,-1,-1,-1,-1,-1,-1,0.00,0.00,0.00,0.00,0.00,0,0,0,0,0,0,0,0,0,0.00,0.00,0.00,0.00,0.00,0.00,0.00,0.00,0.00,0.00,0.00,N/A
1781132400,Jun 10 2026 - 11:00pm,incomplete,N/A,Jackson Boom,Little Rock Rangers,N/A,N/A,0.00,0.00,0.00,0.00,0,0,0,0,0,0,"","",-1,-1,-1,-1,-1,-1,-1,-1,-1,-1,-1,-1,-1,-1,-1,-1,-1,-1,-1,-1,0.00,0.00,0.00,0.00,0.00,0,0,0,0,0,0,0,0,0,0.00,0.00,0.00,0.00,0.00,0.00,0.00,0.00,0.00,0.00,0.00,N/A
1781132400,Jun 10 2026 - 11:00pm,incomplete,N/A,Brevard,Lakeland United,N/A,N/A,0.00,0.00,0.00,0.00,0,0,0,0,0,0,"","",-1,-1,-1,-1,-1,-1,-1,-1,-1,-1,-1,-1,-1,-1,-1,-1,-1,-1,-1,-1,0.00,0.00,0.00,0.00,0.00,0,0,0,0,0,0,0,0,0,0.00,0.00,0.00,0.00,0.00,0.00,0.00,0.00,0.00,0.00,0.00,N/A
1781132400,Jun 10 2026 - 11:00pm,incomplete,N/A,Miami FC,Weston FC,N/A,N/A,0.00,0.00,0.00,0.00,0,0,0,0,0,0,"","",-1,-1,-1,-1,-1,-1,-1,-1,-1,-1,-1,-1,-1,-1,-1,-1,-1,-1,-1,-1,0.00,0.00,0.00,0.00,0.00,0,0,0,0,0,0,0,0,0,0.00,0.00,0.00,0.00,0.00,0.00,0.00,0.00,0.00,0.00,0.00,Riccardo Silva Stadium
1781133300,Jun 10 2026 - 11:15pm,incomplete,N/A,Loudoun United II,Annapolis Blues,N/A,N/A,0.00,0.00,0.00,0.00,0,0,0,0,0,0,"","",-1,-1,-1,-1,-1,-1,-1,-1,-1,-1,-1,-1,-1,-1,-1,-1,-1,-1,-1,-1,0.00,0.00,0.00,0.00,0.00,0,0,0,0,0,0,0,0,0,0.00,0.00,0.00,0.00,0.00,0.00,0.00,0.00,0.00,0.00,0.00,N/A
1781134200,Jun 10 2026 - 11:30pm,incomplete,N/A,Ironbound,New Jersey Copa FC,N/A,N/A,0.00,0.00,0.00,0.00,0,0,0,0,0,0,"","",-1,-1,-1,-1,-1,-1,-1,-1,-1,-1,-1,-1,-1,-1,-1,-1,-1,-1,-1,-1,0.00,0.00,0.00,0.00,0.00,0,0,0,0,0,0,0,0,0,0.00,0.00,0.00,0.00,0.00,0.00,0.00,0.00,0.00,0.00,0.00,N/A
1781136000,Jun 11 2026 - 12:00am,incomplete,N/A,River Light,Edgewater Castle,N/A,N/A,0.00,0.00,0.00,0.00,0,0,0,0,0,0,"","",-1,-1,-1,-1,-1,-1,-1,-1,-1,-1,-1,-1,-1,-1,-1,-1,-1,-1,-1,-1,0.00,0.00,0.00,0.00,0.00,0,0,0,0,0,0,0,0,0,0.00,0.00,0.00,0.00,0.00,0.00,0.00,0.00,0.00,0.00,0.00,N/A
1781136000,Jun 11 2026 - 12:00am,incomplete,N/A,Rochester,Minneapolis City SC,N/A,N/A,0.00,0.00,0.00,0.00,0,0,0,0,0,0,"","",-1,-1,-1,-1,-1,-1,-1,-1,-1,-1,-1,-1,-1,-1,-1,-1,-1,-1,-1,-1,0.00,0.00,0.00,0.00,0.00,0,0,0,0,0,0,0,0,0,0.00,0.00,0.00,0.00,0.00,0.00,0.00,0.00,0.00,0.00,0.00,N/A
1781136000,Jun 11 2026 - 12:00am,incomplete,N/A,Midwest United,Oakland County,N/A,N/A,0.00,0.00,0.00,0.00,0,0,0,0,0,0,"","",-1,-1,-1,-1,-1,-1,-1,-1,-1,-1,-1,-1,-1,-1,-1,-1,-1,-1,-1,-1,0.00,0.00,0.00,0.00,0.00,0,0,0,0,0,0,0,0,0,0.00,0.00,0.00,0.00,0.00,0.00,0.00,0.00,0.00,0.00,0.00,N/A
1781136000,Jun 11 2026 - 12:00am,incomplete,N/A,St. Louis Ambush,Springfield,N/A,N/A,0.00,0.00,0.00,0.00,0,0,0,0,0,0,"","",-1,-1,-1,-1,-1,-1,-1,-1,-1,-1,-1,-1,-1,-1,-1,-1,-1,-1,-1,-1,0.00,0.00,0.00,0.00,0.00,0,0,0,0,0,0,0,0,0,0.00,0.00,0.00,0.00,0.00,0.00,0.00,0.00,0.00,0.00,0.00,N/A
1781136000,Jun 11 2026 - 12:00am,incomplete,N/A,Manhattan,Morris Elite,N/A,N/A,0.00,0.00,0.00,0.00,0,0,0,0,0,0,"","",-1,-1,-1,-1,-1,-1,-1,-1,-1,-1,-1,-1,-1,-1,-1,-1,-1,-1,-1,-1,0.00,0.00,0.00,0.00,0.00,0,0,0,0,0,0,0,0,0,0.00,0.00,0.00,0.00,0.00,0.00,0.00,0.00,0.00,0.00,0.00,N/A
1781136000,Jun 11 2026 - 12:00am,incomplete,N/A,Houston FC,GFI,N/A,N/A,0.00,0.00,0.00,0.00,0,0,0,0,0,0,"","",-1,-1,-1,-1,-1,-1,-1,-1,-1,-1,-1,-1,-1,-1,-1,-1,-1,-1,-1,-1,0.00,0.00,0.00,0.00,0.00,0,0,0,0,0,0,0,0,0,0.00,0.00,0.00,0.00,0.00,0.00,0.00,0.00,0.00,0.00,0.00,N/A
1781136000,Jun 11 2026 - 12:00am,incomplete,N/A,Hill Country Lobos,AHFC Royals,N/A,N/A,0.00,0.00,0.00,0.00,0,0,0,0,0,0,"","",-1,-1,-1,-1,-1,-1,-1,-1,-1,-1,-1,-1,-1,-1,-1,-1,-1,-1,-1,-1,0.00,0.00,0.00,0.00,0.00,0,0,0,0,0,0,0,0,0,0.00,0.00,0.00,0.00,0.00,0.00,0.00,0.00,0.00,0.00,0.00,N/A
1781137800,Jun 11 2026 - 12:30am,incomplete,N/A,McKinney Chupacabras,Lubbock Matadors,N/A,N/A,0.00,0.00,0.00,0.00,0,0,0,0,0,0,"","",-1,-1,-1,-1,-1,-1,-1,-1,-1,-1,-1,-1,-1,-1,-1,-1,-1,-1,-1,-1,0.00,0.00,0.00,0.00,0.00,0,0,0,0,0,0,0,0,0,0.00,0.00,0.00,0.00,0.00,0.00,0.00,0.00,0.00,0.00,0.00,N/A
1781137800,Jun 11 2026 - 12:30am,incomplete,N/A,West Texas,Texoma,N/A,N/A,0.00,0.00,0.00,0.00,0,0,0,0,0,0,"","",-1,-1,-1,-1,-1,-1,-1,-1,-1,-1,-1,-1,-1,-1,-1,-1,-1,-1,-1,-1,0.00,0.00,0.00,0.00,0.00,0,0,0,0,0,0,0,0,0,0.00,0.00,0.00,0.00,0.00,0.00,0.00,0.00,0.00,0.00,0.00,N/A
1781139600,Jun 11 2026 - 1:00am,incomplete,N/A,AC Connecticut,Vermont Green,N/A,N/A,0.00,0.00,0.00,0.00,0,0,0,0,0,0,"","",-1,-1,-1,-1,-1,-1,-1,-1,-1,-1,-1,-1,-1,-1,-1,-1,-1,-1,-1,-1,0.00,0.00,0.00,0.00,0.00,0,0,0,0,0,0,0,0,0,0.00,0.00,0.00,0.00,0.00,0.00,0.00,0.00,0.00,0.00,0.00,N/A
1781139600,Jun 11 2026 - 1:00am,incomplete,N/A,City SC,Stars FC,N/A,N/A,0.00,0.00,0.00,0.00,0,0,0,0,0,0,"","",-1,-1,-1,-1,-1,-1,-1,-1,-1,-1,-1,-1,-1,-1,-1,-1,-1,-1,-1,-1,0.00,0.00,0.00,0.00,0.00,0,0,0,0,0,0,0,0,0,0.00,0.00,0.00,0.00,0.00,0.00,0.00,0.00,0.00,0.00,0.00,N/A
1781139600,Jun 11 2026 - 1:00am,incomplete,N/A,Snohomish United,Ballard,N/A,N/A,0.00,0.00,0.00,0.00,0,0,0,0,0,0,"","",-1,-1,-1,-1,-1,-1,-1,-1,-1,-1,-1,-1,-1,-1,-1,-1,-1,-1,-1,-1,0.00,0.00,0.00,0.00,0.00,0,0,0,0,0,0,0,0,0,0.00,0.00,0.00,0.00,0.00,0.00,0.00,0.00,0.00,0.00,0.00,N/A
1781139600,Jun 11 2026 - 1:00am,incomplete,N/A,Real Colorado,Colorado ISA,N/A,N/A,0.00,0.00,0.00,0.00,0,0,0,0,0,0,"","",-1,-1,-1,-1,-1,-1,-1,-1,-1,-1,-1,-1,-1,-1,-1,-1,-1,-1,-1,-1,0.00,0.00,0.00,0.00,0.00,0,0,0,0,0,0,0,0,0,0.00,0.00,0.00,0.00,0.00,0.00,0.00,0.00,0.00,0.00,0.00,N/A
1781141400,Jun 11 2026 - 1:30am,incomplete,N/A,Boston City FC,Western Mass Pioneers,N/A,N/A,0.00,0.00,0.00,0.00,0,0,0,0,0,0,"","",-1,-1,-1,-1,-1,-1,-1,-1,-1,-1,-1,-1,-1,-1,-1,-1,-1,-1,-1,-1,0.00,0.00,0.00,0.00,0.00,0,0,0,0,0,0,0,0,0,0.00,0.00,0.00,0.00,0.00,0.00,0.00,0.00,0.00,0.00,0.00,N/A
1781143200,Jun 11 2026 - 2:00am,incomplete,N/A,San Francisco City,Marin,N/A,N/A,0.00,0.00,0.00,0.00,0,0,0,0,0,0,"","",-1,-1,-1,-1,-1,-1,-1,-1,-1,-1,-1,-1,-1,-1,-1,-1,-1,-1,-1,-1,0.00,0.00,0.00,0.00,0.00,0,0,0,0,0,0,0,0,0,0.00,0.00,0.00,0.00,0.00,0.00,0.00,0.00,0.00,0.00,0.00,N/A
1781143200,Jun 11 2026 - 2:00am,incomplete,N/A,Ventura County Fusion,Redlands,N/A,N/A,0.00,0.00,0.00,0.00,0,0,0,0,0,0,"","",-1,-1,-1,-1,-1,-1,-1,-1,-1,-1,-1,-1,-1,-1,-1,-1,-1,-1,-1,-1,0.00,0.00,0.00,0.00,0.00,0,0,0,0,0,0,0,0,0,0.00,0.00,0.00,0.00,0.00,0.00,0.00,0.00,0.00,0.00,0.00,Ventura College Stadium
1781143200,Jun 11 2026 - 2:00am,incomplete,N/A,Academica,Almaden,N/A,N/A,0.00,0.00,0.00,0.00,0,0,0,0,0,0,"","",-1,-1,-1,-1,-1,-1,-1,-1,-1,-1,-1,-1,-1,-1,-1,-1,-1,-1,-1,-1,0.00,0.00,0.00,0.00,0.00,0,0,0,0,0,0,0,0,0,0.00,0.00,0.00,0.00,0.00,0.00,0.00,0.00,0.00,0.00,0.00,N/A
1781143200,Jun 11 2026 - 2:00am,incomplete,N/A,Santafé Wanderers,Des Moines Menace,N/A,N/A,0.00,0.00,0.00,0.00,0,0,0,0,0,0,"","",-1,-1,-1,-1,-1,-1,-1,-1,-1,-1,-1,-1,-1,-1,-1,-1,-1,-1,-1,-1,0.00,0.00,0.00,0.00,0.00,0,0,0,0,0,0,0,0,0,0.00,0.00,0.00,0.00,0.00,0.00,0.00,0.00,0.00,0.00,0.00,N/A
1781218800,Jun 11 2026 - 11:00pm,incomplete,N/A,Utah United,Flatirons Rush,N/A,N/A,0.00,0.00,0.00,0.00,0,0,0,0,0,0,"","",-1,-1,-1,-1,-1,-1,-1,-1,-1,-1,-1,-1,-1,-1,-1,-1,-1,-1,-1,-1,0.00,0.00,0.00,0.00,0.00,0,0,0,0,0,0,0,0,0,0.00,0.00,0.00,0.00,0.00,0.00,0.00,0.00,0.00,0.00,0.00,N/A
1781226000,Jun 12 2026 - 1:00am,incomplete,N/A,Brazos Valley,San Antonio II,N/A,N/A,0.00,0.00,0.00,0.00,0,0,0,0,0,0,"","",-1,-1,-1,-1,-1,-1,-1,-1,-1,-1,-1,-1,-1,-1,-1,-1,-1,-1,-1,-1,0.00,0.00,0.00,0.00,0.00,0,0,0,0,0,0,0,0,0,0.00,0.00,0.00,0.00,0.00,0.00,0.00,0.00,0.00,0.00,0.00,N/A
1781229600,Jun 12 2026 - 2:00am,incomplete,N/A,San Juan SC,Project 51O,N/A,N/A,0.00,0.00,0.00,0.00,0,0,0,0,0,0,"","",-1,-1,-1,-1,-1,-1,-1,-1,-1,-1,-1,-1,-1,-1,-1,-1,-1,-1,-1,-1,0.00,0.00,0.00,0.00,0.00,0,0,0,0,0,0,0,0,0,0.00,0.00,0.00,0.00,0.00,0.00,0.00,0.00,0.00,0.00,0.00,N/A
1781229600,Jun 12 2026 - 2:00am,incomplete,N/A,Capo II,FC Tucson,N/A,N/A,0.00,0.00,0.00,0.00,0,0,0,0,0,0,"","",-1,-1,-1,-1,-1,-1,-1,-1,-1,-1,-1,-1,-1,-1,-1,-1,-1,-1,-1,-1,0.00,0.00,0.00,0.00,0.00,0,0,0,0,0,0,0,0,0,0.00,0.00,0.00,0.00,0.00,0.00,0.00,0.00,0.00,0.00,0.00,N/A
1781305200,Jun 12 2026 - 11:00pm,incomplete,N/A,Long Island Rough Riders,FC Motown II,N/A,N/A,0.00,0.00,0.00,0.00,0,0,0,0,0,0,"","",-1,-1,-1,-1,-1,-1,-1,-1,-1,-1,-1,-1,-1,-1,-1,-1,-1,-1,-1,-1,0.00,0.00,0.00,0.00,0.00,0,0,0,0,0,0,0,0,0,0.00,0.00,0.00,0.00,0.00,0.00,0.00,0.00,0.00,0.00,0.00,N/A
1781308800,Jun 13 2026 - 12:00am,incomplete,N/A,West Virginia Chaos,Northern Indiana,N/A,N/A,0.00,0.00,0.00,0.00,0,0,0,0,0,0,"","",-1,-1,-1,-1,-1,-1,-1,-1,-1,-1,-1,-1,-1,-1,-1,-1,-1,-1,-1,-1,0.00,0.00,0.00,0.00,0.00,0,0,0,0,0,0,0,0,0,0.00,0.00,0.00,0.00,0.00,0.00,0.00,0.00,0.00,0.00,0.00,N/A
1781308800,Jun 13 2026 - 12:00am,incomplete,N/A,Kings Hammer Columbus,Toledo Villa,N/A,N/A,0.00,0.00,0.00,0.00,0,0,0,0,0,0,"","",-1,-1,-1,-1,-1,-1,-1,-1,-1,-1,-1,-1,-1,-1,-1,-1,-1,-1,-1,-1,0.00,0.00,0.00,0.00,0.00,0,0,0,0,0,0,0,0,0,0.00,0.00,0.00,0.00,0.00,0.00,0.00,0.00,0.00,0.00,0.00,N/A
1781308800,Jun 13 2026 - 12:00am,incomplete,N/A,Christos,Patuxent,N/A,N/A,0.00,0.00,0.00,0.00,0,0,0,0,0,0,"","",-1,-1,-1,-1,-1,-1,-1,-1,-1,-1,-1,-1,-1,-1,-1,-1,-1,-1,-1,-1,0.00,0.00,0.00,0.00,0.00,0,0,0,0,0,0,0,0,0,0.00,0.00,0.00,0.00,0.00,0.00,0.00,0.00,0.00,0.00,0.00,N/A
1781308800,Jun 13 2026 - 12:00am,incomplete,N/A,Birmingham Legion II,Apotheos,N/A,N/A,0.00,0.00,0.00,0.00,0,0,0,0,0,0,"","",-1,-1,-1,-1,-1,-1,-1,-1,-1,-1,-1,-1,-1,-1,-1,-1,-1,-1,-1,-1,0.00,0.00,0.00,0.00,0.00,0,0,0,0,0,0,0,0,0,0.00,0.00,0.00,0.00,0.00,0.00,0.00,0.00,0.00,0.00,0.00,N/A
1781308800,Jun 13 2026 - 12:00am,incomplete,N/A,Miami AC,Fort Lauderdale United,N/A,N/A,0.00,0.00,0.00,0.00,0,0,0,0,0,0,"","",-1,-1,-1,-1,-1,-1,-1,-1,-1,-1,-1,-1,-1,-1,-1,-1,-1,-1,-1,-1,0.00,0.00,0.00,0.00,0.00,0,0,0,0,0,0,0,0,0,0.00,0.00,0.00,0.00,0.00,0.00,0.00,0.00,0.00,0.00,0.00,N/A
1781312400,Jun 13 2026 - 1:00am,incomplete,N/A,Colorado ISA,Colorado Storm,N/A,N/A,0.00,0.00,0.00,0.00,0,0,0,0,0,0,"","",-1,-1,-1,-1,-1,-1,-1,-1,-1,-1,-1,-1,-1,-1,-1,-1,-1,-1,-1,-1,0.00,0.00,0.00,0.00,0.00,0,0,0,0,0,0,0,0,0,0.00,0.00,0.00,0.00,0.00,0.00,0.00,0.00,0.00,0.00,0.00,N/A
1781314200,Jun 13 2026 - 1:30am,incomplete,N/A,Midlakes United,West Seattle Junction,N/A,N/A,0.00,0.00,0.00,0.00,0,0,0,0,0,0,"","",-1,-1,-1,-1,-1,-1,-1,-1,-1,-1,-1,-1,-1,-1,-1,-1,-1,-1,-1,-1,0.00,0.00,0.00,0.00,0.00,0,0,0,0,0,0,0,0,0,0.00,0.00,0.00,0.00,0.00,0.00,0.00,0.00,0.00,0.00,0.00,N/A
1781316000,Jun 13 2026 - 2:00am,incomplete,N/A,Oly Town,Tacoma Stars,N/A,N/A,0.00,0.00,0.00,0.00,0,0,0,0,0,0,"","",-1,-1,-1,-1,-1,-1,-1,-1,-1,-1,-1,-1,-1,-1,-1,-1,-1,-1,-1,-1,0.00,0.00,0.00,0.00,0.00,0,0,0,0,0,0,0,0,0,0.00,0.00,0.00,0.00,0.00,0.00,0.00,0.00,0.00,0.00,0.00,N/A
1781370000,Jun 13 2026 - 5:00pm,incomplete,N/A,Chicago Dutch Lions,River Light,N/A,N/A,0.00,0.00,0.00,0.00,0,0,0,0,0,0,"","",-1,-1,-1,-1,-1,-1,-1,-1,-1,-1,-1,-1,-1,-1,-1,-1,-1,-1,-1,-1,0.00,0.00,0.00,0.00,0.00,0,0,0,0,0,0,0,0,0,0.00,0.00,0.00,0.00,0.00,0.00,0.00,0.00,0.00,0.00,0.00,N/A
1781377200,Jun 13 2026 - 7:00pm,incomplete,N/A,Steel City,Erie Sports Center,N/A,N/A,0.00,0.00,0.00,0.00,0,0,0,0,0,0,"","",-1,-1,-1,-1,-1,-1,-1,-1,-1,-1,-1,-1,-1,-1,-1,-1,-1,-1,-1,-1,0.00,0.00,0.00,0.00,0.00,0,0,0,0,0,0,0,0,0,0.00,0.00,0.00,0.00,0.00,0.00,0.00,0.00,0.00,0.00,0.00,N/A
1781377200,Jun 13 2026 - 7:00pm,incomplete,N/A,Ann Arbor,Midwest United,N/A,N/A,0.00,0.00,0.00,0.00,0,0,0,0,0,0,"","",-1,-1,-1,-1,-1,-1,-1,-1,-1,-1,-1,-1,-1,-1,-1,-1,-1,-1,-1,-1,0.00,0.00,0.00,0.00,0.00,0,0,0,0,0,0,0,0,0,0.00,0.00,0.00,0.00,0.00,0.00,0.00,0.00,0.00,0.00,0.00,N/A
1781384400,Jun 13 2026 - 9:00pm,incomplete,N/A,FC Buffalo,Cleveland Force,N/A,N/A,0.00,0.00,0.00,0.00,0,0,0,0,0,0,"","",-1,-1,-1,-1,-1,-1,-1,-1,-1,-1,-1,-1,-1,-1,-1,-1,-1,-1,-1,-1,0.00,0.00,0.00,0.00,0.00,0,0,0,0,0,0,0,0,0,0.00,0.00,0.00,0.00,0.00,0.00,0.00,0.00,0.00,0.00,0.00,N/A
1781384400,Jun 13 2026 - 9:00pm,incomplete,N/A,Brooke House,Shark Coast,N/A,N/A,0.00,0.00,0.00,0.00,0,0,0,0,0,0,"","",-1,-1,-1,-1,-1,-1,-1,-1,-1,-1,-1,-1,-1,-1,-1,-1,-1,-1,-1,-1,0.00,0.00,0.00,0.00,0.00,0,0,0,0,0,0,0,0,0,0.00,0.00,0.00,0.00,0.00,0.00,0.00,0.00,0.00,0.00,0.00,N/A
1781388000,Jun 13 2026 - 10:00pm,incomplete,N/A,AMSG,FC Tucson,N/A,N/A,0.00,0.00,0.00,0.00,0,0,0,0,0,0,"","",-1,-1,-1,-1,-1,-1,-1,-1,-1,-1,-1,-1,-1,-1,-1,-1,-1,-1,-1,-1,0.00,0.00,0.00,0.00,0.00,0,0,0,0,0,0,0,0,0,0.00,0.00,0.00,0.00,0.00,0.00,0.00,0.00,0.00,0.00,0.00,N/A
1781389800,Jun 13 2026 - 10:30pm,incomplete,N/A,Port City,Tobacco Road FC,N/A,N/A,0.00,0.00,0.00,0.00,0,0,0,0,0,0,"","",-1,-1,-1,-1,-1,-1,-1,-1,-1,-1,-1,-1,-1,-1,-1,-1,-1,-1,-1,-1,0.00,0.00,0.00,0.00,0.00,0,0,0,0,0,0,0,0,0,0.00,0.00,0.00,0.00,0.00,0.00,0.00,0.00,0.00,0.00,0.00,N/A
1781391600,Jun 13 2026 - 11:00pm,incomplete,N/A,Boston City FC,Blackwatch Rush,N/A,N/A,0.00,0.00,0.00,0.00,0,0,0,0,0,0,"","",-1,-1,-1,-1,-1,-1,-1,-1,-1,-1,-1,-1,-1,-1,-1,-1,-1,-1,-1,-1,0.00,0.00,0.00,0.00,0.00,0,0,0,0,0,0,0,0,0,0.00,0.00,0.00,0.00,0.00,0.00,0.00,0.00,0.00,0.00,0.00,N/A
1781391600,Jun 13 2026 - 11:00pm,incomplete,N/A,FC Boston Bolts,Western Mass Pioneers,N/A,N/A,0.00,0.00,0.00,0.00,0,0,0,0,0,0,"","",-1,-1,-1,-1,-1,-1,-1,-1,-1,-1,-1,-1,-1,-1,-1,-1,-1,-1,-1,-1,0.00,0.00,0.00,0.00,0.00,0,0,0,0,0,0,0,0,0,0.00,0.00,0.00,0.00,0.00,0.00,0.00,0.00,0.00,0.00,0.00,Mount Ida College
1781391600,Jun 13 2026 - 11:00pm,incomplete,N/A,Asheville City,Appalachian,N/A,N/A,0.00,0.00,0.00,0.00,0,0,0,0,0,0,"","",-1,-1,-1,-1,-1,-1,-1,-1,-1,-1,-1,-1,-1,-1,-1,-1,-1,-1,-1,-1,0.00,0.00,0.00,0.00,0.00,0,0,0,0,0,0,0,0,0,0.00,0.00,0.00,0.00,0.00,0.00,0.00,0.00,0.00,0.00,0.00,N/A
1781391600,Jun 13 2026 - 11:00pm,incomplete,N/A,Oakland County,Michigan Bucks,N/A,N/A,0.00,0.00,0.00,0.00,0,0,0,0,0,0,"","",-1,-1,-1,-1,-1,-1,-1,-1,-1,-1,-1,-1,-1,-1,-1,-1,-1,-1,-1,-1,0.00,0.00,0.00,0.00,0.00,0,0,0,0,0,0,0,0,0,0.00,0.00,0.00,0.00,0.00,0.00,0.00,0.00,0.00,0.00,0.00,N/A
1781391600,Jun 13 2026 - 11:00pm,incomplete,N/A,Delaware FC,Ocean City Nor'easters,N/A,N/A,0.00,0.00,0.00,0.00,0,0,0,0,0,0,"","",-1,-1,-1,-1,-1,-1,-1,-1,-1,-1,-1,-1,-1,-1,-1,-1,-1,-1,-1,-1,0.00,0.00,0.00,0.00,0.00,0,0,0,0,0,0,0,0,0,0.00,0.00,0.00,0.00,0.00,0.00,0.00,0.00,0.00,0.00,0.00,N/A
1781391600,Jun 13 2026 - 11:00pm,incomplete,N/A,Lansing City,Union Macomb,N/A,N/A,0.00,0.00,0.00,0.00,0,0,0,0,0,0,"","",-1,-1,-1,-1,-1,-1,-1,-1,-1,-1,-1,-1,-1,-1,-1,-1,-1,-1,-1,-1,0.00,0.00,0.00,0.00,0.00,0,0,0,0,0,0,0,0,0,0.00,0.00,0.00,0.00,0.00,0.00,0.00,0.00,0.00,0.00,0.00,N/A
1781391600,Jun 13 2026 - 11:00pm,incomplete,N/A,Reading United,West Chester United II,N/A,N/A,0.00,0.00,0.00,0.00,0,0,0,0,0,0,"","",-1,-1,-1,-1,-1,-1,-1,-1,-1,-1,-1,-1,-1,-1,-1,-1,-1,-1,-1,-1,0.00,0.00,0.00,0.00,0.00,0,0,0,0,0,0,0,0,0,0.00,0.00,0.00,0.00,0.00,0.00,0.00,0.00,0.00,0.00,0.00,N/A
1781391600,Jun 13 2026 - 11:00pm,incomplete,N/A,SC United Bantams,Hickory,N/A,N/A,0.00,0.00,0.00,0.00,0,0,0,0,0,0,"","",-1,-1,-1,-1,-1,-1,-1,-1,-1,-1,-1,-1,-1,-1,-1,-1,-1,-1,-1,-1,0.00,0.00,0.00,0.00,0.00,0,0,0,0,0,0,0,0,0,0.00,0.00,0.00,0.00,0.00,0.00,0.00,0.00,0.00,0.00,0.00,N/A
1781391600,Jun 13 2026 - 11:00pm,incomplete,N/A,Rockford Raptors,Minneapolis City SC,N/A,N/A,0.00,0.00,0.00,0.00,0,0,0,0,0,0,"","",-1,-1,-1,-1,-1,-1,-1,-1,-1,-1,-1,-1,-1,-1,-1,-1,-1,-1,-1,-1,0.00,0.00,0.00,0.00,0.00,0,0,0,0,0,0,0,0,0,0.00,0.00,0.00,0.00,0.00,0.00,0.00,0.00,0.00,0.00,0.00,N/A
1781391600,Jun 13 2026 - 11:00pm,incomplete,N/A,Lorain County Leviathan,Akron City,N/A,N/A,0.00,0.00,0.00,0.00,0,0,0,0,0,0,"","",-1,-1,-1,-1,-1,-1,-1,-1,-1,-1,-1,-1,-1,-1,-1,-1,-1,-1,-1,-1,0.00,0.00,0.00,0.00,0.00,0,0,0,0,0,0,0,0,0,0.00,0.00,0.00,0.00,0.00,0.00,0.00,0.00,0.00,0.00,0.00,N/A
1781391600,Jun 13 2026 - 11:00pm,incomplete,N/A,Real Central New Jersey,Philadelphia Lone Star,N/A,N/A,0.00,0.00,0.00,0.00,0,0,0,0,0,0,"","",-1,-1,-1,-1,-1,-1,-1,-1,-1,-1,-1,-1,-1,-1,-1,-1,-1,-1,-1,-1,0.00,0.00,0.00,0.00,0.00,0,0,0,0,0,0,0,0,0,0.00,0.00,0.00,0.00,0.00,0.00,0.00,0.00,0.00,0.00,0.00,N/A
1781391600,Jun 13 2026 - 11:00pm,incomplete,N/A,Vermont Green,New England SC,N/A,N/A,0.00,0.00,0.00,0.00,0,0,0,0,0,0,"","",-1,-1,-1,-1,-1,-1,-1,-1,-1,-1,-1,-1,-1,-1,-1,-1,-1,-1,-1,-1,0.00,0.00,0.00,0.00,0.00,0,0,0,0,0,0,0,0,0,0.00,0.00,0.00,0.00,0.00,0.00,0.00,0.00,0.00,0.00,0.00,N/A
1781391600,Jun 13 2026 - 11:00pm,incomplete,N/A,Pennsylvania Classics,Lehigh Valley Utd. Sonic,N/A,N/A,0.00,0.00,0.00,0.00,0,0,0,0,0,0,"","",-1,-1,-1,-1,-1,-1,-1,-1,-1,-1,-1,-1,-1,-1,-1,-1,-1,-1,-1,-1,0.00,0.00,0.00,0.00,0.00,0,0,0,0,0,0,0,0,0,0.00,0.00,0.00,0.00,0.00,0.00,0.00,0.00,0.00,0.00,0.00,N/A
1781391600,Jun 13 2026 - 11:00pm,incomplete,N/A,Lionsbridge,Evergreen,N/A,N/A,0.00,0.00,0.00,0.00,0,0,0,0,0,0,"","",-1,-1,-1,-1,-1,-1,-1,-1,-1,-1,-1,-1,-1,-1,-1,-1,-1,-1,-1,-1,0.00,0.00,0.00,0.00,0.00,0,0,0,0,0,0,0,0,0,0.00,0.00,0.00,0.00,0.00,0.00,0.00,0.00,0.00,0.00,0.00,N/A
1781391600,Jun 13 2026 - 11:00pm,incomplete,N/A,Hudson Valley Hammers,Staten Island Athletic,N/A,N/A,0.00,0.00,0.00,0.00,0,0,0,0,0,0,"","",-1,-1,-1,-1,-1,-1,-1,-1,-1,-1,-1,-1,-1,-1,-1,-1,-1,-1,-1,-1,0.00,0.00,0.00,0.00,0.00,0,0,0,0,0,0,0,0,0,0.00,0.00,0.00,0.00,0.00,0.00,0.00,0.00,0.00,0.00,0.00,N/A
1781391600,Jun 13 2026 - 11:00pm,incomplete,N/A,Virginia Beach United,Virginia Marauders,N/A,N/A,0.00,0.00,0.00,0.00,0,0,0,0,0,0,"","",-1,-1,-1,-1,-1,-1,-1,-1,-1,-1,-1,-1,-1,-1,-1,-1,-1,-1,-1,-1,0.00,0.00,0.00,0.00,0.00,0,0,0,0,0,0,0,0,0,0.00,0.00,0.00,0.00,0.00,0.00,0.00,0.00,0.00,0.00,0.00,N/A
1781391600,Jun 13 2026 - 11:00pm,incomplete,N/A,Brevard,Miami FC,N/A,N/A,0.00,0.00,0.00,0.00,0,0,0,0,0,0,"","",-1,-1,-1,-1,-1,-1,-1,-1,-1,-1,-1,-1,-1,-1,-1,-1,-1,-1,-1,-1,0.00,0.00,0.00,0.00,0.00,0,0,0,0,0,0,0,0,0,0.00,0.00,0.00,0.00,0.00,0.00,0.00,0.00,0.00,0.00,0.00,N/A
1781391600,Jun 13 2026 - 11:00pm,incomplete,N/A,Sporting JAX II,Inter Gainesville,N/A,N/A,0.00,0.00,0.00,0.00,0,0,0,0,0,0,"","",-1,-1,-1,-1,-1,-1,-1,-1,-1,-1,-1,-1,-1,-1,-1,-1,-1,-1,-1,-1,0.00,0.00,0.00,0.00,0.00,0,0,0,0,0,0,0,0,0,0.00,0.00,0.00,0.00,0.00,0.00,0.00,0.00,0.00,0.00,0.00,N/A
1781393400,Jun 13 2026 - 11:30pm,incomplete,N/A,Charlotte Eagles,Charlotte Independence 2,N/A,N/A,0.00,0.00,0.00,0.00,0,0,0,0,0,0,"","",-1,-1,-1,-1,-1,-1,-1,-1,-1,-1,-1,-1,-1,-1,-1,-1,-1,-1,-1,-1,0.00,0.00,0.00,0.00,0.00,0,0,0,0,0,0,0,0,0,0.00,0.00,0.00,0.00,0.00,0.00,0.00,0.00,0.00,0.00,0.00,Charlotte Christian Stadium
1781393400,Jun 13 2026 - 11:30pm,incomplete,N/A,Westchester Flames,Manhattan,N/A,N/A,0.00,0.00,0.00,0.00,0,0,0,0,0,0,"","",-1,-1,-1,-1,-1,-1,-1,-1,-1,-1,-1,-1,-1,-1,-1,-1,-1,-1,-1,-1,0.00,0.00,0.00,0.00,0.00,0,0,0,0,0,0,0,0,0,0.00,0.00,0.00,0.00,0.00,0.00,0.00,0.00,0.00,0.00,0.00,Skidelsky Field at City Park Stadium
1781393400,Jun 13 2026 - 11:30pm,incomplete,N/A,Bethesda Athletic,Loudoun United II,N/A,N/A,0.00,0.00,0.00,0.00,0,0,0,0,0,0,"","",-1,-1,-1,-1,-1,-1,-1,-1,-1,-1,-1,-1,-1,-1,-1,-1,-1,-1,-1,-1,0.00,0.00,0.00,0.00,0.00,0,0,0,0,0,0,0,0,0,0.00,0.00,0.00,0.00,0.00,0.00,0.00,0.00,0.00,0.00,0.00,N/A
1781393400,Jun 13 2026 - 11:30pm,incomplete,N/A,Ironbound,Cedar Stars Rush,N/A,N/A,0.00,0.00,0.00,0.00,0,0,0,0,0,0,"","",-1,-1,-1,-1,-1,-1,-1,-1,-1,-1,-1,-1,-1,-1,-1,-1,-1,-1,-1,-1,0.00,0.00,0.00,0.00,0.00,0,0,0,0,0,0,0,0,0,0.00,0.00,0.00,0.00,0.00,0.00,0.00,0.00,0.00,0.00,0.00,N/A
1781393400,Jun 13 2026 - 11:30pm,incomplete,N/A,Charlottesville Blues,Hill City,N/A,N/A,0.00,0.00,0.00,0.00,0,0,0,0,0,0,"","",-1,-1,-1,-1,-1,-1,-1,-1,-1,-1,-1,-1,-1,-1,-1,-1,-1,-1,-1,-1,0.00,0.00,0.00,0.00,0.00,0,0,0,0,0,0,0,0,0,0.00,0.00,0.00,0.00,0.00,0.00,0.00,0.00,0.00,0.00,0.00,N/A
1781395200,Jun 14 2026 - 12:00am,incomplete,N/A,St. Croix,Rochester,N/A,N/A,0.00,0.00,0.00,0.00,0,0,0,0,0,0,"","",-1,-1,-1,-1,-1,-1,-1,-1,-1,-1,-1,-1,-1,-1,-1,-1,-1,-1,-1,-1,0.00,0.00,0.00,0.00,0.00,0,0,0,0,0,0,0,0,0,0.00,0.00,0.00,0.00,0.00,0.00,0.00,0.00,0.00,0.00,0.00,N/A
1781395200,Jun 14 2026 - 12:00am,incomplete,N/A,North Carolina II,North Carolina Fusion U23,N/A,N/A,0.00,0.00,0.00,0.00,0,0,0,0,0,0,"","",-1,-1,-1,-1,-1,-1,-1,-1,-1,-1,-1,-1,-1,-1,-1,-1,-1,-1,-1,-1,0.00,0.00,0.00,0.00,0.00,0,0,0,0,0,0,0,0,0,0.00,0.00,0.00,0.00,0.00,0.00,0.00,0.00,0.00,0.00,0.00,N/A
1781395200,Jun 14 2026 - 12:00am,incomplete,N/A,Montgomery United,Southern Soccer Academy,N/A,N/A,0.00,0.00,0.00,0.00,0,0,0,0,0,0,"","",-1,-1,-1,-1,-1,-1,-1,-1,-1,-1,-1,-1,-1,-1,-1,-1,-1,-1,-1,-1,0.00,0.00,0.00,0.00,0.00,0,0,0,0,0,0,0,0,0,0.00,0.00,0.00,0.00,0.00,0.00,0.00,0.00,0.00,0.00,0.00,N/A
1781395200,Jun 14 2026 - 12:00am,incomplete,N/A,Southern California Seahorses,Stars FC,N/A,N/A,0.00,0.00,0.00,0.00,0,0,0,0,0,0,"","",-1,-1,-1,-1,-1,-1,-1,-1,-1,-1,-1,-1,-1,-1,-1,-1,-1,-1,-1,-1,0.00,0.00,0.00,0.00,0.00,0,0,0,0,0,0,0,0,0,0.00,0.00,0.00,0.00,0.00,0.00,0.00,0.00,0.00,0.00,0.00,N/A
1781395200,Jun 14 2026 - 12:00am,incomplete,N/A,Des Moines Menace,Springfield,N/A,N/A,0.00,0.00,0.00,0.00,0,0,0,0,0,0,"","",-1,-1,-1,-1,-1,-1,-1,-1,-1,-1,-1,-1,-1,-1,-1,-1,-1,-1,-1,-1,0.00,0.00,0.00,0.00,0.00,0,0,0,0,0,0,0,0,0,0.00,0.00,0.00,0.00,0.00,0.00,0.00,0.00,0.00,0.00,0.00,Valley Stadium
1781395200,Jun 14 2026 - 12:00am,incomplete,N/A,St. Louis Ambush,Sunflower State,N/A,N/A,0.00,0.00,0.00,0.00,0,0,0,0,0,0,"","",-1,-1,-1,-1,-1,-1,-1,-1,-1,-1,-1,-1,-1,-1,-1,-1,-1,-1,-1,-1,0.00,0.00,0.00,0.00,0.00,0,0,0,0,0,0,0,0,0,0.00,0.00,0.00,0.00,0.00,0.00,0.00,0.00,0.00,0.00,0.00,N/A
1781395200,Jun 14 2026 - 12:00am,incomplete,N/A,Louisiana Krewe,Little Rock Rangers,N/A,N/A,0.00,0.00,0.00,0.00,0,0,0,0,0,0,"","",-1,-1,-1,-1,-1,-1,-1,-1,-1,-1,-1,-1,-1,-1,-1,-1,-1,-1,-1,-1,0.00,0.00,0.00,0.00,0.00,0,0,0,0,0,0,0,0,0,0.00,0.00,0.00,0.00,0.00,0.00,0.00,0.00,0.00,0.00,0.00,N/A
1781395200,Jun 14 2026 - 12:00am,incomplete,N/A,Red River,Memphis FC,N/A,N/A,0.00,0.00,0.00,0.00,0,0,0,0,0,0,"","",-1,-1,-1,-1,-1,-1,-1,-1,-1,-1,-1,-1,-1,-1,-1,-1,-1,-1,-1,-1,0.00,0.00,0.00,0.00,0.00,0,0,0,0,0,0,0,0,0,0.00,0.00,0.00,0.00,0.00,0.00,0.00,0.00,0.00,0.00,0.00,N/A
1781395200,Jun 14 2026 - 12:00am,incomplete,N/A,Hattiesburg,Mississippi Brilla,N/A,N/A,0.00,0.00,0.00,0.00,0,0,0,0,0,0,"","",-1,-1,-1,-1,-1,-1,-1,-1,-1,-1,-1,-1,-1,-1,-1,-1,-1,-1,-1,-1,0.00,0.00,0.00,0.00,0.00,0,0,0,0,0,0,0,0,0,0.00,0.00,0.00,0.00,0.00,0.00,0.00,0.00,0.00,0.00,0.00,N/A
1781395200,Jun 14 2026 - 12:00am,incomplete,N/A,Dothan United,East Atlanta,N/A,N/A,0.00,0.00,0.00,0.00,0,0,0,0,0,0,"","",-1,-1,-1,-1,-1,-1,-1,-1,-1,-1,-1,-1,-1,-1,-1,-1,-1,-1,-1,-1,0.00,0.00,0.00,0.00,0.00,0,0,0,0,0,0,0,0,0,0.00,0.00,0.00,0.00,0.00,0.00,0.00,0.00,0.00,0.00,0.00,N/A
1781395200,Jun 14 2026 - 12:00am,incomplete,N/A,Lonestar,Houston Sur,N/A,N/A,0.00,0.00,0.00,0.00,0,0,0,0,0,0,"","",-1,-1,-1,-1,-1,-1,-1,-1,-1,-1,-1,-1,-1,-1,-1,-1,-1,-1,-1,-1,0.00,0.00,0.00,0.00,0.00,0,0,0,0,0,0,0,0,0,0.00,0.00,0.00,0.00,0.00,0.00,0.00,0.00,0.00,0.00,0.00,N/A
1781395200,Jun 14 2026 - 12:00am,incomplete,N/A,Lubbock Matadors,Fort Worth Vaqueros,N/A,N/A,0.00,0.00,0.00,0.00,0,0,0,0,0,0,"","",-1,-1,-1,-1,-1,-1,-1,-1,-1,-1,-1,-1,-1,-1,-1,-1,-1,-1,-1,-1,0.00,0.00,0.00,0.00,0.00,0,0,0,0,0,0,0,0,0,0.00,0.00,0.00,0.00,0.00,0.00,0.00,0.00,0.00,0.00,0.00,N/A
1781397000,Jun 14 2026 - 12:30am,incomplete,N/A,Peoria City,Santafé Wanderers,N/A,N/A,0.00,0.00,0.00,0.00,0,0,0,0,0,0,"","",-1,-1,-1,-1,-1,-1,-1,-1,-1,-1,-1,-1,-1,-1,-1,-1,-1,-1,-1,-1,0.00,0.00,0.00,0.00,0.00,0,0,0,0,0,0,0,0,0,0.00,0.00,0.00,0.00,0.00,0.00,0.00,0.00,0.00,0.00,0.00,N/A
1781397000,Jun 14 2026 - 12:30am,incomplete,N/A,Denton Diablos,Texoma,N/A,N/A,0.00,0.00,0.00,0.00,0,0,0,0,0,0,"","",-1,-1,-1,-1,-1,-1,-1,-1,-1,-1,-1,-1,-1,-1,-1,-1,-1,-1,-1,-1,0.00,0.00,0.00,0.00,0.00,0,0,0,0,0,0,0,0,0,0.00,0.00,0.00,0.00,0.00,0.00,0.00,0.00,0.00,0.00,0.00,N/A
1781397000,Jun 14 2026 - 12:30am,incomplete,N/A,West Texas,McKinney Chupacabras,N/A,N/A,0.00,0.00,0.00,0.00,0,0,0,0,0,0,"","",-1,-1,-1,-1,-1,-1,-1,-1,-1,-1,-1,-1,-1,-1,-1,-1,-1,-1,-1,-1,0.00,0.00,0.00,0.00,0.00,0,0,0,0,0,0,0,0,0,0.00,0.00,0.00,0.00,0.00,0.00,0.00,0.00,0.00,0.00,0.00,N/A
1781398800,Jun 14 2026 - 1:00am,incomplete,N/A,Flatirons Rush,Real Colorado,N/A,N/A,0.00,0.00,0.00,0.00,0,0,0,0,0,0,"","",-1,-1,-1,-1,-1,-1,-1,-1,-1,-1,-1,-1,-1,-1,-1,-1,-1,-1,-1,-1,0.00,0.00,0.00,0.00,0.00,0,0,0,0,0,0,0,0,0,0.00,0.00,0.00,0.00,0.00,0.00,0.00,0.00,0.00,0.00,0.00,N/A
1781398800,Jun 14 2026 - 1:00am,incomplete,N/A,AC Connecticut,Seacoast United Phantoms,N/A,N/A,0.00,0.00,0.00,0.00,0,0,0,0,0,0,"","",-1,-1,-1,-1,-1,-1,-1,-1,-1,-1,-1,-1,-1,-1,-1,-1,-1,-1,-1,-1,0.00,0.00,0.00,0.00,0.00,0,0,0,0,0,0,0,0,0,0.00,0.00,0.00,0.00,0.00,0.00,0.00,0.00,0.00,0.00,0.00,N/A
1781402400,Jun 14 2026 - 2:00am,incomplete,N/A,Utah United,Albion Colorado,N/A,N/A,0.00,0.00,0.00,0.00,0,0,0,0,0,0,"","",-1,-1,-1,-1,-1,-1,-1,-1,-1,-1,-1,-1,-1,-1,-1,-1,-1,-1,-1,-1,0.00,0.00,0.00,0.00,0.00,0,0,0,0,0,0,0,0,0,0.00,0.00,0.00,0.00,0.00,0.00,0.00,0.00,0.00,0.00,0.00,N/A
1781456400,Jun 14 2026 - 5:00pm,incomplete,N/A,San Antonio II,Houston FC,N/A,N/A,0.00,0.00,0.00,0.00,0,0,0,0,0,0,"","",-1,-1,-1,-1,-1,-1,-1,-1,-1,-1,-1,-1,-1,-1,-1,-1,-1,-1,-1,-1,0.00,0.00,0.00,0.00,0.00,0,0,0,0,0,0,0,0,0,0.00,0.00,0.00,0.00,0.00,0.00,0.00,0.00,0.00,0.00,0.00,N/A
1781460000,Jun 14 2026 - 6:00pm,incomplete,N/A,SF Glens,Project 51O,N/A,N/A,0.00,0.00,0.00,0.00,0,0,0,0,0,0,"","",-1,-1,-1,-1,-1,-1,-1,-1,-1,-1,-1,-1,-1,-1,-1,-1,-1,-1,-1,-1,0.00,0.00,0.00,0.00,0.00,0,0,0,0,0,0,0,0,0,0.00,0.00,0.00,0.00,0.00,0.00,0.00,0.00,0.00,0.00,0.00,N/A
1781478000,Jun 14 2026 - 11:00pm,incomplete,N/A,RKC,Edgewater Castle,N/A,N/A,0.00,0.00,0.00,0.00,0,0,0,0,0,0,"","",-1,-1,-1,-1,-1,-1,-1,-1,-1,-1,-1,-1,-1,-1,-1,-1,-1,-1,-1,-1,0.00,0.00,0.00,0.00,0.00,0,0,0,0,0,0,0,0,0,0.00,0.00,0.00,0.00,0.00,0.00,0.00,0.00,0.00,0.00,0.00,N/A
1781478000,Jun 14 2026 - 11:00pm,incomplete,N/A,Bigfoot,Oly Town,N/A,N/A,0.00,0.00,0.00,0.00,0,0,0,0,0,0,"","",-1,-1,-1,-1,-1,-1,-1,-1,-1,-1,-1,-1,-1,-1,-1,-1,-1,-1,-1,-1,0.00,0.00,0.00,0.00,0.00,0,0,0,0,0,0,0,0,0,0.00,0.00,0.00,0.00,0.00,0.00,0.00,0.00,0.00,0.00,0.00,N/A
1781478000,Jun 14 2026 - 11:00pm,incomplete,N/A,The Villages,Nona,N/A,N/A,0.00,0.00,0.00,0.00,0,0,0,0,0,0,"","",-1,-1,-1,-1,-1,-1,-1,-1,-1,-1,-1,-1,-1,-1,-1,-1,-1,-1,-1,-1,0.00,0.00,0.00,0.00,0.00,0,0,0,0,0,0,0,0,0,0.00,0.00,0.00,0.00,0.00,0.00,0.00,0.00,0.00,0.00,0.00,N/A
1781481600,Jun 15 2026 - 12:00am,incomplete,N/A,City SC,Ventura County Fusion,N/A,N/A,0.00,0.00,0.00,0.00,0,0,0,0,0,0,"","",-1,-1,-1,-1,-1,-1,-1,-1,-1,-1,-1,-1,-1,-1,-1,-1,-1,-1,-1,-1,0.00,0.00,0.00,0.00,0.00,0,0,0,0,0,0,0,0,0,0.00,0.00,0.00,0.00,0.00,0.00,0.00,0.00,0.00,0.00,0.00,N/A
1781481600,Jun 15 2026 - 12:00am,incomplete,N/A,Brazos Valley,Hill Country Lobos,N/A,N/A,0.00,0.00,0.00,0.00,0,0,0,0,0,0,"","",-1,-1,-1,-1,-1,-1,-1,-1,-1,-1,-1,-1,-1,-1,-1,-1,-1,-1,-1,-1,0.00,0.00,0.00,0.00,0.00,0,0,0,0,0,0,0,0,0,0.00,0.00,0.00,0.00,0.00,0.00,0.00,0.00,0.00,0.00,0.00,N/A
1781485200,Jun 15 2026 - 1:00am,incomplete,N/A,Snohomish United,West Seattle Junction,N/A,N/A,0.00,0.00,0.00,0.00,0,0,0,0,0,0,"","",-1,-1,-1,-1,-1,-1,-1,-1,-1,-1,-1,-1,-1,-1,-1,-1,-1,-1,-1,-1,0.00,0.00,0.00,0.00,0.00,0,0,0,0,0,0,0,0,0,0.00,0.00,0.00,0.00,0.00,0.00,0.00,0.00,0.00,0.00,0.00,N/A
1781488800,Jun 15 2026 - 2:00am,incomplete,N/A,Bangers,Ballard,N/A,N/A,0.00,0.00,0.00,0.00,0,0,0,0,0,0,"","",-1,-1,-1,-1,-1,-1,-1,-1,-1,-1,-1,-1,-1,-1,-1,-1,-1,-1,-1,-1,0.00,0.00,0.00,0.00,0.00,0,0,0,0,0,0,0,0,0,0.00,0.00,0.00,0.00,0.00,0.00,0.00,0.00,0.00,0.00,0.00,N/A
1781488800,Jun 15 2026 - 2:00am,incomplete,N/A,San Juan SC,Academica,N/A,N/A,0.00,0.00,0.00,0.00,0,0,0,0,0,0,"","",-1,-1,-1,-1,-1,-1,-1,-1,-1,-1,-1,-1,-1,-1,-1,-1,-1,-1,-1,-1,0.00,0.00,0.00,0.00,0.00,0,0,0,0,0,0,0,0,0,0.00,0.00,0.00,0.00,0.00,0.00,0.00,0.00,0.00,0.00,0.00,N/A
1781571600,Jun 16 2026 - 1:00am,incomplete,N/A,Real Colorado,Atlético Unión,N/A,N/A,0.00,0.00,0.00,0.00,0,0,0,0,0,0,"","",-1,-1,-1,-1,-1,-1,-1,-1,-1,-1,-1,-1,-1,-1,-1,-1,-1,-1,-1,-1,0.00,0.00,0.00,0.00,0.00,0,0,0,0,0,0,0,0,0,0.00,0.00,0.00,0.00,0.00,0.00,0.00,0.00,0.00,0.00,0.00,N/A
1781643600,Jun 16 2026 - 9:00pm,incomplete,N/A,New Jersey Copa FC,Staten Island Athletic,N/A,N/A,0.00,0.00,0.00,0.00,0,0,0,0,0,0,"","",-1,-1,-1,-1,-1,-1,-1,-1,-1,-1,-1,-1,-1,-1,-1,-1,-1,-1,-1,-1,0.00,0.00,0.00,0.00,0.00,0,0,0,0,0,0,0,0,0,0.00,0.00,0.00,0.00,0.00,0.00,0.00,0.00,0.00,0.00,0.00,N/A
1781647200,Jun 16 2026 - 10:00pm,incomplete,N/A,Cleveland Force,Erie Sports Center,N/A,N/A,0.00,0.00,0.00,0.00,0,0,0,0,0,0,"","",-1,-1,-1,-1,-1,-1,-1,-1,-1,-1,-1,-1,-1,-1,-1,-1,-1,-1,-1,-1,0.00,0.00,0.00,0.00,0.00,0,0,0,0,0,0,0,0,0,0.00,0.00,0.00,0.00,0.00,0.00,0.00,0.00,0.00,0.00,0.00,N/A
1781650800,Jun 16 2026 - 11:00pm,incomplete,N/A,Reading United,Real Central New Jersey,N/A,N/A,0.00,0.00,0.00,0.00,0,0,0,0,0,0,"","",-1,-1,-1,-1,-1,-1,-1,-1,-1,-1,-1,-1,-1,-1,-1,-1,-1,-1,-1,-1,0.00,0.00,0.00,0.00,0.00,0,0,0,0,0,0,0,0,0,0.00,0.00,0.00,0.00,0.00,0.00,0.00,0.00,0.00,0.00,0.00,N/A
1781650800,Jun 16 2026 - 11:00pm,incomplete,N/A,Vermont Green,Seacoast United Phantoms,N/A,N/A,0.00,0.00,0.00,0.00,0,0,0,0,0,0,"","",-1,-1,-1,-1,-1,-1,-1,-1,-1,-1,-1,-1,-1,-1,-1,-1,-1,-1,-1,-1,0.00,0.00,0.00,0.00,0.00,0,0,0,0,0,0,0,0,0,0.00,0.00,0.00,0.00,0.00,0.00,0.00,0.00,0.00,0.00,0.00,N/A
1781650800,Jun 16 2026 - 11:00pm,incomplete,N/A,FC Boston Bolts,Boston City FC,N/A,N/A,0.00,0.00,0.00,0.00,0,0,0,0,0,0,"","",-1,-1,-1,-1,-1,-1,-1,-1,-1,-1,-1,-1,-1,-1,-1,-1,-1,-1,-1,-1,0.00,0.00,0.00,0.00,0.00,0,0,0,0,0,0,0,0,0,0.00,0.00,0.00,0.00,0.00,0.00,0.00,0.00,0.00,0.00,0.00,Mount Ida College
1781650800,Jun 16 2026 - 11:00pm,incomplete,N/A,Eagle FC,Lehigh Valley Utd. Sonic,N/A,N/A,0.00,0.00,0.00,0.00,0,0,0,0,0,0,"","",-1,-1,-1,-1,-1,-1,-1,-1,-1,-1,-1,-1,-1,-1,-1,-1,-1,-1,-1,-1,0.00,0.00,0.00,0.00,0.00,0,0,0,0,0,0,0,0,0,0.00,0.00,0.00,0.00,0.00,0.00,0.00,0.00,0.00,0.00,0.00,N/A
1781652600,Jun 16 2026 - 11:30pm,incomplete,N/A,Manhattan,Long Island Rough Riders,N/A,N/A,0.00,0.00,0.00,0.00,0,0,0,0,0,0,"","",-1,-1,-1,-1,-1,-1,-1,-1,-1,-1,-1,-1,-1,-1,-1,-1,-1,-1,-1,-1,0.00,0.00,0.00,0.00,0.00,0,0,0,0,0,0,0,0,0,0.00,0.00,0.00,0.00,0.00,0.00,0.00,0.00,0.00,0.00,0.00,N/A
1781654400,Jun 17 2026 - 12:00am,incomplete,N/A,FC Motown II,Hudson Valley Hammers,N/A,N/A,0.00,0.00,0.00,0.00,0,0,0,0,0,0,"","",-1,-1,-1,-1,-1,-1,-1,-1,-1,-1,-1,-1,-1,-1,-1,-1,-1,-1,-1,-1,0.00,0.00,0.00,0.00,0.00,0,0,0,0,0,0,0,0,0,0.00,0.00,0.00,0.00,0.00,0.00,0.00,0.00,0.00,0.00,0.00,N/A
1781654400,Jun 17 2026 - 12:00am,incomplete,N/A,Christos,Evergreen,N/A,N/A,0.00,0.00,0.00,0.00,0,0,0,0,0,0,"","",-1,-1,-1,-1,-1,-1,-1,-1,-1,-1,-1,-1,-1,-1,-1,-1,-1,-1,-1,-1,0.00,0.00,0.00,0.00,0.00,0,0,0,0,0,0,0,0,0,0.00,0.00,0.00,0.00,0.00,0.00,0.00,0.00,0.00,0.00,0.00,N/A
1781654400,Jun 17 2026 - 12:00am,incomplete,N/A,Houston Sur,GFI,N/A,N/A,0.00,0.00,0.00,0.00,0,0,0,0,0,0,"","",-1,-1,-1,-1,-1,-1,-1,-1,-1,-1,-1,-1,-1,-1,-1,-1,-1,-1,-1,-1,0.00,0.00,0.00,0.00,0.00,0,0,0,0,0,0,0,0,0,0.00,0.00,0.00,0.00,0.00,0.00,0.00,0.00,0.00,0.00,0.00,N/A
1781656200,Jun 17 2026 - 12:30am,incomplete,N/A,West Chester United II,Philadelphia Lone Star,N/A,N/A,0.00,0.00,0.00,0.00,0,0,0,0,0,0,"","",-1,-1,-1,-1,-1,-1,-1,-1,-1,-1,-1,-1,-1,-1,-1,-1,-1,-1,-1,-1,0.00,0.00,0.00,0.00,0.00,0,0,0,0,0,0,0,0,0,0.00,0.00,0.00,0.00,0.00,0.00,0.00,0.00,0.00,0.00,0.00,N/A
1781656200,Jun 17 2026 - 12:30am,incomplete,N/A,Delaware FC,Pennsylvania Classics,N/A,N/A,0.00,0.00,0.00,0.00,0,0,0,0,0,0,"","",-1,-1,-1,-1,-1,-1,-1,-1,-1,-1,-1,-1,-1,-1,-1,-1,-1,-1,-1,-1,0.00,0.00,0.00,0.00,0.00,0,0,0,0,0,0,0,0,0,0.00,0.00,0.00,0.00,0.00,0.00,0.00,0.00,0.00,0.00,0.00,N/A
1781730000,Jun 17 2026 - 9:00pm,incomplete,N/A,Charlotte Eagles,SC United Bantams,N/A,N/A,0.00,0.00,0.00,0.00,0,0,0,0,0,0,"","",-1,-1,-1,-1,-1,-1,-1,-1,-1,-1,-1,-1,-1,-1,-1,-1,-1,-1,-1,-1,0.00,0.00,0.00,0.00,0.00,0,0,0,0,0,0,0,0,0,0.00,0.00,0.00,0.00,0.00,0.00,0.00,0.00,0.00,0.00,0.00,Charlotte Christian Stadium
1781733600,Jun 17 2026 - 10:00pm,incomplete,N/A,Rochester,RKC,N/A,N/A,0.00,0.00,0.00,0.00,0,0,0,0,0,0,"","",-1,-1,-1,-1,-1,-1,-1,-1,-1,-1,-1,-1,-1,-1,-1,-1,-1,-1,-1,-1,0.00,0.00,0.00,0.00,0.00,0,0,0,0,0,0,0,0,0,0.00,0.00,0.00,0.00,0.00,0.00,0.00,0.00,0.00,0.00,0.00,N/A
1781733600,Jun 17 2026 - 10:00pm,incomplete,N/A,Louisville City II,Dayton Dutch Lions,N/A,N/A,0.00,0.00,0.00,0.00,0,0,0,0,0,0,"","",-1,-1,-1,-1,-1,-1,-1,-1,-1,-1,-1,-1,-1,-1,-1,-1,-1,-1,-1,-1,0.00,0.00,0.00,0.00,0.00,0,0,0,0,0,0,0,0,0,0.00,0.00,0.00,0.00,0.00,0.00,0.00,0.00,0.00,0.00,0.00,N/A
1781735400,Jun 17 2026 - 10:30pm,incomplete,N/A,Port City,Hickory,N/A,N/A,0.00,0.00,0.00,0.00,0,0,0,0,0,0,"","",-1,-1,-1,-1,-1,-1,-1,-1,-1,-1,-1,-1,-1,-1,-1,-1,-1,-1,-1,-1,0.00,0.00,0.00,0.00,0.00,0,0,0,0,0,0,0,0,0,0.00,0.00,0.00,0.00,0.00,0.00,0.00,0.00,0.00,0.00,0.00,N/A
1781737200,Jun 17 2026 - 11:00pm,incomplete,N/A,Toledo Villa,Kings Hammer Columbus,N/A,N/A,0.00,0.00,0.00,0.00,0,0,0,0,0,0,"","",-1,-1,-1,-1,-1,-1,-1,-1,-1,-1,-1,-1,-1,-1,-1,-1,-1,-1,-1,-1,0.00,0.00,0.00,0.00,0.00,0,0,0,0,0,0,0,0,0,0.00,0.00,0.00,0.00,0.00,0.00,0.00,0.00,0.00,0.00,0.00,N/A
1781737200,Jun 17 2026 - 11:00pm,incomplete,N/A,Connecticut Rush,Western Mass Pioneers,N/A,N/A,0.00,0.00,0.00,0.00,0,0,0,0,0,0,"","",-1,-1,-1,-1,-1,-1,-1,-1,-1,-1,-1,-1,-1,-1,-1,-1,-1,-1,-1,-1,0.00,0.00,0.00,0.00,0.00,0,0,0,0,0,0,0,0,0,0.00,0.00,0.00,0.00,0.00,0.00,0.00,0.00,0.00,0.00,0.00,N/A
1781737200,Jun 17 2026 - 11:00pm,incomplete,N/A,Tobacco Road FC,Appalachian,N/A,N/A,0.00,0.00,0.00,0.00,0,0,0,0,0,0,"","",-1,-1,-1,-1,-1,-1,-1,-1,-1,-1,-1,-1,-1,-1,-1,-1,-1,-1,-1,-1,0.00,0.00,0.00,0.00,0.00,0,0,0,0,0,0,0,0,0,0.00,0.00,0.00,0.00,0.00,0.00,0.00,0.00,0.00,0.00,0.00,N/A
1781737200,Jun 17 2026 - 11:00pm,incomplete,N/A,Blackwatch Rush,AC Connecticut,N/A,N/A,0.00,0.00,0.00,0.00,0,0,0,0,0,0,"","",-1,-1,-1,-1,-1,-1,-1,-1,-1,-1,-1,-1,-1,-1,-1,-1,-1,-1,-1,-1,0.00,0.00,0.00,0.00,0.00,0,0,0,0,0,0,0,0,0,0.00,0.00,0.00,0.00,0.00,0.00,0.00,0.00,0.00,0.00,0.00,N/A
1781737200,Jun 17 2026 - 11:00pm,incomplete,N/A,Wake,North Carolina II,N/A,N/A,0.00,0.00,0.00,0.00,0,0,0,0,0,0,"","",-1,-1,-1,-1,-1,-1,-1,-1,-1,-1,-1,-1,-1,-1,-1,-1,-1,-1,-1,-1,0.00,0.00,0.00,0.00,0.00,0,0,0,0,0,0,0,0,0,0.00,0.00,0.00,0.00,0.00,0.00,0.00,0.00,0.00,0.00,0.00,N/A
1781737200,Jun 17 2026 - 11:00pm,incomplete,N/A,Charlotte Independence 2,North Carolina Fusion U23,N/A,N/A,0.00,0.00,0.00,0.00,0,0,0,0,0,0,"","",-1,-1,-1,-1,-1,-1,-1,-1,-1,-1,-1,-1,-1,-1,-1,-1,-1,-1,-1,-1,0.00,0.00,0.00,0.00,0.00,0,0,0,0,0,0,0,0,0,0.00,0.00,0.00,0.00,0.00,0.00,0.00,0.00,0.00,0.00,0.00,N/A
1781737200,Jun 17 2026 - 11:00pm,incomplete,N/A,Jackson Boom,Red River,N/A,N/A,0.00,0.00,0.00,0.00,0,0,0,0,0,0,"","",-1,-1,-1,-1,-1,-1,-1,-1,-1,-1,-1,-1,-1,-1,-1,-1,-1,-1,-1,-1,0.00,0.00,0.00,0.00,0.00,0,0,0,0,0,0,0,0,0,0.00,0.00,0.00,0.00,0.00,0.00,0.00,0.00,0.00,0.00,0.00,N/A
1781737200,Jun 17 2026 - 11:00pm,incomplete,N/A,SF Glens,Academica,N/A,N/A,0.00,0.00,0.00,0.00,0,0,0,0,0,0,"","",-1,-1,-1,-1,-1,-1,-1,-1,-1,-1,-1,-1,-1,-1,-1,-1,-1,-1,-1,-1,0.00,0.00,0.00,0.00,0.00,0,0,0,0,0,0,0,0,0,0.00,0.00,0.00,0.00,0.00,0.00,0.00,0.00,0.00,0.00,0.00,N/A
1781737200,Jun 17 2026 - 11:00pm,incomplete,N/A,Riverhounds II,Lorain County Leviathan,N/A,N/A,0.00,0.00,0.00,0.00,0,0,0,0,0,0,"","",-1,-1,-1,-1,-1,-1,-1,-1,-1,-1,-1,-1,-1,-1,-1,-1,-1,-1,-1,-1,0.00,0.00,0.00,0.00,0.00,0,0,0,0,0,0,0,0,0,0.00,0.00,0.00,0.00,0.00,0.00,0.00,0.00,0.00,0.00,0.00,N/A
1781737200,Jun 17 2026 - 11:00pm,incomplete,N/A,Kalamazoo FC,Michigan Bucks,N/A,N/A,0.00,0.00,0.00,0.00,0,0,0,0,0,0,"","",-1,-1,-1,-1,-1,-1,-1,-1,-1,-1,-1,-1,-1,-1,-1,-1,-1,-1,-1,-1,0.00,0.00,0.00,0.00,0.00,0,0,0,0,0,0,0,0,0,0.00,0.00,0.00,0.00,0.00,0.00,0.00,0.00,0.00,0.00,0.00,N/A
1781737200,Jun 17 2026 - 11:00pm,incomplete,N/A,Lionsbridge,Patuxent,N/A,N/A,0.00,0.00,0.00,0.00,0,0,0,0,0,0,"","",-1,-1,-1,-1,-1,-1,-1,-1,-1,-1,-1,-1,-1,-1,-1,-1,-1,-1,-1,-1,0.00,0.00,0.00,0.00,0.00,0,0,0,0,0,0,0,0,0,0.00,0.00,0.00,0.00,0.00,0.00,0.00,0.00,0.00,0.00,0.00,N/A
1781737200,Jun 17 2026 - 11:00pm,incomplete,N/A,Virginia Beach United,Bethesda Athletic,N/A,N/A,0.00,0.00,0.00,0.00,0,0,0,0,0,0,"","",-1,-1,-1,-1,-1,-1,-1,-1,-1,-1,-1,-1,-1,-1,-1,-1,-1,-1,-1,-1,0.00,0.00,0.00,0.00,0.00,0,0,0,0,0,0,0,0,0,0.00,0.00,0.00,0.00,0.00,0.00,0.00,0.00,0.00,0.00,0.00,N/A
1781737200,Jun 17 2026 - 11:00pm,incomplete,N/A,Annapolis Blues,Hill City,N/A,N/A,0.00,0.00,0.00,0.00,0,0,0,0,0,0,"","",-1,-1,-1,-1,-1,-1,-1,-1,-1,-1,-1,-1,-1,-1,-1,-1,-1,-1,-1,-1,0.00,0.00,0.00,0.00,0.00,0,0,0,0,0,0,0,0,0,0.00,0.00,0.00,0.00,0.00,0.00,0.00,0.00,0.00,0.00,0.00,N/A
1781737200,Jun 17 2026 - 11:00pm,incomplete,N/A,Sporting JAX II,Nona,N/A,N/A,0.00,0.00,0.00,0.00,0,0,0,0,0,0,"","",-1,-1,-1,-1,-1,-1,-1,-1,-1,-1,-1,-1,-1,-1,-1,-1,-1,-1,-1,-1,0.00,0.00,0.00,0.00,0.00,0,0,0,0,0,0,0,0,0,0.00,0.00,0.00,0.00,0.00,0.00,0.00,0.00,0.00,0.00,0.00,N/A
1781737200,Jun 17 2026 - 11:00pm,incomplete,N/A,Weston FC,Miami FC,N/A,N/A,0.00,0.00,0.00,0.00,0,0,0,0,0,0,"","",-1,-1,-1,-1,-1,-1,-1,-1,-1,-1,-1,-1,-1,-1,-1,-1,-1,-1,-1,-1,0.00,0.00,0.00,0.00,0.00,0,0,0,0,0,0,0,0,0,0.00,0.00,0.00,0.00,0.00,0.00,0.00,0.00,0.00,0.00,0.00,N/A
1781739000,Jun 17 2026 - 11:30pm,incomplete,N/A,East Atlanta,Montgomery United,N/A,N/A,0.00,0.00,0.00,0.00,0,0,0,0,0,0,"","",-1,-1,-1,-1,-1,-1,-1,-1,-1,-1,-1,-1,-1,-1,-1,-1,-1,-1,-1,-1,0.00,0.00,0.00,0.00,0.00,0,0,0,0,0,0,0,0,0,0.00,0.00,0.00,0.00,0.00,0.00,0.00,0.00,0.00,0.00,0.00,N/A
1781739000,Jun 17 2026 - 11:30pm,incomplete,N/A,Columbus United,Birmingham Legion II,N/A,N/A,0.00,0.00,0.00,0.00,0,0,0,0,0,0,"","",-1,-1,-1,-1,-1,-1,-1,-1,-1,-1,-1,-1,-1,-1,-1,-1,-1,-1,-1,-1,0.00,0.00,0.00,0.00,0.00,0,0,0,0,0,0,0,0,0,0.00,0.00,0.00,0.00,0.00,0.00,0.00,0.00,0.00,0.00,0.00,N/A
1781739000,Jun 17 2026 - 11:30pm,incomplete,N/A,Westchester Flames,Ironbound,N/A,N/A,0.00,0.00,0.00,0.00,0,0,0,0,0,0,"","",-1,-1,-1,-1,-1,-1,-1,-1,-1,-1,-1,-1,-1,-1,-1,-1,-1,-1,-1,-1,0.00,0.00,0.00,0.00,0.00,0,0,0,0,0,0,0,0,0,0.00,0.00,0.00,0.00,0.00,0.00,0.00,0.00,0.00,0.00,0.00,Skidelsky Field at City Park Stadium
1781739000,Jun 17 2026 - 11:30pm,incomplete,N/A,Apotheos,Southern Soccer Academy,N/A,N/A,0.00,0.00,0.00,0.00,0,0,0,0,0,0,"","",-1,-1,-1,-1,-1,-1,-1,-1,-1,-1,-1,-1,-1,-1,-1,-1,-1,-1,-1,-1,0.00,0.00,0.00,0.00,0.00,0,0,0,0,0,0,0,0,0,0.00,0.00,0.00,0.00,0.00,0.00,0.00,0.00,0.00,0.00,0.00,N/A
1781740800,Jun 18 2026 - 12:00am,incomplete,N/A,Rockford Raptors,Sueno,N/A,N/A,0.00,0.00,0.00,0.00,0,0,0,0,0,0,"","",-1,-1,-1,-1,-1,-1,-1,-1,-1,-1,-1,-1,-1,-1,-1,-1,-1,-1,-1,-1,0.00,0.00,0.00,0.00,0.00,0,0,0,0,0,0,0,0,0,0.00,0.00,0.00,0.00,0.00,0.00,0.00,0.00,0.00,0.00,0.00,N/A
1781740800,Jun 18 2026 - 12:00am,incomplete,N/A,Memphis FC,Little Rock Rangers,N/A,N/A,0.00,0.00,0.00,0.00,0,0,0,0,0,0,"","",-1,-1,-1,-1,-1,-1,-1,-1,-1,-1,-1,-1,-1,-1,-1,-1,-1,-1,-1,-1,0.00,0.00,0.00,0.00,0.00,0,0,0,0,0,0,0,0,0,0.00,0.00,0.00,0.00,0.00,0.00,0.00,0.00,0.00,0.00,0.00,N/A
1781740800,Jun 18 2026 - 12:00am,incomplete,N/A,St. Louis Ambush,Des Moines Menace,N/A,N/A,0.00,0.00,0.00,0.00,0,0,0,0,0,0,"","",-1,-1,-1,-1,-1,-1,-1,-1,-1,-1,-1,-1,-1,-1,-1,-1,-1,-1,-1,-1,0.00,0.00,0.00,0.00,0.00,0,0,0,0,0,0,0,0,0,0.00,0.00,0.00,0.00,0.00,0.00,0.00,0.00,0.00,0.00,0.00,N/A
1781740800,Jun 18 2026 - 12:00am,incomplete,N/A,Brooke House,Inter Gainesville,N/A,N/A,0.00,0.00,0.00,0.00,0,0,0,0,0,0,"","",-1,-1,-1,-1,-1,-1,-1,-1,-1,-1,-1,-1,-1,-1,-1,-1,-1,-1,-1,-1,0.00,0.00,0.00,0.00,0.00,0,0,0,0,0,0,0,0,0,0.00,0.00,0.00,0.00,0.00,0.00,0.00,0.00,0.00,0.00,0.00,N/A
1781740800,Jun 18 2026 - 12:00am,incomplete,N/A,Louisiana Krewe,Hattiesburg,N/A,N/A,0.00,0.00,0.00,0.00,0,0,0,0,0,0,"","",-1,-1,-1,-1,-1,-1,-1,-1,-1,-1,-1,-1,-1,-1,-1,-1,-1,-1,-1,-1,0.00,0.00,0.00,0.00,0.00,0,0,0,0,0,0,0,0,0,0.00,0.00,0.00,0.00,0.00,0.00,0.00,0.00,0.00,0.00,0.00,N/A
1781742600,Jun 18 2026 - 12:30am,incomplete,N/A,Springfield,Peoria City,N/A,N/A,0.00,0.00,0.00,0.00,0,0,0,0,0,0,"","",-1,-1,-1,-1,-1,-1,-1,-1,-1,-1,-1,-1,-1,-1,-1,-1,-1,-1,-1,-1,0.00,0.00,0.00,0.00,0.00,0,0,0,0,0,0,0,0,0,0.00,0.00,0.00,0.00,0.00,0.00,0.00,0.00,0.00,0.00,0.00,N/A
1781744400,Jun 18 2026 - 1:00am,incomplete,N/A,Laredo Heat,Brazos Valley,N/A,N/A,0.00,0.00,0.00,0.00,0,0,0,0,0,0,"","",-1,-1,-1,-1,-1,-1,-1,-1,-1,-1,-1,-1,-1,-1,-1,-1,-1,-1,-1,-1,0.00,0.00,0.00,0.00,0.00,0,0,0,0,0,0,0,0,0,0.00,0.00,0.00,0.00,0.00,0.00,0.00,0.00,0.00,0.00,0.00,N/A
1781744400,Jun 18 2026 - 1:00am,incomplete,N/A,Miami AC,Lakeland United,N/A,N/A,0.00,0.00,0.00,0.00,0,0,0,0,0,0,"","",-1,-1,-1,-1,-1,-1,-1,-1,-1,-1,-1,-1,-1,-1,-1,-1,-1,-1,-1,-1,0.00,0.00,0.00,0.00,0.00,0,0,0,0,0,0,0,0,0,0.00,0.00,0.00,0.00,0.00,0.00,0.00,0.00,0.00,0.00,0.00,N/A
1781748000,Jun 18 2026 - 2:00am,incomplete,N/A,Southern California Seahorses,Redlands,N/A,N/A,0.00,0.00,0.00,0.00,0,0,0,0,0,0,"","",-1,-1,-1,-1,-1,-1,-1,-1,-1,-1,-1,-1,-1,-1,-1,-1,-1,-1,-1,-1,0.00,0.00,0.00,0.00,0.00,0,0,0,0,0,0,0,0,0,0.00,0.00,0.00,0.00,0.00,0.00,0.00,0.00,0.00,0.00,0.00,N/A
1781748000,Jun 18 2026 - 2:00am,incomplete,N/A,AMSG,Ventura County Fusion,N/A,N/A,0.00,0.00,0.00,0.00,0,0,0,0,0,0,"","",-1,-1,-1,-1,-1,-1,-1,-1,-1,-1,-1,-1,-1,-1,-1,-1,-1,-1,-1,-1,0.00,0.00,0.00,0.00,0.00,0,0,0,0,0,0,0,0,0,0.00,0.00,0.00,0.00,0.00,0.00,0.00,0.00,0.00,0.00,0.00,N/A
1781748000,Jun 18 2026 - 2:00am,incomplete,N/A,Davis Legacy,Marin,N/A,N/A,0.00,0.00,0.00,0.00,0,0,0,0,0,0,"","",-1,-1,-1,-1,-1,-1,-1,-1,-1,-1,-1,-1,-1,-1,-1,-1,-1,-1,-1,-1,0.00,0.00,0.00,0.00,0.00,0,0,0,0,0,0,0,0,0,0.00,0.00,0.00,0.00,0.00,0.00,0.00,0.00,0.00,0.00,0.00,N/A
1781749800,Jun 18 2026 - 2:30am,incomplete,N/A,Fort Worth Vaqueros,McKinney Chupacabras,N/A,N/A,0.00,0.00,0.00,0.00,0,0,0,0,0,0,"","",-1,-1,-1,-1,-1,-1,-1,-1,-1,-1,-1,-1,-1,-1,-1,-1,-1,-1,-1,-1,0.00,0.00,0.00,0.00,0.00,0,0,0,0,0,0,0,0,0,0.00,0.00,0.00,0.00,0.00,0.00,0.00,0.00,0.00,0.00,0.00,N/A
1781751600,Jun 18 2026 - 3:00am,incomplete,N/A,Capo II,City SC,N/A,N/A,0.00,0.00,0.00,0.00,0,0,0,0,0,0,"","",-1,-1,-1,-1,-1,-1,-1,-1,-1,-1,-1,-1,-1,-1,-1,-1,-1,-1,-1,-1,0.00,0.00,0.00,0.00,0.00,0,0,0,0,0,0,0,0,0,0.00,0.00,0.00,0.00,0.00,0.00,0.00,0.00,0.00,0.00,0.00,N/A
1781823600,Jun 18 2026 - 11:00pm,incomplete,N/A,Lansing City,Midwest United,N/A,N/A,0.00,0.00,0.00,0.00,0,0,0,0,0,0,"","",-1,-1,-1,-1,-1,-1,-1,-1,-1,-1,-1,-1,-1,-1,-1,-1,-1,-1,-1,-1,0.00,0.00,0.00,0.00,0.00,0,0,0,0,0,0,0,0,0,0.00,0.00,0.00,0.00,0.00,0.00,0.00,0.00,0.00,0.00,0.00,N/A
1781823600,Jun 18 2026 - 11:00pm,incomplete,N/A,Real Central New Jersey,Ocean City Nor'easters,N/A,N/A,0.00,0.00,0.00,0.00,0,0,0,0,0,0,"","",-1,-1,-1,-1,-1,-1,-1,-1,-1,-1,-1,-1,-1,-1,-1,-1,-1,-1,-1,-1,0.00,0.00,0.00,0.00,0.00,0,0,0,0,0,0,0,0,0,0.00,0.00,0.00,0.00,0.00,0.00,0.00,0.00,0.00,0.00,0.00,N/A
1781827200,Jun 19 2026 - 12:00am,incomplete,N/A,Texoma,West Texas,N/A,N/A,0.00,0.00,0.00,0.00,0,0,0,0,0,0,"","",-1,-1,-1,-1,-1,-1,-1,-1,-1,-1,-1,-1,-1,-1,-1,-1,-1,-1,-1,-1,0.00,0.00,0.00,0.00,0.00,0,0,0,0,0,0,0,0,0,0.00,0.00,0.00,0.00,0.00,0.00,0.00,0.00,0.00,0.00,0.00,N/A
1781832600,Jun 19 2026 - 1:30am,incomplete,N/A,Utah United,Atlético Unión,N/A,N/A,0.00,0.00,0.00,0.00,0,0,0,0,0,0,"","",-1,-1,-1,-1,-1,-1,-1,-1,-1,-1,-1,-1,-1,-1,-1,-1,-1,-1,-1,-1,0.00,0.00,0.00,0.00,0.00,0,0,0,0,0,0,0,0,0,0.00,0.00,0.00,0.00,0.00,0.00,0.00,0.00,0.00,0.00,0.00,N/A
1781832600,Jun 19 2026 - 1:30am,incomplete,N/A,Flatirons Rush,Albion Colorado,N/A,N/A,0.00,0.00,0.00,0.00,0,0,0,0,0,0,"","",-1,-1,-1,-1,-1,-1,-1,-1,-1,-1,-1,-1,-1,-1,-1,-1,-1,-1,-1,-1,0.00,0.00,0.00,0.00,0.00,0,0,0,0,0,0,0,0,0,0.00,0.00,0.00,0.00,0.00,0.00,0.00,0.00,0.00,0.00,0.00,N/A
1781834400,Jun 19 2026 - 2:00am,incomplete,N/A,Ballard,Bigfoot,N/A,N/A,0.00,0.00,0.00,0.00,0,0,0,0,0,0,"","",-1,-1,-1,-1,-1,-1,-1,-1,-1,-1,-1,-1,-1,-1,-1,-1,-1,-1,-1,-1,0.00,0.00,0.00,0.00,0.00,0,0,0,0,0,0,0,0,0,0.00,0.00,0.00,0.00,0.00,0.00,0.00,0.00,0.00,0.00,0.00,N/A
1781834400,Jun 19 2026 - 2:00am,incomplete,N/A,San Juan SC,San Francisco City,N/A,N/A,0.00,0.00,0.00,0.00,0,0,0,0,0,0,"","",-1,-1,-1,-1,-1,-1,-1,-1,-1,-1,-1,-1,-1,-1,-1,-1,-1,-1,-1,-1,0.00,0.00,0.00,0.00,0.00,0,0,0,0,0,0,0,0,0,0.00,0.00,0.00,0.00,0.00,0.00,0.00,0.00,0.00,0.00,0.00,N/A
1781901000,Jun 19 2026 - 8:30pm,incomplete,N/A,Brevard,Weston FC,N/A,N/A,0.00,0.00,0.00,0.00,0,0,0,0,0,0,"","",-1,-1,-1,-1,-1,-1,-1,-1,-1,-1,-1,-1,-1,-1,-1,-1,-1,-1,-1,-1,0.00,0.00,0.00,0.00,0.00,0,0,0,0,0,0,0,0,0,0.00,0.00,0.00,0.00,0.00,0.00,0.00,0.00,0.00,0.00,0.00,N/A
1781910000,Jun 19 2026 - 11:00pm,incomplete,N/A,Tobacco Road FC,Asheville City,N/A,N/A,0.00,0.00,0.00,0.00,0,0,0,0,0,0,"","",-1,-1,-1,-1,-1,-1,-1,-1,-1,-1,-1,-1,-1,-1,-1,-1,-1,-1,-1,-1,0.00,0.00,0.00,0.00,0.00,0,0,0,0,0,0,0,0,0,0.00,0.00,0.00,0.00,0.00,0.00,0.00,0.00,0.00,0.00,0.00,N/A
1781910000,Jun 19 2026 - 11:00pm,incomplete,N/A,Loudoun United II,Bethesda Athletic,N/A,N/A,0.00,0.00,0.00,0.00,0,0,0,0,0,0,"","",-1,-1,-1,-1,-1,-1,-1,-1,-1,-1,-1,-1,-1,-1,-1,-1,-1,-1,-1,-1,0.00,0.00,0.00,0.00,0.00,0,0,0,0,0,0,0,0,0,0.00,0.00,0.00,0.00,0.00,0.00,0.00,0.00,0.00,0.00,0.00,N/A
1781911800,Jun 19 2026 - 11:30pm,incomplete,N/A,Western Mass Pioneers,FC Boston Bolts,N/A,N/A,0.00,0.00,0.00,0.00,0,0,0,0,0,0,"","",-1,-1,-1,-1,-1,-1,-1,-1,-1,-1,-1,-1,-1,-1,-1,-1,-1,-1,-1,-1,0.00,0.00,0.00,0.00,0.00,0,0,0,0,0,0,0,0,0,0.00,0.00,0.00,0.00,0.00,0.00,0.00,0.00,0.00,0.00,0.00,Lusitano Stadium
1781913600,Jun 20 2026 - 12:00am,incomplete,N/A,Kings Hammer Columbus,Louisville City II,N/A,N/A,0.00,0.00,0.00,0.00,0,0,0,0,0,0,"","",-1,-1,-1,-1,-1,-1,-1,-1,-1,-1,-1,-1,-1,-1,-1,-1,-1,-1,-1,-1,0.00,0.00,0.00,0.00,0.00,0,0,0,0,0,0,0,0,0,0.00,0.00,0.00,0.00,0.00,0.00,0.00,0.00,0.00,0.00,0.00,N/A
1781913600,Jun 20 2026 - 12:00am,incomplete,N/A,FC Motown II,New Jersey Copa FC,N/A,N/A,0.00,0.00,0.00,0.00,0,0,0,0,0,0,"","",-1,-1,-1,-1,-1,-1,-1,-1,-1,-1,-1,-1,-1,-1,-1,-1,-1,-1,-1,-1,0.00,0.00,0.00,0.00,0.00,0,0,0,0,0,0,0,0,0,0.00,0.00,0.00,0.00,0.00,0.00,0.00,0.00,0.00,0.00,0.00,N/A
1781913600,Jun 20 2026 - 12:00am,incomplete,N/A,Houston Sur,Houston FC,N/A,N/A,0.00,0.00,0.00,0.00,0,0,0,0,0,0,"","",-1,-1,-1,-1,-1,-1,-1,-1,-1,-1,-1,-1,-1,-1,-1,-1,-1,-1,-1,-1,0.00,0.00,0.00,0.00,0.00,0,0,0,0,0,0,0,0,0,0.00,0.00,0.00,0.00,0.00,0.00,0.00,0.00,0.00,0.00,0.00,N/A
1781917200,Jun 20 2026 - 1:00am,incomplete,N/A,Snohomish United,Bangers,N/A,N/A,0.00,0.00,0.00,0.00,0,0,0,0,0,0,"","",-1,-1,-1,-1,-1,-1,-1,-1,-1,-1,-1,-1,-1,-1,-1,-1,-1,-1,-1,-1,0.00,0.00,0.00,0.00,0.00,0,0,0,0,0,0,0,0,0,0.00,0.00,0.00,0.00,0.00,0.00,0.00,0.00,0.00,0.00,0.00,N/A
1781978400,Jun 20 2026 - 6:00pm,incomplete,N/A,Rochester,River Light,N/A,N/A,0.00,0.00,0.00,0.00,0,0,0,0,0,0,"","",-1,-1,-1,-1,-1,-1,-1,-1,-1,-1,-1,-1,-1,-1,-1,-1,-1,-1,-1,-1,0.00,0.00,0.00,0.00,0.00,0,0,0,0,0,0,0,0,0,0.00,0.00,0.00,0.00,0.00,0.00,0.00,0.00,0.00,0.00,0.00,N/A
1781982000,Jun 20 2026 - 7:00pm,incomplete,N/A,FC Buffalo,Riverhounds II,N/A,N/A,0.00,0.00,0.00,0.00,0,0,0,0,0,0,"","",-1,-1,-1,-1,-1,-1,-1,-1,-1,-1,-1,-1,-1,-1,-1,-1,-1,-1,-1,-1,0.00,0.00,0.00,0.00,0.00,0,0,0,0,0,0,0,0,0,0.00,0.00,0.00,0.00,0.00,0.00,0.00,0.00,0.00,0.00,0.00,N/A
1781985600,Jun 20 2026 - 8:00pm,incomplete,N/A,Philadelphia Lone Star,Delaware FC,N/A,N/A,0.00,0.00,0.00,0.00,0,0,0,0,0,0,"","",-1,-1,-1,-1,-1,-1,-1,-1,-1,-1,-1,-1,-1,-1,-1,-1,-1,-1,-1,-1,0.00,0.00,0.00,0.00,0.00,0,0,0,0,0,0,0,0,0,0.00,0.00,0.00,0.00,0.00,0.00,0.00,0.00,0.00,0.00,0.00,N/A
1781989200,Jun 20 2026 - 9:00pm,incomplete,N/A,Kalamazoo FC,Ann Arbor,N/A,N/A,0.00,0.00,0.00,0.00,0,0,0,0,0,0,"","",-1,-1,-1,-1,-1,-1,-1,-1,-1,-1,-1,-1,-1,-1,-1,-1,-1,-1,-1,-1,0.00,0.00,0.00,0.00,0.00,0,0,0,0,0,0,0,0,0,0.00,0.00,0.00,0.00,0.00,0.00,0.00,0.00,0.00,0.00,0.00,N/A
1781992800,Jun 20 2026 - 10:00pm,incomplete,N/A,Minneapolis City SC,Edgewater Castle,N/A,N/A,0.00,0.00,0.00,0.00,0,0,0,0,0,0,"","",-1,-1,-1,-1,-1,-1,-1,-1,-1,-1,-1,-1,-1,-1,-1,-1,-1,-1,-1,-1,0.00,0.00,0.00,0.00,0.00,0,0,0,0,0,0,0,0,0,0.00,0.00,0.00,0.00,0.00,0.00,0.00,0.00,0.00,0.00,0.00,N/A
1781992800,Jun 20 2026 - 10:00pm,incomplete,N/A,Cleveland Force,Lorain County Leviathan,N/A,N/A,0.00,0.00,0.00,0.00,0,0,0,0,0,0,"","",-1,-1,-1,-1,-1,-1,-1,-1,-1,-1,-1,-1,-1,-1,-1,-1,-1,-1,-1,-1,0.00,0.00,0.00,0.00,0.00,0,0,0,0,0,0,0,0,0,0.00,0.00,0.00,0.00,0.00,0.00,0.00,0.00,0.00,0.00,0.00,N/A
1781992800,Jun 20 2026 - 10:00pm,incomplete,N/A,Dayton Dutch Lions,Northern Indiana,N/A,N/A,0.00,0.00,0.00,0.00,0,0,0,0,0,0,"","",-1,-1,-1,-1,-1,-1,-1,-1,-1,-1,-1,-1,-1,-1,-1,-1,-1,-1,-1,-1,0.00,0.00,0.00,0.00,0.00,0,0,0,0,0,0,0,0,0,0.00,0.00,0.00,0.00,0.00,0.00,0.00,0.00,0.00,0.00,0.00,Dayton Outpatient Center Stadium
1781992800,Jun 20 2026 - 10:00pm,incomplete,N/A,Inter Gainesville,Sporting JAX II,N/A,N/A,0.00,0.00,0.00,0.00,0,0,0,0,0,0,"","",-1,-1,-1,-1,-1,-1,-1,-1,-1,-1,-1,-1,-1,-1,-1,-1,-1,-1,-1,-1,0.00,0.00,0.00,0.00,0.00,0,0,0,0,0,0,0,0,0,0.00,0.00,0.00,0.00,0.00,0.00,0.00,0.00,0.00,0.00,0.00,N/A
1781996400,Jun 20 2026 - 11:00pm,incomplete,N/A,Toledo Villa,West Virginia Chaos,N/A,N/A,0.00,0.00,0.00,0.00,0,0,0,0,0,0,"","",-1,-1,-1,-1,-1,-1,-1,-1,-1,-1,-1,-1,-1,-1,-1,-1,-1,-1,-1,-1,0.00,0.00,0.00,0.00,0.00,0,0,0,0,0,0,0,0,0,0.00,0.00,0.00,0.00,0.00,0.00,0.00,0.00,0.00,0.00,0.00,N/A
1781996400,Jun 20 2026 - 11:00pm,incomplete,N/A,Akron City,Steel City,N/A,N/A,0.00,0.00,0.00,0.00,0,0,0,0,0,0,"","",-1,-1,-1,-1,-1,-1,-1,-1,-1,-1,-1,-1,-1,-1,-1,-1,-1,-1,-1,-1,0.00,0.00,0.00,0.00,0.00,0,0,0,0,0,0,0,0,0,0.00,0.00,0.00,0.00,0.00,0.00,0.00,0.00,0.00,0.00,0.00,N/A
1781996400,Jun 20 2026 - 11:00pm,incomplete,N/A,Union Macomb,Oakland County,N/A,N/A,0.00,0.00,0.00,0.00,0,0,0,0,0,0,"","",-1,-1,-1,-1,-1,-1,-1,-1,-1,-1,-1,-1,-1,-1,-1,-1,-1,-1,-1,-1,0.00,0.00,0.00,0.00,0.00,0,0,0,0,0,0,0,0,0,0.00,0.00,0.00,0.00,0.00,0.00,0.00,0.00,0.00,0.00,0.00,N/A
1781996400,Jun 20 2026 - 11:00pm,incomplete,N/A,Ocean City Nor'easters,Reading United,N/A,N/A,0.00,0.00,0.00,0.00,0,0,0,0,0,0,"","",-1,-1,-1,-1,-1,-1,-1,-1,-1,-1,-1,-1,-1,-1,-1,-1,-1,-1,-1,-1,0.00,0.00,0.00,0.00,0.00,0,0,0,0,0,0,0,0,0,0.00,0.00,0.00,0.00,0.00,0.00,0.00,0.00,0.00,0.00,0.00,Carey Stadium
1781996400,Jun 20 2026 - 11:00pm,incomplete,N/A,Vermont Green,Boston City FC,N/A,N/A,0.00,0.00,0.00,0.00,0,0,0,0,0,0,"","",-1,-1,-1,-1,-1,-1,-1,-1,-1,-1,-1,-1,-1,-1,-1,-1,-1,-1,-1,-1,0.00,0.00,0.00,0.00,0.00,0,0,0,0,0,0,0,0,0,0.00,0.00,0.00,0.00,0.00,0.00,0.00,0.00,0.00,0.00,0.00,N/A
1781996400,Jun 20 2026 - 11:00pm,incomplete,N/A,Pennsylvania Classics,Real Central New Jersey,N/A,N/A,0.00,0.00,0.00,0.00,0,0,0,0,0,0,"","",-1,-1,-1,-1,-1,-1,-1,-1,-1,-1,-1,-1,-1,-1,-1,-1,-1,-1,-1,-1,0.00,0.00,0.00,0.00,0.00,0,0,0,0,0,0,0,0,0,0.00,0.00,0.00,0.00,0.00,0.00,0.00,0.00,0.00,0.00,0.00,N/A
1781996400,Jun 20 2026 - 11:00pm,incomplete,N/A,Blackwatch Rush,Connecticut Rush,N/A,N/A,0.00,0.00,0.00,0.00,0,0,0,0,0,0,"","",-1,-1,-1,-1,-1,-1,-1,-1,-1,-1,-1,-1,-1,-1,-1,-1,-1,-1,-1,-1,0.00,0.00,0.00,0.00,0.00,0,0,0,0,0,0,0,0,0,0.00,0.00,0.00,0.00,0.00,0.00,0.00,0.00,0.00,0.00,0.00,N/A
1781996400,Jun 20 2026 - 11:00pm,incomplete,N/A,SC United Bantams,Charlotte Eagles,N/A,N/A,0.00,0.00,0.00,0.00,0,0,0,0,0,0,"","",-1,-1,-1,-1,-1,-1,-1,-1,-1,-1,-1,-1,-1,-1,-1,-1,-1,-1,-1,-1,0.00,0.00,0.00,0.00,0.00,0,0,0,0,0,0,0,0,0,0.00,0.00,0.00,0.00,0.00,0.00,0.00,0.00,0.00,0.00,0.00,N/A
1781996400,Jun 20 2026 - 11:00pm,incomplete,N/A,Hickory,Wake,N/A,N/A,0.00,0.00,0.00,0.00,0,0,0,0,0,0,"","",-1,-1,-1,-1,-1,-1,-1,-1,-1,-1,-1,-1,-1,-1,-1,-1,-1,-1,-1,-1,0.00,0.00,0.00,0.00,0.00,0,0,0,0,0,0,0,0,0,0.00,0.00,0.00,0.00,0.00,0.00,0.00,0.00,0.00,0.00,0.00,N/A
1781996400,Jun 20 2026 - 11:00pm,incomplete,N/A,Utah United,Colorado Storm,N/A,N/A,0.00,0.00,0.00,0.00,0,0,0,0,0,0,"","",-1,-1,-1,-1,-1,-1,-1,-1,-1,-1,-1,-1,-1,-1,-1,-1,-1,-1,-1,-1,0.00,0.00,0.00,0.00,0.00,0,0,0,0,0,0,0,0,0,0.00,0.00,0.00,0.00,0.00,0.00,0.00,0.00,0.00,0.00,0.00,N/A
1781996400,Jun 20 2026 - 11:00pm,incomplete,N/A,Bigfoot,Tacoma Stars,N/A,N/A,0.00,0.00,0.00,0.00,0,0,0,0,0,0,"","",-1,-1,-1,-1,-1,-1,-1,-1,-1,-1,-1,-1,-1,-1,-1,-1,-1,-1,-1,-1,0.00,0.00,0.00,0.00,0.00,0,0,0,0,0,0,0,0,0,0.00,0.00,0.00,0.00,0.00,0.00,0.00,0.00,0.00,0.00,0.00,N/A
1781996400,Jun 20 2026 - 11:00pm,incomplete,N/A,Shark Coast,The Villages,N/A,N/A,0.00,0.00,0.00,0.00,0,0,0,0,0,0,"","",-1,-1,-1,-1,-1,-1,-1,-1,-1,-1,-1,-1,-1,-1,-1,-1,-1,-1,-1,-1,0.00,0.00,0.00,0.00,0.00,0,0,0,0,0,0,0,0,0,0.00,0.00,0.00,0.00,0.00,0.00,0.00,0.00,0.00,0.00,0.00,N/A
1781996400,Jun 20 2026 - 11:00pm,incomplete,N/A,Manhattan,Hudson Valley Hammers,N/A,N/A,0.00,0.00,0.00,0.00,0,0,0,0,0,0,"","",-1,-1,-1,-1,-1,-1,-1,-1,-1,-1,-1,-1,-1,-1,-1,-1,-1,-1,-1,-1,0.00,0.00,0.00,0.00,0.00,0,0,0,0,0,0,0,0,0,0.00,0.00,0.00,0.00,0.00,0.00,0.00,0.00,0.00,0.00,0.00,N/A
1781996400,Jun 20 2026 - 11:00pm,incomplete,N/A,Cedar Stars Rush,Morris Elite,N/A,N/A,0.00,0.00,0.00,0.00,0,0,0,0,0,0,"","",-1,-1,-1,-1,-1,-1,-1,-1,-1,-1,-1,-1,-1,-1,-1,-1,-1,-1,-1,-1,0.00,0.00,0.00,0.00,0.00,0,0,0,0,0,0,0,0,0,0.00,0.00,0.00,0.00,0.00,0.00,0.00,0.00,0.00,0.00,0.00,N/A
1781996400,Jun 20 2026 - 11:00pm,incomplete,N/A,Lionsbridge,Virginia Beach United,N/A,N/A,0.00,0.00,0.00,0.00,0,0,0,0,0,0,"","",-1,-1,-1,-1,-1,-1,-1,-1,-1,-1,-1,-1,-1,-1,-1,-1,-1,-1,-1,-1,0.00,0.00,0.00,0.00,0.00,0,0,0,0,0,0,0,0,0,0.00,0.00,0.00,0.00,0.00,0.00,0.00,0.00,0.00,0.00,0.00,N/A
1781996400,Jun 20 2026 - 11:00pm,incomplete,N/A,Hill City,Christos,N/A,N/A,0.00,0.00,0.00,0.00,0,0,0,0,0,0,"","",-1,-1,-1,-1,-1,-1,-1,-1,-1,-1,-1,-1,-1,-1,-1,-1,-1,-1,-1,-1,0.00,0.00,0.00,0.00,0.00,0,0,0,0,0,0,0,0,0,0.00,0.00,0.00,0.00,0.00,0.00,0.00,0.00,0.00,0.00,0.00,N/A
1781996400,Jun 20 2026 - 11:00pm,incomplete,N/A,Miami FC,Lakeland United,N/A,N/A,0.00,0.00,0.00,0.00,0,0,0,0,0,0,"","",-1,-1,-1,-1,-1,-1,-1,-1,-1,-1,-1,-1,-1,-1,-1,-1,-1,-1,-1,-1,0.00,0.00,0.00,0.00,0.00,0,0,0,0,0,0,0,0,0,0.00,0.00,0.00,0.00,0.00,0.00,0.00,0.00,0.00,0.00,0.00,Riccardo Silva Stadium
1781998200,Jun 20 2026 - 11:30pm,incomplete,N/A,Charlotte Independence 2,Appalachian,N/A,N/A,0.00,0.00,0.00,0.00,0,0,0,0,0,0,"","",-1,-1,-1,-1,-1,-1,-1,-1,-1,-1,-1,-1,-1,-1,-1,-1,-1,-1,-1,-1,0.00,0.00,0.00,0.00,0.00,0,0,0,0,0,0,0,0,0,0.00,0.00,0.00,0.00,0.00,0.00,0.00,0.00,0.00,0.00,0.00,N/A
1781998200,Jun 20 2026 - 11:30pm,incomplete,N/A,Columbus United,Dothan United,N/A,N/A,0.00,0.00,0.00,0.00,0,0,0,0,0,0,"","",-1,-1,-1,-1,-1,-1,-1,-1,-1,-1,-1,-1,-1,-1,-1,-1,-1,-1,-1,-1,0.00,0.00,0.00,0.00,0.00,0,0,0,0,0,0,0,0,0,0.00,0.00,0.00,0.00,0.00,0.00,0.00,0.00,0.00,0.00,0.00,N/A
1781998200,Jun 20 2026 - 11:30pm,incomplete,N/A,East Atlanta,Southern Soccer Academy,N/A,N/A,0.00,0.00,0.00,0.00,0,0,0,0,0,0,"","",-1,-1,-1,-1,-1,-1,-1,-1,-1,-1,-1,-1,-1,-1,-1,-1,-1,-1,-1,-1,0.00,0.00,0.00,0.00,0.00,0,0,0,0,0,0,0,0,0,0.00,0.00,0.00,0.00,0.00,0.00,0.00,0.00,0.00,0.00,0.00,N/A
1782000000,Jun 21 2026 - 12:00am,incomplete,N/A,North Carolina II,Port City,N/A,N/A,0.00,0.00,0.00,0.00,0,0,0,0,0,0,"","",-1,-1,-1,-1,-1,-1,-1,-1,-1,-1,-1,-1,-1,-1,-1,-1,-1,-1,-1,-1,0.00,0.00,0.00,0.00,0.00,0,0,0,0,0,0,0,0,0,0.00,0.00,0.00,0.00,0.00,0.00,0.00,0.00,0.00,0.00,0.00,N/A
1782000000,Jun 21 2026 - 12:00am,incomplete,N/A,Springfield,Santafé Wanderers,N/A,N/A,0.00,0.00,0.00,0.00,0,0,0,0,0,0,"","",-1,-1,-1,-1,-1,-1,-1,-1,-1,-1,-1,-1,-1,-1,-1,-1,-1,-1,-1,-1,0.00,0.00,0.00,0.00,0.00,0,0,0,0,0,0,0,0,0,0.00,0.00,0.00,0.00,0.00,0.00,0.00,0.00,0.00,0.00,0.00,N/A
1782000000,Jun 21 2026 - 12:00am,incomplete,N/A,Charlottesville Blues,Virginia Marauders,N/A,N/A,0.00,0.00,0.00,0.00,0,0,0,0,0,0,"","",-1,-1,-1,-1,-1,-1,-1,-1,-1,-1,-1,-1,-1,-1,-1,-1,-1,-1,-1,-1,0.00,0.00,0.00,0.00,0.00,0,0,0,0,0,0,0,0,0,0.00,0.00,0.00,0.00,0.00,0.00,0.00,0.00,0.00,0.00,0.00,N/A
1782000000,Jun 21 2026 - 12:00am,incomplete,N/A,Memphis FC,Hattiesburg,N/A,N/A,0.00,0.00,0.00,0.00,0,0,0,0,0,0,"","",-1,-1,-1,-1,-1,-1,-1,-1,-1,-1,-1,-1,-1,-1,-1,-1,-1,-1,-1,-1,0.00,0.00,0.00,0.00,0.00,0,0,0,0,0,0,0,0,0,0.00,0.00,0.00,0.00,0.00,0.00,0.00,0.00,0.00,0.00,0.00,N/A
1782000000,Jun 21 2026 - 12:00am,incomplete,N/A,Little Rock Rangers,Mississippi Brilla,N/A,N/A,0.00,0.00,0.00,0.00,0,0,0,0,0,0,"","",-1,-1,-1,-1,-1,-1,-1,-1,-1,-1,-1,-1,-1,-1,-1,-1,-1,-1,-1,-1,0.00,0.00,0.00,0.00,0.00,0,0,0,0,0,0,0,0,0,0.00,0.00,0.00,0.00,0.00,0.00,0.00,0.00,0.00,0.00,0.00,N/A
1782000000,Jun 21 2026 - 12:00am,incomplete,N/A,Red River,Louisiana Krewe,N/A,N/A,0.00,0.00,0.00,0.00,0,0,0,0,0,0,"","",-1,-1,-1,-1,-1,-1,-1,-1,-1,-1,-1,-1,-1,-1,-1,-1,-1,-1,-1,-1,0.00,0.00,0.00,0.00,0.00,0,0,0,0,0,0,0,0,0,0.00,0.00,0.00,0.00,0.00,0.00,0.00,0.00,0.00,0.00,0.00,N/A
1782000000,Jun 21 2026 - 12:00am,incomplete,N/A,Apotheos,Birmingham Legion II,N/A,N/A,0.00,0.00,0.00,0.00,0,0,0,0,0,0,"","",-1,-1,-1,-1,-1,-1,-1,-1,-1,-1,-1,-1,-1,-1,-1,-1,-1,-1,-1,-1,0.00,0.00,0.00,0.00,0.00,0,0,0,0,0,0,0,0,0,0.00,0.00,0.00,0.00,0.00,0.00,0.00,0.00,0.00,0.00,0.00,N/A
1782000000,Jun 21 2026 - 12:00am,incomplete,N/A,GFI,Hill Country Lobos,N/A,N/A,0.00,0.00,0.00,0.00,0,0,0,0,0,0,"","",-1,-1,-1,-1,-1,-1,-1,-1,-1,-1,-1,-1,-1,-1,-1,-1,-1,-1,-1,-1,0.00,0.00,0.00,0.00,0.00,0,0,0,0,0,0,0,0,0,0.00,0.00,0.00,0.00,0.00,0.00,0.00,0.00,0.00,0.00,0.00,N/A
1782000000,Jun 21 2026 - 12:00am,incomplete,N/A,Brazos Valley,Lonestar,N/A,N/A,0.00,0.00,0.00,0.00,0,0,0,0,0,0,"","",-1,-1,-1,-1,-1,-1,-1,-1,-1,-1,-1,-1,-1,-1,-1,-1,-1,-1,-1,-1,0.00,0.00,0.00,0.00,0.00,0,0,0,0,0,0,0,0,0,0.00,0.00,0.00,0.00,0.00,0.00,0.00,0.00,0.00,0.00,0.00,N/A
1782001800,Jun 21 2026 - 12:30am,incomplete,N/A,Peoria City,Sunflower State,N/A,N/A,0.00,0.00,0.00,0.00,0,0,0,0,0,0,"","",-1,-1,-1,-1,-1,-1,-1,-1,-1,-1,-1,-1,-1,-1,-1,-1,-1,-1,-1,-1,0.00,0.00,0.00,0.00,0.00,0,0,0,0,0,0,0,0,0,0.00,0.00,0.00,0.00,0.00,0.00,0.00,0.00,0.00,0.00,0.00,N/A
1782001800,Jun 21 2026 - 12:30am,incomplete,N/A,Denton Diablos,Lubbock Matadors,N/A,N/A,0.00,0.00,0.00,0.00,0,0,0,0,0,0,"","",-1,-1,-1,-1,-1,-1,-1,-1,-1,-1,-1,-1,-1,-1,-1,-1,-1,-1,-1,-1,0.00,0.00,0.00,0.00,0.00,0,0,0,0,0,0,0,0,0,0.00,0.00,0.00,0.00,0.00,0.00,0.00,0.00,0.00,0.00,0.00,N/A
1782001800,Jun 21 2026 - 12:30am,incomplete,N/A,McKinney Chupacabras,West Texas,N/A,N/A,0.00,0.00,0.00,0.00,0,0,0,0,0,0,"","",-1,-1,-1,-1,-1,-1,-1,-1,-1,-1,-1,-1,-1,-1,-1,-1,-1,-1,-1,-1,0.00,0.00,0.00,0.00,0.00,0,0,0,0,0,0,0,0,0,0.00,0.00,0.00,0.00,0.00,0.00,0.00,0.00,0.00,0.00,0.00,N/A
1782003600,Jun 21 2026 - 1:00am,incomplete,N/A,AC Connecticut,Black Rock FC,N/A,N/A,0.00,0.00,0.00,0.00,0,0,0,0,0,0,"","",-1,-1,-1,-1,-1,-1,-1,-1,-1,-1,-1,-1,-1,-1,-1,-1,-1,-1,-1,-1,0.00,0.00,0.00,0.00,0.00,0,0,0,0,0,0,0,0,0,0.00,0.00,0.00,0.00,0.00,0.00,0.00,0.00,0.00,0.00,0.00,N/A
1782003600,Jun 21 2026 - 1:00am,incomplete,N/A,Almaden,SF Glens,N/A,N/A,0.00,0.00,0.00,0.00,0,0,0,0,0,0,"","",-1,-1,-1,-1,-1,-1,-1,-1,-1,-1,-1,-1,-1,-1,-1,-1,-1,-1,-1,-1,0.00,0.00,0.00,0.00,0.00,0,0,0,0,0,0,0,0,0,0.00,0.00,0.00,0.00,0.00,0.00,0.00,0.00,0.00,0.00,0.00,N/A
1782005400,Jun 21 2026 - 1:30am,incomplete,N/A,Oly Town,Midlakes United,N/A,N/A,0.00,0.00,0.00,0.00,0,0,0,0,0,0,"","",-1,-1,-1,-1,-1,-1,-1,-1,-1,-1,-1,-1,-1,-1,-1,-1,-1,-1,-1,-1,0.00,0.00,0.00,0.00,0.00,0,0,0,0,0,0,0,0,0,0.00,0.00,0.00,0.00,0.00,0.00,0.00,0.00,0.00,0.00,0.00,N/A
1782007200,Jun 21 2026 - 2:00am,incomplete,N/A,Redlands,Southern California Seahorses,N/A,N/A,0.00,0.00,0.00,0.00,0,0,0,0,0,0,"","",-1,-1,-1,-1,-1,-1,-1,-1,-1,-1,-1,-1,-1,-1,-1,-1,-1,-1,-1,-1,0.00,0.00,0.00,0.00,0.00,0,0,0,0,0,0,0,0,0,0.00,0.00,0.00,0.00,0.00,0.00,0.00,0.00,0.00,0.00,0.00,N/A
1782007200,Jun 21 2026 - 2:00am,incomplete,N/A,FC Tucson,Ventura County Fusion,N/A,N/A,0.00,0.00,0.00,0.00,0,0,0,0,0,0,"","",-1,-1,-1,-1,-1,-1,-1,-1,-1,-1,-1,-1,-1,-1,-1,-1,-1,-1,-1,-1,0.00,0.00,0.00,0.00,0.00,0,0,0,0,0,0,0,0,0,0.00,0.00,0.00,0.00,0.00,0.00,0.00,0.00,0.00,0.00,0.00,Kino North Stadium
1782007200,Jun 21 2026 - 2:00am,incomplete,N/A,AMSG,City SC,N/A,N/A,0.00,0.00,0.00,0.00,0,0,0,0,0,0,"","",-1,-1,-1,-1,-1,-1,-1,-1,-1,-1,-1,-1,-1,-1,-1,-1,-1,-1,-1,-1,0.00,0.00,0.00,0.00,0.00,0,0,0,0,0,0,0,0,0,0.00,0.00,0.00,0.00,0.00,0.00,0.00,0.00,0.00,0.00,0.00,N/A
1782007200,Jun 21 2026 - 2:00am,incomplete,N/A,Academica,Project 51O,N/A,N/A,0.00,0.00,0.00,0.00,0,0,0,0,0,0,"","",-1,-1,-1,-1,-1,-1,-1,-1,-1,-1,-1,-1,-1,-1,-1,-1,-1,-1,-1,-1,0.00,0.00,0.00,0.00,0.00,0,0,0,0,0,0,0,0,0,0.00,0.00,0.00,0.00,0.00,0.00,0.00,0.00,0.00,0.00,0.00,N/A
1782068400,Jun 21 2026 - 7:00pm,incomplete,N/A,Long Island Rough Riders,Westchester Flames,N/A,N/A,0.00,0.00,0.00,0.00,0,0,0,0,0,0,"","",-1,-1,-1,-1,-1,-1,-1,-1,-1,-1,-1,-1,-1,-1,-1,-1,-1,-1,-1,-1,0.00,0.00,0.00,0.00,0.00,0,0,0,0,0,0,0,0,0,0.00,0.00,0.00,0.00,0.00,0.00,0.00,0.00,0.00,0.00,0.00,N/A
1782072000,Jun 21 2026 - 8:00pm,incomplete,N/A,Chicago Dutch Lions,RKC,N/A,N/A,0.00,0.00,0.00,0.00,0,0,0,0,0,0,"","",-1,-1,-1,-1,-1,-1,-1,-1,-1,-1,-1,-1,-1,-1,-1,-1,-1,-1,-1,-1,0.00,0.00,0.00,0.00,0.00,0,0,0,0,0,0,0,0,0,0.00,0.00,0.00,0.00,0.00,0.00,0.00,0.00,0.00,0.00,0.00,N/A
1782082800,Jun 21 2026 - 11:00pm,incomplete,N/A,Sueno,St. Croix,N/A,N/A,0.00,0.00,0.00,0.00,0,0,0,0,0,0,"","",-1,-1,-1,-1,-1,-1,-1,-1,-1,-1,-1,-1,-1,-1,-1,-1,-1,-1,-1,-1,0.00,0.00,0.00,0.00,0.00,0,0,0,0,0,0,0,0,0,0.00,0.00,0.00,0.00,0.00,0.00,0.00,0.00,0.00,0.00,0.00,N/A
1782084600,Jun 21 2026 - 11:30pm,incomplete,N/A,Annapolis Blues,Evergreen,N/A,N/A,0.00,0.00,0.00,0.00,0,0,0,0,0,0,"","",-1,-1,-1,-1,-1,-1,-1,-1,-1,-1,-1,-1,-1,-1,-1,-1,-1,-1,-1,-1,0.00,0.00,0.00,0.00,0.00,0,0,0,0,0,0,0,0,0,0.00,0.00,0.00,0.00,0.00,0.00,0.00,0.00,0.00,0.00,0.00,N/A
1782086400,Jun 22 2026 - 12:00am,incomplete,N/A,AHFC Royals,San Antonio II,N/A,N/A,0.00,0.00,0.00,0.00,0,0,0,0,0,0,"","",-1,-1,-1,-1,-1,-1,-1,-1,-1,-1,-1,-1,-1,-1,-1,-1,-1,-1,-1,-1,0.00,0.00,0.00,0.00,0.00,0,0,0,0,0,0,0,0,0,0.00,0.00,0.00,0.00,0.00,0.00,0.00,0.00,0.00,0.00,0.00,N/A
1782087300,Jun 22 2026 - 12:15am,incomplete,N/A,West Seattle Junction,Ballard,N/A,N/A,0.00,0.00,0.00,0.00,0,0,0,0,0,0,"","",-1,-1,-1,-1,-1,-1,-1,-1,-1,-1,-1,-1,-1,-1,-1,-1,-1,-1,-1,-1,0.00,0.00,0.00,0.00,0.00,0,0,0,0,0,0,0,0,0,0.00,0.00,0.00,0.00,0.00,0.00,0.00,0.00,0.00,0.00,0.00,N/A
1782090000,Jun 22 2026 - 1:00am,incomplete,N/A,Albion Colorado,Colorado ISA,N/A,N/A,0.00,0.00,0.00,0.00,0,0,0,0,0,0,"","",-1,-1,-1,-1,-1,-1,-1,-1,-1,-1,-1,-1,-1,-1,-1,-1,-1,-1,-1,-1,0.00,0.00,0.00,0.00,0.00,0,0,0,0,0,0,0,0,0,0.00,0.00,0.00,0.00,0.00,0.00,0.00,0.00,0.00,0.00,0.00,N/A
1782176400,Jun 23 2026 - 1:00am,incomplete,N/A,Flatirons Rush,Atlético Unión,N/A,N/A,0.00,0.00,0.00,0.00,0,0,0,0,0,0,"","",-1,-1,-1,-1,-1,-1,-1,-1,-1,-1,-1,-1,-1,-1,-1,-1,-1,-1,-1,-1,0.00,0.00,0.00,0.00,0.00,0,0,0,0,0,0,0,0,0,0.00,0.00,0.00,0.00,0.00,0.00,0.00,0.00,0.00,0.00,0.00,N/A
1782252000,Jun 23 2026 - 10:00pm,incomplete,N/A,Northern Indiana,Kings Hammer Columbus,N/A,N/A,0.00,0.00,0.00,0.00,0,0,0,0,0,0,"","",-1,-1,-1,-1,-1,-1,-1,-1,-1,-1,-1,-1,-1,-1,-1,-1,-1,-1,-1,-1,0.00,0.00,0.00,0.00,0.00,0,0,0,0,0,0,0,0,0,0.00,0.00,0.00,0.00,0.00,0.00,0.00,0.00,0.00,0.00,0.00,N/A
1782252000,Jun 23 2026 - 10:00pm,incomplete,N/A,Riverhounds II,Akron City,N/A,N/A,0.00,0.00,0.00,0.00,0,0,0,0,0,0,"","",-1,-1,-1,-1,-1,-1,-1,-1,-1,-1,-1,-1,-1,-1,-1,-1,-1,-1,-1,-1,0.00,0.00,0.00,0.00,0.00,0,0,0,0,0,0,0,0,0,0.00,0.00,0.00,0.00,0.00,0.00,0.00,0.00,0.00,0.00,0.00,N/A
1782255600,Jun 23 2026 - 11:00pm,incomplete,N/A,Eagle FC,Pennsylvania Classics,N/A,N/A,0.00,0.00,0.00,0.00,0,0,0,0,0,0,"","",-1,-1,-1,-1,-1,-1,-1,-1,-1,-1,-1,-1,-1,-1,-1,-1,-1,-1,-1,-1,0.00,0.00,0.00,0.00,0.00,0,0,0,0,0,0,0,0,0,0.00,0.00,0.00,0.00,0.00,0.00,0.00,0.00,0.00,0.00,0.00,N/A
1782255600,Jun 23 2026 - 11:00pm,incomplete,N/A,Boston City FC,Vermont Green,N/A,N/A,0.00,0.00,0.00,0.00,0,0,0,0,0,0,"","",-1,-1,-1,-1,-1,-1,-1,-1,-1,-1,-1,-1,-1,-1,-1,-1,-1,-1,-1,-1,0.00,0.00,0.00,0.00,0.00,0,0,0,0,0,0,0,0,0,0.00,0.00,0.00,0.00,0.00,0.00,0.00,0.00,0.00,0.00,0.00,N/A
1782255600,Jun 23 2026 - 11:00pm,incomplete,N/A,Black Rock FC,AC Connecticut,N/A,N/A,0.00,0.00,0.00,0.00,0,0,0,0,0,0,"","",-1,-1,-1,-1,-1,-1,-1,-1,-1,-1,-1,-1,-1,-1,-1,-1,-1,-1,-1,-1,0.00,0.00,0.00,0.00,0.00,0,0,0,0,0,0,0,0,0,0.00,0.00,0.00,0.00,0.00,0.00,0.00,0.00,0.00,0.00,0.00,N/A
1782255600,Jun 23 2026 - 11:00pm,incomplete,N/A,Nona,Brooke House,N/A,N/A,0.00,0.00,0.00,0.00,0,0,0,0,0,0,"","",-1,-1,-1,-1,-1,-1,-1,-1,-1,-1,-1,-1,-1,-1,-1,-1,-1,-1,-1,-1,0.00,0.00,0.00,0.00,0.00,0,0,0,0,0,0,0,0,0,0.00,0.00,0.00,0.00,0.00,0.00,0.00,0.00,0.00,0.00,0.00,N/A
1782255600,Jun 23 2026 - 11:00pm,incomplete,N/A,Sporting JAX II,Shark Coast,N/A,N/A,0.00,0.00,0.00,0.00,0,0,0,0,0,0,"","",-1,-1,-1,-1,-1,-1,-1,-1,-1,-1,-1,-1,-1,-1,-1,-1,-1,-1,-1,-1,0.00,0.00,0.00,0.00,0.00,0,0,0,0,0,0,0,0,0,0.00,0.00,0.00,0.00,0.00,0.00,0.00,0.00,0.00,0.00,0.00,N/A
1782255600,Jun 23 2026 - 11:00pm,incomplete,N/A,Toledo Villa,Dayton Dutch Lions,N/A,N/A,0.00,0.00,0.00,0.00,0,0,0,0,0,0,"","",-1,-1,-1,-1,-1,-1,-1,-1,-1,-1,-1,-1,-1,-1,-1,-1,-1,-1,-1,-1,0.00,0.00,0.00,0.00,0.00,0,0,0,0,0,0,0,0,0,0.00,0.00,0.00,0.00,0.00,0.00,0.00,0.00,0.00,0.00,0.00,N/A
1782255600,Jun 23 2026 - 11:00pm,incomplete,N/A,Union Macomb,Lansing City,N/A,N/A,0.00,0.00,0.00,0.00,0,0,0,0,0,0,"","",-1,-1,-1,-1,-1,-1,-1,-1,-1,-1,-1,-1,-1,-1,-1,-1,-1,-1,-1,-1,0.00,0.00,0.00,0.00,0.00,0,0,0,0,0,0,0,0,0,0.00,0.00,0.00,0.00,0.00,0.00,0.00,0.00,0.00,0.00,0.00,N/A
1782255600,Jun 23 2026 - 11:00pm,incomplete,N/A,North Carolina Fusion U23,Asheville City,N/A,N/A,0.00,0.00,0.00,0.00,0,0,0,0,0,0,"","",-1,-1,-1,-1,-1,-1,-1,-1,-1,-1,-1,-1,-1,-1,-1,-1,-1,-1,-1,-1,0.00,0.00,0.00,0.00,0.00,0,0,0,0,0,0,0,0,0,0.00,0.00,0.00,0.00,0.00,0.00,0.00,0.00,0.00,0.00,0.00,Macpherson Stadium
1782255600,Jun 23 2026 - 11:00pm,incomplete,N/A,Blackwatch Rush,Western Mass Pioneers,N/A,N/A,0.00,0.00,0.00,0.00,0,0,0,0,0,0,"","",-1,-1,-1,-1,-1,-1,-1,-1,-1,-1,-1,-1,-1,-1,-1,-1,-1,-1,-1,-1,0.00,0.00,0.00,0.00,0.00,0,0,0,0,0,0,0,0,0,0.00,0.00,0.00,0.00,0.00,0.00,0.00,0.00,0.00,0.00,0.00,N/A
1782255600,Jun 23 2026 - 11:00pm,incomplete,N/A,Wake,Charlotte Independence 2,N/A,N/A,0.00,0.00,0.00,0.00,0,0,0,0,0,0,"","",-1,-1,-1,-1,-1,-1,-1,-1,-1,-1,-1,-1,-1,-1,-1,-1,-1,-1,-1,-1,0.00,0.00,0.00,0.00,0.00,0,0,0,0,0,0,0,0,0,0.00,0.00,0.00,0.00,0.00,0.00,0.00,0.00,0.00,0.00,0.00,N/A
1782259200,Jun 24 2026 - 12:00am,incomplete,N/A,Erie Sports Center,Steel City,N/A,N/A,0.00,0.00,0.00,0.00,0,0,0,0,0,0,"","",-1,-1,-1,-1,-1,-1,-1,-1,-1,-1,-1,-1,-1,-1,-1,-1,-1,-1,-1,-1,0.00,0.00,0.00,0.00,0.00,0,0,0,0,0,0,0,0,0,0.00,0.00,0.00,0.00,0.00,0.00,0.00,0.00,0.00,0.00,0.00,N/A
1782259200,Jun 24 2026 - 12:00am,incomplete,N/A,Marin,San Francisco City,N/A,N/A,0.00,0.00,0.00,0.00,0,0,0,0,0,0,"","",-1,-1,-1,-1,-1,-1,-1,-1,-1,-1,-1,-1,-1,-1,-1,-1,-1,-1,-1,-1,0.00,0.00,0.00,0.00,0.00,0,0,0,0,0,0,0,0,0,0.00,0.00,0.00,0.00,0.00,0.00,0.00,0.00,0.00,0.00,0.00,N/A
1782259200,Jun 24 2026 - 12:00am,incomplete,N/A,Evergreen,Hill City,N/A,N/A,0.00,0.00,0.00,0.00,0,0,0,0,0,0,"","",-1,-1,-1,-1,-1,-1,-1,-1,-1,-1,-1,-1,-1,-1,-1,-1,-1,-1,-1,-1,0.00,0.00,0.00,0.00,0.00,0,0,0,0,0,0,0,0,0,0.00,0.00,0.00,0.00,0.00,0.00,0.00,0.00,0.00,0.00,0.00,N/A
1782259200,Jun 24 2026 - 12:00am,incomplete,N/A,Miami AC,Miami FC,N/A,N/A,0.00,0.00,0.00,0.00,0,0,0,0,0,0,"","",-1,-1,-1,-1,-1,-1,-1,-1,-1,-1,-1,-1,-1,-1,-1,-1,-1,-1,-1,-1,0.00,0.00,0.00,0.00,0.00,0,0,0,0,0,0,0,0,0,0.00,0.00,0.00,0.00,0.00,0.00,0.00,0.00,0.00,0.00,0.00,N/A
1782259200,Jun 24 2026 - 12:00am,incomplete,N/A,Hill Country Lobos,Laredo Heat,N/A,N/A,0.00,0.00,0.00,0.00,0,0,0,0,0,0,"","",-1,-1,-1,-1,-1,-1,-1,-1,-1,-1,-1,-1,-1,-1,-1,-1,-1,-1,-1,-1,0.00,0.00,0.00,0.00,0.00,0,0,0,0,0,0,0,0,0,0.00,0.00,0.00,0.00,0.00,0.00,0.00,0.00,0.00,0.00,0.00,N/A
1782261000,Jun 24 2026 - 12:30am,incomplete,N/A,West Chester United II,Ocean City Nor'easters,N/A,N/A,0.00,0.00,0.00,0.00,0,0,0,0,0,0,"","",-1,-1,-1,-1,-1,-1,-1,-1,-1,-1,-1,-1,-1,-1,-1,-1,-1,-1,-1,-1,0.00,0.00,0.00,0.00,0.00,0,0,0,0,0,0,0,0,0,0.00,0.00,0.00,0.00,0.00,0.00,0.00,0.00,0.00,0.00,0.00,N/A
1782261000,Jun 24 2026 - 12:30am,incomplete,N/A,Peoria City,St. Louis Ambush,N/A,N/A,0.00,0.00,0.00,0.00,0,0,0,0,0,0,"","",-1,-1,-1,-1,-1,-1,-1,-1,-1,-1,-1,-1,-1,-1,-1,-1,-1,-1,-1,-1,0.00,0.00,0.00,0.00,0.00,0,0,0,0,0,0,0,0,0,0.00,0.00,0.00,0.00,0.00,0.00,0.00,0.00,0.00,0.00,0.00,N/A
1782261000,Jun 24 2026 - 12:30am,incomplete,N/A,Delaware FC,Reading United,N/A,N/A,0.00,0.00,0.00,0.00,0,0,0,0,0,0,"","",-1,-1,-1,-1,-1,-1,-1,-1,-1,-1,-1,-1,-1,-1,-1,-1,-1,-1,-1,-1,0.00,0.00,0.00,0.00,0.00,0,0,0,0,0,0,0,0,0,0.00,0.00,0.00,0.00,0.00,0.00,0.00,0.00,0.00,0.00,0.00,N/A
1782264600,Jun 24 2026 - 1:30am,incomplete,N/A,Midlakes United,Snohomish United,N/A,N/A,0.00,0.00,0.00,0.00,0,0,0,0,0,0,"","",-1,-1,-1,-1,-1,-1,-1,-1,-1,-1,-1,-1,-1,-1,-1,-1,-1,-1,-1,-1,0.00,0.00,0.00,0.00,0.00,0,0,0,0,0,0,0,0,0,0.00,0.00,0.00,0.00,0.00,0.00,0.00,0.00,0.00,0.00,0.00,N/A
1782268200,Jun 24 2026 - 2:30am,incomplete,N/A,Southern Soccer Academy,Montgomery United,N/A,N/A,0.00,0.00,0.00,0.00,0,0,0,0,0,0,"","",-1,-1,-1,-1,-1,-1,-1,-1,-1,-1,-1,-1,-1,-1,-1,-1,-1,-1,-1,-1,0.00,0.00,0.00,0.00,0.00,0,0,0,0,0,0,0,0,0,0.00,0.00,0.00,0.00,0.00,0.00,0.00,0.00,0.00,0.00,0.00,N/A
1782338400,Jun 24 2026 - 10:00pm,incomplete,N/A,Cleveland Force,FC Buffalo,N/A,N/A,0.00,0.00,0.00,0.00,0,0,0,0,0,0,"","",-1,-1,-1,-1,-1,-1,-1,-1,-1,-1,-1,-1,-1,-1,-1,-1,-1,-1,-1,-1,0.00,0.00,0.00,0.00,0.00,0,0,0,0,0,0,0,0,0,0.00,0.00,0.00,0.00,0.00,0.00,0.00,0.00,0.00,0.00,0.00,N/A
1782338400,Jun 24 2026 - 10:00pm,incomplete,N/A,Colorado ISA,Albion Colorado,N/A,N/A,0.00,0.00,0.00,0.00,0,0,0,0,0,0,"","",-1,-1,-1,-1,-1,-1,-1,-1,-1,-1,-1,-1,-1,-1,-1,-1,-1,-1,-1,-1,0.00,0.00,0.00,0.00,0.00,0,0,0,0,0,0,0,0,0,0.00,0.00,0.00,0.00,0.00,0.00,0.00,0.00,0.00,0.00,0.00,N/A
1782338400,Jun 24 2026 - 10:00pm,incomplete,N/A,Louisville City II,West Virginia Chaos,N/A,N/A,0.00,0.00,0.00,0.00,0,0,0,0,0,0,"","",-1,-1,-1,-1,-1,-1,-1,-1,-1,-1,-1,-1,-1,-1,-1,-1,-1,-1,-1,-1,0.00,0.00,0.00,0.00,0.00,0,0,0,0,0,0,0,0,0,0.00,0.00,0.00,0.00,0.00,0.00,0.00,0.00,0.00,0.00,0.00,N/A
1782340200,Jun 24 2026 - 10:30pm,incomplete,N/A,Port City,SC United Bantams,N/A,N/A,0.00,0.00,0.00,0.00,0,0,0,0,0,0,"","",-1,-1,-1,-1,-1,-1,-1,-1,-1,-1,-1,-1,-1,-1,-1,-1,-1,-1,-1,-1,0.00,0.00,0.00,0.00,0.00,0,0,0,0,0,0,0,0,0,0.00,0.00,0.00,0.00,0.00,0.00,0.00,0.00,0.00,0.00,0.00,N/A
1782340200,Jun 24 2026 - 10:30pm,incomplete,N/A,Bethesda Athletic,Annapolis Blues,N/A,N/A,0.00,0.00,0.00,0.00,0,0,0,0,0,0,"","",-1,-1,-1,-1,-1,-1,-1,-1,-1,-1,-1,-1,-1,-1,-1,-1,-1,-1,-1,-1,0.00,0.00,0.00,0.00,0.00,0,0,0,0,0,0,0,0,0,0.00,0.00,0.00,0.00,0.00,0.00,0.00,0.00,0.00,0.00,0.00,N/A
1782342000,Jun 24 2026 - 11:00pm,incomplete,N/A,Ann Arbor,Michigan Bucks,N/A,N/A,0.00,0.00,0.00,0.00,0,0,0,0,0,0,"","",-1,-1,-1,-1,-1,-1,-1,-1,-1,-1,-1,-1,-1,-1,-1,-1,-1,-1,-1,-1,0.00,0.00,0.00,0.00,0.00,0,0,0,0,0,0,0,0,0,0.00,0.00,0.00,0.00,0.00,0.00,0.00,0.00,0.00,0.00,0.00,N/A
1782342000,Jun 24 2026 - 11:00pm,incomplete,N/A,Kalamazoo FC,Midwest United,N/A,N/A,0.00,0.00,0.00,0.00,0,0,0,0,0,0,"","",-1,-1,-1,-1,-1,-1,-1,-1,-1,-1,-1,-1,-1,-1,-1,-1,-1,-1,-1,-1,0.00,0.00,0.00,0.00,0.00,0,0,0,0,0,0,0,0,0,0.00,0.00,0.00,0.00,0.00,0.00,0.00,0.00,0.00,0.00,0.00,N/A
1782342000,Jun 24 2026 - 11:00pm,incomplete,N/A,Connecticut Rush,New England SC,N/A,N/A,0.00,0.00,0.00,0.00,0,0,0,0,0,0,"","",-1,-1,-1,-1,-1,-1,-1,-1,-1,-1,-1,-1,-1,-1,-1,-1,-1,-1,-1,-1,0.00,0.00,0.00,0.00,0.00,0,0,0,0,0,0,0,0,0,0.00,0.00,0.00,0.00,0.00,0.00,0.00,0.00,0.00,0.00,0.00,N/A
1782342000,Jun 24 2026 - 11:00pm,incomplete,N/A,Hickory,Tobacco Road FC,N/A,N/A,0.00,0.00,0.00,0.00,0,0,0,0,0,0,"","",-1,-1,-1,-1,-1,-1,-1,-1,-1,-1,-1,-1,-1,-1,-1,-1,-1,-1,-1,-1,0.00,0.00,0.00,0.00,0.00,0,0,0,0,0,0,0,0,0,0.00,0.00,0.00,0.00,0.00,0.00,0.00,0.00,0.00,0.00,0.00,N/A
1782342000,Jun 24 2026 - 11:00pm,incomplete,N/A,Colorado Storm,Real Colorado,N/A,N/A,0.00,0.00,0.00,0.00,0,0,0,0,0,0,"","",-1,-1,-1,-1,-1,-1,-1,-1,-1,-1,-1,-1,-1,-1,-1,-1,-1,-1,-1,-1,0.00,0.00,0.00,0.00,0.00,0,0,0,0,0,0,0,0,0,0.00,0.00,0.00,0.00,0.00,0.00,0.00,0.00,0.00,0.00,0.00,N/A
1782342000,Jun 24 2026 - 11:00pm,incomplete,N/A,Ballard,West Seattle Junction,N/A,N/A,0.00,0.00,0.00,0.00,0,0,0,0,0,0,"","",-1,-1,-1,-1,-1,-1,-1,-1,-1,-1,-1,-1,-1,-1,-1,-1,-1,-1,-1,-1,0.00,0.00,0.00,0.00,0.00,0,0,0,0,0,0,0,0,0,0.00,0.00,0.00,0.00,0.00,0.00,0.00,0.00,0.00,0.00,0.00,N/A
1782342000,Jun 24 2026 - 11:00pm,incomplete,N/A,Patuxent,Loudoun United II,N/A,N/A,0.00,0.00,0.00,0.00,0,0,0,0,0,0,"","",-1,-1,-1,-1,-1,-1,-1,-1,-1,-1,-1,-1,-1,-1,-1,-1,-1,-1,-1,-1,0.00,0.00,0.00,0.00,0.00,0,0,0,0,0,0,0,0,0,0.00,0.00,0.00,0.00,0.00,0.00,0.00,0.00,0.00,0.00,0.00,N/A
1782342000,Jun 24 2026 - 11:00pm,incomplete,N/A,Real Central New Jersey,Lehigh Valley Utd. Sonic,N/A,N/A,0.00,0.00,0.00,0.00,0,0,0,0,0,0,"","",-1,-1,-1,-1,-1,-1,-1,-1,-1,-1,-1,-1,-1,-1,-1,-1,-1,-1,-1,-1,0.00,0.00,0.00,0.00,0.00,0,0,0,0,0,0,0,0,0,0.00,0.00,0.00,0.00,0.00,0.00,0.00,0.00,0.00,0.00,0.00,N/A
1782342000,Jun 24 2026 - 11:00pm,incomplete,N/A,The Villages,Inter Gainesville,N/A,N/A,0.00,0.00,0.00,0.00,0,0,0,0,0,0,"","",-1,-1,-1,-1,-1,-1,-1,-1,-1,-1,-1,-1,-1,-1,-1,-1,-1,-1,-1,-1,0.00,0.00,0.00,0.00,0.00,0,0,0,0,0,0,0,0,0,0.00,0.00,0.00,0.00,0.00,0.00,0.00,0.00,0.00,0.00,0.00,N/A
1782342000,Jun 24 2026 - 11:00pm,incomplete,N/A,Fort Lauderdale United,Weston FC,N/A,N/A,0.00,0.00,0.00,0.00,0,0,0,0,0,0,"","",-1,-1,-1,-1,-1,-1,-1,-1,-1,-1,-1,-1,-1,-1,-1,-1,-1,-1,-1,-1,0.00,0.00,0.00,0.00,0.00,0,0,0,0,0,0,0,0,0,0.00,0.00,0.00,0.00,0.00,0.00,0.00,0.00,0.00,0.00,0.00,N/A
1782343800,Jun 24 2026 - 11:30pm,incomplete,N/A,Westchester Flames,Hudson Valley Hammers,N/A,N/A,0.00,0.00,0.00,0.00,0,0,0,0,0,0,"","",-1,-1,-1,-1,-1,-1,-1,-1,-1,-1,-1,-1,-1,-1,-1,-1,-1,-1,-1,-1,0.00,0.00,0.00,0.00,0.00,0,0,0,0,0,0,0,0,0,0.00,0.00,0.00,0.00,0.00,0.00,0.00,0.00,0.00,0.00,0.00,Skidelsky Field at City Park Stadium
1782343800,Jun 24 2026 - 11:30pm,incomplete,N/A,Morris Elite,New Jersey Copa FC,N/A,N/A,0.00,0.00,0.00,0.00,0,0,0,0,0,0,"","",-1,-1,-1,-1,-1,-1,-1,-1,-1,-1,-1,-1,-1,-1,-1,-1,-1,-1,-1,-1,0.00,0.00,0.00,0.00,0.00,0,0,0,0,0,0,0,0,0,0.00,0.00,0.00,0.00,0.00,0.00,0.00,0.00,0.00,0.00,0.00,N/A
1782343800,Jun 24 2026 - 11:30pm,incomplete,N/A,Ironbound,FC Motown II,N/A,N/A,0.00,0.00,0.00,0.00,0,0,0,0,0,0,"","",-1,-1,-1,-1,-1,-1,-1,-1,-1,-1,-1,-1,-1,-1,-1,-1,-1,-1,-1,-1,0.00,0.00,0.00,0.00,0.00,0,0,0,0,0,0,0,0,0,0.00,0.00,0.00,0.00,0.00,0.00,0.00,0.00,0.00,0.00,0.00,N/A
1782345600,Jun 25 2026 - 12:00am,incomplete,N/A,Rockford Raptors,Edgewater Castle,N/A,N/A,0.00,0.00,0.00,0.00,0,0,0,0,0,0,"","",-1,-1,-1,-1,-1,-1,-1,-1,-1,-1,-1,-1,-1,-1,-1,-1,-1,-1,-1,-1,0.00,0.00,0.00,0.00,0.00,0,0,0,0,0,0,0,0,0,0.00,0.00,0.00,0.00,0.00,0.00,0.00,0.00,0.00,0.00,0.00,N/A
1782345600,Jun 25 2026 - 12:00am,incomplete,N/A,Davis Legacy,Project 51O,N/A,N/A,0.00,0.00,0.00,0.00,0,0,0,0,0,0,"","",-1,-1,-1,-1,-1,-1,-1,-1,-1,-1,-1,-1,-1,-1,-1,-1,-1,-1,-1,-1,0.00,0.00,0.00,0.00,0.00,0,0,0,0,0,0,0,0,0,0.00,0.00,0.00,0.00,0.00,0.00,0.00,0.00,0.00,0.00,0.00,N/A
1782345600,Jun 25 2026 - 12:00am,incomplete,N/A,Sueno,River Light,N/A,N/A,0.00,0.00,0.00,0.00,0,0,0,0,0,0,"","",-1,-1,-1,-1,-1,-1,-1,-1,-1,-1,-1,-1,-1,-1,-1,-1,-1,-1,-1,-1,0.00,0.00,0.00,0.00,0.00,0,0,0,0,0,0,0,0,0,0.00,0.00,0.00,0.00,0.00,0.00,0.00,0.00,0.00,0.00,0.00,N/A
1782345600,Jun 25 2026 - 12:00am,incomplete,N/A,Minneapolis City SC,RKC,N/A,N/A,0.00,0.00,0.00,0.00,0,0,0,0,0,0,"","",-1,-1,-1,-1,-1,-1,-1,-1,-1,-1,-1,-1,-1,-1,-1,-1,-1,-1,-1,-1,0.00,0.00,0.00,0.00,0.00,0,0,0,0,0,0,0,0,0,0.00,0.00,0.00,0.00,0.00,0.00,0.00,0.00,0.00,0.00,0.00,N/A
1782345600,Jun 25 2026 - 12:00am,incomplete,N/A,Charlottesville Blues,Lionsbridge,N/A,N/A,0.00,0.00,0.00,0.00,0,0,0,0,0,0,"","",-1,-1,-1,-1,-1,-1,-1,-1,-1,-1,-1,-1,-1,-1,-1,-1,-1,-1,-1,-1,0.00,0.00,0.00,0.00,0.00,0,0,0,0,0,0,0,0,0,0.00,0.00,0.00,0.00,0.00,0.00,0.00,0.00,0.00,0.00,0.00,N/A
1782345600,Jun 25 2026 - 12:00am,incomplete,N/A,Mississippi Brilla,Memphis FC,N/A,N/A,0.00,0.00,0.00,0.00,0,0,0,0,0,0,"","",-1,-1,-1,-1,-1,-1,-1,-1,-1,-1,-1,-1,-1,-1,-1,-1,-1,-1,-1,-1,0.00,0.00,0.00,0.00,0.00,0,0,0,0,0,0,0,0,0,0.00,0.00,0.00,0.00,0.00,0.00,0.00,0.00,0.00,0.00,0.00,Arrow Field at Clinton High School
1782345600,Jun 25 2026 - 12:00am,incomplete,N/A,Lubbock Matadors,McKinney Chupacabras,N/A,N/A,0.00,0.00,0.00,0.00,0,0,0,0,0,0,"","",-1,-1,-1,-1,-1,-1,-1,-1,-1,-1,-1,-1,-1,-1,-1,-1,-1,-1,-1,-1,0.00,0.00,0.00,0.00,0.00,0,0,0,0,0,0,0,0,0,0.00,0.00,0.00,0.00,0.00,0.00,0.00,0.00,0.00,0.00,0.00,N/A
1782345600,Jun 25 2026 - 12:00am,incomplete,N/A,GFI,Brazos Valley,N/A,N/A,0.00,0.00,0.00,0.00,0,0,0,0,0,0,"","",-1,-1,-1,-1,-1,-1,-1,-1,-1,-1,-1,-1,-1,-1,-1,-1,-1,-1,-1,-1,0.00,0.00,0.00,0.00,0.00,0,0,0,0,0,0,0,0,0,0.00,0.00,0.00,0.00,0.00,0.00,0.00,0.00,0.00,0.00,0.00,N/A
1782345600,Jun 25 2026 - 12:00am,incomplete,N/A,Houston Sur,AHFC Royals,N/A,N/A,0.00,0.00,0.00,0.00,0,0,0,0,0,0,"","",-1,-1,-1,-1,-1,-1,-1,-1,-1,-1,-1,-1,-1,-1,-1,-1,-1,-1,-1,-1,0.00,0.00,0.00,0.00,0.00,0,0,0,0,0,0,0,0,0,0.00,0.00,0.00,0.00,0.00,0.00,0.00,0.00,0.00,0.00,0.00,N/A
1782347400,Jun 25 2026 - 12:30am,incomplete,N/A,West Texas,Fort Worth Vaqueros,N/A,N/A,0.00,0.00,0.00,0.00,0,0,0,0,0,0,"","",-1,-1,-1,-1,-1,-1,-1,-1,-1,-1,-1,-1,-1,-1,-1,-1,-1,-1,-1,-1,0.00,0.00,0.00,0.00,0.00,0,0,0,0,0,0,0,0,0,0.00,0.00,0.00,0.00,0.00,0.00,0.00,0.00,0.00,0.00,0.00,N/A
1782349200,Jun 25 2026 - 1:00am,incomplete,N/A,Santafé Wanderers,Sunflower State,N/A,N/A,0.00,0.00,0.00,0.00,0,0,0,0,0,0,"","",-1,-1,-1,-1,-1,-1,-1,-1,-1,-1,-1,-1,-1,-1,-1,-1,-1,-1,-1,-1,0.00,0.00,0.00,0.00,0.00,0,0,0,0,0,0,0,0,0,0.00,0.00,0.00,0.00,0.00,0.00,0.00,0.00,0.00,0.00,0.00,N/A
1782349200,Jun 25 2026 - 1:00am,incomplete,N/A,Lonestar,San Antonio II,N/A,N/A,0.00,0.00,0.00,0.00,0,0,0,0,0,0,"","",-1,-1,-1,-1,-1,-1,-1,-1,-1,-1,-1,-1,-1,-1,-1,-1,-1,-1,-1,-1,0.00,0.00,0.00,0.00,0.00,0,0,0,0,0,0,0,0,0,0.00,0.00,0.00,0.00,0.00,0.00,0.00,0.00,0.00,0.00,0.00,N/A
1782352800,Jun 25 2026 - 2:00am,incomplete,N/A,Academica,San Francisco City,N/A,N/A,0.00,0.00,0.00,0.00,0,0,0,0,0,0,"","",-1,-1,-1,-1,-1,-1,-1,-1,-1,-1,-1,-1,-1,-1,-1,-1,-1,-1,-1,-1,0.00,0.00,0.00,0.00,0.00,0,0,0,0,0,0,0,0,0,0.00,0.00,0.00,0.00,0.00,0.00,0.00,0.00,0.00,0.00,0.00,N/A
1782352800,Jun 25 2026 - 2:00am,incomplete,N/A,Ventura County Fusion,Southern California Seahorses,N/A,N/A,0.00,0.00,0.00,0.00,0,0,0,0,0,0,"","",-1,-1,-1,-1,-1,-1,-1,-1,-1,-1,-1,-1,-1,-1,-1,-1,-1,-1,-1,-1,0.00,0.00,0.00,0.00,0.00,0,0,0,0,0,0,0,0,0,0.00,0.00,0.00,0.00,0.00,0.00,0.00,0.00,0.00,0.00,0.00,Ventura College Stadium
1782354600,Jun 25 2026 - 2:30am,incomplete,N/A,Stars FC,City SC,N/A,N/A,0.00,0.00,0.00,0.00,0,0,0,0,0,0,"","",-1,-1,-1,-1,-1,-1,-1,-1,-1,-1,-1,-1,-1,-1,-1,-1,-1,-1,-1,-1,0.00,0.00,0.00,0.00,0.00,0,0,0,0,0,0,0,0,0,0.00,0.00,0.00,0.00,0.00,0.00,0.00,0.00,0.00,0.00,0.00,N/A
1782428400,Jun 25 2026 - 11:00pm,incomplete,N/A,Seacoast United Phantoms,FC Boston Bolts,N/A,N/A,0.00,0.00,0.00,0.00,0,0,0,0,0,0,"","",-1,-1,-1,-1,-1,-1,-1,-1,-1,-1,-1,-1,-1,-1,-1,-1,-1,-1,-1,-1,0.00,0.00,0.00,0.00,0.00,0,0,0,0,0,0,0,0,0,0.00,0.00,0.00,0.00,0.00,0.00,0.00,0.00,0.00,0.00,0.00,N/A
1782432000,Jun 26 2026 - 12:00am,incomplete,N/A,Hattiesburg,Jackson Boom,N/A,N/A,0.00,0.00,0.00,0.00,0,0,0,0,0,0,"","",-1,-1,-1,-1,-1,-1,-1,-1,-1,-1,-1,-1,-1,-1,-1,-1,-1,-1,-1,-1,0.00,0.00,0.00,0.00,0.00,0,0,0,0,0,0,0,0,0,0.00,0.00,0.00,0.00,0.00,0.00,0.00,0.00,0.00,0.00,0.00,N/A
1782432000,Jun 26 2026 - 12:00am,incomplete,N/A,Long Island Rough Riders,Cedar Stars Rush,N/A,N/A,0.00,0.00,0.00,0.00,0,0,0,0,0,0,"","",-1,-1,-1,-1,-1,-1,-1,-1,-1,-1,-1,-1,-1,-1,-1,-1,-1,-1,-1,-1,0.00,0.00,0.00,0.00,0.00,0,0,0,0,0,0,0,0,0,0.00,0.00,0.00,0.00,0.00,0.00,0.00,0.00,0.00,0.00,0.00,N/A
1782432000,Jun 26 2026 - 12:00am,incomplete,N/A,Birmingham Legion II,Southern Soccer Academy,N/A,N/A,0.00,0.00,0.00,0.00,0,0,0,0,0,0,"","",-1,-1,-1,-1,-1,-1,-1,-1,-1,-1,-1,-1,-1,-1,-1,-1,-1,-1,-1,-1,0.00,0.00,0.00,0.00,0.00,0,0,0,0,0,0,0,0,0,0.00,0.00,0.00,0.00,0.00,0.00,0.00,0.00,0.00,0.00,0.00,N/A
1782435600,Jun 26 2026 - 1:00am,incomplete,N/A,Flatirons Rush,Utah United,N/A,N/A,0.00,0.00,0.00,0.00,0,0,0,0,0,0,"","",-1,-1,-1,-1,-1,-1,-1,-1,-1,-1,-1,-1,-1,-1,-1,-1,-1,-1,-1,-1,0.00,0.00,0.00,0.00,0.00,0,0,0,0,0,0,0,0,0,0.00,0.00,0.00,0.00,0.00,0.00,0.00,0.00,0.00,0.00,0.00,N/A
1782514800,Jun 26 2026 - 11:00pm,incomplete,N/A,Akron City,Lorain County Leviathan,N/A,N/A,0.00,0.00,0.00,0.00,0,0,0,0,0,0,"","",-1,-1,-1,-1,-1,-1,-1,-1,-1,-1,-1,-1,-1,-1,-1,-1,-1,-1,-1,-1,0.00,0.00,0.00,0.00,0.00,0,0,0,0,0,0,0,0,0,0.00,0.00,0.00,0.00,0.00,0.00,0.00,0.00,0.00,0.00,0.00,N/A
1782514800,Jun 26 2026 - 11:00pm,incomplete,N/A,Vermont Green,Black Rock FC,N/A,N/A,0.00,0.00,0.00,0.00,0,0,0,0,0,0,"","",-1,-1,-1,-1,-1,-1,-1,-1,-1,-1,-1,-1,-1,-1,-1,-1,-1,-1,-1,-1,0.00,0.00,0.00,0.00,0.00,0,0,0,0,0,0,0,0,0,0.00,0.00,0.00,0.00,0.00,0.00,0.00,0.00,0.00,0.00,0.00,N/A
1782514800,Jun 26 2026 - 11:00pm,incomplete,N/A,Eagle FC,Ocean City Nor'easters,N/A,N/A,0.00,0.00,0.00,0.00,0,0,0,0,0,0,"","",-1,-1,-1,-1,-1,-1,-1,-1,-1,-1,-1,-1,-1,-1,-1,-1,-1,-1,-1,-1,0.00,0.00,0.00,0.00,0.00,0,0,0,0,0,0,0,0,0,0.00,0.00,0.00,0.00,0.00,0.00,0.00,0.00,0.00,0.00,0.00,N/A
1782514800,Jun 26 2026 - 11:00pm,incomplete,N/A,Asheville City,Charlotte Eagles,N/A,N/A,0.00,0.00,0.00,0.00,0,0,0,0,0,0,"","",-1,-1,-1,-1,-1,-1,-1,-1,-1,-1,-1,-1,-1,-1,-1,-1,-1,-1,-1,-1,0.00,0.00,0.00,0.00,0.00,0,0,0,0,0,0,0,0,0,0.00,0.00,0.00,0.00,0.00,0.00,0.00,0.00,0.00,0.00,0.00,N/A
1782516600,Jun 26 2026 - 11:30pm,incomplete,N/A,Western Mass Pioneers,AC Connecticut,N/A,N/A,0.00,0.00,0.00,0.00,0,0,0,0,0,0,"","",-1,-1,-1,-1,-1,-1,-1,-1,-1,-1,-1,-1,-1,-1,-1,-1,-1,-1,-1,-1,0.00,0.00,0.00,0.00,0.00,0,0,0,0,0,0,0,0,0,0.00,0.00,0.00,0.00,0.00,0.00,0.00,0.00,0.00,0.00,0.00,Lusitano Stadium
1782518400,Jun 27 2026 - 12:00am,incomplete,N/A,Montgomery United,Apotheos,N/A,N/A,0.00,0.00,0.00,0.00,0,0,0,0,0,0,"","",-1,-1,-1,-1,-1,-1,-1,-1,-1,-1,-1,-1,-1,-1,-1,-1,-1,-1,-1,-1,0.00,0.00,0.00,0.00,0.00,0,0,0,0,0,0,0,0,0,0.00,0.00,0.00,0.00,0.00,0.00,0.00,0.00,0.00,0.00,0.00,N/A
1782518400,Jun 27 2026 - 12:00am,incomplete,N/A,West Virginia Chaos,Dayton Dutch Lions,N/A,N/A,0.00,0.00,0.00,0.00,0,0,0,0,0,0,"","",-1,-1,-1,-1,-1,-1,-1,-1,-1,-1,-1,-1,-1,-1,-1,-1,-1,-1,-1,-1,0.00,0.00,0.00,0.00,0.00,0,0,0,0,0,0,0,0,0,0.00,0.00,0.00,0.00,0.00,0.00,0.00,0.00,0.00,0.00,0.00,N/A
1782522000,Jun 27 2026 - 1:00am,incomplete,N/A,Snohomish United,Bigfoot,N/A,N/A,0.00,0.00,0.00,0.00,0,0,0,0,0,0,"","",-1,-1,-1,-1,-1,-1,-1,-1,-1,-1,-1,-1,-1,-1,-1,-1,-1,-1,-1,-1,0.00,0.00,0.00,0.00,0.00,0,0,0,0,0,0,0,0,0,0.00,0.00,0.00,0.00,0.00,0.00,0.00,0.00,0.00,0.00,0.00,N/A
1782525600,Jun 27 2026 - 2:00am,incomplete,N/A,FC Tucson,City SC,N/A,N/A,0.00,0.00,0.00,0.00,0,0,0,0,0,0,"","",-1,-1,-1,-1,-1,-1,-1,-1,-1,-1,-1,-1,-1,-1,-1,-1,-1,-1,-1,-1,0.00,0.00,0.00,0.00,0.00,0,0,0,0,0,0,0,0,0,0.00,0.00,0.00,0.00,0.00,0.00,0.00,0.00,0.00,0.00,0.00,Kino North Stadium
1782572400,Jun 27 2026 - 3:00pm,incomplete,N/A,New Jersey Copa FC,Ironbound,N/A,N/A,0.00,0.00,0.00,0.00,0,0,0,0,0,0,"","",-1,-1,-1,-1,-1,-1,-1,-1,-1,-1,-1,-1,-1,-1,-1,-1,-1,-1,-1,-1,0.00,0.00,0.00,0.00,0.00,0,0,0,0,0,0,0,0,0,0.00,0.00,0.00,0.00,0.00,0.00,0.00,0.00,0.00,0.00,0.00,N/A
1782579600,Jun 27 2026 - 5:00pm,incomplete,N/A,Edgewater Castle,Chicago Dutch Lions,N/A,N/A,0.00,0.00,0.00,0.00,0,0,0,0,0,0,"","",-1,-1,-1,-1,-1,-1,-1,-1,-1,-1,-1,-1,-1,-1,-1,-1,-1,-1,-1,-1,0.00,0.00,0.00,0.00,0.00,0,0,0,0,0,0,0,0,0,0.00,0.00,0.00,0.00,0.00,0.00,0.00,0.00,0.00,0.00,0.00,N/A
1782586800,Jun 27 2026 - 7:00pm,incomplete,N/A,Louisville City II,Kings Hammer Columbus,N/A,N/A,0.00,0.00,0.00,0.00,0,0,0,0,0,0,"","",-1,-1,-1,-1,-1,-1,-1,-1,-1,-1,-1,-1,-1,-1,-1,-1,-1,-1,-1,-1,0.00,0.00,0.00,0.00,0.00,0,0,0,0,0,0,0,0,0,0.00,0.00,0.00,0.00,0.00,0.00,0.00,0.00,0.00,0.00,0.00,N/A
1782586800,Jun 27 2026 - 7:00pm,incomplete,N/A,FC Buffalo,Steel City,N/A,N/A,0.00,0.00,0.00,0.00,0,0,0,0,0,0,"","",-1,-1,-1,-1,-1,-1,-1,-1,-1,-1,-1,-1,-1,-1,-1,-1,-1,-1,-1,-1,0.00,0.00,0.00,0.00,0.00,0,0,0,0,0,0,0,0,0,0.00,0.00,0.00,0.00,0.00,0.00,0.00,0.00,0.00,0.00,0.00,N/A
1782586800,Jun 27 2026 - 7:00pm,incomplete,N/A,Midwest United,Union Macomb,N/A,N/A,0.00,0.00,0.00,0.00,0,0,0,0,0,0,"","",-1,-1,-1,-1,-1,-1,-1,-1,-1,-1,-1,-1,-1,-1,-1,-1,-1,-1,-1,-1,0.00,0.00,0.00,0.00,0.00,0,0,0,0,0,0,0,0,0,0.00,0.00,0.00,0.00,0.00,0.00,0.00,0.00,0.00,0.00,0.00,N/A
1782592200,Jun 27 2026 - 8:30pm,incomplete,N/A,Rochester,Rockford Raptors,N/A,N/A,0.00,0.00,0.00,0.00,0,0,0,0,0,0,"","",-1,-1,-1,-1,-1,-1,-1,-1,-1,-1,-1,-1,-1,-1,-1,-1,-1,-1,-1,-1,0.00,0.00,0.00,0.00,0.00,0,0,0,0,0,0,0,0,0,0.00,0.00,0.00,0.00,0.00,0.00,0.00,0.00,0.00,0.00,0.00,N/A
1782597600,Jun 27 2026 - 10:00pm,incomplete,N/A,Staten Island Athletic,Long Island Rough Riders,N/A,N/A,0.00,0.00,0.00,0.00,0,0,0,0,0,0,"","",-1,-1,-1,-1,-1,-1,-1,-1,-1,-1,-1,-1,-1,-1,-1,-1,-1,-1,-1,-1,0.00,0.00,0.00,0.00,0.00,0,0,0,0,0,0,0,0,0,0.00,0.00,0.00,0.00,0.00,0.00,0.00,0.00,0.00,0.00,0.00,N/A
1782599400,Jun 27 2026 - 10:30pm,incomplete,N/A,Port City,Appalachian,N/A,N/A,0.00,0.00,0.00,0.00,0,0,0,0,0,0,"","",-1,-1,-1,-1,-1,-1,-1,-1,-1,-1,-1,-1,-1,-1,-1,-1,-1,-1,-1,-1,0.00,0.00,0.00,0.00,0.00,0,0,0,0,0,0,0,0,0,0.00,0.00,0.00,0.00,0.00,0.00,0.00,0.00,0.00,0.00,0.00,N/A
1782601200,Jun 27 2026 - 11:00pm,incomplete,N/A,Lansing City,Ann Arbor,N/A,N/A,0.00,0.00,0.00,0.00,0,0,0,0,0,0,"","",-1,-1,-1,-1,-1,-1,-1,-1,-1,-1,-1,-1,-1,-1,-1,-1,-1,-1,-1,-1,0.00,0.00,0.00,0.00,0.00,0,0,0,0,0,0,0,0,0,0.00,0.00,0.00,0.00,0.00,0.00,0.00,0.00,0.00,0.00,0.00,N/A
1782601200,Jun 27 2026 - 11:00pm,incomplete,N/A,Michigan Bucks,Oakland County,N/A,N/A,0.00,0.00,0.00,0.00,0,0,0,0,0,0,"","",-1,-1,-1,-1,-1,-1,-1,-1,-1,-1,-1,-1,-1,-1,-1,-1,-1,-1,-1,-1,0.00,0.00,0.00,0.00,0.00,0,0,0,0,0,0,0,0,0,0.00,0.00,0.00,0.00,0.00,0.00,0.00,0.00,0.00,0.00,0.00,Ultimate Soccer Arenas
1782601200,Jun 27 2026 - 11:00pm,incomplete,N/A,Hickory,Charlotte Independence 2,N/A,N/A,0.00,0.00,0.00,0.00,0,0,0,0,0,0,"","",-1,-1,-1,-1,-1,-1,-1,-1,-1,-1,-1,-1,-1,-1,-1,-1,-1,-1,-1,-1,0.00,0.00,0.00,0.00,0.00,0,0,0,0,0,0,0,0,0,0.00,0.00,0.00,0.00,0.00,0.00,0.00,0.00,0.00,0.00,0.00,N/A
1782601200,Jun 27 2026 - 11:00pm,incomplete,N/A,Delaware FC,Real Central New Jersey,N/A,N/A,0.00,0.00,0.00,0.00,0,0,0,0,0,0,"","",-1,-1,-1,-1,-1,-1,-1,-1,-1,-1,-1,-1,-1,-1,-1,-1,-1,-1,-1,-1,0.00,0.00,0.00,0.00,0.00,0,0,0,0,0,0,0,0,0,0.00,0.00,0.00,0.00,0.00,0.00,0.00,0.00,0.00,0.00,0.00,N/A
1782601200,Jun 27 2026 - 11:00pm,incomplete,N/A,Tobacco Road FC,Wake,N/A,N/A,0.00,0.00,0.00,0.00,0,0,0,0,0,0,"","",-1,-1,-1,-1,-1,-1,-1,-1,-1,-1,-1,-1,-1,-1,-1,-1,-1,-1,-1,-1,0.00,0.00,0.00,0.00,0.00,0,0,0,0,0,0,0,0,0,0.00,0.00,0.00,0.00,0.00,0.00,0.00,0.00,0.00,0.00,0.00,N/A
1782601200,Jun 27 2026 - 11:00pm,incomplete,N/A,SC United Bantams,North Carolina Fusion U23,N/A,N/A,0.00,0.00,0.00,0.00,0,0,0,0,0,0,"","",-1,-1,-1,-1,-1,-1,-1,-1,-1,-1,-1,-1,-1,-1,-1,-1,-1,-1,-1,-1,0.00,0.00,0.00,0.00,0.00,0,0,0,0,0,0,0,0,0,0.00,0.00,0.00,0.00,0.00,0.00,0.00,0.00,0.00,0.00,0.00,N/A
1782601200,Jun 27 2026 - 11:00pm,incomplete,N/A,Boston City FC,Connecticut Rush,N/A,N/A,0.00,0.00,0.00,0.00,0,0,0,0,0,0,"","",-1,-1,-1,-1,-1,-1,-1,-1,-1,-1,-1,-1,-1,-1,-1,-1,-1,-1,-1,-1,0.00,0.00,0.00,0.00,0.00,0,0,0,0,0,0,0,0,0,0.00,0.00,0.00,0.00,0.00,0.00,0.00,0.00,0.00,0.00,0.00,N/A
1782601200,Jun 27 2026 - 11:00pm,incomplete,N/A,Reading United,Pennsylvania Classics,N/A,N/A,0.00,0.00,0.00,0.00,0,0,0,0,0,0,"","",-1,-1,-1,-1,-1,-1,-1,-1,-1,-1,-1,-1,-1,-1,-1,-1,-1,-1,-1,-1,0.00,0.00,0.00,0.00,0.00,0,0,0,0,0,0,0,0,0,0.00,0.00,0.00,0.00,0.00,0.00,0.00,0.00,0.00,0.00,0.00,N/A
1782601200,Jun 27 2026 - 11:00pm,incomplete,N/A,Shark Coast,Nona,N/A,N/A,0.00,0.00,0.00,0.00,0,0,0,0,0,0,"","",-1,-1,-1,-1,-1,-1,-1,-1,-1,-1,-1,-1,-1,-1,-1,-1,-1,-1,-1,-1,0.00,0.00,0.00,0.00,0.00,0,0,0,0,0,0,0,0,0,0.00,0.00,0.00,0.00,0.00,0.00,0.00,0.00,0.00,0.00,0.00,N/A
1782601200,Jun 27 2026 - 11:00pm,incomplete,N/A,Toledo Villa,Northern Indiana,N/A,N/A,0.00,0.00,0.00,0.00,0,0,0,0,0,0,"","",-1,-1,-1,-1,-1,-1,-1,-1,-1,-1,-1,-1,-1,-1,-1,-1,-1,-1,-1,-1,0.00,0.00,0.00,0.00,0.00,0,0,0,0,0,0,0,0,0,0.00,0.00,0.00,0.00,0.00,0.00,0.00,0.00,0.00,0.00,0.00,N/A
1782601200,Jun 27 2026 - 11:00pm,incomplete,N/A,River Light,Minneapolis City SC,N/A,N/A,0.00,0.00,0.00,0.00,0,0,0,0,0,0,"","",-1,-1,-1,-1,-1,-1,-1,-1,-1,-1,-1,-1,-1,-1,-1,-1,-1,-1,-1,-1,0.00,0.00,0.00,0.00,0.00,0,0,0,0,0,0,0,0,0,0.00,0.00,0.00,0.00,0.00,0.00,0.00,0.00,0.00,0.00,0.00,N/A
1782601200,Jun 27 2026 - 11:00pm,incomplete,N/A,Loudoun United II,Virginia Marauders,N/A,N/A,0.00,0.00,0.00,0.00,0,0,0,0,0,0,"","",-1,-1,-1,-1,-1,-1,-1,-1,-1,-1,-1,-1,-1,-1,-1,-1,-1,-1,-1,-1,0.00,0.00,0.00,0.00,0.00,0,0,0,0,0,0,0,0,0,0.00,0.00,0.00,0.00,0.00,0.00,0.00,0.00,0.00,0.00,0.00,N/A
1782601200,Jun 27 2026 - 11:00pm,incomplete,N/A,Hill City,Virginia Beach United,N/A,N/A,0.00,0.00,0.00,0.00,0,0,0,0,0,0,"","",-1,-1,-1,-1,-1,-1,-1,-1,-1,-1,-1,-1,-1,-1,-1,-1,-1,-1,-1,-1,0.00,0.00,0.00,0.00,0.00,0,0,0,0,0,0,0,0,0,0.00,0.00,0.00,0.00,0.00,0.00,0.00,0.00,0.00,0.00,0.00,N/A
1782601200,Jun 27 2026 - 11:00pm,incomplete,N/A,The Villages,Brooke House,N/A,N/A,0.00,0.00,0.00,0.00,0,0,0,0,0,0,"","",-1,-1,-1,-1,-1,-1,-1,-1,-1,-1,-1,-1,-1,-1,-1,-1,-1,-1,-1,-1,0.00,0.00,0.00,0.00,0.00,0,0,0,0,0,0,0,0,0,0.00,0.00,0.00,0.00,0.00,0.00,0.00,0.00,0.00,0.00,0.00,N/A
1782603000,Jun 27 2026 - 11:30pm,incomplete,N/A,Bethesda Athletic,Patuxent,N/A,N/A,0.00,0.00,0.00,0.00,0,0,0,0,0,0,"","",-1,-1,-1,-1,-1,-1,-1,-1,-1,-1,-1,-1,-1,-1,-1,-1,-1,-1,-1,-1,0.00,0.00,0.00,0.00,0.00,0,0,0,0,0,0,0,0,0,0.00,0.00,0.00,0.00,0.00,0.00,0.00,0.00,0.00,0.00,0.00,N/A
1782603000,Jun 27 2026 - 11:30pm,incomplete,N/A,Westchester Flames,Cedar Stars Rush,N/A,N/A,0.00,0.00,0.00,0.00,0,0,0,0,0,0,"","",-1,-1,-1,-1,-1,-1,-1,-1,-1,-1,-1,-1,-1,-1,-1,-1,-1,-1,-1,-1,0.00,0.00,0.00,0.00,0.00,0,0,0,0,0,0,0,0,0,0.00,0.00,0.00,0.00,0.00,0.00,0.00,0.00,0.00,0.00,0.00,Skidelsky Field at City Park Stadium
1782603000,Jun 27 2026 - 11:30pm,incomplete,N/A,Annapolis Blues,Christos,N/A,N/A,0.00,0.00,0.00,0.00,0,0,0,0,0,0,"","",-1,-1,-1,-1,-1,-1,-1,-1,-1,-1,-1,-1,-1,-1,-1,-1,-1,-1,-1,-1,0.00,0.00,0.00,0.00,0.00,0,0,0,0,0,0,0,0,0,0.00,0.00,0.00,0.00,0.00,0.00,0.00,0.00,0.00,0.00,0.00,N/A
1782603000,Jun 27 2026 - 11:30pm,incomplete,N/A,Hudson Valley Hammers,Morris Elite,N/A,N/A,0.00,0.00,0.00,0.00,0,0,0,0,0,0,"","",-1,-1,-1,-1,-1,-1,-1,-1,-1,-1,-1,-1,-1,-1,-1,-1,-1,-1,-1,-1,0.00,0.00,0.00,0.00,0.00,0,0,0,0,0,0,0,0,0,0.00,0.00,0.00,0.00,0.00,0.00,0.00,0.00,0.00,0.00,0.00,N/A
1782604800,Jun 28 2026 - 12:00am,incomplete,N/A,Erie Sports Center,Riverhounds II,N/A,N/A,0.00,0.00,0.00,0.00,0,0,0,0,0,0,"","",-1,-1,-1,-1,-1,-1,-1,-1,-1,-1,-1,-1,-1,-1,-1,-1,-1,-1,-1,-1,0.00,0.00,0.00,0.00,0.00,0,0,0,0,0,0,0,0,0,0.00,0.00,0.00,0.00,0.00,0.00,0.00,0.00,0.00,0.00,0.00,N/A
1782604800,Jun 28 2026 - 12:00am,incomplete,N/A,Sunflower State,Santafé Wanderers,N/A,N/A,0.00,0.00,0.00,0.00,0,0,0,0,0,0,"","",-1,-1,-1,-1,-1,-1,-1,-1,-1,-1,-1,-1,-1,-1,-1,-1,-1,-1,-1,-1,0.00,0.00,0.00,0.00,0.00,0,0,0,0,0,0,0,0,0,0.00,0.00,0.00,0.00,0.00,0.00,0.00,0.00,0.00,0.00,0.00,N/A
1782604800,Jun 28 2026 - 12:00am,incomplete,N/A,Des Moines Menace,Peoria City,N/A,N/A,0.00,0.00,0.00,0.00,0,0,0,0,0,0,"","",-1,-1,-1,-1,-1,-1,-1,-1,-1,-1,-1,-1,-1,-1,-1,-1,-1,-1,-1,-1,0.00,0.00,0.00,0.00,0.00,0,0,0,0,0,0,0,0,0,0.00,0.00,0.00,0.00,0.00,0.00,0.00,0.00,0.00,0.00,0.00,Valley Stadium
1782604800,Jun 28 2026 - 12:00am,incomplete,N/A,St. Louis Ambush,Springfield,N/A,N/A,0.00,0.00,0.00,0.00,0,0,0,0,0,0,"","",-1,-1,-1,-1,-1,-1,-1,-1,-1,-1,-1,-1,-1,-1,-1,-1,-1,-1,-1,-1,0.00,0.00,0.00,0.00,0.00,0,0,0,0,0,0,0,0,0,0.00,0.00,0.00,0.00,0.00,0.00,0.00,0.00,0.00,0.00,0.00,N/A
1782604800,Jun 28 2026 - 12:00am,incomplete,N/A,Little Rock Rangers,Red River,N/A,N/A,0.00,0.00,0.00,0.00,0,0,0,0,0,0,"","",-1,-1,-1,-1,-1,-1,-1,-1,-1,-1,-1,-1,-1,-1,-1,-1,-1,-1,-1,-1,0.00,0.00,0.00,0.00,0.00,0,0,0,0,0,0,0,0,0,0.00,0.00,0.00,0.00,0.00,0.00,0.00,0.00,0.00,0.00,0.00,N/A
1782604800,Jun 28 2026 - 12:00am,incomplete,N/A,Mississippi Brilla,Jackson Boom,N/A,N/A,0.00,0.00,0.00,0.00,0,0,0,0,0,0,"","",-1,-1,-1,-1,-1,-1,-1,-1,-1,-1,-1,-1,-1,-1,-1,-1,-1,-1,-1,-1,0.00,0.00,0.00,0.00,0.00,0,0,0,0,0,0,0,0,0,0.00,0.00,0.00,0.00,0.00,0.00,0.00,0.00,0.00,0.00,0.00,Arrow Field at Clinton High School
1782604800,Jun 28 2026 - 12:00am,incomplete,N/A,San Antonio II,GFI,N/A,N/A,0.00,0.00,0.00,0.00,0,0,0,0,0,0,"","",-1,-1,-1,-1,-1,-1,-1,-1,-1,-1,-1,-1,-1,-1,-1,-1,-1,-1,-1,-1,0.00,0.00,0.00,0.00,0.00,0,0,0,0,0,0,0,0,0,0.00,0.00,0.00,0.00,0.00,0.00,0.00,0.00,0.00,0.00,0.00,N/A
1782604800,Jun 28 2026 - 12:00am,incomplete,N/A,Lonestar,Houston FC,N/A,N/A,0.00,0.00,0.00,0.00,0,0,0,0,0,0,"","",-1,-1,-1,-1,-1,-1,-1,-1,-1,-1,-1,-1,-1,-1,-1,-1,-1,-1,-1,-1,0.00,0.00,0.00,0.00,0.00,0,0,0,0,0,0,0,0,0,0.00,0.00,0.00,0.00,0.00,0.00,0.00,0.00,0.00,0.00,0.00,N/A
1782604800,Jun 28 2026 - 12:00am,incomplete,N/A,Miami AC,Brevard,N/A,N/A,0.00,0.00,0.00,0.00,0,0,0,0,0,0,"","",-1,-1,-1,-1,-1,-1,-1,-1,-1,-1,-1,-1,-1,-1,-1,-1,-1,-1,-1,-1,0.00,0.00,0.00,0.00,0.00,0,0,0,0,0,0,0,0,0,0.00,0.00,0.00,0.00,0.00,0.00,0.00,0.00,0.00,0.00,0.00,N/A
1782604800,Jun 28 2026 - 12:00am,incomplete,N/A,Lubbock Matadors,Texoma,N/A,N/A,0.00,0.00,0.00,0.00,0,0,0,0,0,0,"","",-1,-1,-1,-1,-1,-1,-1,-1,-1,-1,-1,-1,-1,-1,-1,-1,-1,-1,-1,-1,0.00,0.00,0.00,0.00,0.00,0,0,0,0,0,0,0,0,0,0.00,0.00,0.00,0.00,0.00,0.00,0.00,0.00,0.00,0.00,0.00,N/A
1782604800,Jun 28 2026 - 12:00am,incomplete,N/A,Hill Country Lobos,Houston Sur,N/A,N/A,0.00,0.00,0.00,0.00,0,0,0,0,0,0,"","",-1,-1,-1,-1,-1,-1,-1,-1,-1,-1,-1,-1,-1,-1,-1,-1,-1,-1,-1,-1,0.00,0.00,0.00,0.00,0.00,0,0,0,0,0,0,0,0,0,0.00,0.00,0.00,0.00,0.00,0.00,0.00,0.00,0.00,0.00,0.00,N/A
1782606600,Jun 28 2026 - 12:30am,incomplete,N/A,West Texas,Denton Diablos,N/A,N/A,0.00,0.00,0.00,0.00,0,0,0,0,0,0,"","",-1,-1,-1,-1,-1,-1,-1,-1,-1,-1,-1,-1,-1,-1,-1,-1,-1,-1,-1,-1,0.00,0.00,0.00,0.00,0.00,0,0,0,0,0,0,0,0,0,0.00,0.00,0.00,0.00,0.00,0.00,0.00,0.00,0.00,0.00,0.00,N/A
1782608400,Jun 28 2026 - 1:00am,incomplete,N/A,Almaden,Project 51O,N/A,N/A,0.00,0.00,0.00,0.00,0,0,0,0,0,0,"","",-1,-1,-1,-1,-1,-1,-1,-1,-1,-1,-1,-1,-1,-1,-1,-1,-1,-1,-1,-1,0.00,0.00,0.00,0.00,0.00,0,0,0,0,0,0,0,0,0,0.00,0.00,0.00,0.00,0.00,0.00,0.00,0.00,0.00,0.00,0.00,N/A
1782608400,Jun 28 2026 - 1:00am,incomplete,N/A,Flatirons Rush,Colorado ISA,N/A,N/A,0.00,0.00,0.00,0.00,0,0,0,0,0,0,"","",-1,-1,-1,-1,-1,-1,-1,-1,-1,-1,-1,-1,-1,-1,-1,-1,-1,-1,-1,-1,0.00,0.00,0.00,0.00,0.00,0,0,0,0,0,0,0,0,0,0.00,0.00,0.00,0.00,0.00,0.00,0.00,0.00,0.00,0.00,0.00,N/A
1782608400,Jun 28 2026 - 1:00am,incomplete,N/A,Laredo Heat,AHFC Royals,N/A,N/A,0.00,0.00,0.00,0.00,0,0,0,0,0,0,"","",-1,-1,-1,-1,-1,-1,-1,-1,-1,-1,-1,-1,-1,-1,-1,-1,-1,-1,-1,-1,0.00,0.00,0.00,0.00,0.00,0,0,0,0,0,0,0,0,0,0.00,0.00,0.00,0.00,0.00,0.00,0.00,0.00,0.00,0.00,0.00,N/A
1782610200,Jun 28 2026 - 1:30am,incomplete,N/A,Real Colorado,Utah United,N/A,N/A,0.00,0.00,0.00,0.00,0,0,0,0,0,0,"","",-1,-1,-1,-1,-1,-1,-1,-1,-1,-1,-1,-1,-1,-1,-1,-1,-1,-1,-1,-1,0.00,0.00,0.00,0.00,0.00,0,0,0,0,0,0,0,0,0,0.00,0.00,0.00,0.00,0.00,0.00,0.00,0.00,0.00,0.00,0.00,N/A
1782610200,Jun 28 2026 - 1:30am,incomplete,N/A,Midlakes United,Ballard,N/A,N/A,0.00,0.00,0.00,0.00,0,0,0,0,0,0,"","",-1,-1,-1,-1,-1,-1,-1,-1,-1,-1,-1,-1,-1,-1,-1,-1,-1,-1,-1,-1,0.00,0.00,0.00,0.00,0.00,0,0,0,0,0,0,0,0,0,0.00,0.00,0.00,0.00,0.00,0.00,0.00,0.00,0.00,0.00,0.00,N/A
1782612000,Jun 28 2026 - 2:00am,incomplete,N/A,Capo II,Southern California Seahorses,N/A,N/A,0.00,0.00,0.00,0.00,0,0,0,0,0,0,"","",-1,-1,-1,-1,-1,-1,-1,-1,-1,-1,-1,-1,-1,-1,-1,-1,-1,-1,-1,-1,0.00,0.00,0.00,0.00,0.00,0,0,0,0,0,0,0,0,0,0.00,0.00,0.00,0.00,0.00,0.00,0.00,0.00,0.00,0.00,0.00,N/A
1782612000,Jun 28 2026 - 2:00am,incomplete,N/A,Redlands,Stars FC,N/A,N/A,0.00,0.00,0.00,0.00,0,0,0,0,0,0,"","",-1,-1,-1,-1,-1,-1,-1,-1,-1,-1,-1,-1,-1,-1,-1,-1,-1,-1,-1,-1,0.00,0.00,0.00,0.00,0.00,0,0,0,0,0,0,0,0,0,0.00,0.00,0.00,0.00,0.00,0.00,0.00,0.00,0.00,0.00,0.00,N/A
1782612000,Jun 28 2026 - 2:00am,incomplete,N/A,Davis Legacy,San Juan SC,N/A,N/A,0.00,0.00,0.00,0.00,0,0,0,0,0,0,"","",-1,-1,-1,-1,-1,-1,-1,-1,-1,-1,-1,-1,-1,-1,-1,-1,-1,-1,-1,-1,0.00,0.00,0.00,0.00,0.00,0,0,0,0,0,0,0,0,0,0.00,0.00,0.00,0.00,0.00,0.00,0.00,0.00,0.00,0.00,0.00,N/A
1782676800,Jun 28 2026 - 8:00pm,incomplete,N/A,Seacoast United Phantoms,Black Rock FC,N/A,N/A,0.00,0.00,0.00,0.00,0,0,0,0,0,0,"","",-1,-1,-1,-1,-1,-1,-1,-1,-1,-1,-1,-1,-1,-1,-1,-1,-1,-1,-1,-1,0.00,0.00,0.00,0.00,0.00,0,0,0,0,0,0,0,0,0,0.00,0.00,0.00,0.00,0.00,0.00,0.00,0.00,0.00,0.00,0.00,N/A
1782676800,Jun 28 2026 - 8:00pm,incomplete,N/A,Philadelphia Lone Star,Ocean City Nor'easters,N/A,N/A,0.00,0.00,0.00,0.00,0,0,0,0,0,0,"","",-1,-1,-1,-1,-1,-1,-1,-1,-1,-1,-1,-1,-1,-1,-1,-1,-1,-1,-1,-1,0.00,0.00,0.00,0.00,0.00,0,0,0,0,0,0,0,0,0,0.00,0.00,0.00,0.00,0.00,0.00,0.00,0.00,0.00,0.00,0.00,N/A
1782680400,Jun 28 2026 - 9:00pm,incomplete,N/A,SF Glens,San Francisco City,N/A,N/A,0.00,0.00,0.00,0.00,0,0,0,0,0,0,"","",-1,-1,-1,-1,-1,-1,-1,-1,-1,-1,-1,-1,-1,-1,-1,-1,-1,-1,-1,-1,0.00,0.00,0.00,0.00,0.00,0,0,0,0,0,0,0,0,0,0.00,0.00,0.00,0.00,0.00,0.00,0.00,0.00,0.00,0.00,0.00,N/A
1782684000,Jun 28 2026 - 10:00pm,incomplete,N/A,Blackwatch Rush,FC Boston Bolts,N/A,N/A,0.00,0.00,0.00,0.00,0,0,0,0,0,0,"","",-1,-1,-1,-1,-1,-1,-1,-1,-1,-1,-1,-1,-1,-1,-1,-1,-1,-1,-1,-1,0.00,0.00,0.00,0.00,0.00,0,0,0,0,0,0,0,0,0,0.00,0.00,0.00,0.00,0.00,0.00,0.00,0.00,0.00,0.00,0.00,N/A
1782684000,Jun 28 2026 - 10:00pm,incomplete,N/A,Albion Colorado,Colorado Storm,N/A,N/A,0.00,0.00,0.00,0.00,0,0,0,0,0,0,"","",-1,-1,-1,-1,-1,-1,-1,-1,-1,-1,-1,-1,-1,-1,-1,-1,-1,-1,-1,-1,0.00,0.00,0.00,0.00,0.00,0,0,0,0,0,0,0,0,0,0.00,0.00,0.00,0.00,0.00,0.00,0.00,0.00,0.00,0.00,0.00,N/A
1782684000,Jun 28 2026 - 10:00pm,incomplete,N/A,Bangers,Bigfoot,N/A,N/A,0.00,0.00,0.00,0.00,0,0,0,0,0,0,"","",-1,-1,-1,-1,-1,-1,-1,-1,-1,-1,-1,-1,-1,-1,-1,-1,-1,-1,-1,-1,0.00,0.00,0.00,0.00,0.00,0,0,0,0,0,0,0,0,0,0.00,0.00,0.00,0.00,0.00,0.00,0.00,0.00,0.00,0.00,0.00,N/A
1782684000,Jun 28 2026 - 10:00pm,incomplete,N/A,Weston FC,Lakeland United,N/A,N/A,0.00,0.00,0.00,0.00,0,0,0,0,0,0,"","",-1,-1,-1,-1,-1,-1,-1,-1,-1,-1,-1,-1,-1,-1,-1,-1,-1,-1,-1,-1,0.00,0.00,0.00,0.00,0.00,0,0,0,0,0,0,0,0,0,0.00,0.00,0.00,0.00,0.00,0.00,0.00,0.00,0.00,0.00,0.00,N/A
1782687600,Jun 28 2026 - 11:00pm,incomplete,N/A,West Chester United II,Lehigh Valley Utd. Sonic,N/A,N/A,0.00,0.00,0.00,0.00,0,0,0,0,0,0,"","",-1,-1,-1,-1,-1,-1,-1,-1,-1,-1,-1,-1,-1,-1,-1,-1,-1,-1,-1,-1,0.00,0.00,0.00,0.00,0.00,0,0,0,0,0,0,0,0,0,0.00,0.00,0.00,0.00,0.00,0.00,0.00,0.00,0.00,0.00,0.00,N/A
1782687600,Jun 28 2026 - 11:00pm,incomplete,N/A,Tacoma Stars,West Seattle Junction,N/A,N/A,0.00,0.00,0.00,0.00,0,0,0,0,0,0,"","",-1,-1,-1,-1,-1,-1,-1,-1,-1,-1,-1,-1,-1,-1,-1,-1,-1,-1,-1,-1,0.00,0.00,0.00,0.00,0.00,0,0,0,0,0,0,0,0,0,0.00,0.00,0.00,0.00,0.00,0.00,0.00,0.00,0.00,0.00,0.00,N/A
1782698400,Jun 29 2026 - 2:00am,incomplete,N/A,Academica,Marin,N/A,N/A,0.00,0.00,0.00,0.00,0,0,0,0,0,0,"","",-1,-1,-1,-1,-1,-1,-1,-1,-1,-1,-1,-1,-1,-1,-1,-1,-1,-1,-1,-1,0.00,0.00,0.00,0.00,0.00,0,0,0,0,0,0,0,0,0,0.00,0.00,0.00,0.00,0.00,0.00,0.00,0.00,0.00,0.00,0.00,N/A
1782700200,Jun 29 2026 - 2:30am,incomplete,N/A,Southern Soccer Academy,Dothan United,N/A,N/A,0.00,0.00,0.00,0.00,0,0,0,0,0,0,"","",-1,-1,-1,-1,-1,-1,-1,-1,-1,-1,-1,-1,-1,-1,-1,-1,-1,-1,-1,-1,0.00,0.00,0.00,0.00,0.00,0,0,0,0,0,0,0,0,0,0.00,0.00,0.00,0.00,0.00,0.00,0.00,0.00,0.00,0.00,0.00,N/A
1782777600,Jun 30 2026 - 12:00am,incomplete,N/A,Erie Sports Center,Akron City,N/A,N/A,0.00,0.00,0.00,0.00,0,0,0,0,0,0,"","",-1,-1,-1,-1,-1,-1,-1,-1,-1,-1,-1,-1,-1,-1,-1,-1,-1,-1,-1,-1,0.00,0.00,0.00,0.00,0.00,0,0,0,0,0,0,0,0,0,0.00,0.00,0.00,0.00,0.00,0.00,0.00,0.00,0.00,0.00,0.00,N/A
1782777600,Jun 30 2026 - 12:00am,incomplete,N/A,Virginia Marauders,Annapolis Blues,N/A,N/A,0.00,0.00,0.00,0.00,0,0,0,0,0,0,"","",-1,-1,-1,-1,-1,-1,-1,-1,-1,-1,-1,-1,-1,-1,-1,-1,-1,-1,-1,-1,0.00,0.00,0.00,0.00,0.00,0,0,0,0,0,0,0,0,0,0.00,0.00,0.00,0.00,0.00,0.00,0.00,0.00,0.00,0.00,0.00,N/A
1782777600,Jun 30 2026 - 12:00am,incomplete,N/A,Hill Country Lobos,Lonestar,N/A,N/A,0.00,0.00,0.00,0.00,0,0,0,0,0,0,"","",-1,-1,-1,-1,-1,-1,-1,-1,-1,-1,-1,-1,-1,-1,-1,-1,-1,-1,-1,-1,0.00,0.00,0.00,0.00,0.00,0,0,0,0,0,0,0,0,0,0.00,0.00,0.00,0.00,0.00,0.00,0.00,0.00,0.00,0.00,0.00,N/A
1782781200,Jun 30 2026 - 1:00am,incomplete,N/A,Atlético Unión,Real Colorado,N/A,N/A,0.00,0.00,0.00,0.00,0,0,0,0,0,0,"","",-1,-1,-1,-1,-1,-1,-1,-1,-1,-1,-1,-1,-1,-1,-1,-1,-1,-1,-1,-1,0.00,0.00,0.00,0.00,0.00,0,0,0,0,0,0,0,0,0,0.00,0.00,0.00,0.00,0.00,0.00,0.00,0.00,0.00,0.00,0.00,N/A
1782856800,Jun 30 2026 - 10:00pm,incomplete,N/A,Inter Gainesville,Brooke House,N/A,N/A,0.00,0.00,0.00,0.00,0,0,0,0,0,0,"","",-1,-1,-1,-1,-1,-1,-1,-1,-1,-1,-1,-1,-1,-1,-1,-1,-1,-1,-1,-1,0.00,0.00,0.00,0.00,0.00,0,0,0,0,0,0,0,0,0,0.00,0.00,0.00,0.00,0.00,0.00,0.00,0.00,0.00,0.00,0.00,N/A
1782860400,Jun 30 2026 - 11:00pm,incomplete,N/A,Kalamazoo FC,Oakland County,N/A,N/A,0.00,0.00,0.00,0.00,0,0,0,0,0,0,"","",-1,-1,-1,-1,-1,-1,-1,-1,-1,-1,-1,-1,-1,-1,-1,-1,-1,-1,-1,-1,0.00,0.00,0.00,0.00,0.00,0,0,0,0,0,0,0,0,0,0.00,0.00,0.00,0.00,0.00,0.00,0.00,0.00,0.00,0.00,0.00,N/A
1782860400,Jun 30 2026 - 11:00pm,incomplete,N/A,Midwest United,Michigan Bucks,N/A,N/A,0.00,0.00,0.00,0.00,0,0,0,0,0,0,"","",-1,-1,-1,-1,-1,-1,-1,-1,-1,-1,-1,-1,-1,-1,-1,-1,-1,-1,-1,-1,0.00,0.00,0.00,0.00,0.00,0,0,0,0,0,0,0,0,0,0.00,0.00,0.00,0.00,0.00,0.00,0.00,0.00,0.00,0.00,0.00,N/A
1782860400,Jun 30 2026 - 11:00pm,incomplete,N/A,Charlotte Eagles,Hickory,N/A,N/A,0.00,0.00,0.00,0.00,0,0,0,0,0,0,"","",-1,-1,-1,-1,-1,-1,-1,-1,-1,-1,-1,-1,-1,-1,-1,-1,-1,-1,-1,-1,0.00,0.00,0.00,0.00,0.00,0,0,0,0,0,0,0,0,0,0.00,0.00,0.00,0.00,0.00,0.00,0.00,0.00,0.00,0.00,0.00,Charlotte Christian Stadium
1782860400,Jun 30 2026 - 11:00pm,incomplete,N/A,Patuxent,Hill City,N/A,N/A,0.00,0.00,0.00,0.00,0,0,0,0,0,0,"","",-1,-1,-1,-1,-1,-1,-1,-1,-1,-1,-1,-1,-1,-1,-1,-1,-1,-1,-1,-1,0.00,0.00,0.00,0.00,0.00,0,0,0,0,0,0,0,0,0,0.00,0.00,0.00,0.00,0.00,0.00,0.00,0.00,0.00,0.00,0.00,N/A
1782864000,Jul 01 2026 - 12:00am,incomplete,N/A,Kings Hammer Columbus,West Virginia Chaos,N/A,N/A,0.00,0.00,0.00,0.00,0,0,0,0,0,0,"","",-1,-1,-1,-1,-1,-1,-1,-1,-1,-1,-1,-1,-1,-1,-1,-1,-1,-1,-1,-1,0.00,0.00,0.00,0.00,0.00,0,0,0,0,0,0,0,0,0,0.00,0.00,0.00,0.00,0.00,0.00,0.00,0.00,0.00,0.00,0.00,N/A
1782864000,Jul 01 2026 - 12:00am,incomplete,N/A,Birmingham Legion II,Columbus United,N/A,N/A,0.00,0.00,0.00,0.00,0,0,0,0,0,0,"","",-1,-1,-1,-1,-1,-1,-1,-1,-1,-1,-1,-1,-1,-1,-1,-1,-1,-1,-1,-1,0.00,0.00,0.00,0.00,0.00,0,0,0,0,0,0,0,0,0,0.00,0.00,0.00,0.00,0.00,0.00,0.00,0.00,0.00,0.00,0.00,N/A
1782864000,Jul 01 2026 - 12:00am,incomplete,N/A,Sunflower State,Des Moines Menace,N/A,N/A,0.00,0.00,0.00,0.00,0,0,0,0,0,0,"","",-1,-1,-1,-1,-1,-1,-1,-1,-1,-1,-1,-1,-1,-1,-1,-1,-1,-1,-1,-1,0.00,0.00,0.00,0.00,0.00,0,0,0,0,0,0,0,0,0,0.00,0.00,0.00,0.00,0.00,0.00,0.00,0.00,0.00,0.00,0.00,N/A
1782867600,Jul 01 2026 - 1:00am,incomplete,N/A,Snohomish United,Tacoma Stars,N/A,N/A,0.00,0.00,0.00,0.00,0,0,0,0,0,0,"","",-1,-1,-1,-1,-1,-1,-1,-1,-1,-1,-1,-1,-1,-1,-1,-1,-1,-1,-1,-1,0.00,0.00,0.00,0.00,0.00,0,0,0,0,0,0,0,0,0,0.00,0.00,0.00,0.00,0.00,0.00,0.00,0.00,0.00,0.00,0.00,N/A
1782867600,Jul 01 2026 - 1:00am,incomplete,N/A,Colorado Storm,Colorado ISA,N/A,N/A,0.00,0.00,0.00,0.00,0,0,0,0,0,0,"","",-1,-1,-1,-1,-1,-1,-1,-1,-1,-1,-1,-1,-1,-1,-1,-1,-1,-1,-1,-1,0.00,0.00,0.00,0.00,0.00,0,0,0,0,0,0,0,0,0,0.00,0.00,0.00,0.00,0.00,0.00,0.00,0.00,0.00,0.00,0.00,N/A
1782871200,Jul 01 2026 - 2:00am,incomplete,N/A,Bangers,Oly Town,N/A,N/A,0.00,0.00,0.00,0.00,0,0,0,0,0,0,"","",-1,-1,-1,-1,-1,-1,-1,-1,-1,-1,-1,-1,-1,-1,-1,-1,-1,-1,-1,-1,0.00,0.00,0.00,0.00,0.00,0,0,0,0,0,0,0,0,0,0.00,0.00,0.00,0.00,0.00,0.00,0.00,0.00,0.00,0.00,0.00,N/A
1782871200,Jul 01 2026 - 2:00am,incomplete,N/A,Ventura County Fusion,FC Tucson,N/A,N/A,0.00,0.00,0.00,0.00,0,0,0,0,0,0,"","",-1,-1,-1,-1,-1,-1,-1,-1,-1,-1,-1,-1,-1,-1,-1,-1,-1,-1,-1,-1,0.00,0.00,0.00,0.00,0.00,0,0,0,0,0,0,0,0,0,0.00,0.00,0.00,0.00,0.00,0.00,0.00,0.00,0.00,0.00,0.00,Ventura College Stadium
1782939600,Jul 01 2026 - 9:00pm,incomplete,N/A,New England SC,Vermont Green,N/A,N/A,0.00,0.00,0.00,0.00,0,0,0,0,0,0,"","",-1,-1,-1,-1,-1,-1,-1,-1,-1,-1,-1,-1,-1,-1,-1,-1,-1,-1,-1,-1,0.00,0.00,0.00,0.00,0.00,0,0,0,0,0,0,0,0,0,0.00,0.00,0.00,0.00,0.00,0.00,0.00,0.00,0.00,0.00,0.00,N/A
1782943200,Jul 01 2026 - 10:00pm,incomplete,N/A,Steel City,Cleveland Force,N/A,N/A,0.00,0.00,0.00,0.00,0,0,0,0,0,0,"","",-1,-1,-1,-1,-1,-1,-1,-1,-1,-1,-1,-1,-1,-1,-1,-1,-1,-1,-1,-1,0.00,0.00,0.00,0.00,0.00,0,0,0,0,0,0,0,0,0,0.00,0.00,0.00,0.00,0.00,0.00,0.00,0.00,0.00,0.00,0.00,N/A
1782943200,Jul 01 2026 - 10:00pm,incomplete,N/A,Louisville City II,Northern Indiana,N/A,N/A,0.00,0.00,0.00,0.00,0,0,0,0,0,0,"","",-1,-1,-1,-1,-1,-1,-1,-1,-1,-1,-1,-1,-1,-1,-1,-1,-1,-1,-1,-1,0.00,0.00,0.00,0.00,0.00,0,0,0,0,0,0,0,0,0,0.00,0.00,0.00,0.00,0.00,0.00,0.00,0.00,0.00,0.00,0.00,N/A
1782943200,Jul 01 2026 - 10:00pm,incomplete,N/A,Real Central New Jersey,Delaware FC,N/A,N/A,0.00,0.00,0.00,0.00,0,0,0,0,0,0,"","",-1,-1,-1,-1,-1,-1,-1,-1,-1,-1,-1,-1,-1,-1,-1,-1,-1,-1,-1,-1,0.00,0.00,0.00,0.00,0.00,0,0,0,0,0,0,0,0,0,0.00,0.00,0.00,0.00,0.00,0.00,0.00,0.00,0.00,0.00,0.00,N/A
1782943200,Jul 01 2026 - 10:00pm,incomplete,N/A,Staten Island Athletic,New Jersey Copa FC,N/A,N/A,0.00,0.00,0.00,0.00,0,0,0,0,0,0,"","",-1,-1,-1,-1,-1,-1,-1,-1,-1,-1,-1,-1,-1,-1,-1,-1,-1,-1,-1,-1,0.00,0.00,0.00,0.00,0.00,0,0,0,0,0,0,0,0,0,0.00,0.00,0.00,0.00,0.00,0.00,0.00,0.00,0.00,0.00,0.00,N/A
1782943200,Jul 01 2026 - 10:00pm,incomplete,N/A,Weston FC,Brevard,N/A,N/A,0.00,0.00,0.00,0.00,0,0,0,0,0,0,"","",-1,-1,-1,-1,-1,-1,-1,-1,-1,-1,-1,-1,-1,-1,-1,-1,-1,-1,-1,-1,0.00,0.00,0.00,0.00,0.00,0,0,0,0,0,0,0,0,0,0.00,0.00,0.00,0.00,0.00,0.00,0.00,0.00,0.00,0.00,0.00,N/A
1782945000,Jul 01 2026 - 10:30pm,incomplete,N/A,Asheville City,SC United Bantams,N/A,N/A,0.00,0.00,0.00,0.00,0,0,0,0,0,0,"","",-1,-1,-1,-1,-1,-1,-1,-1,-1,-1,-1,-1,-1,-1,-1,-1,-1,-1,-1,-1,0.00,0.00,0.00,0.00,0.00,0,0,0,0,0,0,0,0,0,0.00,0.00,0.00,0.00,0.00,0.00,0.00,0.00,0.00,0.00,0.00,N/A
1782945000,Jul 01 2026 - 10:30pm,incomplete,N/A,Port City,North Carolina Fusion U23,N/A,N/A,0.00,0.00,0.00,0.00,0,0,0,0,0,0,"","",-1,-1,-1,-1,-1,-1,-1,-1,-1,-1,-1,-1,-1,-1,-1,-1,-1,-1,-1,-1,0.00,0.00,0.00,0.00,0.00,0,0,0,0,0,0,0,0,0,0.00,0.00,0.00,0.00,0.00,0.00,0.00,0.00,0.00,0.00,0.00,N/A
1782945000,Jul 01 2026 - 10:30pm,incomplete,N/A,SF Glens,San Juan SC,N/A,N/A,0.00,0.00,0.00,0.00,0,0,0,0,0,0,"","",-1,-1,-1,-1,-1,-1,-1,-1,-1,-1,-1,-1,-1,-1,-1,-1,-1,-1,-1,-1,0.00,0.00,0.00,0.00,0.00,0,0,0,0,0,0,0,0,0,0.00,0.00,0.00,0.00,0.00,0.00,0.00,0.00,0.00,0.00,0.00,N/A
1782946800,Jul 01 2026 - 11:00pm,incomplete,N/A,Lehigh Valley Utd. Sonic,Ocean City Nor'easters,N/A,N/A,0.00,0.00,0.00,0.00,0,0,0,0,0,0,"","",-1,-1,-1,-1,-1,-1,-1,-1,-1,-1,-1,-1,-1,-1,-1,-1,-1,-1,-1,-1,0.00,0.00,0.00,0.00,0.00,0,0,0,0,0,0,0,0,0,0.00,0.00,0.00,0.00,0.00,0.00,0.00,0.00,0.00,0.00,0.00,N/A
1782946800,Jul 01 2026 - 11:00pm,incomplete,N/A,Connecticut Rush,AC Connecticut,N/A,N/A,0.00,0.00,0.00,0.00,0,0,0,0,0,0,"","",-1,-1,-1,-1,-1,-1,-1,-1,-1,-1,-1,-1,-1,-1,-1,-1,-1,-1,-1,-1,0.00,0.00,0.00,0.00,0.00,0,0,0,0,0,0,0,0,0,0.00,0.00,0.00,0.00,0.00,0.00,0.00,0.00,0.00,0.00,0.00,N/A
1782946800,Jul 01 2026 - 11:00pm,incomplete,N/A,Reading United,Eagle FC,N/A,N/A,0.00,0.00,0.00,0.00,0,0,0,0,0,0,"","",-1,-1,-1,-1,-1,-1,-1,-1,-1,-1,-1,-1,-1,-1,-1,-1,-1,-1,-1,-1,0.00,0.00,0.00,0.00,0.00,0,0,0,0,0,0,0,0,0,0.00,0.00,0.00,0.00,0.00,0.00,0.00,0.00,0.00,0.00,0.00,N/A
1782946800,Jul 01 2026 - 11:00pm,incomplete,N/A,Virginia Beach United,Loudoun United II,N/A,N/A,0.00,0.00,0.00,0.00,0,0,0,0,0,0,"","",-1,-1,-1,-1,-1,-1,-1,-1,-1,-1,-1,-1,-1,-1,-1,-1,-1,-1,-1,-1,0.00,0.00,0.00,0.00,0.00,0,0,0,0,0,0,0,0,0,0.00,0.00,0.00,0.00,0.00,0.00,0.00,0.00,0.00,0.00,0.00,N/A
1782946800,Jul 01 2026 - 11:00pm,incomplete,N/A,Miami FC,Fort Lauderdale United,N/A,N/A,0.00,0.00,0.00,0.00,0,0,0,0,0,0,"","",-1,-1,-1,-1,-1,-1,-1,-1,-1,-1,-1,-1,-1,-1,-1,-1,-1,-1,-1,-1,0.00,0.00,0.00,0.00,0.00,0,0,0,0,0,0,0,0,0,0.00,0.00,0.00,0.00,0.00,0.00,0.00,0.00,0.00,0.00,0.00,Riccardo Silva Stadium
1782948600,Jul 01 2026 - 11:30pm,incomplete,N/A,Boston City FC,Seacoast United Phantoms,N/A,N/A,0.00,0.00,0.00,0.00,0,0,0,0,0,0,"","",-1,-1,-1,-1,-1,-1,-1,-1,-1,-1,-1,-1,-1,-1,-1,-1,-1,-1,-1,-1,0.00,0.00,0.00,0.00,0.00,0,0,0,0,0,0,0,0,0,0.00,0.00,0.00,0.00,0.00,0.00,0.00,0.00,0.00,0.00,0.00,N/A
1782948600,Jul 01 2026 - 11:30pm,incomplete,N/A,Hudson Valley Hammers,Manhattan,N/A,N/A,0.00,0.00,0.00,0.00,0,0,0,0,0,0,"","",-1,-1,-1,-1,-1,-1,-1,-1,-1,-1,-1,-1,-1,-1,-1,-1,-1,-1,-1,-1,0.00,0.00,0.00,0.00,0.00,0,0,0,0,0,0,0,0,0,0.00,0.00,0.00,0.00,0.00,0.00,0.00,0.00,0.00,0.00,0.00,N/A
1782948600,Jul 01 2026 - 11:30pm,incomplete,N/A,Charlottesville Blues,Bethesda Athletic,N/A,N/A,0.00,0.00,0.00,0.00,0,0,0,0,0,0,"","",-1,-1,-1,-1,-1,-1,-1,-1,-1,-1,-1,-1,-1,-1,-1,-1,-1,-1,-1,-1,0.00,0.00,0.00,0.00,0.00,0,0,0,0,0,0,0,0,0,0.00,0.00,0.00,0.00,0.00,0.00,0.00,0.00,0.00,0.00,0.00,N/A
1782950400,Jul 02 2026 - 12:00am,incomplete,N/A,Sueno,RKC,N/A,N/A,0.00,0.00,0.00,0.00,0,0,0,0,0,0,"","",-1,-1,-1,-1,-1,-1,-1,-1,-1,-1,-1,-1,-1,-1,-1,-1,-1,-1,-1,-1,0.00,0.00,0.00,0.00,0.00,0,0,0,0,0,0,0,0,0,0.00,0.00,0.00,0.00,0.00,0.00,0.00,0.00,0.00,0.00,0.00,N/A
1782950400,Jul 02 2026 - 12:00am,incomplete,N/A,North Carolina II,Tobacco Road FC,N/A,N/A,0.00,0.00,0.00,0.00,0,0,0,0,0,0,"","",-1,-1,-1,-1,-1,-1,-1,-1,-1,-1,-1,-1,-1,-1,-1,-1,-1,-1,-1,-1,0.00,0.00,0.00,0.00,0.00,0,0,0,0,0,0,0,0,0,0.00,0.00,0.00,0.00,0.00,0.00,0.00,0.00,0.00,0.00,0.00,N/A
1782950400,Jul 02 2026 - 12:00am,incomplete,N/A,Project 51O,San Francisco City,N/A,N/A,0.00,0.00,0.00,0.00,0,0,0,0,0,0,"","",-1,-1,-1,-1,-1,-1,-1,-1,-1,-1,-1,-1,-1,-1,-1,-1,-1,-1,-1,-1,0.00,0.00,0.00,0.00,0.00,0,0,0,0,0,0,0,0,0,0.00,0.00,0.00,0.00,0.00,0.00,0.00,0.00,0.00,0.00,0.00,N/A
1782950400,Jul 02 2026 - 12:00am,incomplete,N/A,Minneapolis City SC,St. Croix,N/A,N/A,0.00,0.00,0.00,0.00,0,0,0,0,0,0,"","",-1,-1,-1,-1,-1,-1,-1,-1,-1,-1,-1,-1,-1,-1,-1,-1,-1,-1,-1,-1,0.00,0.00,0.00,0.00,0.00,0,0,0,0,0,0,0,0,0,0.00,0.00,0.00,0.00,0.00,0.00,0.00,0.00,0.00,0.00,0.00,N/A
1782950400,Jul 02 2026 - 12:00am,incomplete,N/A,Red River,Little Rock Rangers,N/A,N/A,0.00,0.00,0.00,0.00,0,0,0,0,0,0,"","",-1,-1,-1,-1,-1,-1,-1,-1,-1,-1,-1,-1,-1,-1,-1,-1,-1,-1,-1,-1,0.00,0.00,0.00,0.00,0.00,0,0,0,0,0,0,0,0,0,0.00,0.00,0.00,0.00,0.00,0.00,0.00,0.00,0.00,0.00,0.00,N/A
1782950400,Jul 02 2026 - 12:00am,incomplete,N/A,Memphis FC,Mississippi Brilla,N/A,N/A,0.00,0.00,0.00,0.00,0,0,0,0,0,0,"","",-1,-1,-1,-1,-1,-1,-1,-1,-1,-1,-1,-1,-1,-1,-1,-1,-1,-1,-1,-1,0.00,0.00,0.00,0.00,0.00,0,0,0,0,0,0,0,0,0,0.00,0.00,0.00,0.00,0.00,0.00,0.00,0.00,0.00,0.00,0.00,N/A
1782950400,Jul 02 2026 - 12:00am,incomplete,N/A,Houston FC,Brazos Valley,N/A,N/A,0.00,0.00,0.00,0.00,0,0,0,0,0,0,"","",-1,-1,-1,-1,-1,-1,-1,-1,-1,-1,-1,-1,-1,-1,-1,-1,-1,-1,-1,-1,0.00,0.00,0.00,0.00,0.00,0,0,0,0,0,0,0,0,0,0.00,0.00,0.00,0.00,0.00,0.00,0.00,0.00,0.00,0.00,0.00,N/A
1782950400,Jul 02 2026 - 12:00am,incomplete,N/A,Hattiesburg,Louisiana Krewe,N/A,N/A,0.00,0.00,0.00,0.00,0,0,0,0,0,0,"","",-1,-1,-1,-1,-1,-1,-1,-1,-1,-1,-1,-1,-1,-1,-1,-1,-1,-1,-1,-1,0.00,0.00,0.00,0.00,0.00,0,0,0,0,0,0,0,0,0,0.00,0.00,0.00,0.00,0.00,0.00,0.00,0.00,0.00,0.00,0.00,N/A
1782950400,Jul 02 2026 - 12:00am,incomplete,N/A,Montgomery United,Dothan United,N/A,N/A,0.00,0.00,0.00,0.00,0,0,0,0,0,0,"","",-1,-1,-1,-1,-1,-1,-1,-1,-1,-1,-1,-1,-1,-1,-1,-1,-1,-1,-1,-1,0.00,0.00,0.00,0.00,0.00,0,0,0,0,0,0,0,0,0,0.00,0.00,0.00,0.00,0.00,0.00,0.00,0.00,0.00,0.00,0.00,N/A
1782950400,Jul 02 2026 - 12:00am,incomplete,N/A,Lonestar,Laredo Heat,N/A,N/A,0.00,0.00,0.00,0.00,0,0,0,0,0,0,"","",-1,-1,-1,-1,-1,-1,-1,-1,-1,-1,-1,-1,-1,-1,-1,-1,-1,-1,-1,-1,0.00,0.00,0.00,0.00,0.00,0,0,0,0,0,0,0,0,0,0.00,0.00,0.00,0.00,0.00,0.00,0.00,0.00,0.00,0.00,0.00,N/A
1782950400,Jul 02 2026 - 12:00am,incomplete,N/A,GFI,AHFC Royals,N/A,N/A,0.00,0.00,0.00,0.00,0,0,0,0,0,0,"","",-1,-1,-1,-1,-1,-1,-1,-1,-1,-1,-1,-1,-1,-1,-1,-1,-1,-1,-1,-1,0.00,0.00,0.00,0.00,0.00,0,0,0,0,0,0,0,0,0,0.00,0.00,0.00,0.00,0.00,0.00,0.00,0.00,0.00,0.00,0.00,N/A
1782952200,Jul 02 2026 - 12:30am,incomplete,N/A,Marin,Almaden,N/A,N/A,0.00,0.00,0.00,0.00,0,0,0,0,0,0,"","",-1,-1,-1,-1,-1,-1,-1,-1,-1,-1,-1,-1,-1,-1,-1,-1,-1,-1,-1,-1,0.00,0.00,0.00,0.00,0.00,0,0,0,0,0,0,0,0,0,0.00,0.00,0.00,0.00,0.00,0.00,0.00,0.00,0.00,0.00,0.00,N/A
1782952200,Jul 02 2026 - 12:30am,incomplete,N/A,Denton Diablos,West Texas,N/A,N/A,0.00,0.00,0.00,0.00,0,0,0,0,0,0,"","",-1,-1,-1,-1,-1,-1,-1,-1,-1,-1,-1,-1,-1,-1,-1,-1,-1,-1,-1,-1,0.00,0.00,0.00,0.00,0.00,0,0,0,0,0,0,0,0,0,0.00,0.00,0.00,0.00,0.00,0.00,0.00,0.00,0.00,0.00,0.00,N/A
1782954000,Jul 02 2026 - 1:00am,incomplete,N/A,Albion Colorado,Atlético Unión,N/A,N/A,0.00,0.00,0.00,0.00,0,0,0,0,0,0,"","",-1,-1,-1,-1,-1,-1,-1,-1,-1,-1,-1,-1,-1,-1,-1,-1,-1,-1,-1,-1,0.00,0.00,0.00,0.00,0.00,0,0,0,0,0,0,0,0,0,0.00,0.00,0.00,0.00,0.00,0.00,0.00,0.00,0.00,0.00,0.00,N/A
1782957600,Jul 02 2026 - 2:00am,incomplete,N/A,West Seattle Junction,Bigfoot,N/A,N/A,0.00,0.00,0.00,0.00,0,0,0,0,0,0,"","",-1,-1,-1,-1,-1,-1,-1,-1,-1,-1,-1,-1,-1,-1,-1,-1,-1,-1,-1,-1,0.00,0.00,0.00,0.00,0.00,0,0,0,0,0,0,0,0,0,0.00,0.00,0.00,0.00,0.00,0.00,0.00,0.00,0.00,0.00,0.00,N/A
1782957600,Jul 02 2026 - 2:00am,incomplete,N/A,Davis Legacy,Academica,N/A,N/A,0.00,0.00,0.00,0.00,0,0,0,0,0,0,"","",-1,-1,-1,-1,-1,-1,-1,-1,-1,-1,-1,-1,-1,-1,-1,-1,-1,-1,-1,-1,0.00,0.00,0.00,0.00,0.00,0,0,0,0,0,0,0,0,0,0.00,0.00,0.00,0.00,0.00,0.00,0.00,0.00,0.00,0.00,0.00,N/A
1782959400,Jul 02 2026 - 2:30am,incomplete,N/A,Fort Worth Vaqueros,McKinney Chupacabras,N/A,N/A,0.00,0.00,0.00,0.00,0,0,0,0,0,0,"","",-1,-1,-1,-1,-1,-1,-1,-1,-1,-1,-1,-1,-1,-1,-1,-1,-1,-1,-1,-1,0.00,0.00,0.00,0.00,0.00,0,0,0,0,0,0,0,0,0,0.00,0.00,0.00,0.00,0.00,0.00,0.00,0.00,0.00,0.00,0.00,N/A
1783026000,Jul 02 2026 - 9:00pm,incomplete,N/A,Rochester,Chicago Dutch Lions,N/A,N/A,0.00,0.00,0.00,0.00,0,0,0,0,0,0,"","",-1,-1,-1,-1,-1,-1,-1,-1,-1,-1,-1,-1,-1,-1,-1,-1,-1,-1,-1,-1,0.00,0.00,0.00,0.00,0.00,0,0,0,0,0,0,0,0,0,0.00,0.00,0.00,0.00,0.00,0.00,0.00,0.00,0.00,0.00,0.00,N/A
1783033200,Jul 02 2026 - 11:00pm,incomplete,N/A,Cedar Stars Rush,Long Island Rough Riders,N/A,N/A,0.00,0.00,0.00,0.00,0,0,0,0,0,0,"","",-1,-1,-1,-1,-1,-1,-1,-1,-1,-1,-1,-1,-1,-1,-1,-1,-1,-1,-1,-1,0.00,0.00,0.00,0.00,0.00,0,0,0,0,0,0,0,0,0,0.00,0.00,0.00,0.00,0.00,0.00,0.00,0.00,0.00,0.00,0.00,N/A
1783035000,Jul 02 2026 - 11:30pm,incomplete,N/A,Apotheos,East Atlanta,N/A,N/A,0.00,0.00,0.00,0.00,0,0,0,0,0,0,"","",-1,-1,-1,-1,-1,-1,-1,-1,-1,-1,-1,-1,-1,-1,-1,-1,-1,-1,-1,-1,0.00,0.00,0.00,0.00,0.00,0,0,0,0,0,0,0,0,0,0.00,0.00,0.00,0.00,0.00,0.00,0.00,0.00,0.00,0.00,0.00,N/A
1783036800,Jul 03 2026 - 12:00am,incomplete,N/A,FC Motown II,Morris Elite,N/A,N/A,0.00,0.00,0.00,0.00,0,0,0,0,0,0,"","",-1,-1,-1,-1,-1,-1,-1,-1,-1,-1,-1,-1,-1,-1,-1,-1,-1,-1,-1,-1,0.00,0.00,0.00,0.00,0.00,0,0,0,0,0,0,0,0,0,0.00,0.00,0.00,0.00,0.00,0.00,0.00,0.00,0.00,0.00,0.00,N/A
1783038600,Jul 03 2026 - 12:30am,incomplete,N/A,Peoria City,St. Louis Ambush,N/A,N/A,0.00,0.00,0.00,0.00,0,0,0,0,0,0,"","",-1,-1,-1,-1,-1,-1,-1,-1,-1,-1,-1,-1,-1,-1,-1,-1,-1,-1,-1,-1,0.00,0.00,0.00,0.00,0.00,0,0,0,0,0,0,0,0,0,0.00,0.00,0.00,0.00,0.00,0.00,0.00,0.00,0.00,0.00,0.00,N/A
1783044000,Jul 03 2026 - 2:00am,incomplete,N/A,Redlands,Capo II,N/A,N/A,0.00,0.00,0.00,0.00,0,0,0,0,0,0,"","",-1,-1,-1,-1,-1,-1,-1,-1,-1,-1,-1,-1,-1,-1,-1,-1,-1,-1,-1,-1,0.00,0.00,0.00,0.00,0.00,0,0,0,0,0,0,0,0,0,0.00,0.00,0.00,0.00,0.00,0.00,0.00,0.00,0.00,0.00,0.00,N/A
1783105200,Jul 03 2026 - 7:00pm,incomplete,N/A,Akron City,Erie Sports Center,N/A,N/A,0.00,0.00,0.00,0.00,0,0,0,0,0,0,"","",-1,-1,-1,-1,-1,-1,-1,-1,-1,-1,-1,-1,-1,-1,-1,-1,-1,-1,-1,-1,0.00,0.00,0.00,0.00,0.00,0,0,0,0,0,0,0,0,0,0.00,0.00,0.00,0.00,0.00,0.00,0.00,0.00,0.00,0.00,0.00,N/A
1783116000,Jul 03 2026 - 10:00pm,incomplete,N/A,Inter Gainesville,Nona,N/A,N/A,0.00,0.00,0.00,0.00,0,0,0,0,0,0,"","",-1,-1,-1,-1,-1,-1,-1,-1,-1,-1,-1,-1,-1,-1,-1,-1,-1,-1,-1,-1,0.00,0.00,0.00,0.00,0.00,0,0,0,0,0,0,0,0,0,0.00,0.00,0.00,0.00,0.00,0.00,0.00,0.00,0.00,0.00,0.00,N/A
1783119600,Jul 03 2026 - 11:00pm,incomplete,N/A,Ann Arbor,Oakland County,N/A,N/A,0.00,0.00,0.00,0.00,0,0,0,0,0,0,"","",-1,-1,-1,-1,-1,-1,-1,-1,-1,-1,-1,-1,-1,-1,-1,-1,-1,-1,-1,-1,0.00,0.00,0.00,0.00,0.00,0,0,0,0,0,0,0,0,0,0.00,0.00,0.00,0.00,0.00,0.00,0.00,0.00,0.00,0.00,0.00,N/A
1783119600,Jul 03 2026 - 11:00pm,incomplete,N/A,FC Buffalo,Lorain County Leviathan,N/A,N/A,0.00,0.00,0.00,0.00,0,0,0,0,0,0,"","",-1,-1,-1,-1,-1,-1,-1,-1,-1,-1,-1,-1,-1,-1,-1,-1,-1,-1,-1,-1,0.00,0.00,0.00,0.00,0.00,0,0,0,0,0,0,0,0,0,0.00,0.00,0.00,0.00,0.00,0.00,0.00,0.00,0.00,0.00,0.00,N/A
1783119600,Jul 03 2026 - 11:00pm,incomplete,N/A,Hickory,Appalachian,N/A,N/A,0.00,0.00,0.00,0.00,0,0,0,0,0,0,"","",-1,-1,-1,-1,-1,-1,-1,-1,-1,-1,-1,-1,-1,-1,-1,-1,-1,-1,-1,-1,0.00,0.00,0.00,0.00,0.00,0,0,0,0,0,0,0,0,0,0.00,0.00,0.00,0.00,0.00,0.00,0.00,0.00,0.00,0.00,0.00,N/A
1783119600,Jul 03 2026 - 11:00pm,incomplete,N/A,Sporting JAX II,The Villages,N/A,N/A,0.00,0.00,0.00,0.00,0,0,0,0,0,0,"","",-1,-1,-1,-1,-1,-1,-1,-1,-1,-1,-1,-1,-1,-1,-1,-1,-1,-1,-1,-1,0.00,0.00,0.00,0.00,0.00,0,0,0,0,0,0,0,0,0,0.00,0.00,0.00,0.00,0.00,0.00,0.00,0.00,0.00,0.00,0.00,N/A
1783119600,Jul 03 2026 - 11:00pm,incomplete,N/A,Lionsbridge,Hill City,N/A,N/A,0.00,0.00,0.00,0.00,0,0,0,0,0,0,"","",-1,-1,-1,-1,-1,-1,-1,-1,-1,-1,-1,-1,-1,-1,-1,-1,-1,-1,-1,-1,0.00,0.00,0.00,0.00,0.00,0,0,0,0,0,0,0,0,0,0.00,0.00,0.00,0.00,0.00,0.00,0.00,0.00,0.00,0.00,0.00,N/A
1783121400,Jul 03 2026 - 11:30pm,incomplete,N/A,Western Mass Pioneers,Black Rock FC,N/A,N/A,0.00,0.00,0.00,0.00,0,0,0,0,0,0,"","",-1,-1,-1,-1,-1,-1,-1,-1,-1,-1,-1,-1,-1,-1,-1,-1,-1,-1,-1,-1,0.00,0.00,0.00,0.00,0.00,0,0,0,0,0,0,0,0,0,0.00,0.00,0.00,0.00,0.00,0.00,0.00,0.00,0.00,0.00,0.00,Lusitano Stadium
1783123200,Jul 04 2026 - 12:00am,incomplete,N/A,Des Moines Menace,Santafé Wanderers,N/A,N/A,0.00,0.00,0.00,0.00,0,0,0,0,0,0,"","",-1,-1,-1,-1,-1,-1,-1,-1,-1,-1,-1,-1,-1,-1,-1,-1,-1,-1,-1,-1,0.00,0.00,0.00,0.00,0.00,0,0,0,0,0,0,0,0,0,0.00,0.00,0.00,0.00,0.00,0.00,0.00,0.00,0.00,0.00,0.00,Valley Stadium
1783128600,Jul 04 2026 - 1:30am,incomplete,N/A,Midlakes United,Bangers,N/A,N/A,0.00,0.00,0.00,0.00,0,0,0,0,0,0,"","",-1,-1,-1,-1,-1,-1,-1,-1,-1,-1,-1,-1,-1,-1,-1,-1,-1,-1,-1,-1,0.00,0.00,0.00,0.00,0.00,0,0,0,0,0,0,0,0,0,0.00,0.00,0.00,0.00,0.00,0.00,0.00,0.00,0.00,0.00,0.00,N/A
1783130400,Jul 04 2026 - 2:00am,incomplete,N/A,Ventura County Fusion,AMSG,N/A,N/A,0.00,0.00,0.00,0.00,0,0,0,0,0,0,"","",-1,-1,-1,-1,-1,-1,-1,-1,-1,-1,-1,-1,-1,-1,-1,-1,-1,-1,-1,-1,0.00,0.00,0.00,0.00,0.00,0,0,0,0,0,0,0,0,0,0.00,0.00,0.00,0.00,0.00,0.00,0.00,0.00,0.00,0.00,0.00,Ventura College Stadium
1783130400,Jul 04 2026 - 2:00am,incomplete,N/A,FC Tucson,Stars FC,N/A,N/A,0.00,0.00,0.00,0.00,0,0,0,0,0,0,"","",-1,-1,-1,-1,-1,-1,-1,-1,-1,-1,-1,-1,-1,-1,-1,-1,-1,-1,-1,-1,0.00,0.00,0.00,0.00,0.00,0,0,0,0,0,0,0,0,0,0.00,0.00,0.00,0.00,0.00,0.00,0.00,0.00,0.00,0.00,0.00,Kino North Stadium
1783130400,Jul 04 2026 - 2:00am,incomplete,N/A,Tacoma Stars,Snohomish United,N/A,N/A,0.00,0.00,0.00,0.00,0,0,0,0,0,0,"","",-1,-1,-1,-1,-1,-1,-1,-1,-1,-1,-1,-1,-1,-1,-1,-1,-1,-1,-1,-1,0.00,0.00,0.00,0.00,0.00,0,0,0,0,0,0,0,0,0,0.00,0.00,0.00,0.00,0.00,0.00,0.00,0.00,0.00,0.00,0.00,N/A
1783132200,Jul 04 2026 - 2:30am,incomplete,N/A,Fort Worth Vaqueros,West Texas,N/A,N/A,0.00,0.00,0.00,0.00,0,0,0,0,0,0,"","",-1,-1,-1,-1,-1,-1,-1,-1,-1,-1,-1,-1,-1,-1,-1,-1,-1,-1,-1,-1,0.00,0.00,0.00,0.00,0.00,0,0,0,0,0,0,0,0,0,0.00,0.00,0.00,0.00,0.00,0.00,0.00,0.00,0.00,0.00,0.00,N/A
1783206000,Jul 04 2026 - 11:00pm,incomplete,N/A,Lansing City,Michigan Bucks,N/A,N/A,0.00,0.00,0.00,0.00,0,0,0,0,0,0,"","",-1,-1,-1,-1,-1,-1,-1,-1,-1,-1,-1,-1,-1,-1,-1,-1,-1,-1,-1,-1,0.00,0.00,0.00,0.00,0.00,0,0,0,0,0,0,0,0,0,0.00,0.00,0.00,0.00,0.00,0.00,0.00,0.00,0.00,0.00,0.00,N/A
1783206000,Jul 04 2026 - 11:00pm,incomplete,N/A,Jackson Boom,Mississippi Brilla,N/A,N/A,0.00,0.00,0.00,0.00,0,0,0,0,0,0,"","",-1,-1,-1,-1,-1,-1,-1,-1,-1,-1,-1,-1,-1,-1,-1,-1,-1,-1,-1,-1,0.00,0.00,0.00,0.00,0.00,0,0,0,0,0,0,0,0,0,0.00,0.00,0.00,0.00,0.00,0.00,0.00,0.00,0.00,0.00,0.00,N/A
1783209600,Jul 05 2026 - 12:00am,incomplete,N/A,Christos,Loudoun United II,N/A,N/A,0.00,0.00,0.00,0.00,0,0,0,0,0,0,"","",-1,-1,-1,-1,-1,-1,-1,-1,-1,-1,-1,-1,-1,-1,-1,-1,-1,-1,-1,-1,0.00,0.00,0.00,0.00,0.00,0,0,0,0,0,0,0,0,0,0.00,0.00,0.00,0.00,0.00,0.00,0.00,0.00,0.00,0.00,0.00,N/A
1783209600,Jul 05 2026 - 12:00am,incomplete,N/A,Virginia Marauders,Bethesda Athletic,N/A,N/A,0.00,0.00,0.00,0.00,0,0,0,0,0,0,"","",-1,-1,-1,-1,-1,-1,-1,-1,-1,-1,-1,-1,-1,-1,-1,-1,-1,-1,-1,-1,0.00,0.00,0.00,0.00,0.00,0,0,0,0,0,0,0,0,0,0.00,0.00,0.00,0.00,0.00,0.00,0.00,0.00,0.00,0.00,0.00,N/A
1783209600,Jul 05 2026 - 12:00am,incomplete,N/A,Brazos Valley,Laredo Heat,N/A,N/A,0.00,0.00,0.00,0.00,0,0,0,0,0,0,"","",-1,-1,-1,-1,-1,-1,-1,-1,-1,-1,-1,-1,-1,-1,-1,-1,-1,-1,-1,-1,0.00,0.00,0.00,0.00,0.00,0,0,0,0,0,0,0,0,0,0.00,0.00,0.00,0.00,0.00,0.00,0.00,0.00,0.00,0.00,0.00,N/A
1783209600,Jul 05 2026 - 12:00am,incomplete,N/A,GFI,Houston Sur,N/A,N/A,0.00,0.00,0.00,0.00,0,0,0,0,0,0,"","",-1,-1,-1,-1,-1,-1,-1,-1,-1,-1,-1,-1,-1,-1,-1,-1,-1,-1,-1,-1,0.00,0.00,0.00,0.00,0.00,0,0,0,0,0,0,0,0,0,0.00,0.00,0.00,0.00,0.00,0.00,0.00,0.00,0.00,0.00,0.00,N/A
1783211400,Jul 05 2026 - 12:30am,incomplete,N/A,McKinney Chupacabras,Texoma,N/A,N/A,0.00,0.00,0.00,0.00,0,0,0,0,0,0,"","",-1,-1,-1,-1,-1,-1,-1,-1,-1,-1,-1,-1,-1,-1,-1,-1,-1,-1,-1,-1,0.00,0.00,0.00,0.00,0.00,0,0,0,0,0,0,0,0,0,0.00,0.00,0.00,0.00,0.00,0.00,0.00,0.00,0.00,0.00,0.00,N/A
1783278000,Jul 05 2026 - 7:00pm,incomplete,N/A,St. Croix,Edgewater Castle,N/A,N/A,0.00,0.00,0.00,0.00,0,0,0,0,0,0,"","",-1,-1,-1,-1,-1,-1,-1,-1,-1,-1,-1,-1,-1,-1,-1,-1,-1,-1,-1,-1,0.00,0.00,0.00,0.00,0.00,0,0,0,0,0,0,0,0,0,0.00,0.00,0.00,0.00,0.00,0.00,0.00,0.00,0.00,0.00,0.00,N/A
1783281600,Jul 05 2026 - 8:00pm,incomplete,N/A,Eagle FC,West Chester United II,N/A,N/A,0.00,0.00,0.00,0.00,0,0,0,0,0,0,"","",-1,-1,-1,-1,-1,-1,-1,-1,-1,-1,-1,-1,-1,-1,-1,-1,-1,-1,-1,-1,0.00,0.00,0.00,0.00,0.00,0,0,0,0,0,0,0,0,0,0.00,0.00,0.00,0.00,0.00,0.00,0.00,0.00,0.00,0.00,0.00,N/A
1783281600,Jul 05 2026 - 8:00pm,incomplete,N/A,Project 51O,Davis Legacy,N/A,N/A,0.00,0.00,0.00,0.00,0,0,0,0,0,0,"","",-1,-1,-1,-1,-1,-1,-1,-1,-1,-1,-1,-1,-1,-1,-1,-1,-1,-1,-1,-1,0.00,0.00,0.00,0.00,0.00,0,0,0,0,0,0,0,0,0,0.00,0.00,0.00,0.00,0.00,0.00,0.00,0.00,0.00,0.00,0.00,N/A
1783285200,Jul 05 2026 - 9:00pm,incomplete,N/A,Ballard,Tacoma Stars,N/A,N/A,0.00,0.00,0.00,0.00,0,0,0,0,0,0,"","",-1,-1,-1,-1,-1,-1,-1,-1,-1,-1,-1,-1,-1,-1,-1,-1,-1,-1,-1,-1,0.00,0.00,0.00,0.00,0.00,0,0,0,0,0,0,0,0,0,0.00,0.00,0.00,0.00,0.00,0.00,0.00,0.00,0.00,0.00,0.00,N/A
1783285200,Jul 05 2026 - 9:00pm,incomplete,N/A,West Seattle Junction,Oly Town,N/A,N/A,0.00,0.00,0.00,0.00,0,0,0,0,0,0,"","",-1,-1,-1,-1,-1,-1,-1,-1,-1,-1,-1,-1,-1,-1,-1,-1,-1,-1,-1,-1,0.00,0.00,0.00,0.00,0.00,0,0,0,0,0,0,0,0,0,0.00,0.00,0.00,0.00,0.00,0.00,0.00,0.00,0.00,0.00,0.00,N/A
1783288800,Jul 05 2026 - 10:00pm,incomplete,N/A,San Francisco City,Academica,N/A,N/A,0.00,0.00,0.00,0.00,0,0,0,0,0,0,"","",-1,-1,-1,-1,-1,-1,-1,-1,-1,-1,-1,-1,-1,-1,-1,-1,-1,-1,-1,-1,0.00,0.00,0.00,0.00,0.00,0,0,0,0,0,0,0,0,0,0.00,0.00,0.00,0.00,0.00,0.00,0.00,0.00,0.00,0.00,0.00,N/A
1783292400,Jul 05 2026 - 11:00pm,incomplete,N/A,Pennsylvania Classics,Reading United,N/A,N/A,0.00,0.00,0.00,0.00,0,0,0,0,0,0,"","",-1,-1,-1,-1,-1,-1,-1,-1,-1,-1,-1,-1,-1,-1,-1,-1,-1,-1,-1,-1,0.00,0.00,0.00,0.00,0.00,0,0,0,0,0,0,0,0,0,0.00,0.00,0.00,0.00,0.00,0.00,0.00,0.00,0.00,0.00,0.00,N/A
1783292400,Jul 05 2026 - 11:00pm,incomplete,N/A,Bigfoot,Bangers,N/A,N/A,0.00,0.00,0.00,0.00,0,0,0,0,0,0,"","",-1,-1,-1,-1,-1,-1,-1,-1,-1,-1,-1,-1,-1,-1,-1,-1,-1,-1,-1,-1,0.00,0.00,0.00,0.00,0.00,0,0,0,0,0,0,0,0,0,0.00,0.00,0.00,0.00,0.00,0.00,0.00,0.00,0.00,0.00,0.00,N/A
1783292400,Jul 05 2026 - 11:00pm,incomplete,N/A,Little Rock Rangers,Louisiana Krewe,N/A,N/A,0.00,0.00,0.00,0.00,0,0,0,0,0,0,"","",-1,-1,-1,-1,-1,-1,-1,-1,-1,-1,-1,-1,-1,-1,-1,-1,-1,-1,-1,-1,0.00,0.00,0.00,0.00,0.00,0,0,0,0,0,0,0,0,0,0.00,0.00,0.00,0.00,0.00,0.00,0.00,0.00,0.00,0.00,0.00,N/A
1783292400,Jul 05 2026 - 11:00pm,incomplete,N/A,Miami FC,Miami AC,N/A,N/A,0.00,0.00,0.00,0.00,0,0,0,0,0,0,"","",-1,-1,-1,-1,-1,-1,-1,-1,-1,-1,-1,-1,-1,-1,-1,-1,-1,-1,-1,-1,0.00,0.00,0.00,0.00,0.00,0,0,0,0,0,0,0,0,0,0.00,0.00,0.00,0.00,0.00,0.00,0.00,0.00,0.00,0.00,0.00,Riccardo Silva Stadium
1783294200,Jul 05 2026 - 11:30pm,incomplete,N/A,East Atlanta,Birmingham Legion II,N/A,N/A,0.00,0.00,0.00,0.00,0,0,0,0,0,0,"","",-1,-1,-1,-1,-1,-1,-1,-1,-1,-1,-1,-1,-1,-1,-1,-1,-1,-1,-1,-1,0.00,0.00,0.00,0.00,0.00,0,0,0,0,0,0,0,0,0,0.00,0.00,0.00,0.00,0.00,0.00,0.00,0.00,0.00,0.00,0.00,N/A
1783294200,Jul 05 2026 - 11:30pm,incomplete,N/A,Ironbound,Staten Island Athletic,N/A,N/A,0.00,0.00,0.00,0.00,0,0,0,0,0,0,"","",-1,-1,-1,-1,-1,-1,-1,-1,-1,-1,-1,-1,-1,-1,-1,-1,-1,-1,-1,-1,0.00,0.00,0.00,0.00,0.00,0,0,0,0,0,0,0,0,0,0.00,0.00,0.00,0.00,0.00,0.00,0.00,0.00,0.00,0.00,0.00,N/A
1783296000,Jul 06 2026 - 12:00am,incomplete,N/A,Marin,SF Glens,N/A,N/A,0.00,0.00,0.00,0.00,0,0,0,0,0,0,"","",-1,-1,-1,-1,-1,-1,-1,-1,-1,-1,-1,-1,-1,-1,-1,-1,-1,-1,-1,-1,0.00,0.00,0.00,0.00,0.00,0,0,0,0,0,0,0,0,0,0.00,0.00,0.00,0.00,0.00,0.00,0.00,0.00,0.00,0.00,0.00,N/A
1783296000,Jul 06 2026 - 12:00am,incomplete,N/A,North Carolina II,Asheville City,N/A,N/A,0.00,0.00,0.00,0.00,0,0,0,0,0,0,"","",-1,-1,-1,-1,-1,-1,-1,-1,-1,-1,-1,-1,-1,-1,-1,-1,-1,-1,-1,-1,0.00,0.00,0.00,0.00,0.00,0,0,0,0,0,0,0,0,0,0.00,0.00,0.00,0.00,0.00,0.00,0.00,0.00,0.00,0.00,0.00,N/A
1783299600,Jul 06 2026 - 1:00am,incomplete,N/A,City SC,Redlands,N/A,N/A,0.00,0.00,0.00,0.00,0,0,0,0,0,0,"","",-1,-1,-1,-1,-1,-1,-1,-1,-1,-1,-1,-1,-1,-1,-1,-1,-1,-1,-1,-1,0.00,0.00,0.00,0.00,0.00,0,0,0,0,0,0,0,0,0,0.00,0.00,0.00,0.00,0.00,0.00,0.00,0.00,0.00,0.00,0.00,N/A
1783378800,Jul 06 2026 - 11:00pm,incomplete,N/A,Black Rock FC,Seacoast United Phantoms,N/A,N/A,0.00,0.00,0.00,0.00,0,0,0,0,0,0,"","",-1,-1,-1,-1,-1,-1,-1,-1,-1,-1,-1,-1,-1,-1,-1,-1,-1,-1,-1,-1,0.00,0.00,0.00,0.00,0.00,0,0,0,0,0,0,0,0,0,0.00,0.00,0.00,0.00,0.00,0.00,0.00,0.00,0.00,0.00,0.00,N/A
1783378800,Jul 06 2026 - 11:00pm,incomplete,N/A,Lorain County Leviathan,Erie Sports Center,N/A,N/A,0.00,0.00,0.00,0.00,0,0,0,0,0,0,"","",-1,-1,-1,-1,-1,-1,-1,-1,-1,-1,-1,-1,-1,-1,-1,-1,-1,-1,-1,-1,0.00,0.00,0.00,0.00,0.00,0,0,0,0,0,0,0,0,0,0.00,0.00,0.00,0.00,0.00,0.00,0.00,0.00,0.00,0.00,0.00,N/A
1783382400,Jul 07 2026 - 12:00am,incomplete,N/A,West Virginia Chaos,Louisville City II,N/A,N/A,0.00,0.00,0.00,0.00,0,0,0,0,0,0,"","",-1,-1,-1,-1,-1,-1,-1,-1,-1,-1,-1,-1,-1,-1,-1,-1,-1,-1,-1,-1,0.00,0.00,0.00,0.00,0.00,0,0,0,0,0,0,0,0,0,0.00,0.00,0.00,0.00,0.00,0.00,0.00,0.00,0.00,0.00,0.00,N/A
1783384200,Jul 07 2026 - 12:30am,incomplete,N/A,Lonestar,Hill Country Lobos,N/A,N/A,0.00,0.00,0.00,0.00,0,0,0,0,0,0,"","",-1,-1,-1,-1,-1,-1,-1,-1,-1,-1,-1,-1,-1,-1,-1,-1,-1,-1,-1,-1,0.00,0.00,0.00,0.00,0.00,0,0,0,0,0,0,0,0,0,0.00,0.00,0.00,0.00,0.00,0.00,0.00,0.00,0.00,0.00,0.00,N/A
1783391400,Jul 07 2026 - 2:30am,incomplete,N/A,Stars FC,FC Tucson,N/A,N/A,0.00,0.00,0.00,0.00,0,0,0,0,0,0,"","",-1,-1,-1,-1,-1,-1,-1,-1,-1,-1,-1,-1,-1,-1,-1,-1,-1,-1,-1,-1,0.00,0.00,0.00,0.00,0.00,0,0,0,0,0,0,0,0,0,0.00,0.00,0.00,0.00,0.00,0.00,0.00,0.00,0.00,0.00,0.00,N/A
1783465200,Jul 07 2026 - 11:00pm,incomplete,N/A,Akron City,Riverhounds II,N/A,N/A,0.00,0.00,0.00,0.00,0,0,0,0,0,0,"","",-1,-1,-1,-1,-1,-1,-1,-1,-1,-1,-1,-1,-1,-1,-1,-1,-1,-1,-1,-1,0.00,0.00,0.00,0.00,0.00,0,0,0,0,0,0,0,0,0,0.00,0.00,0.00,0.00,0.00,0.00,0.00,0.00,0.00,0.00,0.00,N/A
1783465200,Jul 07 2026 - 11:00pm,incomplete,N/A,Union Macomb,Ann Arbor,N/A,N/A,0.00,0.00,0.00,0.00,0,0,0,0,0,0,"","",-1,-1,-1,-1,-1,-1,-1,-1,-1,-1,-1,-1,-1,-1,-1,-1,-1,-1,-1,-1,0.00,0.00,0.00,0.00,0.00,0,0,0,0,0,0,0,0,0,0.00,0.00,0.00,0.00,0.00,0.00,0.00,0.00,0.00,0.00,0.00,N/A
1783465200,Jul 07 2026 - 11:00pm,incomplete,N/A,Vermont Green,Connecticut Rush,N/A,N/A,0.00,0.00,0.00,0.00,0,0,0,0,0,0,"","",-1,-1,-1,-1,-1,-1,-1,-1,-1,-1,-1,-1,-1,-1,-1,-1,-1,-1,-1,-1,0.00,0.00,0.00,0.00,0.00,0,0,0,0,0,0,0,0,0,0.00,0.00,0.00,0.00,0.00,0.00,0.00,0.00,0.00,0.00,0.00,N/A
1783465200,Jul 07 2026 - 11:00pm,incomplete,N/A,New England SC,Boston City FC,N/A,N/A,0.00,0.00,0.00,0.00,0,0,0,0,0,0,"","",-1,-1,-1,-1,-1,-1,-1,-1,-1,-1,-1,-1,-1,-1,-1,-1,-1,-1,-1,-1,0.00,0.00,0.00,0.00,0.00,0,0,0,0,0,0,0,0,0,0.00,0.00,0.00,0.00,0.00,0.00,0.00,0.00,0.00,0.00,0.00,N/A
1783465200,Jul 07 2026 - 11:00pm,incomplete,N/A,SF Glens,Almaden,N/A,N/A,0.00,0.00,0.00,0.00,0,0,0,0,0,0,"","",-1,-1,-1,-1,-1,-1,-1,-1,-1,-1,-1,-1,-1,-1,-1,-1,-1,-1,-1,-1,0.00,0.00,0.00,0.00,0.00,0,0,0,0,0,0,0,0,0,0.00,0.00,0.00,0.00,0.00,0.00,0.00,0.00,0.00,0.00,0.00,N/A
1783465200,Jul 07 2026 - 11:00pm,incomplete,N/A,Kalamazoo FC,Lansing City,N/A,N/A,0.00,0.00,0.00,0.00,0,0,0,0,0,0,"","",-1,-1,-1,-1,-1,-1,-1,-1,-1,-1,-1,-1,-1,-1,-1,-1,-1,-1,-1,-1,0.00,0.00,0.00,0.00,0.00,0,0,0,0,0,0,0,0,0,0.00,0.00,0.00,0.00,0.00,0.00,0.00,0.00,0.00,0.00,0.00,N/A
1783467900,Jul 07 2026 - 11:45pm,incomplete,N/A,Hudson Valley Hammers,FC Motown II,N/A,N/A,0.00,0.00,0.00,0.00,0,0,0,0,0,0,"","",-1,-1,-1,-1,-1,-1,-1,-1,-1,-1,-1,-1,-1,-1,-1,-1,-1,-1,-1,-1,0.00,0.00,0.00,0.00,0.00,0,0,0,0,0,0,0,0,0,0.00,0.00,0.00,0.00,0.00,0.00,0.00,0.00,0.00,0.00,0.00,N/A
1783468800,Jul 08 2026 - 12:00am,incomplete,N/A,Sunflower State,Peoria City,N/A,N/A,0.00,0.00,0.00,0.00,0,0,0,0,0,0,"","",-1,-1,-1,-1,-1,-1,-1,-1,-1,-1,-1,-1,-1,-1,-1,-1,-1,-1,-1,-1,0.00,0.00,0.00,0.00,0.00,0,0,0,0,0,0,0,0,0,0.00,0.00,0.00,0.00,0.00,0.00,0.00,0.00,0.00,0.00,0.00,N/A
1783468800,Jul 08 2026 - 12:00am,incomplete,N/A,Springfield,Des Moines Menace,N/A,N/A,0.00,0.00,0.00,0.00,0,0,0,0,0,0,"","",-1,-1,-1,-1,-1,-1,-1,-1,-1,-1,-1,-1,-1,-1,-1,-1,-1,-1,-1,-1,0.00,0.00,0.00,0.00,0.00,0,0,0,0,0,0,0,0,0,0.00,0.00,0.00,0.00,0.00,0.00,0.00,0.00,0.00,0.00,0.00,N/A
1783468800,Jul 08 2026 - 12:00am,incomplete,N/A,Evergreen,Lionsbridge,N/A,N/A,0.00,0.00,0.00,0.00,0,0,0,0,0,0,"","",-1,-1,-1,-1,-1,-1,-1,-1,-1,-1,-1,-1,-1,-1,-1,-1,-1,-1,-1,-1,0.00,0.00,0.00,0.00,0.00,0,0,0,0,0,0,0,0,0,0.00,0.00,0.00,0.00,0.00,0.00,0.00,0.00,0.00,0.00,0.00,N/A
1783468800,Jul 08 2026 - 12:00am,incomplete,N/A,Texoma,Denton Diablos,N/A,N/A,0.00,0.00,0.00,0.00,0,0,0,0,0,0,"","",-1,-1,-1,-1,-1,-1,-1,-1,-1,-1,-1,-1,-1,-1,-1,-1,-1,-1,-1,-1,0.00,0.00,0.00,0.00,0.00,0,0,0,0,0,0,0,0,0,0.00,0.00,0.00,0.00,0.00,0.00,0.00,0.00,0.00,0.00,0.00,N/A
1783472400,Jul 08 2026 - 1:00am,incomplete,N/A,Real Colorado,Albion Colorado,N/A,N/A,0.00,0.00,0.00,0.00,0,0,0,0,0,0,"","",-1,-1,-1,-1,-1,-1,-1,-1,-1,-1,-1,-1,-1,-1,-1,-1,-1,-1,-1,-1,0.00,0.00,0.00,0.00,0.00,0,0,0,0,0,0,0,0,0,0.00,0.00,0.00,0.00,0.00,0.00,0.00,0.00,0.00,0.00,0.00,N/A
1783474200,Jul 08 2026 - 1:30am,incomplete,N/A,Colorado Storm,Atlético Unión,N/A,N/A,0.00,0.00,0.00,0.00,0,0,0,0,0,0,"","",-1,-1,-1,-1,-1,-1,-1,-1,-1,-1,-1,-1,-1,-1,-1,-1,-1,-1,-1,-1,0.00,0.00,0.00,0.00,0.00,0,0,0,0,0,0,0,0,0,0.00,0.00,0.00,0.00,0.00,0.00,0.00,0.00,0.00,0.00,0.00,N/A
1783476000,Jul 08 2026 - 2:00am,incomplete,N/A,Tacoma Stars,Midlakes United,N/A,N/A,0.00,0.00,0.00,0.00,0,0,0,0,0,0,"","",-1,-1,-1,-1,-1,-1,-1,-1,-1,-1,-1,-1,-1,-1,-1,-1,-1,-1,-1,-1,0.00,0.00,0.00,0.00,0.00,0,0,0,0,0,0,0,0,0,0.00,0.00,0.00,0.00,0.00,0.00,0.00,0.00,0.00,0.00,0.00,N/A
1783476000,Jul 08 2026 - 2:00am,incomplete,N/A,AC Connecticut,Western Mass Pioneers,N/A,N/A,0.00,0.00,0.00,0.00,0,0,0,0,0,0,"","",-1,-1,-1,-1,-1,-1,-1,-1,-1,-1,-1,-1,-1,-1,-1,-1,-1,-1,-1,-1,0.00,0.00,0.00,0.00,0.00,0,0,0,0,0,0,0,0,0,0.00,0.00,0.00,0.00,0.00,0.00,0.00,0.00,0.00,0.00,0.00,N/A
1783544400,Jul 08 2026 - 9:00pm,incomplete,N/A,Delaware FC,Eagle FC,N/A,N/A,0.00,0.00,0.00,0.00,0,0,0,0,0,0,"","",-1,-1,-1,-1,-1,-1,-1,-1,-1,-1,-1,-1,-1,-1,-1,-1,-1,-1,-1,-1,0.00,0.00,0.00,0.00,0.00,0,0,0,0,0,0,0,0,0,0.00,0.00,0.00,0.00,0.00,0.00,0.00,0.00,0.00,0.00,0.00,N/A
1783548000,Jul 08 2026 - 10:00pm,incomplete,N/A,Rochester,St. Croix,N/A,N/A,0.00,0.00,0.00,0.00,0,0,0,0,0,0,"","",-1,-1,-1,-1,-1,-1,-1,-1,-1,-1,-1,-1,-1,-1,-1,-1,-1,-1,-1,-1,0.00,0.00,0.00,0.00,0.00,0,0,0,0,0,0,0,0,0,0.00,0.00,0.00,0.00,0.00,0.00,0.00,0.00,0.00,0.00,0.00,N/A
1783548000,Jul 08 2026 - 10:00pm,incomplete,N/A,Cleveland Force,Steel City,N/A,N/A,0.00,0.00,0.00,0.00,0,0,0,0,0,0,"","",-1,-1,-1,-1,-1,-1,-1,-1,-1,-1,-1,-1,-1,-1,-1,-1,-1,-1,-1,-1,0.00,0.00,0.00,0.00,0.00,0,0,0,0,0,0,0,0,0,0.00,0.00,0.00,0.00,0.00,0.00,0.00,0.00,0.00,0.00,0.00,N/A
1783549800,Jul 08 2026 - 10:30pm,incomplete,N/A,Bethesda Athletic,Virginia Marauders,N/A,N/A,0.00,0.00,0.00,0.00,0,0,0,0,0,0,"","",-1,-1,-1,-1,-1,-1,-1,-1,-1,-1,-1,-1,-1,-1,-1,-1,-1,-1,-1,-1,0.00,0.00,0.00,0.00,0.00,0,0,0,0,0,0,0,0,0,0.00,0.00,0.00,0.00,0.00,0.00,0.00,0.00,0.00,0.00,0.00,N/A
1783551600,Jul 08 2026 - 11:00pm,incomplete,N/A,North Carolina Fusion U23,Tobacco Road FC,N/A,N/A,0.00,0.00,0.00,0.00,0,0,0,0,0,0,"","",-1,-1,-1,-1,-1,-1,-1,-1,-1,-1,-1,-1,-1,-1,-1,-1,-1,-1,-1,-1,0.00,0.00,0.00,0.00,0.00,0,0,0,0,0,0,0,0,0,0.00,0.00,0.00,0.00,0.00,0.00,0.00,0.00,0.00,0.00,0.00,Macpherson Stadium
1783551600,Jul 08 2026 - 11:00pm,incomplete,N/A,Reading United,Philadelphia Lone Star,N/A,N/A,0.00,0.00,0.00,0.00,0,0,0,0,0,0,"","",-1,-1,-1,-1,-1,-1,-1,-1,-1,-1,-1,-1,-1,-1,-1,-1,-1,-1,-1,-1,0.00,0.00,0.00,0.00,0.00,0,0,0,0,0,0,0,0,0,0.00,0.00,0.00,0.00,0.00,0.00,0.00,0.00,0.00,0.00,0.00,N/A
1783551600,Jul 08 2026 - 11:00pm,incomplete,N/A,Ocean City Nor'easters,Lehigh Valley Utd. Sonic,N/A,N/A,0.00,0.00,0.00,0.00,0,0,0,0,0,0,"","",-1,-1,-1,-1,-1,-1,-1,-1,-1,-1,-1,-1,-1,-1,-1,-1,-1,-1,-1,-1,0.00,0.00,0.00,0.00,0.00,0,0,0,0,0,0,0,0,0,0.00,0.00,0.00,0.00,0.00,0.00,0.00,0.00,0.00,0.00,0.00,Carey Stadium
1783551600,Jul 08 2026 - 11:00pm,incomplete,N/A,Wake,Port City,N/A,N/A,0.00,0.00,0.00,0.00,0,0,0,0,0,0,"","",-1,-1,-1,-1,-1,-1,-1,-1,-1,-1,-1,-1,-1,-1,-1,-1,-1,-1,-1,-1,0.00,0.00,0.00,0.00,0.00,0,0,0,0,0,0,0,0,0,0.00,0.00,0.00,0.00,0.00,0.00,0.00,0.00,0.00,0.00,0.00,N/A
1783551600,Jul 08 2026 - 11:00pm,incomplete,N/A,Black Rock FC,FC Boston Bolts,N/A,N/A,0.00,0.00,0.00,0.00,0,0,0,0,0,0,"","",-1,-1,-1,-1,-1,-1,-1,-1,-1,-1,-1,-1,-1,-1,-1,-1,-1,-1,-1,-1,0.00,0.00,0.00,0.00,0.00,0,0,0,0,0,0,0,0,0,0.00,0.00,0.00,0.00,0.00,0.00,0.00,0.00,0.00,0.00,0.00,N/A
1783551600,Jul 08 2026 - 11:00pm,incomplete,N/A,SC United Bantams,Charlotte Independence 2,N/A,N/A,0.00,0.00,0.00,0.00,0,0,0,0,0,0,"","",-1,-1,-1,-1,-1,-1,-1,-1,-1,-1,-1,-1,-1,-1,-1,-1,-1,-1,-1,-1,0.00,0.00,0.00,0.00,0.00,0,0,0,0,0,0,0,0,0,0.00,0.00,0.00,0.00,0.00,0.00,0.00,0.00,0.00,0.00,0.00,N/A
1783551600,Jul 08 2026 - 11:00pm,incomplete,N/A,Real Central New Jersey,West Chester United II,N/A,N/A,0.00,0.00,0.00,0.00,0,0,0,0,0,0,"","",-1,-1,-1,-1,-1,-1,-1,-1,-1,-1,-1,-1,-1,-1,-1,-1,-1,-1,-1,-1,0.00,0.00,0.00,0.00,0.00,0,0,0,0,0,0,0,0,0,0.00,0.00,0.00,0.00,0.00,0.00,0.00,0.00,0.00,0.00,0.00,N/A
1783551600,Jul 08 2026 - 11:00pm,incomplete,N/A,Patuxent,Christos,N/A,N/A,0.00,0.00,0.00,0.00,0,0,0,0,0,0,"","",-1,-1,-1,-1,-1,-1,-1,-1,-1,-1,-1,-1,-1,-1,-1,-1,-1,-1,-1,-1,0.00,0.00,0.00,0.00,0.00,0,0,0,0,0,0,0,0,0,0.00,0.00,0.00,0.00,0.00,0.00,0.00,0.00,0.00,0.00,0.00,N/A
1783551600,Jul 08 2026 - 11:00pm,incomplete,N/A,Cedar Stars Rush,Ironbound,N/A,N/A,0.00,0.00,0.00,0.00,0,0,0,0,0,0,"","",-1,-1,-1,-1,-1,-1,-1,-1,-1,-1,-1,-1,-1,-1,-1,-1,-1,-1,-1,-1,0.00,0.00,0.00,0.00,0.00,0,0,0,0,0,0,0,0,0,0.00,0.00,0.00,0.00,0.00,0.00,0.00,0.00,0.00,0.00,0.00,N/A
1783551600,Jul 08 2026 - 11:00pm,incomplete,N/A,Jackson Boom,Hattiesburg,N/A,N/A,0.00,0.00,0.00,0.00,0,0,0,0,0,0,"","",-1,-1,-1,-1,-1,-1,-1,-1,-1,-1,-1,-1,-1,-1,-1,-1,-1,-1,-1,-1,0.00,0.00,0.00,0.00,0.00,0,0,0,0,0,0,0,0,0,0.00,0.00,0.00,0.00,0.00,0.00,0.00,0.00,0.00,0.00,0.00,N/A
1783551600,Jul 08 2026 - 11:00pm,incomplete,N/A,The Villages,Inter Gainesville,N/A,N/A,0.00,0.00,0.00,0.00,0,0,0,0,0,0,"","",-1,-1,-1,-1,-1,-1,-1,-1,-1,-1,-1,-1,-1,-1,-1,-1,-1,-1,-1,-1,0.00,0.00,0.00,0.00,0.00,0,0,0,0,0,0,0,0,0,0.00,0.00,0.00,0.00,0.00,0.00,0.00,0.00,0.00,0.00,0.00,N/A
1783551600,Jul 08 2026 - 11:00pm,incomplete,N/A,Lakeland United,Miami FC,N/A,N/A,0.00,0.00,0.00,0.00,0,0,0,0,0,0,"","",-1,-1,-1,-1,-1,-1,-1,-1,-1,-1,-1,-1,-1,-1,-1,-1,-1,-1,-1,-1,0.00,0.00,0.00,0.00,0.00,0,0,0,0,0,0,0,0,0,0.00,0.00,0.00,0.00,0.00,0.00,0.00,0.00,0.00,0.00,0.00,N/A
1783551600,Jul 08 2026 - 11:00pm,incomplete,N/A,Fort Lauderdale United,Weston FC,N/A,N/A,0.00,0.00,0.00,0.00,0,0,0,0,0,0,"","",-1,-1,-1,-1,-1,-1,-1,-1,-1,-1,-1,-1,-1,-1,-1,-1,-1,-1,-1,-1,0.00,0.00,0.00,0.00,0.00,0,0,0,0,0,0,0,0,0,0.00,0.00,0.00,0.00,0.00,0.00,0.00,0.00,0.00,0.00,0.00,N/A
1783553400,Jul 08 2026 - 11:30pm,incomplete,N/A,Apotheos,Dothan United,N/A,N/A,0.00,0.00,0.00,0.00,0,0,0,0,0,0,"","",-1,-1,-1,-1,-1,-1,-1,-1,-1,-1,-1,-1,-1,-1,-1,-1,-1,-1,-1,-1,0.00,0.00,0.00,0.00,0.00,0,0,0,0,0,0,0,0,0,0.00,0.00,0.00,0.00,0.00,0.00,0.00,0.00,0.00,0.00,0.00,N/A
1783553400,Jul 08 2026 - 11:30pm,incomplete,N/A,Manhattan,New Jersey Copa FC,N/A,N/A,0.00,0.00,0.00,0.00,0,0,0,0,0,0,"","",-1,-1,-1,-1,-1,-1,-1,-1,-1,-1,-1,-1,-1,-1,-1,-1,-1,-1,-1,-1,0.00,0.00,0.00,0.00,0.00,0,0,0,0,0,0,0,0,0,0.00,0.00,0.00,0.00,0.00,0.00,0.00,0.00,0.00,0.00,0.00,N/A
1783553400,Jul 08 2026 - 11:30pm,incomplete,N/A,Morris Elite,Westchester Flames,N/A,N/A,0.00,0.00,0.00,0.00,0,0,0,0,0,0,"","",-1,-1,-1,-1,-1,-1,-1,-1,-1,-1,-1,-1,-1,-1,-1,-1,-1,-1,-1,-1,0.00,0.00,0.00,0.00,0.00,0,0,0,0,0,0,0,0,0,0.00,0.00,0.00,0.00,0.00,0.00,0.00,0.00,0.00,0.00,0.00,N/A
1783553400,Jul 08 2026 - 11:30pm,incomplete,N/A,Virginia Beach United,Annapolis Blues,N/A,N/A,0.00,0.00,0.00,0.00,0,0,0,0,0,0,"","",-1,-1,-1,-1,-1,-1,-1,-1,-1,-1,-1,-1,-1,-1,-1,-1,-1,-1,-1,-1,0.00,0.00,0.00,0.00,0.00,0,0,0,0,0,0,0,0,0,0.00,0.00,0.00,0.00,0.00,0.00,0.00,0.00,0.00,0.00,0.00,N/A
1783555200,Jul 09 2026 - 12:00am,incomplete,N/A,North Carolina II,Charlotte Eagles,N/A,N/A,0.00,0.00,0.00,0.00,0,0,0,0,0,0,"","",-1,-1,-1,-1,-1,-1,-1,-1,-1,-1,-1,-1,-1,-1,-1,-1,-1,-1,-1,-1,0.00,0.00,0.00,0.00,0.00,0,0,0,0,0,0,0,0,0,0.00,0.00,0.00,0.00,0.00,0.00,0.00,0.00,0.00,0.00,0.00,N/A
1783555200,Jul 09 2026 - 12:00am,incomplete,N/A,RKC,Chicago Dutch Lions,N/A,N/A,0.00,0.00,0.00,0.00,0,0,0,0,0,0,"","",-1,-1,-1,-1,-1,-1,-1,-1,-1,-1,-1,-1,-1,-1,-1,-1,-1,-1,-1,-1,0.00,0.00,0.00,0.00,0.00,0,0,0,0,0,0,0,0,0,0.00,0.00,0.00,0.00,0.00,0.00,0.00,0.00,0.00,0.00,0.00,N/A
1783555200,Jul 09 2026 - 12:00am,incomplete,N/A,River Light,Rockford Raptors,N/A,N/A,0.00,0.00,0.00,0.00,0,0,0,0,0,0,"","",-1,-1,-1,-1,-1,-1,-1,-1,-1,-1,-1,-1,-1,-1,-1,-1,-1,-1,-1,-1,0.00,0.00,0.00,0.00,0.00,0,0,0,0,0,0,0,0,0,0.00,0.00,0.00,0.00,0.00,0.00,0.00,0.00,0.00,0.00,0.00,N/A
1783555200,Jul 09 2026 - 12:00am,incomplete,N/A,Montgomery United,Columbus United,N/A,N/A,0.00,0.00,0.00,0.00,0,0,0,0,0,0,"","",-1,-1,-1,-1,-1,-1,-1,-1,-1,-1,-1,-1,-1,-1,-1,-1,-1,-1,-1,-1,0.00,0.00,0.00,0.00,0.00,0,0,0,0,0,0,0,0,0,0.00,0.00,0.00,0.00,0.00,0.00,0.00,0.00,0.00,0.00,0.00,N/A
1783555200,Jul 09 2026 - 12:00am,incomplete,N/A,Project 51O,Marin,N/A,N/A,0.00,0.00,0.00,0.00,0,0,0,0,0,0,"","",-1,-1,-1,-1,-1,-1,-1,-1,-1,-1,-1,-1,-1,-1,-1,-1,-1,-1,-1,-1,0.00,0.00,0.00,0.00,0.00,0,0,0,0,0,0,0,0,0,0.00,0.00,0.00,0.00,0.00,0.00,0.00,0.00,0.00,0.00,0.00,N/A
1783555200,Jul 09 2026 - 12:00am,incomplete,N/A,Davis Legacy,San Francisco City,N/A,N/A,0.00,0.00,0.00,0.00,0,0,0,0,0,0,"","",-1,-1,-1,-1,-1,-1,-1,-1,-1,-1,-1,-1,-1,-1,-1,-1,-1,-1,-1,-1,0.00,0.00,0.00,0.00,0.00,0,0,0,0,0,0,0,0,0,0.00,0.00,0.00,0.00,0.00,0.00,0.00,0.00,0.00,0.00,0.00,N/A
1783555200,Jul 09 2026 - 12:00am,incomplete,N/A,Little Rock Rangers,Memphis FC,N/A,N/A,0.00,0.00,0.00,0.00,0,0,0,0,0,0,"","",-1,-1,-1,-1,-1,-1,-1,-1,-1,-1,-1,-1,-1,-1,-1,-1,-1,-1,-1,-1,0.00,0.00,0.00,0.00,0.00,0,0,0,0,0,0,0,0,0,0.00,0.00,0.00,0.00,0.00,0.00,0.00,0.00,0.00,0.00,0.00,N/A
1783555200,Jul 09 2026 - 12:00am,incomplete,N/A,Mississippi Brilla,Louisiana Krewe,N/A,N/A,0.00,0.00,0.00,0.00,0,0,0,0,0,0,"","",-1,-1,-1,-1,-1,-1,-1,-1,-1,-1,-1,-1,-1,-1,-1,-1,-1,-1,-1,-1,0.00,0.00,0.00,0.00,0.00,0,0,0,0,0,0,0,0,0,0.00,0.00,0.00,0.00,0.00,0.00,0.00,0.00,0.00,0.00,0.00,Arrow Field at Clinton High School
1783555200,Jul 09 2026 - 12:00am,incomplete,N/A,Houston FC,Houston Sur,N/A,N/A,0.00,0.00,0.00,0.00,0,0,0,0,0,0,"","",-1,-1,-1,-1,-1,-1,-1,-1,-1,-1,-1,-1,-1,-1,-1,-1,-1,-1,-1,-1,0.00,0.00,0.00,0.00,0.00,0,0,0,0,0,0,0,0,0,0.00,0.00,0.00,0.00,0.00,0.00,0.00,0.00,0.00,0.00,0.00,N/A
1783557000,Jul 09 2026 - 12:30am,incomplete,N/A,West Texas,Lubbock Matadors,N/A,N/A,0.00,0.00,0.00,0.00,0,0,0,0,0,0,"","",-1,-1,-1,-1,-1,-1,-1,-1,-1,-1,-1,-1,-1,-1,-1,-1,-1,-1,-1,-1,0.00,0.00,0.00,0.00,0.00,0,0,0,0,0,0,0,0,0,0.00,0.00,0.00,0.00,0.00,0.00,0.00,0.00,0.00,0.00,0.00,N/A
1783557000,Jul 09 2026 - 12:30am,incomplete,N/A,San Antonio II,Brazos Valley,N/A,N/A,0.00,0.00,0.00,0.00,0,0,0,0,0,0,"","",-1,-1,-1,-1,-1,-1,-1,-1,-1,-1,-1,-1,-1,-1,-1,-1,-1,-1,-1,-1,0.00,0.00,0.00,0.00,0.00,0,0,0,0,0,0,0,0,0,0.00,0.00,0.00,0.00,0.00,0.00,0.00,0.00,0.00,0.00,0.00,N/A
1783558800,Jul 09 2026 - 1:00am,incomplete,N/A,City SC,AMSG,N/A,N/A,0.00,0.00,0.00,0.00,0,0,0,0,0,0,"","",-1,-1,-1,-1,-1,-1,-1,-1,-1,-1,-1,-1,-1,-1,-1,-1,-1,-1,-1,-1,0.00,0.00,0.00,0.00,0.00,0,0,0,0,0,0,0,0,0,0.00,0.00,0.00,0.00,0.00,0.00,0.00,0.00,0.00,0.00,0.00,N/A
1783558800,Jul 09 2026 - 1:00am,incomplete,N/A,Laredo Heat,GFI,N/A,N/A,0.00,0.00,0.00,0.00,0,0,0,0,0,0,"","",-1,-1,-1,-1,-1,-1,-1,-1,-1,-1,-1,-1,-1,-1,-1,-1,-1,-1,-1,-1,0.00,0.00,0.00,0.00,0.00,0,0,0,0,0,0,0,0,0,0.00,0.00,0.00,0.00,0.00,0.00,0.00,0.00,0.00,0.00,0.00,N/A
1783562400,Jul 09 2026 - 2:00am,incomplete,N/A,Academica,San Juan SC,N/A,N/A,0.00,0.00,0.00,0.00,0,0,0,0,0,0,"","",-1,-1,-1,-1,-1,-1,-1,-1,-1,-1,-1,-1,-1,-1,-1,-1,-1,-1,-1,-1,0.00,0.00,0.00,0.00,0.00,0,0,0,0,0,0,0,0,0,0.00,0.00,0.00,0.00,0.00,0.00,0.00,0.00,0.00,0.00,0.00,N/A
1783562400,Jul 09 2026 - 2:00am,incomplete,N/A,Bigfoot,Ballard,N/A,N/A,0.00,0.00,0.00,0.00,0,0,0,0,0,0,"","",-1,-1,-1,-1,-1,-1,-1,-1,-1,-1,-1,-1,-1,-1,-1,-1,-1,-1,-1,-1,0.00,0.00,0.00,0.00,0.00,0,0,0,0,0,0,0,0,0,0.00,0.00,0.00,0.00,0.00,0.00,0.00,0.00,0.00,0.00,0.00,N/A
1783562400,Jul 09 2026 - 2:00am,incomplete,N/A,Ventura County Fusion,Stars FC,N/A,N/A,0.00,0.00,0.00,0.00,0,0,0,0,0,0,"","",-1,-1,-1,-1,-1,-1,-1,-1,-1,-1,-1,-1,-1,-1,-1,-1,-1,-1,-1,-1,0.00,0.00,0.00,0.00,0.00,0,0,0,0,0,0,0,0,0,0.00,0.00,0.00,0.00,0.00,0.00,0.00,0.00,0.00,0.00,0.00,Ventura College Stadium
1783564200,Jul 09 2026 - 2:30am,incomplete,N/A,Southern Soccer Academy,East Atlanta,N/A,N/A,0.00,0.00,0.00,0.00,0,0,0,0,0,0,"","",-1,-1,-1,-1,-1,-1,-1,-1,-1,-1,-1,-1,-1,-1,-1,-1,-1,-1,-1,-1,0.00,0.00,0.00,0.00,0.00,0,0,0,0,0,0,0,0,0,0.00,0.00,0.00,0.00,0.00,0.00,0.00,0.00,0.00,0.00,0.00,N/A
1783634400,Jul 09 2026 - 10:00pm,incomplete,N/A,Dayton Dutch Lions,West Virginia Chaos,N/A,N/A,0.00,0.00,0.00,0.00,0,0,0,0,0,0,"","",-1,-1,-1,-1,-1,-1,-1,-1,-1,-1,-1,-1,-1,-1,-1,-1,-1,-1,-1,-1,0.00,0.00,0.00,0.00,0.00,0,0,0,0,0,0,0,0,0,0.00,0.00,0.00,0.00,0.00,0.00,0.00,0.00,0.00,0.00,0.00,Dayton Outpatient Center Stadium
1783638000,Jul 09 2026 - 11:00pm,incomplete,N/A,New England SC,Blackwatch Rush,N/A,N/A,0.00,0.00,0.00,0.00,0,0,0,0,0,0,"","",-1,-1,-1,-1,-1,-1,-1,-1,-1,-1,-1,-1,-1,-1,-1,-1,-1,-1,-1,-1,0.00,0.00,0.00,0.00,0.00,0,0,0,0,0,0,0,0,0,0.00,0.00,0.00,0.00,0.00,0.00,0.00,0.00,0.00,0.00,0.00,N/A
1783645200,Jul 10 2026 - 1:00am,incomplete,N/A,Real Colorado,Flatirons Rush,N/A,N/A,0.00,0.00,0.00,0.00,0,0,0,0,0,0,"","",-1,-1,-1,-1,-1,-1,-1,-1,-1,-1,-1,-1,-1,-1,-1,-1,-1,-1,-1,-1,0.00,0.00,0.00,0.00,0.00,0,0,0,0,0,0,0,0,0,0.00,0.00,0.00,0.00,0.00,0.00,0.00,0.00,0.00,0.00,0.00,N/A
1783724400,Jul 10 2026 - 11:00pm,incomplete,N/A,Oakland County,Midwest United,N/A,N/A,0.00,0.00,0.00,0.00,0,0,0,0,0,0,"","",-1,-1,-1,-1,-1,-1,-1,-1,-1,-1,-1,-1,-1,-1,-1,-1,-1,-1,-1,-1,0.00,0.00,0.00,0.00,0.00,0,0,0,0,0,0,0,0,0,0.00,0.00,0.00,0.00,0.00,0.00,0.00,0.00,0.00,0.00,0.00,N/A
1783724400,Jul 10 2026 - 11:00pm,incomplete,N/A,Western Mass Pioneers,Vermont Green,N/A,N/A,0.00,0.00,0.00,0.00,0,0,0,0,0,0,"","",-1,-1,-1,-1,-1,-1,-1,-1,-1,-1,-1,-1,-1,-1,-1,-1,-1,-1,-1,-1,0.00,0.00,0.00,0.00,0.00,0,0,0,0,0,0,0,0,0,0.00,0.00,0.00,0.00,0.00,0.00,0.00,0.00,0.00,0.00,0.00,Lusitano Stadium
1783728000,Jul 11 2026 - 12:00am,incomplete,N/A,Birmingham Legion II,Montgomery United,N/A,N/A,0.00,0.00,0.00,0.00,0,0,0,0,0,0,"","",-1,-1,-1,-1,-1,-1,-1,-1,-1,-1,-1,-1,-1,-1,-1,-1,-1,-1,-1,-1,0.00,0.00,0.00,0.00,0.00,0,0,0,0,0,0,0,0,0,0.00,0.00,0.00,0.00,0.00,0.00,0.00,0.00,0.00,0.00,0.00,N/A
1783728000,Jul 11 2026 - 12:00am,incomplete,N/A,FC Motown II,Long Island Rough Riders,N/A,N/A,0.00,0.00,0.00,0.00,0,0,0,0,0,0,"","",-1,-1,-1,-1,-1,-1,-1,-1,-1,-1,-1,-1,-1,-1,-1,-1,-1,-1,-1,-1,0.00,0.00,0.00,0.00,0.00,0,0,0,0,0,0,0,0,0,0.00,0.00,0.00,0.00,0.00,0.00,0.00,0.00,0.00,0.00,0.00,N/A
1783729800,Jul 11 2026 - 12:30am,incomplete,N/A,McKinney Chupacabras,Texoma,N/A,N/A,0.00,0.00,0.00,0.00,0,0,0,0,0,0,"","",-1,-1,-1,-1,-1,-1,-1,-1,-1,-1,-1,-1,-1,-1,-1,-1,-1,-1,-1,-1,0.00,0.00,0.00,0.00,0.00,0,0,0,0,0,0,0,0,0,0.00,0.00,0.00,0.00,0.00,0.00,0.00,0.00,0.00,0.00,0.00,N/A
1783735200,Jul 11 2026 - 2:00am,incomplete,N/A,FC Tucson,Capo II,N/A,N/A,0.00,0.00,0.00,0.00,0,0,0,0,0,0,"","",-1,-1,-1,-1,-1,-1,-1,-1,-1,-1,-1,-1,-1,-1,-1,-1,-1,-1,-1,-1,0.00,0.00,0.00,0.00,0.00,0,0,0,0,0,0,0,0,0,0.00,0.00,0.00,0.00,0.00,0.00,0.00,0.00,0.00,0.00,0.00,Kino North Stadium
1783735200,Jul 11 2026 - 2:00am,incomplete,N/A,West Seattle Junction,Snohomish United,N/A,N/A,0.00,0.00,0.00,0.00,0,0,0,0,0,0,"","",-1,-1,-1,-1,-1,-1,-1,-1,-1,-1,-1,-1,-1,-1,-1,-1,-1,-1,-1,-1,0.00,0.00,0.00,0.00,0.00,0,0,0,0,0,0,0,0,0,0.00,0.00,0.00,0.00,0.00,0.00,0.00,0.00,0.00,0.00,0.00,N/A
1783782000,Jul 11 2026 - 3:00pm,incomplete,N/A,New Jersey Copa FC,Westchester Flames,N/A,N/A,0.00,0.00,0.00,0.00,0,0,0,0,0,0,"","",-1,-1,-1,-1,-1,-1,-1,-1,-1,-1,-1,-1,-1,-1,-1,-1,-1,-1,-1,-1,0.00,0.00,0.00,0.00,0.00,0,0,0,0,0,0,0,0,0,0.00,0.00,0.00,0.00,0.00,0.00,0.00,0.00,0.00,0.00,0.00,N/A
1783792800,Jul 11 2026 - 6:00pm,incomplete,N/A,Philadelphia Lone Star,Real Central New Jersey,N/A,N/A,0.00,0.00,0.00,0.00,0,0,0,0,0,0,"","",-1,-1,-1,-1,-1,-1,-1,-1,-1,-1,-1,-1,-1,-1,-1,-1,-1,-1,-1,-1,0.00,0.00,0.00,0.00,0.00,0,0,0,0,0,0,0,0,0,0.00,0.00,0.00,0.00,0.00,0.00,0.00,0.00,0.00,0.00,0.00,N/A
1783796400,Jul 11 2026 - 7:00pm,incomplete,N/A,Sueno,Chicago Dutch Lions,N/A,N/A,0.00,0.00,0.00,0.00,0,0,0,0,0,0,"","",-1,-1,-1,-1,-1,-1,-1,-1,-1,-1,-1,-1,-1,-1,-1,-1,-1,-1,-1,-1,0.00,0.00,0.00,0.00,0.00,0,0,0,0,0,0,0,0,0,0.00,0.00,0.00,0.00,0.00,0.00,0.00,0.00,0.00,0.00,0.00,N/A
1783796400,Jul 11 2026 - 7:00pm,incomplete,N/A,FC Buffalo,Akron City,N/A,N/A,0.00,0.00,0.00,0.00,0,0,0,0,0,0,"","",-1,-1,-1,-1,-1,-1,-1,-1,-1,-1,-1,-1,-1,-1,-1,-1,-1,-1,-1,-1,0.00,0.00,0.00,0.00,0.00,0,0,0,0,0,0,0,0,0,0.00,0.00,0.00,0.00,0.00,0.00,0.00,0.00,0.00,0.00,0.00,N/A
1783800000,Jul 11 2026 - 8:00pm,incomplete,N/A,Seacoast United Phantoms,AC Connecticut,N/A,N/A,0.00,0.00,0.00,0.00,0,0,0,0,0,0,"","",-1,-1,-1,-1,-1,-1,-1,-1,-1,-1,-1,-1,-1,-1,-1,-1,-1,-1,-1,-1,0.00,0.00,0.00,0.00,0.00,0,0,0,0,0,0,0,0,0,0.00,0.00,0.00,0.00,0.00,0.00,0.00,0.00,0.00,0.00,0.00,N/A
1783807200,Jul 11 2026 - 10:00pm,incomplete,N/A,FC Boston Bolts,Blackwatch Rush,N/A,N/A,0.00,0.00,0.00,0.00,0,0,0,0,0,0,"","",-1,-1,-1,-1,-1,-1,-1,-1,-1,-1,-1,-1,-1,-1,-1,-1,-1,-1,-1,-1,0.00,0.00,0.00,0.00,0.00,0,0,0,0,0,0,0,0,0,0.00,0.00,0.00,0.00,0.00,0.00,0.00,0.00,0.00,0.00,0.00,Mount Ida College
1783807200,Jul 11 2026 - 10:00pm,incomplete,N/A,Staten Island Athletic,Morris Elite,N/A,N/A,0.00,0.00,0.00,0.00,0,0,0,0,0,0,"","",-1,-1,-1,-1,-1,-1,-1,-1,-1,-1,-1,-1,-1,-1,-1,-1,-1,-1,-1,-1,0.00,0.00,0.00,0.00,0.00,0,0,0,0,0,0,0,0,0,0.00,0.00,0.00,0.00,0.00,0.00,0.00,0.00,0.00,0.00,0.00,N/A
1783810800,Jul 11 2026 - 11:00pm,incomplete,N/A,North Carolina Fusion U23,Wake,N/A,N/A,0.00,0.00,0.00,0.00,0,0,0,0,0,0,"","",-1,-1,-1,-1,-1,-1,-1,-1,-1,-1,-1,-1,-1,-1,-1,-1,-1,-1,-1,-1,0.00,0.00,0.00,0.00,0.00,0,0,0,0,0,0,0,0,0,0.00,0.00,0.00,0.00,0.00,0.00,0.00,0.00,0.00,0.00,0.00,Macpherson Stadium
1783810800,Jul 11 2026 - 11:00pm,incomplete,N/A,Ann Arbor,Kalamazoo FC,N/A,N/A,0.00,0.00,0.00,0.00,0,0,0,0,0,0,"","",-1,-1,-1,-1,-1,-1,-1,-1,-1,-1,-1,-1,-1,-1,-1,-1,-1,-1,-1,-1,0.00,0.00,0.00,0.00,0.00,0,0,0,0,0,0,0,0,0,0.00,0.00,0.00,0.00,0.00,0.00,0.00,0.00,0.00,0.00,0.00,N/A
1783810800,Jul 11 2026 - 11:00pm,incomplete,N/A,Lorain County Leviathan,Steel City,N/A,N/A,0.00,0.00,0.00,0.00,0,0,0,0,0,0,"","",-1,-1,-1,-1,-1,-1,-1,-1,-1,-1,-1,-1,-1,-1,-1,-1,-1,-1,-1,-1,0.00,0.00,0.00,0.00,0.00,0,0,0,0,0,0,0,0,0,0.00,0.00,0.00,0.00,0.00,0.00,0.00,0.00,0.00,0.00,0.00,N/A
1783810800,Jul 11 2026 - 11:00pm,incomplete,N/A,St. Croix,Rockford Raptors,N/A,N/A,0.00,0.00,0.00,0.00,0,0,0,0,0,0,"","",-1,-1,-1,-1,-1,-1,-1,-1,-1,-1,-1,-1,-1,-1,-1,-1,-1,-1,-1,-1,0.00,0.00,0.00,0.00,0.00,0,0,0,0,0,0,0,0,0,0.00,0.00,0.00,0.00,0.00,0.00,0.00,0.00,0.00,0.00,0.00,N/A
1783810800,Jul 11 2026 - 11:00pm,incomplete,N/A,Michigan Bucks,Union Macomb,N/A,N/A,0.00,0.00,0.00,0.00,0,0,0,0,0,0,"","",-1,-1,-1,-1,-1,-1,-1,-1,-1,-1,-1,-1,-1,-1,-1,-1,-1,-1,-1,-1,0.00,0.00,0.00,0.00,0.00,0,0,0,0,0,0,0,0,0,0.00,0.00,0.00,0.00,0.00,0.00,0.00,0.00,0.00,0.00,0.00,Ultimate Soccer Arenas
1783810800,Jul 11 2026 - 11:00pm,incomplete,N/A,Pennsylvania Classics,West Chester United II,N/A,N/A,0.00,0.00,0.00,0.00,0,0,0,0,0,0,"","",-1,-1,-1,-1,-1,-1,-1,-1,-1,-1,-1,-1,-1,-1,-1,-1,-1,-1,-1,-1,0.00,0.00,0.00,0.00,0.00,0,0,0,0,0,0,0,0,0,0.00,0.00,0.00,0.00,0.00,0.00,0.00,0.00,0.00,0.00,0.00,N/A
1783810800,Jul 11 2026 - 11:00pm,incomplete,N/A,Ocean City Nor'easters,Eagle FC,N/A,N/A,0.00,0.00,0.00,0.00,0,0,0,0,0,0,"","",-1,-1,-1,-1,-1,-1,-1,-1,-1,-1,-1,-1,-1,-1,-1,-1,-1,-1,-1,-1,0.00,0.00,0.00,0.00,0.00,0,0,0,0,0,0,0,0,0,0.00,0.00,0.00,0.00,0.00,0.00,0.00,0.00,0.00,0.00,0.00,Carey Stadium
1783810800,Jul 11 2026 - 11:00pm,incomplete,N/A,Tobacco Road FC,Port City,N/A,N/A,0.00,0.00,0.00,0.00,0,0,0,0,0,0,"","",-1,-1,-1,-1,-1,-1,-1,-1,-1,-1,-1,-1,-1,-1,-1,-1,-1,-1,-1,-1,0.00,0.00,0.00,0.00,0.00,0,0,0,0,0,0,0,0,0,0.00,0.00,0.00,0.00,0.00,0.00,0.00,0.00,0.00,0.00,0.00,N/A
1783810800,Jul 11 2026 - 11:00pm,incomplete,N/A,Hickory,Asheville City,N/A,N/A,0.00,0.00,0.00,0.00,0,0,0,0,0,0,"","",-1,-1,-1,-1,-1,-1,-1,-1,-1,-1,-1,-1,-1,-1,-1,-1,-1,-1,-1,-1,0.00,0.00,0.00,0.00,0.00,0,0,0,0,0,0,0,0,0,0.00,0.00,0.00,0.00,0.00,0.00,0.00,0.00,0.00,0.00,0.00,N/A
1783810800,Jul 11 2026 - 11:00pm,incomplete,N/A,Charlotte Independence 2,North Carolina II,N/A,N/A,0.00,0.00,0.00,0.00,0,0,0,0,0,0,"","",-1,-1,-1,-1,-1,-1,-1,-1,-1,-1,-1,-1,-1,-1,-1,-1,-1,-1,-1,-1,0.00,0.00,0.00,0.00,0.00,0,0,0,0,0,0,0,0,0,0.00,0.00,0.00,0.00,0.00,0.00,0.00,0.00,0.00,0.00,0.00,N/A
1783810800,Jul 11 2026 - 11:00pm,incomplete,N/A,Reading United,Lehigh Valley Utd. Sonic,N/A,N/A,0.00,0.00,0.00,0.00,0,0,0,0,0,0,"","",-1,-1,-1,-1,-1,-1,-1,-1,-1,-1,-1,-1,-1,-1,-1,-1,-1,-1,-1,-1,0.00,0.00,0.00,0.00,0.00,0,0,0,0,0,0,0,0,0,0.00,0.00,0.00,0.00,0.00,0.00,0.00,0.00,0.00,0.00,0.00,N/A
1783810800,Jul 11 2026 - 11:00pm,incomplete,N/A,Black Rock FC,Boston City FC,N/A,N/A,0.00,0.00,0.00,0.00,0,0,0,0,0,0,"","",-1,-1,-1,-1,-1,-1,-1,-1,-1,-1,-1,-1,-1,-1,-1,-1,-1,-1,-1,-1,0.00,0.00,0.00,0.00,0.00,0,0,0,0,0,0,0,0,0,0.00,0.00,0.00,0.00,0.00,0.00,0.00,0.00,0.00,0.00,0.00,N/A
1783810800,Jul 11 2026 - 11:00pm,incomplete,N/A,Appalachian,SC United Bantams,N/A,N/A,0.00,0.00,0.00,0.00,0,0,0,0,0,0,"","",-1,-1,-1,-1,-1,-1,-1,-1,-1,-1,-1,-1,-1,-1,-1,-1,-1,-1,-1,-1,0.00,0.00,0.00,0.00,0.00,0,0,0,0,0,0,0,0,0,0.00,0.00,0.00,0.00,0.00,0.00,0.00,0.00,0.00,0.00,0.00,N/A
1783810800,Jul 11 2026 - 11:00pm,incomplete,N/A,Loudoun United II,Evergreen,N/A,N/A,0.00,0.00,0.00,0.00,0,0,0,0,0,0,"","",-1,-1,-1,-1,-1,-1,-1,-1,-1,-1,-1,-1,-1,-1,-1,-1,-1,-1,-1,-1,0.00,0.00,0.00,0.00,0.00,0,0,0,0,0,0,0,0,0,0.00,0.00,0.00,0.00,0.00,0.00,0.00,0.00,0.00,0.00,0.00,N/A
1783810800,Jul 11 2026 - 11:00pm,incomplete,N/A,Lionsbridge,Charlottesville Blues,N/A,N/A,0.00,0.00,0.00,0.00,0,0,0,0,0,0,"","",-1,-1,-1,-1,-1,-1,-1,-1,-1,-1,-1,-1,-1,-1,-1,-1,-1,-1,-1,-1,0.00,0.00,0.00,0.00,0.00,0,0,0,0,0,0,0,0,0,0.00,0.00,0.00,0.00,0.00,0.00,0.00,0.00,0.00,0.00,0.00,N/A
1783810800,Jul 11 2026 - 11:00pm,incomplete,N/A,Hill City,Virginia Marauders,N/A,N/A,0.00,0.00,0.00,0.00,0,0,0,0,0,0,"","",-1,-1,-1,-1,-1,-1,-1,-1,-1,-1,-1,-1,-1,-1,-1,-1,-1,-1,-1,-1,0.00,0.00,0.00,0.00,0.00,0,0,0,0,0,0,0,0,0,0.00,0.00,0.00,0.00,0.00,0.00,0.00,0.00,0.00,0.00,0.00,N/A
1783810800,Jul 11 2026 - 11:00pm,incomplete,N/A,Hudson Valley Hammers,Cedar Stars Rush,N/A,N/A,0.00,0.00,0.00,0.00,0,0,0,0,0,0,"","",-1,-1,-1,-1,-1,-1,-1,-1,-1,-1,-1,-1,-1,-1,-1,-1,-1,-1,-1,-1,0.00,0.00,0.00,0.00,0.00,0,0,0,0,0,0,0,0,0,0.00,0.00,0.00,0.00,0.00,0.00,0.00,0.00,0.00,0.00,0.00,N/A
1783810800,Jul 11 2026 - 11:00pm,incomplete,N/A,Patuxent,Virginia Beach United,N/A,N/A,0.00,0.00,0.00,0.00,0,0,0,0,0,0,"","",-1,-1,-1,-1,-1,-1,-1,-1,-1,-1,-1,-1,-1,-1,-1,-1,-1,-1,-1,-1,0.00,0.00,0.00,0.00,0.00,0,0,0,0,0,0,0,0,0,0.00,0.00,0.00,0.00,0.00,0.00,0.00,0.00,0.00,0.00,0.00,N/A
1783810800,Jul 11 2026 - 11:00pm,incomplete,N/A,Nona,Inter Gainesville,N/A,N/A,0.00,0.00,0.00,0.00,0,0,0,0,0,0,"","",-1,-1,-1,-1,-1,-1,-1,-1,-1,-1,-1,-1,-1,-1,-1,-1,-1,-1,-1,-1,0.00,0.00,0.00,0.00,0.00,0,0,0,0,0,0,0,0,0,0.00,0.00,0.00,0.00,0.00,0.00,0.00,0.00,0.00,0.00,0.00,N/A
1783812600,Jul 11 2026 - 11:30pm,incomplete,N/A,Columbus United,East Atlanta,N/A,N/A,0.00,0.00,0.00,0.00,0,0,0,0,0,0,"","",-1,-1,-1,-1,-1,-1,-1,-1,-1,-1,-1,-1,-1,-1,-1,-1,-1,-1,-1,-1,0.00,0.00,0.00,0.00,0.00,0,0,0,0,0,0,0,0,0,0.00,0.00,0.00,0.00,0.00,0.00,0.00,0.00,0.00,0.00,0.00,N/A
1783812600,Jul 11 2026 - 11:30pm,incomplete,N/A,Annapolis Blues,Bethesda Athletic,N/A,N/A,0.00,0.00,0.00,0.00,0,0,0,0,0,0,"","",-1,-1,-1,-1,-1,-1,-1,-1,-1,-1,-1,-1,-1,-1,-1,-1,-1,-1,-1,-1,0.00,0.00,0.00,0.00,0.00,0,0,0,0,0,0,0,0,0,0.00,0.00,0.00,0.00,0.00,0.00,0.00,0.00,0.00,0.00,0.00,N/A
1783812600,Jul 11 2026 - 11:30pm,incomplete,N/A,Ironbound,Manhattan,N/A,N/A,0.00,0.00,0.00,0.00,0,0,0,0,0,0,"","",-1,-1,-1,-1,-1,-1,-1,-1,-1,-1,-1,-1,-1,-1,-1,-1,-1,-1,-1,-1,0.00,0.00,0.00,0.00,0.00,0,0,0,0,0,0,0,0,0,0.00,0.00,0.00,0.00,0.00,0.00,0.00,0.00,0.00,0.00,0.00,N/A
1783814400,Jul 12 2026 - 12:00am,incomplete,N/A,Kings Hammer Columbus,Toledo Villa,N/A,N/A,0.00,0.00,0.00,0.00,0,0,0,0,0,0,"","",-1,-1,-1,-1,-1,-1,-1,-1,-1,-1,-1,-1,-1,-1,-1,-1,-1,-1,-1,-1,0.00,0.00,0.00,0.00,0.00,0,0,0,0,0,0,0,0,0,0.00,0.00,0.00,0.00,0.00,0.00,0.00,0.00,0.00,0.00,0.00,N/A
1783814400,Jul 12 2026 - 12:00am,incomplete,N/A,Red River,Mississippi Brilla,N/A,N/A,0.00,0.00,0.00,0.00,0,0,0,0,0,0,"","",-1,-1,-1,-1,-1,-1,-1,-1,-1,-1,-1,-1,-1,-1,-1,-1,-1,-1,-1,-1,0.00,0.00,0.00,0.00,0.00,0,0,0,0,0,0,0,0,0,0.00,0.00,0.00,0.00,0.00,0.00,0.00,0.00,0.00,0.00,0.00,N/A
1783814400,Jul 12 2026 - 12:00am,incomplete,N/A,Dothan United,Apotheos,N/A,N/A,0.00,0.00,0.00,0.00,0,0,0,0,0,0,"","",-1,-1,-1,-1,-1,-1,-1,-1,-1,-1,-1,-1,-1,-1,-1,-1,-1,-1,-1,-1,0.00,0.00,0.00,0.00,0.00,0,0,0,0,0,0,0,0,0,0.00,0.00,0.00,0.00,0.00,0.00,0.00,0.00,0.00,0.00,0.00,N/A
1783814400,Jul 12 2026 - 12:00am,incomplete,N/A,Atlético Unión,Flatirons Rush,N/A,N/A,0.00,0.00,0.00,0.00,0,0,0,0,0,0,"","",-1,-1,-1,-1,-1,-1,-1,-1,-1,-1,-1,-1,-1,-1,-1,-1,-1,-1,-1,-1,0.00,0.00,0.00,0.00,0.00,0,0,0,0,0,0,0,0,0,0.00,0.00,0.00,0.00,0.00,0.00,0.00,0.00,0.00,0.00,0.00,N/A
1783814400,Jul 12 2026 - 12:00am,incomplete,N/A,Des Moines Menace,St. Louis Ambush,N/A,N/A,0.00,0.00,0.00,0.00,0,0,0,0,0,0,"","",-1,-1,-1,-1,-1,-1,-1,-1,-1,-1,-1,-1,-1,-1,-1,-1,-1,-1,-1,-1,0.00,0.00,0.00,0.00,0.00,0,0,0,0,0,0,0,0,0,0.00,0.00,0.00,0.00,0.00,0.00,0.00,0.00,0.00,0.00,0.00,Valley Stadium
1783814400,Jul 12 2026 - 12:00am,incomplete,N/A,Hattiesburg,Little Rock Rangers,N/A,N/A,0.00,0.00,0.00,0.00,0,0,0,0,0,0,"","",-1,-1,-1,-1,-1,-1,-1,-1,-1,-1,-1,-1,-1,-1,-1,-1,-1,-1,-1,-1,0.00,0.00,0.00,0.00,0.00,0,0,0,0,0,0,0,0,0,0.00,0.00,0.00,0.00,0.00,0.00,0.00,0.00,0.00,0.00,0.00,N/A
1783814400,Jul 12 2026 - 12:00am,incomplete,N/A,Memphis FC,Jackson Boom,N/A,N/A,0.00,0.00,0.00,0.00,0,0,0,0,0,0,"","",-1,-1,-1,-1,-1,-1,-1,-1,-1,-1,-1,-1,-1,-1,-1,-1,-1,-1,-1,-1,0.00,0.00,0.00,0.00,0.00,0,0,0,0,0,0,0,0,0,0.00,0.00,0.00,0.00,0.00,0.00,0.00,0.00,0.00,0.00,0.00,N/A
1783814400,Jul 12 2026 - 12:00am,incomplete,N/A,Houston Sur,San Antonio II,N/A,N/A,0.00,0.00,0.00,0.00,0,0,0,0,0,0,"","",-1,-1,-1,-1,-1,-1,-1,-1,-1,-1,-1,-1,-1,-1,-1,-1,-1,-1,-1,-1,0.00,0.00,0.00,0.00,0.00,0,0,0,0,0,0,0,0,0,0.00,0.00,0.00,0.00,0.00,0.00,0.00,0.00,0.00,0.00,0.00,N/A
1783814400,Jul 12 2026 - 12:00am,incomplete,N/A,Lubbock Matadors,West Texas,N/A,N/A,0.00,0.00,0.00,0.00,0,0,0,0,0,0,"","",-1,-1,-1,-1,-1,-1,-1,-1,-1,-1,-1,-1,-1,-1,-1,-1,-1,-1,-1,-1,0.00,0.00,0.00,0.00,0.00,0,0,0,0,0,0,0,0,0,0.00,0.00,0.00,0.00,0.00,0.00,0.00,0.00,0.00,0.00,0.00,N/A
1783814400,Jul 12 2026 - 12:00am,incomplete,N/A,AHFC Royals,Houston FC,N/A,N/A,0.00,0.00,0.00,0.00,0,0,0,0,0,0,"","",-1,-1,-1,-1,-1,-1,-1,-1,-1,-1,-1,-1,-1,-1,-1,-1,-1,-1,-1,-1,0.00,0.00,0.00,0.00,0.00,0,0,0,0,0,0,0,0,0,0.00,0.00,0.00,0.00,0.00,0.00,0.00,0.00,0.00,0.00,0.00,N/A
1783816200,Jul 12 2026 - 12:30am,incomplete,N/A,Peoria City,Springfield,N/A,N/A,0.00,0.00,0.00,0.00,0,0,0,0,0,0,"","",-1,-1,-1,-1,-1,-1,-1,-1,-1,-1,-1,-1,-1,-1,-1,-1,-1,-1,-1,-1,0.00,0.00,0.00,0.00,0.00,0,0,0,0,0,0,0,0,0,0.00,0.00,0.00,0.00,0.00,0.00,0.00,0.00,0.00,0.00,0.00,N/A
1783816200,Jul 12 2026 - 12:30am,incomplete,N/A,Denton Diablos,Fort Worth Vaqueros,N/A,N/A,0.00,0.00,0.00,0.00,0,0,0,0,0,0,"","",-1,-1,-1,-1,-1,-1,-1,-1,-1,-1,-1,-1,-1,-1,-1,-1,-1,-1,-1,-1,0.00,0.00,0.00,0.00,0.00,0,0,0,0,0,0,0,0,0,0.00,0.00,0.00,0.00,0.00,0.00,0.00,0.00,0.00,0.00,0.00,N/A
1783818000,Jul 12 2026 - 1:00am,incomplete,N/A,Almaden,Davis Legacy,N/A,N/A,0.00,0.00,0.00,0.00,0,0,0,0,0,0,"","",-1,-1,-1,-1,-1,-1,-1,-1,-1,-1,-1,-1,-1,-1,-1,-1,-1,-1,-1,-1,0.00,0.00,0.00,0.00,0.00,0,0,0,0,0,0,0,0,0,0.00,0.00,0.00,0.00,0.00,0.00,0.00,0.00,0.00,0.00,0.00,N/A
1783818000,Jul 12 2026 - 1:00am,incomplete,N/A,Colorado Storm,Albion Colorado,N/A,N/A,0.00,0.00,0.00,0.00,0,0,0,0,0,0,"","",-1,-1,-1,-1,-1,-1,-1,-1,-1,-1,-1,-1,-1,-1,-1,-1,-1,-1,-1,-1,0.00,0.00,0.00,0.00,0.00,0,0,0,0,0,0,0,0,0,0.00,0.00,0.00,0.00,0.00,0.00,0.00,0.00,0.00,0.00,0.00,N/A
1783818000,Jul 12 2026 - 1:00am,incomplete,N/A,Santafé Wanderers,Sunflower State,N/A,N/A,0.00,0.00,0.00,0.00,0,0,0,0,0,0,"","",-1,-1,-1,-1,-1,-1,-1,-1,-1,-1,-1,-1,-1,-1,-1,-1,-1,-1,-1,-1,0.00,0.00,0.00,0.00,0.00,0,0,0,0,0,0,0,0,0,0.00,0.00,0.00,0.00,0.00,0.00,0.00,0.00,0.00,0.00,0.00,N/A
1783821600,Jul 12 2026 - 2:00am,incomplete,N/A,Redlands,Ventura County Fusion,N/A,N/A,0.00,0.00,0.00,0.00,0,0,0,0,0,0,"","",-1,-1,-1,-1,-1,-1,-1,-1,-1,-1,-1,-1,-1,-1,-1,-1,-1,-1,-1,-1,0.00,0.00,0.00,0.00,0.00,0,0,0,0,0,0,0,0,0,0.00,0.00,0.00,0.00,0.00,0.00,0.00,0.00,0.00,0.00,0.00,N/A
1783821600,Jul 12 2026 - 2:00am,incomplete,N/A,AMSG,Southern California Seahorses,N/A,N/A,0.00,0.00,0.00,0.00,0,0,0,0,0,0,"","",-1,-1,-1,-1,-1,-1,-1,-1,-1,-1,-1,-1,-1,-1,-1,-1,-1,-1,-1,-1,0.00,0.00,0.00,0.00,0.00,0,0,0,0,0,0,0,0,0,0.00,0.00,0.00,0.00,0.00,0.00,0.00,0.00,0.00,0.00,0.00,N/A
1783823400,Jul 12 2026 - 2:30am,incomplete,N/A,Stars FC,Capo II,N/A,N/A,0.00,0.00,0.00,0.00,0,0,0,0,0,0,"","",-1,-1,-1,-1,-1,-1,-1,-1,-1,-1,-1,-1,-1,-1,-1,-1,-1,-1,-1,-1,0.00,0.00,0.00,0.00,0.00,0,0,0,0,0,0,0,0,0,0.00,0.00,0.00,0.00,0.00,0.00,0.00,0.00,0.00,0.00,0.00,N/A
1783886400,Jul 12 2026 - 8:00pm,incomplete,N/A,Northern Indiana,Dayton Dutch Lions,N/A,N/A,0.00,0.00,0.00,0.00,0,0,0,0,0,0,"","",-1,-1,-1,-1,-1,-1,-1,-1,-1,-1,-1,-1,-1,-1,-1,-1,-1,-1,-1,-1,0.00,0.00,0.00,0.00,0.00,0,0,0,0,0,0,0,0,0,0.00,0.00,0.00,0.00,0.00,0.00,0.00,0.00,0.00,0.00,0.00,N/A
1783890000,Jul 12 2026 - 9:00pm,incomplete,N/A,Edgewater Castle,Minneapolis City SC,N/A,N/A,0.00,0.00,0.00,0.00,0,0,0,0,0,0,"","",-1,-1,-1,-1,-1,-1,-1,-1,-1,-1,-1,-1,-1,-1,-1,-1,-1,-1,-1,-1,0.00,0.00,0.00,0.00,0.00,0,0,0,0,0,0,0,0,0,0.00,0.00,0.00,0.00,0.00,0.00,0.00,0.00,0.00,0.00,0.00,N/A
1783890000,Jul 12 2026 - 9:00pm,incomplete,N/A,West Seattle Junction,Bangers,N/A,N/A,0.00,0.00,0.00,0.00,0,0,0,0,0,0,"","",-1,-1,-1,-1,-1,-1,-1,-1,-1,-1,-1,-1,-1,-1,-1,-1,-1,-1,-1,-1,0.00,0.00,0.00,0.00,0.00,0,0,0,0,0,0,0,0,0,0.00,0.00,0.00,0.00,0.00,0.00,0.00,0.00,0.00,0.00,0.00,N/A
1783893600,Jul 12 2026 - 10:00pm,incomplete,N/A,San Francisco City,Project 51O,N/A,N/A,0.00,0.00,0.00,0.00,0,0,0,0,0,0,"","",-1,-1,-1,-1,-1,-1,-1,-1,-1,-1,-1,-1,-1,-1,-1,-1,-1,-1,-1,-1,0.00,0.00,0.00,0.00,0.00,0,0,0,0,0,0,0,0,0,0.00,0.00,0.00,0.00,0.00,0.00,0.00,0.00,0.00,0.00,0.00,N/A
1783893600,Jul 12 2026 - 10:00pm,incomplete,N/A,Lakeland United,Fort Lauderdale United,N/A,N/A,0.00,0.00,0.00,0.00,0,0,0,0,0,0,"","",-1,-1,-1,-1,-1,-1,-1,-1,-1,-1,-1,-1,-1,-1,-1,-1,-1,-1,-1,-1,0.00,0.00,0.00,0.00,0.00,0,0,0,0,0,0,0,0,0,0.00,0.00,0.00,0.00,0.00,0.00,0.00,0.00,0.00,0.00,0.00,N/A
1783897200,Jul 12 2026 - 11:00pm,incomplete,N/A,RKC,River Light,N/A,N/A,0.00,0.00,0.00,0.00,0,0,0,0,0,0,"","",-1,-1,-1,-1,-1,-1,-1,-1,-1,-1,-1,-1,-1,-1,-1,-1,-1,-1,-1,-1,0.00,0.00,0.00,0.00,0.00,0,0,0,0,0,0,0,0,0,0.00,0.00,0.00,0.00,0.00,0.00,0.00,0.00,0.00,0.00,0.00,N/A
1783897200,Jul 12 2026 - 11:00pm,incomplete,N/A,Bigfoot,Midlakes United,N/A,N/A,0.00,0.00,0.00,0.00,0,0,0,0,0,0,"","",-1,-1,-1,-1,-1,-1,-1,-1,-1,-1,-1,-1,-1,-1,-1,-1,-1,-1,-1,-1,0.00,0.00,0.00,0.00,0.00,0,0,0,0,0,0,0,0,0,0.00,0.00,0.00,0.00,0.00,0.00,0.00,0.00,0.00,0.00,0.00,N/A
1783897200,Jul 12 2026 - 11:00pm,incomplete,N/A,The Villages,Shark Coast,N/A,N/A,0.00,0.00,0.00,0.00,0,0,0,0,0,0,"","",-1,-1,-1,-1,-1,-1,-1,-1,-1,-1,-1,-1,-1,-1,-1,-1,-1,-1,-1,-1,0.00,0.00,0.00,0.00,0.00,0,0,0,0,0,0,0,0,0,0.00,0.00,0.00,0.00,0.00,0.00,0.00,0.00,0.00,0.00,0.00,N/A
1783897200,Jul 12 2026 - 11:00pm,incomplete,N/A,Weston FC,Miami AC,N/A,N/A,0.00,0.00,0.00,0.00,0,0,0,0,0,0,"","",-1,-1,-1,-1,-1,-1,-1,-1,-1,-1,-1,-1,-1,-1,-1,-1,-1,-1,-1,-1,0.00,0.00,0.00,0.00,0.00,0,0,0,0,0,0,0,0,0,0.00,0.00,0.00,0.00,0.00,0.00,0.00,0.00,0.00,0.00,0.00,N/A
1783900800,Jul 13 2026 - 12:00am,incomplete,N/A,Ballard,Snohomish United,N/A,N/A,0.00,0.00,0.00,0.00,0,0,0,0,0,0,"","",-1,-1,-1,-1,-1,-1,-1,-1,-1,-1,-1,-1,-1,-1,-1,-1,-1,-1,-1,-1,0.00,0.00,0.00,0.00,0.00,0,0,0,0,0,0,0,0,0,0.00,0.00,0.00,0.00,0.00,0.00,0.00,0.00,0.00,0.00,0.00,N/A
1783904400,Jul 13 2026 - 1:00am,incomplete,N/A,Academica,SF Glens,N/A,N/A,0.00,0.00,0.00,0.00,0,0,0,0,0,0,"","",-1,-1,-1,-1,-1,-1,-1,-1,-1,-1,-1,-1,-1,-1,-1,-1,-1,-1,-1,-1,0.00,0.00,0.00,0.00,0.00,0,0,0,0,0,0,0,0,0,0.00,0.00,0.00,0.00,0.00,0.00,0.00,0.00,0.00,0.00,0.00,N/A
1783908000,Jul 13 2026 - 2:00am,incomplete,N/A,San Juan SC,Marin,N/A,N/A,0.00,0.00,0.00,0.00,0,0,0,0,0,0,"","",-1,-1,-1,-1,-1,-1,-1,-1,-1,-1,-1,-1,-1,-1,-1,-1,-1,-1,-1,-1,0.00,0.00,0.00,0.00,0.00,0,0,0,0,0,0,0,0,0,0.00,0.00,0.00,0.00,0.00,0.00,0.00,0.00,0.00,0.00,0.00,N/A
