full_name,age,birthday,birthday_GMT,league,season,position,Current Club,minutes_played_overall,minutes_played_home,minutes_played_away,nationality,appearances_overall,appearances_home,appearances_away,goals_overall,goals_home,goals_away,assists_overall,assists_home,assists_away,penalty_goals,penalty_misses,clean_sheets_overall,clean_sheets_home,clean_sheets_away,conceded_overall,conceded_home,conceded_away,yellow_cards_overall,red_cards_overall,goals_involved_per_90_overall,assists_per_90_overall,goals_per_90_overall,goals_per_90_home,goals_per_90_away,min_per_goal_overall,conceded_per_90_overall,min_per_conceded_overall,min_per_match,min_per_card_overall,min_per_assist_overall,cards_per_90_overall,rank_in_league_top_attackers,rank_in_league_top_midfielders,rank_in_league_top_defenders,rank_in_club_top_scorer,annual_salary_eur,average_rating_overall,assists_per_game_overall,assists_per90_percentile_overall,passes_per_90_overall,passes_per_game_overall,passes_per90_percentile_overall,passes_total_overall,passes_completed_per_game_overall,passes_completed_total_overall,pass_completion_rate_percentile_overall,passes_completed_per_90_overall,passes_completed_per90_percentile_overall,short_passes_per_game_overall,long_passes_per_game_overall,key_passes_per_game_overall,key_passes_total_overall,through_passes_per_game_overall,crosses_per_game_overall,tackles_per_90_overall,tackles_per_game_overall,tackles_total_overall,tackles_successful_per_game_overall,dispossesed_per_game_overall,possession_regained_per_game_overall,pressures_per_game_overall,saves_per_game_overall,interceptions_per_game_overall,dribbles_successful_per_game_overall,shots_faced_per_game_overall,shots_per_goal_scored_overall,shots_per_90_overall,shots_off_target_per_game_overall,dribbles_per_game_overall,distance_travelled_per_game_overall,shots_on_target_per_game_overall,xg_per_game_overall,chances_created_per_game_overall,aerial_duels_won_per_game_overall,aerial_duels_per_game_overall,possession_regained_per_90_overall,possession_regained_total_overall,possession_regained_per90_percentile_overall,additional_info,shots_total_overall,shots_per_game_overall,shots_per90_percentile_overall,shots_on_target_total_overall,shots_on_target_per_90_overall,shots_on_target_per90_percentile_overall,shots_off_target_total_overall,shots_off_target_per_90_overall,shots_off_target_per90_percentile_overall,games_subbed_out,games_subbed_in,games_started,tackles_per90_percentile_overall,tackles_successful_per_90_overall,tackles_successful_per90_percentile_overall,tackles_successful_total_overall,interceptions_total_overall,interceptions_per_90_overall,interceptions_per90_percentile_overall,crosses_total_overall,cross_completion_rate_percentile_overall,crosses_per_90_overall,crosses_per90_percentile_overall,through_passes_total_overall,through_passes_per_90_overall,through_passes_per90_percentile_overall,long_passes_total_overall,long_passes_per_90_overall,long_passes_per90_percentile_overall,short_passes_total_overall,short_passes_per_90_overall,short_passes_per90_percentile_overall,key_passes_per_90_overall,key_passes_per90_percentile_overall,dribbles_total_overall,dribbles_per_90_overall,dribbles_per90_percentile_overall,dribbles_successful_total_overall,dribbles_successful_per_90_overall,dribbles_successful_percentage_overall,chances_created_total_overall,chances_created_per_90_overall,chances_created_per90_percentile_overall,saves_total_overall,save_percentage_percentile_overall,saves_per_90_overall,saves_per90_percentile_overall,shots_faced_total_overall,shots_per_goal_conceded_overall,conceded_per90_percentile_overall,shots_faced_per_90_overall,shots_faced_per90_percentile_overall,xg_faced_per_90_overall,xg_faced_per90_percentile_overall,xg_faced_per_game_overall,xg_faced_total_overall,save_percentage_overall,pressures_total_overall,pressures_per_90_overall,pressures_per90_percentile_overall,xg_total_overall,market_value,market_value_percentile,pass_completion_rate_overall,shot_accuraccy_percentage_overall,shot_accuraccy_percentage_percentile_overall,dribbled_past_per90_percentile_overall,dribbled_past_per_game_overall,dribbled_past_per_90_overall,dribbled_past_total_overall,dribbles_successful_per90_percentile_overall,dribbles_successful_percentage_percentile_overall,pen_scored_total_overall,pen_missed_total_overall,inside_box_saves_total_overall,blocks_per_game_overall,blocks_per_90_overall,blocks_total_overall,blocks_per90_percentile_overall,ratings_total_overall,clearances_per_game_overall,clearances_per_90_overall,clearances_total_overall,pen_committed_total_overall,pen_save_percentage_overall,pen_committed_per_90_overall,pen_committed_per90_percentile_overall,pen_committed_per_game_overall,pens_saved_total_overall,pens_taken_total_overall,hit_woodwork_total_overall,hit_woodwork_per_game_overall,hit_woodwork_per_90_overall,punches_total_overall,punches_per_game_overall,punches_per_90_overall,offsides_per_90_overall,offsides_per_game_overall,offsides_total_overall,penalties_won_total_overall,shot_conversion_rate_overall,shot_conversion_rate_percentile_overall,minutes_played_percentile_overall,matches_played_percentile_overall,min_per_goal_percentile_overall,min_per_conceded_percentile_overall,xa_total_overall,xa_per90_percentile_overall,xa_per_game_overall,xa_per_90_overall,npxg_total_overall,npxg_per90_percentile_overall,npxg_per_game_overall,npxg_per_90_overall,fouls_drawn_per90_percentile_overall,fouls_drawn_total_overall,fouls_drawn_per_game_overall,fouls_drawn_per_90_overall,fouls_committed_per_90_overall,fouls_committed_per_game_overall,fouls_committed_per90_percentile_overall,fouls_committed_total_overall,xg_per_90_overall,xg_per90_percentile_overall,average_rating_percentile_overall,clearances_per90_percentile_overall,hit_woodwork_per90_percentile_overall,punches_per90_percentile_overall,offsides_per90_percentile_overall,aerial_duels_won_per90_percentile_overall,aerial_duels_total_overall,aerial_duels_per_90_overall,aerial_duels_per90_percentile_overall,aerial_duels_won_total_overall,aerial_duels_won_percentage_overall,aerial_duels_won_per_90_overall,duels_per_90_overall,duels_per_game_overall,duels_total_overall,duels_won_total_overall,duels_won_per90_percentile_overall,duels_per90_percentile_overall,duels_won_per_90_overall,duels_won_per_game_overall,duels_won_percentage_overall,dispossesed_total_overall,dispossesed_per_90_overall,dispossesed_per90_percentile_overall,progressive_passes_total_overall,cross_completion_rate_overall,distance_travelled_total_overall,distance_travelled_per_90_overall,distance_travelled_per90_percentile_overall,accurate_crosses_total_overall,accurate_crosses_per_game_overall,accurate_crosses_per_90_overall,accurate_crosses_per90_percentile_overall,games_started_percentile_overall,games_subbed_in_percentile_overall,games_subbed_out_percentile_overall,hattricks_total_overall,two_goals_in_a_game_total_overall,three_goals_in_a_game_total_overall,two_goals_in_a_game_percentage_overall,three_goals_in_a_game_percentage_overall,goals_involved_per90_percentile_overall,goals_per90_percentile_overall,goals_per90_percentile_away,goals_per90_percentile_home,man_of_the_match_total_overall,annual_salary_eur_percentile,clean_sheets_percentage_percentile_overall,min_per_card_percentile_overall,cards_per90_percentile_overall,booked_over05_overall,booked_over05_percentage_overall,booked_over05_percentage_percentile_overall,shirt_number,annual_salary_gbp,annual_salary_usd
,36,615884400,1989/07/08,USL League One,2026,Midfielder,One Knoxville,8073,3690,4383,,90,41,49,73,42,31,0,0,0,0,0,17,10,7,35,4,31,0,0,0.81,0,0.81,1.02,0.64,111,0.39,231,90,0,0,0,1,7,-1,1,N/A,N/A,N/A,N/A,N/A,N/A,N/A,N/A,N/A,N/A,N/A,N/A,N/A,N/A,N/A,N/A,N/A,N/A,N/A,N/A,N/A,N/A,N/A,N/A,N/A,N/A,N/A,N/A,N/A,N/A,N/A,N/A,N/A,N/A,N/A,N/A,N/A,N/A,N/A,N/A,N/A,N/A,N/A,N/A,N/A,N/A,N/A,N/A,N/A,N/A,N/A,N/A,N/A,N/A,N/A,N/A,N/A,N/A,N/A,N/A,N/A,N/A,N/A,N/A,N/A,N/A,N/A,N/A,N/A,N/A,N/A,N/A,N/A,N/A,N/A,N/A,N/A,N/A,N/A,N/A,N/A,N/A,N/A,N/A,N/A,N/A,N/A,N/A,N/A,N/A,N/A,N/A,N/A,N/A,N/A,N/A,N/A,N/A,N/A,N/A,N/A,N/A,N/A,N/A,N/A,N/A,N/A,N/A,N/A,N/A,N/A,N/A,N/A,N/A,N/A,N/A,N/A,N/A,N/A,N/A,N/A,N/A,N/A,N/A,N/A,N/A,N/A,N/A,N/A,N/A,N/A,N/A,N/A,N/A,N/A,N/A,N/A,N/A,N/A,N/A,N/A,N/A,N/A,N/A,N/A,N/A,N/A,N/A,N/A,N/A,N/A,N/A,N/A,N/A,N/A,N/A,N/A,N/A,N/A,N/A,N/A,N/A,N/A,N/A,N/A,N/A,N/A,N/A,N/A,N/A,N/A,N/A,N/A,N/A,N/A,N/A,N/A,N/A,N/A,N/A,N/A,N/A,N/A,N/A,N/A,N/A,N/A,N/A,N/A,N/A,N/A,N/A,N/A,N/A,N/A,N/A,N/A,N/A,N/A,N/A,N/A,N/A,N/A,N/A,N/A,N/A,N/A,N/A,N/A,N/A,N/A,N/A,N/A,N/A,N/A,N/A,N/A,N/A,N/A,N/A,N/A,N/A,N/A,N/A
Aaron Edwards,23,1036051200,2002/10/31,USL League One,2026,Midfielder,Forward Madison,133,0,133,USA,2,0,2,0,0,0,0,0,0,0,0,1,0,1,1,0,1,0,0,0,0,0,0,0,0,0.68,133,67,0,0,0,-1,-1,-1,4,0,6.56,0,84,27.07,20.00,43,40,14.00,28,26,18.95,39,0.00,0.00,1.00,2,0.00,1.50,0.00,0.00,0,0.00,0.50,0.00,0.00,0.00,0.50,1.00,0.50,0.00,0.00,0.00,1.50,0.00,0.00,0.00,0.00,0.50,0.00,0.00,0,0,,0,0.00,29,0,0.00,58,0,0.00,38,1,0,2,25,0.00,99,0,1,0.68,66,3,60,2.03,73,0,0.00,99,0,0.00,0,0,0.00,0,1.35,76,3,2.03,82,2,1.35,66.67,0,0.00,0,0,0,0.00,0,1,0.00,73,0.68,15,N/A,N/A,N/A,N/A,0.00,0,0.00,0,0.00,0.00,0,70.00,0.00,58,99,0.00,0.00,0,90,85,0,0,0,0.00,0.00,0,65,13.12,2.50,3.38,5,0,0.00,0.00,99,0.00,0,0,0,0.00,0.00,0,0.00,0.00,0.00,0.00,0,0,0.00,78,23,45,76,81,0.11,44,0.06,0.07,0.00,29,0.00,0.00,60,2,1.00,1.35,0.68,0.50,34,1,0.00,29,38,80,96,0,80,41,0,0.00,99,1,0.00,0.68,8.80,6.50,13,5,37,56,3.38,2.50,38.46,1,0.68,40,0,0.00,0,0.00,99,0,0.00,0.00,60,59,78,94,0,0,0,0,0,66,76,90,87,0,99,96,62,62,0,0,63,3,0,0
Aaron Lombardi,30,819446400,1995/12/20,USL League One,2026,Forward,Chattanooga Red Wolves,25,0,25,USA,2,0,2,0,0,0,0,0,0,0,0,0,0,0,0,0,0,1,0,0,0,0,0,0,0,0,0,13,25,0,3.6,-1,-1,-1,13,0,6.25,0,84,14.40,2.00,6,4,1.00,2,4,7.20,3,0.00,0.00,0.00,0,0.00,1.00,0.00,0.00,0,0.00,0.00,0.00,0.00,0.00,0.00,0.00,0.00,0.00,0.00,0.00,0.50,0.00,0.00,0.00,0.00,0.00,0.00,0.00,0,0,,0,0.00,29,0,0.00,58,0,0.00,38,0,2,0,25,0.00,99,0,0,0.00,44,2,60,7.20,98,0,0.00,99,0,0.00,0,0,0.00,0,0.00,36,1,3.60,94,0,0.00,0.00,0,0.00,0,0,0,0.00,0,0,0.00,99,0.00,0,N/A,N/A,N/A,N/A,0.00,0,0.00,0,0.00,0.00,0,50.00,0.00,58,99,0.00,0.00,0,46,46,0,0,0,0.50,3.60,1,99,12.51,0.50,3.60,1,0,0.00,0.00,99,0.00,0,0,0,0.00,0.00,0,0.00,0.00,0.00,0.00,0,0,0.00,78,0,45,76,8,0.00,0,0.00,0.00,0.00,29,0.00,0.00,18,0,0.00,0.00,14.40,2.00,99,4,0.00,29,12,82,96,0,80,21,0,0.00,99,0,0.00,0.00,25.20,3.50,7,0,1,99,0.00,0.00,0.00,0,0.00,99,0,0.00,0,0.00,99,0,0.00,0.00,60,3,99,61,0,0,0,0,0,66,76,90,87,0,99,40,62,99,1,50,95,30,0,0
Aaron Walker,35,644482800,1990/06/04,USL League One,2026,Midfielder,Sarasota Paradise,270,270,0,USA,3,3,0,1,1,0,0,0,0,0,0,1,1,0,3,3,0,0,0,0.33,0,0.33,0.33,0,270,1,90,90,0,0,0,-1,-1,-1,2,0,6.86,0,84,40.33,40.33,72,121,34.00,102,71,34.00,74,0.00,0.00,1.00,3,0.00,0.67,0.67,0.67,2,0.00,0.33,0.00,0.00,0.00,0.67,0.33,1.00,3.00,1.00,0.67,0.33,0.00,0.33,0.27,0.00,1.33,0.00,0.00,0,0,,3,1.00,60,1,0.33,62,2,0.67,61,0,0,3,39,0.00,99,0,2,0.67,65,2,60,0.67,54,0,0.00,99,0,0.00,0,0,0.00,0,1.00,66,1,0.33,31,1,0.33,100.00,0,0.00,0,0,0,0.00,0,3,0.00,63,1.00,33,N/A,N/A,N/A,N/A,0.00,0,0.00,0,0.82,0.00,0,84.30,33.33,69,99,0.00,0.00,0,55,99,0,0,0,0.00,0.00,0,65,20.57,1.67,1.67,5,0,0.00,0.00,99,0.00,0,0,0,0.00,0.00,0,0.00,0.00,0.00,0.00,0,0,33.33,93,92,90,97,71,0.35,69,0.12,0.12,0.82,80,0.27,0.27,38,2,0.67,0.67,0.67,0.67,33,2,0.27,78,72,62,96,0,80,63,0,0.00,99,4,0.00,1.33,8.00,8.00,24,9,33,45,3.00,3.00,37.50,1,0.33,56,0,0.00,0,0.00,99,0,0.00,0.00,60,94,78,61,0,0,0,0,0,72,83,90,88,0,99,66,62,62,0,0,63,8,0,0
Abel Alejandro Caputo,25,973584000,2000/11/07,USL League One,2026,Midfielder,One Knoxville,234,144,90,Venezuela,4,3,1,0,0,0,0,0,0,0,0,2,2,0,3,2,1,1,0,0,0,0,0,0,0,1.15,78,59,234,0,0.38,-1,-1,-1,15,0,6.64,0,84,35.38,23.00,64,92,19.75,79,81,30.38,68,0.00,0.00,0.25,1,0.00,0.00,1.54,1.00,4,0.00,0.00,0.00,0.00,0.00,1.00,0.25,1.00,0.00,0.38,0.25,0.50,0.00,0.00,0.01,0.00,0.50,0.00,0.00,0,0,,1,0.25,35,0,0.00,58,1,0.38,47,1,1,3,68,0.00,99,0,4,1.54,90,0,60,0.00,36,0,0.00,99,0,0.00,0,0,0.00,0,0.38,41,2,0.77,44,1,0.38,50.00,0,0.00,0,0,0,0.00,0,4,0.00,47,1.54,56,N/A,N/A,N/A,N/A,0.00,0,0.00,0,0.05,0.00,0,85.87,0.00,58,99,0.00,0.00,0,59,78,0,0,0,0.25,0.38,1,71,26.56,0.75,1.15,3,0,0.00,0.00,99,0.00,0,0,0,0.00,0.00,0,0.00,0.00,0.00,0.00,0,0,0.00,78,64,99,76,55,0.23,57,0.06,0.09,0.05,37,0.01,0.02,26,1,0.25,0.38,0.77,0.50,38,2,0.02,37,49,47,96,0,80,45,0,0.00,99,2,0.00,0.77,5.00,3.25,13,8,33,19,3.08,2.00,61.54,0,0.00,99,0,0.00,0,0.00,99,0,0.00,0.00,60,94,93,94,0,0,0,0,0,66,76,90,87,0,99,96,86,76,1,25,68,6,0,0
Adam Aoumaich,26,938502000,1999/09/28,USL League One,2026,Midfielder,Alta,154,154,0,USA,2,2,0,1,1,0,0,0,0,0,0,1,1,0,2,2,0,0,0,0.58,0,0.58,0.58,0,154,1.17,77,77,0,0,0,-1,-1,-1,3,0,7.29,0,84,30.00,22.00,53,44,20.00,40,96,27.27,61,0.00,0.00,3.50,7,0.00,3.00,0.68,0.50,1,0.00,0.50,0.00,0.00,0.00,0.00,0.50,1.00,4.00,2.73,1.00,1.50,0.00,1.00,0.47,0.00,1.00,0.00,0.00,0,0,,4,2.00,90,2,1.36,93,2,1.36,82,0,0,2,39,0.00,99,0,0,0.00,44,6,67,4.09,88,0,0.00,99,0,0.00,0,0,0.00,0,4.77,99,3,2.05,83,1,0.68,33.33,0,0.00,0,0,0,0.00,0,2,0.00,46,1.36,47,N/A,N/A,N/A,N/A,0.00,0,0.00,0,0.95,0.00,0,90.91,50.00,84,99,0.00,0.00,0,73,62,0,0,0,0.00,0.00,0,65,14.57,0.50,0.68,1,0,0.00,0.00,99,0.00,0,0,0,0.00,0.00,0,0.00,0.00,0.00,0.00,0,0,25.00,89,30,45,86,55,0.40,86,0.20,0.27,0.95,94,0.47,0.65,38,1,0.50,0.68,3.41,2.50,96,5,0.65,94,95,30,96,0,80,65,0,0.00,99,2,0.00,1.36,10.91,8.00,16,5,37,73,3.41,2.50,31.25,1,0.68,40,0,16.67,0,0.00,99,1,0.50,0.68,79,59,78,61,0,0,0,0,0,85,91,90,94,0,99,96,62,62,0,0,63,18,0,0
Adam Armour,23,1033110000,2002/09/27,USL League One,2026,Defender,Portland Hearts of Pine,197,0,197,USA,3,0,3,0,0,0,0,0,0,0,0,1,0,1,2,0,2,2,0,0,0,0,0,0,0,0.91,99,66,99,0,0.91,-1,-1,-1,9,0,6.51,0,84,45.69,33.33,80,100,23.33,70,26,31.98,71,0.00,0.00,0.00,0,0.00,1.00,2.28,1.67,5,0.00,0.33,0.00,0.00,0.00,1.33,0.33,0.67,0.00,0.00,0.00,0.33,0.00,0.00,0.00,0.00,0.00,0.00,0.00,0,0,,0,0.00,29,0,0.00,58,0,0.00,38,2,1,2,83,0.00,99,0,4,1.83,93,3,60,1.37,66,0,0.00,99,0,0.00,0,0,0.00,0,0.00,36,1,0.46,35,1,0.46,100.00,0,0.00,0,0,0,0.00,0,2,0.00,66,0.91,23,N/A,N/A,N/A,N/A,0.00,0,0.00,0,0.00,0.00,0,70.00,0.00,58,99,0.00,0.00,0,62,99,0,0,0,0.00,0.00,0,65,19.53,3.67,5.03,11,0,0.00,0.00,99,0.00,0,0,0,0.00,0.00,0,0.00,0.00,0.00,0.00,0,0,0.00,78,56,90,76,74,0.17,50,0.06,0.08,0.00,29,0.00,0.00,71,4,1.33,1.83,1.37,1.00,59,3,0.00,29,35,92,96,0,80,21,0,0.00,99,0,0.00,0.00,6.85,5.00,15,10,59,34,4.57,3.33,66.67,1,0.46,49,0,0.00,0,0.00,99,0,0.00,0.00,60,59,93,99,0,0,0,0,0,66,76,90,87,0,99,66,68,94,2,67,97,3,0,0
Adrian Billhardt,28,877071600,1997/10/17,USL League One,2026,Midfielder,Union Omaha,160,84,76,Germany,3,2,1,0,0,0,0,0,0,0,0,0,0,0,3,2,1,0,0,0,0,0,0,0,0,1.69,53,53,0,0,0,-1,-1,-1,5,0,6.28,0,84,32.06,19.00,57,57,16.67,50,89,28.12,64,0.00,0.00,0.67,2,0.00,1.33,1.69,1.00,3,0.00,0.67,0.00,0.00,0.00,0.67,0.00,1.00,0.00,1.69,1.00,1.67,0.00,0.00,0.05,0.00,0.00,0.00,0.00,0,0,,3,1.00,76,0,0.00,58,3,1.69,89,2,1,2,74,0.00,99,0,2,1.12,85,4,90,2.25,75,0,0.00,99,0,0.00,0,0,0.00,0,1.12,71,5,2.81,90,0,0.00,0.00,0,0.00,0,0,0,0.00,0,3,0.00,26,1.69,63,N/A,N/A,N/A,N/A,0.00,0,0.00,0,0.16,0.00,0,87.72,0.00,58,99,0.00,0.00,0,46,46,0,0,0,0.00,0.00,0,65,18.84,0.33,0.56,1,1,0.00,0.56,1,0.33,0,0,0,0.00,0.00,0,0.00,0.00,0.00,0.00,0,0,0.00,78,32,90,76,34,0.15,50,0.05,0.08,0.16,62,0.05,0.09,54,2,0.67,1.12,2.81,1.67,92,5,0.09,62,14,27,96,0,80,21,0,0.00,99,0,0.00,0.00,11.25,6.67,20,5,27,75,2.81,1.67,25.00,2,1.12,20,0,50.00,0,0.00,99,2,0.67,1.12,88,59,93,99,0,0,0,0,0,66,76,90,87,0,99,40,62,62,0,0,63,7,0,0
Alexander Sutton,25,959324400,2000/05/26,USL League One,2026,Goalkeeper,Sarasota Paradise,270,270,0,USA,3,3,0,0,0,0,0,0,0,0,0,1,1,0,3,3,0,0,0,0,0,0,0,0,0,1,90,90,0,0,0,-1,-1,-1,4,0,6.78,0,84,33.33,33.33,59,100,21.00,63,13,21.00,45,0.00,0.00,0.00,0,0.00,0.00,0.00,0.00,0,0.00,0.00,0.00,0.00,2.33,0.00,0.33,3.33,0.00,0.00,0.00,0.33,0.00,0.00,0.00,0.00,0.33,0.00,0.00,0,0,,0,0.00,29,0,0.00,58,0,0.00,38,0,0,3,25,0.00,99,0,0,0.00,44,0,60,0.00,36,0,0.00,99,0,0.00,0,0,0.00,0,0.00,36,1,0.33,31,1,0.33,100.00,0,0.00,0,7,44,2.33,44,10,0.00,63,3.33,94,N/A,N/A,N/A,N/A,70.00,0,0.00,0,0.00,0.00,0,63.00,0.00,58,99,0.00,0.00,0,55,99,0,0,5,0.00,0.00,0,65,20.33,1.00,1.00,3,0,0.00,0.00,99,0.00,0,0,0,0.00,0.00,2,0.67,0.67,0.00,0.00,0,0,0.00,78,92,90,76,71,0.11,23,0.04,0.04,0.00,29,0.00,0.00,23,1,0.33,0.33,0.00,0.00,17,0,0.00,29,65,43,96,77,80,26,0,0.00,99,1,0.00,0.33,1.00,1.00,3,3,9,6,1.00,1.00,100.00,0,0.00,99,0,0.00,0,0.00,99,0,0.00,0.00,60,94,78,61,0,0,0,0,0,66,76,90,87,0,99,66,62,62,0,0,63,1,0,0
Amal Knight,32,753696000,1993/11/19,USL League One,2026,Goalkeeper,Greenville Triumph,90,90,0,Jamaica,1,1,0,0,0,0,0,0,0,0,0,0,0,0,2,2,0,0,0,0,0,0,0,0,0,2,45,90,0,0,0,-1,-1,-1,7,0,5.98,0,84,16.00,16.00,11,16,15.00,15,99,15.00,26,0.00,0.00,0.00,0,0.00,0.00,0.00,0.00,0,0.00,0.00,0.00,0.00,0.00,0.00,0.00,2.00,0.00,0.00,0.00,0.00,0.00,0.00,0.00,0.00,1.00,0.00,0.00,0,0,,0,0.00,29,0,0.00,58,0,0.00,38,0,0,1,25,0.00,99,0,0,0.00,44,0,60,0.00,36,0,0.00,99,0,0.00,0,0,0.00,0,0.00,36,0,0.00,27,0,0.00,0.00,0,0.00,0,0,0,0.00,0,2,0.00,22,2.00,76,N/A,N/A,N/A,N/A,0.00,0,0.00,0,0.00,0.00,0,93.75,0.00,58,99,0.00,0.00,0,46,46,0,0,0,0.00,0.00,0,65,5.98,2.00,2.00,2,0,0.00,0.00,99,0.00,0,0,0,0.00,0.00,0,0.00,0.00,0.00,0.00,0,0,0.00,78,12,9,76,30,0.03,12,0.03,0.03,0.00,29,0.00,0.00,18,0,0.00,0.00,0.00,0.00,17,0,0.00,29,10,66,96,0,80,52,0,0.00,99,1,0.00,1.00,2.00,2.00,2,1,9,8,1.00,1.00,50.00,0,0.00,99,0,0.00,0,0.00,99,0,0.00,0.00,60,24,78,61,0,0,0,0,0,66,76,90,87,0,99,40,62,62,0,0,63,13,0,0
Anderson Holt,21,1096182000,2004/09/26,USL League One,2026,Midfielder,NY Cosmos,360,180,180,USA,4,2,2,0,0,0,0,0,0,0,0,1,1,0,9,3,6,0,0,0,0,0,0,0,0,2.25,40,90,0,0,0,15,9,-1,6,0,6.40,0,84,40.00,40.00,72,160,35.75,143,95,35.75,78,0.00,0.00,0.25,1,0.00,0.00,0.50,0.50,2,0.00,0.00,0.00,0.00,0.00,0.50,0.00,2.25,0.00,0.00,0.00,0.00,0.00,0.00,0.00,0.00,1.25,0.00,0.00,0,0,,0,0.00,29,0,0.00,58,0,0.00,38,0,0,4,32,0.00,99,0,2,0.50,57,0,60,0.00,36,0,0.00,99,0,0.00,0,0,0.00,0,0.25,37,0,0.00,27,0,0.00,0.00,0,0.00,0,0,0,0.00,0,9,0.00,9,2.25,82,N/A,N/A,N/A,N/A,0.00,0,0.00,0,0.00,0.00,0,89.38,0.00,58,99,0.00,0.00,0,46,46,0,0,0,0.75,0.75,3,90,25.61,5.25,5.25,21,0,0.00,0.00,99,0.00,0,0,0,0.00,0.00,0,0.00,0.00,0.00,0.00,0,0,0.00,78,99,99,76,17,0.30,44,0.07,0.07,0.00,29,0.00,0.00,18,0,0.00,0.00,0.50,0.50,25,2,0.00,29,24,94,96,0,80,60,0,0.00,99,5,0.00,1.25,3.25,3.25,13,7,14,11,1.75,1.75,53.85,0,0.00,99,0,0.00,0,0.00,99,0,0.00,0.00,60,99,78,61,0,0,0,0,0,66,76,90,87,0,99,42,62,62,0,0,63,6,0,0
Anderson Rosa,24,1005638400,2001/11/13,USL League One,2026,Midfielder,Sarasota Paradise,270,270,0,Brazil,3,3,0,0,0,0,0,0,0,0,0,1,1,0,3,3,0,0,0,0,0,0,0,0,0,1,90,90,0,0,0,-1,-1,-1,11,0,6.63,0,84,37.00,37.00,67,111,29.33,88,52,29.33,66,0.00,0.00,0.67,2,0.00,3.00,1.67,1.67,5,0.00,0.00,0.00,0.00,0.00,0.67,0.33,1.00,0.00,0.33,0.33,1.00,0.00,0.00,0.02,0.00,0.33,0.00,0.00,0,0,,1,0.33,33,0,0.00,58,1,0.33,45,0,0,3,73,0.00,99,0,2,0.67,65,9,61,3.00,81,0,0.00,99,0,0.00,0,0,0.00,0,0.67,55,3,1.00,54,1,0.33,33.33,0,0.00,0,0,0,0.00,0,3,0.00,63,1.00,33,N/A,N/A,N/A,N/A,0.00,0,0.00,0,0.05,0.00,0,79.28,0.00,58,99,0.00,0.00,0,55,62,0,0,0,0.33,0.33,1,68,19.89,1.33,1.33,4,0,0.00,0.00,99,0.00,0,0,0,0.00,0.00,0,0.00,0.00,0.00,0.00,0,0,0.00,78,92,90,76,71,0.28,57,0.09,0.09,0.05,37,0.02,0.02,49,3,1.00,1.00,0.33,0.33,18,1,0.02,37,48,54,96,0,80,26,0,0.00,99,1,0.00,0.33,6.00,6.00,18,10,36,27,3.33,3.33,55.56,0,0.00,99,0,11.11,0,0.00,99,1,0.33,0.33,64,94,78,61,0,0,0,0,0,66,76,90,87,0,99,66,62,62,0,0,63,36,0,0
Andre Lewis,31,776674800,1994/08/12,USL League One,2026,Midfielder,Spokane Velocity,95,51,44,Jamaica,3,2,1,0,0,0,0,0,0,0,0,1,1,0,1,0,1,0,0,0,0,0,0,0,0,0.95,95,32,0,0,0,-1,-1,-1,9,0,6.50,0,84,64.42,22.67,96,68,19.00,57,66,54.00,95,0.00,0.00,0.33,1,0.00,0.00,3.79,1.33,4,0.00,1.00,0.00,0.00,0.00,0.67,0.00,0.33,0.00,0.95,0.33,1.00,0.00,0.00,0.02,0.00,0.67,0.00,0.00,0,0,,1,0.33,54,0,0.00,58,1,0.95,67,0,3,0,98,0.00,99,0,2,1.89,94,0,60,0.00,36,0,0.00,99,0,0.00,0,0,0.00,0,0.95,62,3,2.84,91,0,0.00,0.00,0,0.00,0,0,0,0.00,0,1,0.00,65,0.95,24,N/A,N/A,N/A,N/A,0.00,0,0.00,0,0.05,0.00,0,83.82,0.00,58,99,0.00,0.00,0,46,46,0,0,0,0.00,0.00,0,65,19.51,0.00,0.00,0,0,0.00,0.00,99,0.00,0,0,0,0.00,0.00,0,0.00,0.00,0.00,0.00,0,0,0.00,78,13,90,76,73,0.15,76,0.05,0.14,0.05,49,0.02,0.05,42,1,0.33,0.95,0.00,0.00,17,0,0.05,49,33,16,96,0,80,73,0,0.00,99,2,0.00,1.89,16.11,5.67,17,7,87,94,6.63,2.33,41.18,3,2.84,3,0,0.00,0,0.00,99,0,0.00,0.00,60,3,99,61,0,0,0,0,0,66,76,90,87,0,99,66,62,62,0,0,63,77,0,0
Andrés Ferrín Jaramillo,24,989218800,2001/05/07,USL League One,2026,Midfielder,Naples,269,242,27,Colombia,4,3,1,0,0,0,0,0,0,0,0,2,1,1,2,2,0,0,0,0,0,0,0,0,0,0.67,135,67,0,0,0,-1,-1,-1,9,0,6.82,0,84,22.41,15.25,28,61,13.00,52,76,19.10,40,0.00,0.00,1.50,6,0.00,1.50,1.84,1.25,5,0.00,0.50,0.00,0.00,0.00,0.25,0.25,0.50,0.00,1.47,0.75,0.75,0.00,0.25,0.08,0.00,1.50,0.00,0.00,0,0,,4,1.00,70,1,0.37,64,3,1.10,75,0,1,3,77,0.00,99,0,1,0.37,50,6,80,2.20,74,0,0.00,99,0,0.00,0,0,0.00,0,2.20,93,3,1.10,57,1,0.37,33.33,0,0.00,0,0,0,0.00,0,2,0.00,75,0.73,18,N/A,N/A,N/A,N/A,0.00,0,0.00,0,0.31,0.00,0,85.25,25.00,64,99,0.00,0.00,0,57,62,0,0,0,0.00,0.00,0,65,27.29,0.50,0.73,2,0,0.00,0.00,99,0.00,0,0,0,0.00,0.00,0,0.00,0.00,0.00,0.00,0,0,0.00,78,75,99,76,83,0.35,73,0.09,0.13,0.31,65,0.08,0.11,85,7,1.75,2.57,1.47,1.00,61,4,0.11,64,69,33,96,0,80,80,0,0.00,99,6,0.00,2.20,12.12,8.25,33,19,89,78,6.98,4.75,57.58,2,0.73,36,0,33.33,0,0.00,99,2,0.50,0.73,81,94,93,61,0,0,0,0,0,66,76,90,87,0,99,96,62,62,0,0,63,10,0,0
Andrew Hammersley,25,982224000,2001/02/15,USL League One,2026,Midfielder,Westchester SC,180,90,90,USA,2,1,1,0,0,0,0,0,0,0,0,0,0,0,4,0,4,0,0,0,0,0,0,0,0,2,45,90,0,0,0,-1,-1,-1,8,0,5.21,0,84,30.50,20.33,54,61,13.67,41,18,20.50,44,0.00,0.00,0.00,0,0.00,0.00,0.00,0.00,0,0.00,0.00,0.00,0.00,5.00,0.00,0.00,6.67,0.00,0.00,0.00,0.00,0.00,0.00,0.00,0.00,0.33,0.00,0.00,0,0,,0,0.00,29,0,0.00,58,0,0.00,38,0,0,2,25,0.00,99,0,0,0.00,44,0,60,0.00,36,0,0.00,99,0,0.00,0,0,0.00,0,0.00,36,0,0.00,27,0,0.00,0.00,0,0.00,0,15,50,7.50,99,20,0.00,22,10.00,99,N/A,N/A,N/A,N/A,75.00,0,0.00,0,0.00,0.00,0,67.21,0.00,58,99,0.00,0.00,0,46,46,0,0,10,0.00,0.00,0,65,15.64,0.67,1.00,2,0,0.00,0.00,99,0.00,0,0,0,0.00,0.00,1,0.33,0.50,0.00,0.00,0,0,0.00,78,55,45,76,30,0.08,23,0.03,0.04,0.00,29,0.00,0.00,18,0,0.00,0.00,0.00,0.00,17,0,0.00,29,9,43,96,69,80,35,0,0.00,99,1,0.00,0.50,0.50,0.33,1,1,5,5,0.50,0.33,100.00,0,0.00,99,0,0.00,0,0.00,99,0,0.00,0.00,60,59,78,61,0,0,0,0,0,66,76,90,87,0,99,40,62,62,0,0,63,1,0,0
Andrew Richman,18,1186038000,2007/08/02,USL League One,2026,Midfielder,Richmond Kickers,56,56,0,USA,1,1,0,0,0,0,0,0,0,0,0,0,0,0,0,0,0,1,1,0,0,0,0,0,0,0,0,56,28,0,3.21,-1,-1,-1,13,0,2.22,0,84,10.00,0.50,3,1,0.50,1,99,10.00,9,0.00,0.00,0.00,0,0.00,0.00,0.00,0.00,0,0.00,0.00,0.00,0.00,0.00,0.00,0.00,0.00,0.00,0.00,0.00,0.00,0.00,0.00,0.00,0.00,0.00,0.00,0.00,0,0,,0,0.00,29,0,0.00,58,0,0.00,38,0,1,0,25,0.00,99,0,0,0.00,44,0,60,0.00,36,0,0.00,99,0,0.00,0,0,0.00,0,0.00,36,0,0.00,27,0,0.00,0.00,0,0.00,0,0,0,0.00,0,0,0.00,99,0.00,0,N/A,N/A,N/A,N/A,0.00,0,0.00,0,0.00,0.00,0,100.00,0.00,58,99,0.00,0.00,0,46,46,0,0,0,0.00,0.00,0,65,4.44,0.00,0.00,0,0,0.00,0.00,99,0.00,0,0,0,0.00,0.00,0,0.00,0.00,0.00,0.00,0,0,0.00,78,0,9,76,8,0.00,0,0.00,0.00,0.00,29,0.00,0.00,18,0,0.00,0.00,10.00,0.50,99,1,0.00,29,1,16,96,0,80,21,0,0.00,99,0,0.00,0.00,10.00,0.50,1,0,1,64,0.00,0.00,0.00,0,0.00,99,0,0.00,0,0.00,99,0,0.00,0.00,60,3,93,61,0,0,0,0,0,66,76,90,87,0,99,40,62,99,0,0,63,41,0,0
Anges Patrick Kader Bohui,56,N/A,N/A,USL League One,2026,Forward,NY Cosmos,153,0,153,USA,2,0,2,0,0,0,1,0,1,0,0,0,0,0,6,0,6,0,0,0.59,0.59,0,0,0,0,3.53,26,77,0,153,0,-1,-1,-1,12,0,4.88,0.5,96,17.70,8.75,17,35,6.00,24,20,12.13,16,0.00,0.00,1.00,4,0.00,0.25,0.51,0.25,1,0.00,0.50,0.00,0.00,0.00,0.00,0.50,2.00,0.00,2.02,1.00,1.25,0.00,0.00,0.06,0.00,0.25,0.00,0.00,0,0,,4,1.00,82,0,0.00,58,4,2.02,93,1,0,2,33,0.00,99,0,0,0.00,44,1,60,0.51,46,0,0.00,99,0,0.00,0,0,0.00,0,2.02,90,5,2.53,87,2,1.01,40.00,0,0.00,0,0,0,0.00,0,8,0.00,2,4.04,97,N/A,N/A,N/A,N/A,0.00,0,0.00,0,0.22,0.00,0,68.57,0.00,58,99,0.00,0.00,0,83,64,0,0,0,0.00,0.00,0,65,19.53,0.00,0.00,0,0,0.00,0.00,99,0.00,0,0,1,0.25,0.51,0,0.00,0.00,0.00,0.00,0,0,0.00,78,29,45,76,10,0.78,92,0.20,0.39,0.22,65,0.06,0.11,65,3,0.75,1.52,1.52,0.75,63,3,0.11,64,7,16,99,0,80,36,0,0.00,99,1,0.00,0.51,9.10,4.50,18,7,39,58,3.54,1.75,38.89,2,1.01,24,0,0.00,0,0.00,99,0,0.00,0.00,60,59,78,94,0,0,0,0,0,86,76,90,87,0,99,40,62,62,0,0,63,22,0,0
Anthony Halterman,35,663148800,1991/01/06,USL League One,2026,Goalkeeper,Naples,0,0,0,USA,0,0,0,0,0,0,0,0,0,0,0,0,0,0,0,0,0,0,0,0,0,0,0,0,0,0,0,0,0,0,0,-1,-1,-1,-1,N/A,N/A,N/A,N/A,N/A,N/A,N/A,N/A,N/A,N/A,N/A,N/A,N/A,N/A,N/A,N/A,N/A,N/A,N/A,N/A,N/A,N/A,N/A,N/A,N/A,N/A,N/A,N/A,N/A,N/A,N/A,N/A,N/A,N/A,N/A,N/A,N/A,N/A,N/A,N/A,N/A,N/A,N/A,N/A,N/A,N/A,N/A,N/A,N/A,N/A,N/A,N/A,N/A,N/A,N/A,N/A,N/A,N/A,N/A,N/A,N/A,N/A,N/A,N/A,N/A,N/A,N/A,N/A,N/A,N/A,N/A,N/A,N/A,N/A,N/A,N/A,N/A,N/A,N/A,N/A,N/A,N/A,N/A,N/A,N/A,N/A,N/A,N/A,N/A,N/A,N/A,N/A,N/A,N/A,N/A,N/A,N/A,N/A,N/A,N/A,N/A,N/A,N/A,N/A,N/A,N/A,N/A,N/A,N/A,N/A,N/A,N/A,N/A,N/A,N/A,N/A,N/A,N/A,N/A,N/A,N/A,N/A,N/A,N/A,N/A,N/A,N/A,N/A,N/A,N/A,N/A,N/A,N/A,N/A,N/A,N/A,N/A,N/A,N/A,N/A,N/A,N/A,N/A,N/A,N/A,N/A,N/A,N/A,N/A,N/A,N/A,N/A,N/A,N/A,N/A,N/A,N/A,N/A,N/A,N/A,N/A,N/A,N/A,N/A,N/A,N/A,N/A,N/A,N/A,N/A,N/A,N/A,N/A,N/A,N/A,N/A,N/A,N/A,N/A,N/A,N/A,N/A,N/A,N/A,N/A,N/A,N/A,N/A,N/A,N/A,N/A,N/A,N/A,N/A,N/A,N/A,N/A,N/A,N/A,N/A,N/A,N/A,N/A,N/A,N/A,N/A,N/A,N/A,N/A,N/A,N/A,N/A,N/A,N/A,N/A,N/A,N/A,N/A,N/A,N/A,N/A,N/A,N/A,N/A
Anthony Hernandez,31,791798400,1995/02/03,USL League One,2026,Forward,Fort Wayne,180,0,180,Gibraltar,2,0,2,0,0,0,0,0,0,0,0,0,0,0,4,0,4,1,0,0,0,0,0,0,0,2,45,90,180,0,0.5,-1,-1,-1,4,0,4.31,0,84,26.69,17.00,41,51,14.33,43,71,22.50,51,0.00,0.00,0.00,0,0.00,2.00,2.09,1.33,4,0.00,0.00,0.00,0.00,0.00,0.67,0.00,1.00,0.00,0.52,0.33,0.33,0.00,0.00,0.01,0.00,0.00,0.00,0.00,0,0,,1,0.33,41,0,0.00,58,1,0.52,55,0,0,2,81,0.00,99,0,2,1.05,82,6,60,3.14,82,0,0.00,99,0,0.00,0,0,0.00,0,0.00,36,1,0.52,37,0,0.00,0.00,0,0.00,0,0,0,0.00,0,3,0.00,22,1.57,57,N/A,N/A,N/A,N/A,0.00,0,0.00,0,0.04,0.00,0,84.31,0.00,58,99,0.00,0.00,0,46,46,0,0,0,0.00,0.00,0,65,12.93,1.00,1.57,3,0,0.00,0.00,99,0.00,0,0,0,0.00,0.00,0,0.00,0.00,0.00,0.00,0,0,0.00,78,55,45,76,30,0.11,38,0.04,0.06,0.04,37,0.01,0.02,32,1,0.33,0.52,0.52,0.33,26,1,0.02,37,4,59,96,0,80,21,0,0.00,99,0,0.00,0.00,5.23,3.33,10,5,24,20,2.62,1.67,50.00,0,0.00,99,0,0.00,0,0.00,99,0,0.00,0.00,60,59,78,61,0,0,0,0,0,66,76,90,87,0,99,40,80,86,1,50,95,22,0,0
Anthony Patti,23,1038470400,2002/11/28,USL League One,2026,Midfielder,Greenville Triumph,270,270,0,USA,3,3,0,0,0,0,0,0,0,0,0,0,0,0,6,6,0,0,0,0,0,0,0,0,0,2,45,90,0,0,0,-1,-1,-1,8,0,6.47,0,84,53.33,53.33,87,160,46.00,138,83,46.00,89,0.00,0.00,0.00,0,0.00,0.00,1.00,1.00,3,0.00,0.00,0.00,0.00,0.00,0.00,0.00,2.00,0.00,1.33,0.33,0.00,0.00,1.00,0.14,0.00,3.00,0.00,0.00,0,0,,4,1.33,68,3,1.00,85,1,0.33,45,0,0,3,52,0.00,99,0,0,0.00,44,0,60,0.00,36,0,0.00,99,0,0.00,0,0,0.00,0,0.00,36,0,0.00,27,0,0.00,0.00,0,0.00,0,0,0,0.00,0,6,0.00,22,2.00,76,N/A,N/A,N/A,N/A,0.00,0,0.00,0,0.42,0.00,0,86.25,75.00,90,99,0.00,0.00,0,46,46,0,0,0,0.00,0.00,0,65,19.41,5.33,5.33,16,0,0.00,0.00,99,0.00,0,0,0,0.00,0.00,0,0.00,0.00,0.00,0.00,0,0,0.00,78,92,90,76,30,0.34,66,0.11,0.11,0.42,69,0.14,0.14,23,1,0.33,0.33,0.67,0.67,33,2,0.14,68,29,95,96,0,80,89,0,0.00,99,9,0.00,3.00,6.00,6.00,18,13,54,27,4.33,4.33,72.22,0,0.00,99,0,0.00,0,0.00,99,0,0.00,0.00,60,94,78,61,0,0,0,0,0,66,76,90,87,0,99,40,62,62,0,0,63,15,0,0
Anuar José Peláez Paba,33,728553600,1993/02/01,USL League One,2026,Forward,Spokane Velocity,22,9,13,Colombia,3,2,1,0,0,0,0,0,0,0,0,1,1,0,1,0,1,0,0,0,0,0,0,0,0,4.09,22,7,0,0,0,-1,-1,-1,6,0,4.32,0,84,16.36,1.33,12,4,1.00,3,36,12.27,16,0.00,0.00,0.00,0,0.00,0.00,0.00,0.00,0,0.00,0.00,0.00,0.00,0.00,0.00,0.00,0.33,0.00,4.09,0.33,0.00,0.00,0.00,0.01,0.00,0.33,0.00,0.00,0,0,,1,0.33,98,0,0.00,58,1,4.09,99,0,3,0,25,0.00,99,0,0,0.00,44,0,60,0.00,36,0,0.00,99,0,0.00,0,0,0.00,0,0.00,36,0,0.00,27,0,0.00,0.00,0,0.00,0,0,0,0.00,0,1,0.00,0,4.09,97,N/A,N/A,N/A,N/A,0.00,0,0.00,0,0.04,0.00,0,75.00,0.00,58,99,0.00,0.00,0,46,46,0,0,0,0.00,0.00,0,65,12.97,0.00,0.00,0,0,0.00,0.00,99,0.00,0,0,0,0.00,0.00,0,0.00,0.00,0.00,0.00,0,0,0.00,78,0,90,76,8,0.01,23,0.00,0.04,0.04,73,0.01,0.16,97,1,0.33,4.09,4.09,0.33,99,1,0.16,72,4,16,96,0,80,96,0,0.00,99,1,0.00,4.09,20.45,1.67,5,2,94,99,8.18,0.67,40.00,0,0.00,99,0,0.00,0,0.00,99,0,0.00,0.00,60,3,99,61,0,0,0,0,0,66,76,90,87,0,99,66,62,62,0,0,63,16,0,0
Arthur Medina,23,1034751600,2002/10/16,USL League One,2026,Midfielder,Corpus Christi,172,0,172,USA,3,0,3,2,0,2,0,0,0,0,0,1,0,1,2,0,2,0,0,1.05,0,1.05,0,1.05,86,1.05,86,57,0,0,0,-1,-1,-1,1,0,7.07,0,84,17.79,11.33,17,34,8.67,26,41,13.60,20,0.00,0.00,0.67,2,0.00,0.33,1.05,0.67,2,0.00,1.00,0.00,0.00,0.00,0.00,0.33,0.67,2.50,2.62,0.33,0.67,0.00,1.33,0.57,0.00,2.33,0.00,0.00,0,0,,5,1.67,88,4,2.09,99,1,0.52,55,2,2,1,53,0.00,99,0,0,0.00,44,1,99,0.52,46,0,0.00,99,0,0.00,0,0,0.00,0,1.05,67,2,1.05,54,1,0.52,50.00,0,0.00,0,0,0,0.00,0,2,0.00,52,1.05,36,N/A,N/A,N/A,N/A,0.00,0,0.00,0,1.72,0.00,0,76.47,80.00,91,99,0.00,0.00,0,66,78,0,0,0,0.33,0.52,1,81,21.22,1.00,1.57,3,0,0.00,0.00,99,0.00,0,0,0,0.00,0.00,0,0.00,0.00,0.00,0.00,0,0,40.00,95,36,90,78,60,0.14,44,0.05,0.07,1.72,99,0.57,0.90,66,3,1.00,1.57,2.09,1.33,80,4,0.90,99,87,59,96,0,80,93,0,0.00,99,7,0.00,3.66,13.60,8.67,26,13,88,87,6.80,4.33,50.00,3,1.57,11,0,100.00,0,0.00,99,1,0.33,0.52,73,24,99,99,0,0,0,0,0,98,99,99,87,0,99,66,62,62,0,0,63,26,0,0
Austin Amer,26,950774400,2000/02/17,USL League One,2026,Midfielder,Richmond Kickers,261,90,171,USA,3,1,2,0,0,0,0,0,0,0,0,0,0,0,2,1,1,1,0,0,0,0,0,0,0,0.69,131,87,261,0,0.34,-1,-1,-1,8,0,6.84,0,84,22.76,22.00,31,66,17.67,53,57,18.28,36,0.00,0.00,1.33,4,0.00,3.00,0.69,0.67,2,0.00,0.00,0.00,0.00,0.00,1.00,0.00,0.67,0.00,1.72,1.67,0.33,0.00,0.00,0.09,0.00,0.33,0.00,0.00,0,0,,5,1.67,78,0,0.00,58,5,1.72,90,1,0,3,40,0.00,99,0,3,1.03,81,9,83,3.10,82,0,0.00,99,0,0.00,0,0,0.00,0,1.38,78,1,0.34,32,0,0.00,0.00,0,0.00,0,0,0,0.00,0,2,0.00,72,0.69,17,N/A,N/A,N/A,N/A,0.00,0,0.00,0,0.27,0.00,0,80.30,0.00,58,99,0.00,0.00,0,46,46,0,0,0,0.00,0.00,0,65,20.53,0.67,0.69,2,0,0.00,0.00,99,0.00,0,0,0,0.00,0.00,0,0.00,0.00,0.34,0.33,1,0,0.00,78,72,90,76,80,0.25,57,0.08,0.09,0.27,62,0.09,0.09,23,1,0.33,0.34,0.34,0.33,19,1,0.09,62,70,31,96,0,84,27,0,0.00,99,1,0.00,0.34,2.76,2.67,8,3,10,9,1.03,1.00,37.50,0,0.00,99,0,44.44,0,0.00,99,4,1.33,1.38,91,94,78,94,0,0,0,0,0,66,76,90,87,0,99,40,88,74,1,33,86,18,0,0
Azaad Liadi,27,895129200,1998/05/14,USL League One,2026,Forward,Greenville Triumph,270,270,0,USA,3,3,0,2,2,0,2,2,0,0,0,0,0,0,6,6,0,0,0,1.33,0.67,0.67,0.67,0,135,2,45,90,0,135,0,-1,-1,-1,2,0,7.84,0.67,97,18.67,18.67,19,56,15.33,46,61,15.33,28,0.00,0.00,2.00,6,0.00,0.33,1.67,1.67,5,0.00,1.00,0.00,0.00,0.00,0.00,0.33,2.00,6.00,4.00,2.33,2.00,0.00,1.67,0.72,0.00,3.33,0.00,0.00,0,0,,12,4.00,97,5,1.67,97,7,2.33,94,0,0,3,73,0.00,99,0,0,0.00,44,1,99,0.33,39,0,0.00,99,0,0.00,0,0,0.00,0,2.00,88,6,2.00,80,1,0.33,16.67,0,0.00,0,0,0,0.00,0,6,0.00,22,2.00,76,N/A,N/A,N/A,N/A,0.00,0,0.00,0,2.16,0.00,0,82.14,41.67,73,99,0.00,0.00,0,55,49,0,0,0,0.00,0.00,0,65,23.52,1.67,1.67,5,0,0.00,0.00,99,0.00,0,0,1,0.33,0.33,0,0.00,0.00,0.33,0.33,1,0,16.67,83,92,90,84,30,1.48,97,0.49,0.49,2.16,96,0.72,0.72,93,10,3.33,3.33,1.67,1.67,68,5,0.72,96,98,62,97,0,83,92,0,0.00,99,10,0.00,3.33,16.33,16.33,49,26,96,95,8.67,8.67,53.06,3,1.00,28,0,100.00,0,0.00,99,1,0.33,0.33,64,94,78,61,0,1,0,33,0,98,93,90,96,0,99,40,62,62,0,0,63,19,0,0
Babacar Diene,29,846313200,1996/10/26,USL League One,2026,Midfielder,One Knoxville,108,108,0,Uganda,2,2,0,0,0,0,0,0,0,0,0,1,1,0,0,0,0,0,0,0,0,0,0,0,0,0,0,54,0,0,0,-1,-1,-1,4,0,6.63,0,84,14.35,7.33,6,22,5.67,17,44,11.09,12,0.00,0.00,0.33,1,0.00,0.00,0.65,0.33,1,0.00,1.00,0.00,0.00,0.00,0.33,0.33,0.00,0.00,3.26,0.67,1.33,0.00,1.00,0.17,0.00,2.00,0.00,0.00,0,0,,5,1.67,93,3,1.96,99,2,1.30,79,0,1,1,37,0.00,99,0,1,0.65,62,0,60,0.00,36,0,0.00,99,0,0.00,0,0,0.00,0,0.65,52,4,2.61,88,1,0.65,25.00,0,0.00,0,0,0,0.00,0,0,0.00,99,0.00,0,N/A,N/A,N/A,N/A,0.00,0,0.00,0,0.51,0.00,0,77.27,60.00,86,99,0.00,0.00,0,71,52,0,0,0,0.00,0.00,0,65,19.88,0.33,0.65,1,0,0.00,0.00,99,0.00,0,0,0,0.00,0.00,0,0.00,0.00,0.65,0.33,1,0,0.00,78,16,45,76,8,0.08,31,0.03,0.05,0.51,86,0.17,0.33,35,1,0.33,0.65,2.61,1.33,89,4,0.33,83,48,28,96,0,91,94,0,0.00,99,6,0.00,3.91,16.30,8.33,25,9,75,95,5.87,3.00,36.00,3,1.96,8,0,0.00,0,0.00,99,0,0.00,0.00,60,24,93,61,0,0,0,0,0,66,76,90,87,0,99,96,62,62,0,0,63,7,0,0
Beckett Howell,20,1112256000,2005/03/31,USL League One,2026,Defender,Richmond Kickers,28,0,28,USA,2,0,2,0,0,0,0,0,0,0,0,0,0,0,1,0,1,0,0,0,0,0,0,0,0,3.21,28,14,0,0,0,-1,-1,-1,12,0,4.28,0,84,19.29,2.00,21,6,1.33,4,18,12.86,17,0.00,0.00,0.00,0,0.00,0.67,0.00,0.00,0,0.00,0.33,0.00,0.00,0.00,0.00,0.00,0.33,0.00,0.00,0.00,0.00,0.00,0.00,0.00,0.00,0.00,0.00,0.00,0,0,,0,0.00,29,0,0.00,58,0,0.00,38,0,2,0,25,0.00,99,0,0,0.00,44,2,60,6.43,98,0,0.00,99,0,0.00,0,0,0.00,0,0.00,36,0,0.00,27,0,0.00,0.00,0,0.00,0,0,0,0.00,0,1,0.00,2,3.21,93,N/A,N/A,N/A,N/A,0.00,0,0.00,0,0.00,0.00,0,66.67,0.00,58,99,0.00,0.00,0,46,46,0,0,0,0.33,3.21,1,99,12.84,0.33,3.21,1,0,0.00,0.00,99,0.00,0,0,0,0.00,0.00,0,0.00,0.00,0.00,0.00,0,0,0.00,78,0,45,76,10,0.01,12,0.00,0.03,0.00,29,0.00,0.00,92,1,0.33,3.21,0.00,0.00,17,0,0.00,29,3,78,96,0,80,21,0,0.00,99,0,0.00,0.00,6.43,0.67,2,1,34,28,3.21,0.33,50.00,1,3.21,1,0,0.00,0,0.00,99,0,0.00,0.00,60,3,99,61,0,0,0,0,0,66,76,90,87,0,99,40,62,62,0,0,63,34,0,0
Bernd Schipmann,31,773391600,1994/07/05,USL League One,2026,Goalkeeper,Fort Wayne,180,0,180,Germany,2,0,2,0,0,0,0,0,0,0,0,0,0,0,4,0,4,0,0,0,0,0,0,0,0,2,45,90,0,0,0,-1,-1,-1,8,0,6.33,0,84,29.50,29.50,52,59,25.00,50,73,25.00,57,0.00,0.00,0.00,0,0.00,0.00,0.00,0.00,0,0.00,0.00,0.00,0.00,2.00,0.00,0.00,3.00,0.00,0.00,0.00,0.00,0.00,0.00,0.00,0.00,0.50,0.00,0.00,0,0,,0,0.00,29,0,0.00,58,0,0.00,38,0,0,2,25,0.00,99,0,0,0.00,44,0,60,0.00,36,0,0.00,99,0,0.00,0,0,0.00,0,0.00,36,0,0.00,27,0,0.00,0.00,0,0.00,0,4,39,2.00,33,6,0.00,22,3.00,93,N/A,N/A,N/A,N/A,66.67,0,0.00,0,0.00,0.00,0,84.75,0.00,58,99,0.00,0.00,0,46,46,0,0,3,0.00,0.00,0,65,12.66,1.00,1.00,2,0,0.00,0.00,99,0.00,0,0,0,0.00,0.00,1,0.50,0.50,0.00,0.00,0,0,0.00,78,55,45,76,30,0.09,23,0.04,0.04,0.00,29,0.00,0.00,18,0,0.00,0.00,0.00,0.00,17,0,0.00,29,16,43,96,69,80,35,0,0.00,99,1,0.00,0.50,0.50,0.50,1,1,5,5,0.50,0.50,100.00,0,0.00,99,0,0.00,0,0.00,99,0,0.00,0.00,60,59,78,61,0,0,0,0,0,66,76,90,87,0,99,40,62,62,0,0,63,1,0,0
Blake Bodily,28,884678400,1998/01/13,USL League One,2026,Defender,Athletic Club Boise,180,0,180,USA,2,0,2,0,0,0,1,0,1,0,0,1,0,1,3,0,3,0,0,0.5,0.5,0,0,0,0,1.5,60,90,0,180,0,-1,-1,-1,6,0,6.92,0.5,94,38.50,38.50,69,77,30.50,61,51,30.50,69,0.00,0.00,1.00,2,0.00,5.50,1.00,1.00,2,0.00,1.50,0.00,0.00,0.00,1.50,0.50,1.50,0.00,2.00,1.50,2.00,0.00,0.50,0.16,0.00,0.50,0.00,0.00,0,0,,4,2.00,81,1,0.50,68,3,1.50,86,0,0,2,52,0.00,99,0,3,1.50,90,11,90,5.50,96,0,0.00,99,0,0.00,0,0,0.00,0,1.00,66,4,2.00,80,1,0.50,25.00,0,0.00,0,0,0,0.00,0,3,0.00,38,1.50,55,N/A,N/A,N/A,N/A,0.00,0,0.00,0,0.32,0.00,0,79.22,25.00,64,99,0.00,0.00,0,65,52,0,0,0,0.50,0.50,1,79,13.83,0.00,0.00,0,0,0.00,0.00,99,0.00,0,0,0,0.00,0.00,0,0.00,0.00,0.00,0.00,0,0,0.00,78,55,45,76,46,0.79,93,0.40,0.40,0.32,73,0.16,0.16,18,0,0.00,0.00,1.50,1.50,63,3,0.16,72,76,16,96,0,80,35,0,0.00,99,1,0.00,0.50,7.00,7.00,14,4,18,36,2.00,2.00,28.57,3,1.50,13,0,54.55,0,0.00,99,6,3.00,3.00,99,59,78,61,0,0,0,0,0,82,76,90,87,0,99,96,62,62,0,0,63,7,0,0
Blake Bowen,25,973324800,2000/11/04,USL League One,2026,Midfielder,Corpus Christi,122,0,122,USA,2,0,2,0,0,0,1,0,1,0,0,0,0,0,2,0,2,0,0,0.74,0.74,0,0,0,0,1.48,61,61,0,122,0,-1,-1,-1,4,0,6.77,0.5,98,22.13,15.00,27,30,10.50,21,26,15.49,29,0.00,0.00,2.00,4,0.00,7.50,4.43,3.00,6,0.00,0.50,0.00,0.00,0.00,0.00,1.50,1.50,0.00,1.48,1.00,1.50,0.00,0.00,0.04,0.00,0.50,0.00,0.00,0,0,,2,1.00,71,0,0.00,58,2,1.48,85,0,1,1,99,0.00,99,0,0,0.00,44,15,72,11.07,99,0,0.00,99,0,0.00,0,0,0.00,0,2.95,98,3,2.21,85,3,2.21,100.00,0,0.00,0,0,0,0.00,0,3,0.00,39,2.21,81,N/A,N/A,N/A,N/A,0.00,0,0.00,0,0.09,0.00,0,70.00,0.00,58,99,0.00,0.00,0,98,99,0,0,0,0.00,0.00,0,65,13.54,1.50,2.21,3,0,0.00,0.00,99,0.00,0,0,0,0.00,0.00,0,0.00,0.00,0.00,0.00,0,0,0.00,78,20,45,76,47,0.77,98,0.39,0.57,0.09,57,0.04,0.07,79,3,1.50,2.21,2.95,2.00,94,4,0.07,57,64,69,96,0,80,44,0,0.00,99,1,0.00,0.74,14.75,10.00,20,13,98,92,9.59,6.50,65.00,1,0.74,34,0,26.67,0,0.00,99,4,2.00,2.95,98,24,93,61,0,0,0,0,0,90,76,90,87,0,99,40,62,62,0,0,63,2,0,0
Braeden Backus,56,N/A,N/A,USL League One,2026,Defender,NY Cosmos,0,0,0,,0,0,0,0,0,0,0,0,0,0,0,0,0,0,0,0,0,0,0,0,0,0,0,0,0,0,0,0,0,0,0,-1,-1,-1,-1,N/A,N/A,N/A,N/A,N/A,N/A,N/A,N/A,N/A,N/A,N/A,N/A,N/A,N/A,N/A,N/A,N/A,N/A,N/A,N/A,N/A,N/A,N/A,N/A,N/A,N/A,N/A,N/A,N/A,N/A,N/A,N/A,N/A,N/A,N/A,N/A,N/A,N/A,N/A,N/A,N/A,N/A,N/A,N/A,N/A,N/A,N/A,N/A,N/A,N/A,N/A,N/A,N/A,N/A,N/A,N/A,N/A,N/A,N/A,N/A,N/A,N/A,N/A,N/A,N/A,N/A,N/A,N/A,N/A,N/A,N/A,N/A,N/A,N/A,N/A,N/A,N/A,N/A,N/A,N/A,N/A,N/A,N/A,N/A,N/A,N/A,N/A,N/A,N/A,N/A,N/A,N/A,N/A,N/A,N/A,N/A,N/A,N/A,N/A,N/A,N/A,N/A,N/A,N/A,N/A,N/A,N/A,N/A,N/A,N/A,N/A,N/A,N/A,N/A,N/A,N/A,N/A,N/A,N/A,N/A,N/A,N/A,N/A,N/A,N/A,N/A,N/A,N/A,N/A,N/A,N/A,N/A,N/A,N/A,N/A,N/A,N/A,N/A,N/A,N/A,N/A,N/A,N/A,N/A,N/A,N/A,N/A,N/A,N/A,N/A,N/A,N/A,N/A,N/A,N/A,N/A,N/A,N/A,N/A,N/A,N/A,N/A,N/A,N/A,N/A,N/A,N/A,N/A,N/A,N/A,N/A,N/A,N/A,N/A,N/A,N/A,N/A,N/A,N/A,N/A,N/A,N/A,N/A,N/A,N/A,N/A,N/A,N/A,N/A,N/A,N/A,N/A,N/A,N/A,N/A,N/A,N/A,N/A,N/A,N/A,N/A,N/A,N/A,N/A,N/A,N/A,N/A,N/A,N/A,N/A,N/A,N/A,N/A,N/A,N/A,N/A,N/A,N/A,N/A,N/A,N/A,N/A,N/A,N/A
Brandon Fricke,34,701251200,1992/03/22,USL League One,2026,Defender,Greenville Triumph,257,257,0,USA,3,3,0,1,1,0,0,0,0,0,0,0,0,0,6,6,0,0,0,0.35,0,0.35,0.35,0,257,2.1,43,86,0,0,0,-1,-1,-1,3,0,6.67,0,84,50.78,48.33,84,145,38.00,114,47,39.92,84,0.00,0.00,0.00,0,0.00,0.00,0.35,0.33,1,0.00,0.00,0.00,0.00,0.00,0.67,0.00,2.00,2.00,0.70,0.33,0.00,0.00,0.33,0.26,0.00,4.33,0.00,0.00,0,0,,2,0.67,47,1,0.35,63,1,0.35,46,1,0,3,27,0.00,99,0,2,0.70,68,0,60,0.00,36,0,0.00,99,0,0.00,0,0,0.00,0,0.00,36,0,0.00,27,0,0.00,0.00,0,0.00,0,0,0,0.00,0,6,0.00,11,2.10,78,N/A,N/A,N/A,N/A,0.00,0,0.00,0,0.79,0.00,0,78.62,50.00,84,99,0.00,0.00,0,46,46,0,0,0,0.67,0.70,2,89,20.01,5.67,5.95,17,0,0.00,0.00,99,0.00,0,0,0,0.00,0.00,0,0.00,0.00,0.00,0.00,0,0,50.00,99,71,90,93,19,0.27,57,0.09,0.09,0.79,82,0.26,0.28,24,1,0.33,0.35,0.35,0.33,20,1,0.28,80,52,96,96,0,80,98,0,0.00,99,13,0.00,4.55,8.75,8.33,25,15,67,54,5.25,5.00,60.00,0,0.00,99,0,0.00,0,0.00,99,0,0.00,0.00,60,94,78,94,0,0,0,0,0,74,85,90,88,0,99,40,62,62,0,0,63,5,0,0
Brandon Knapp,25,956127600,2000/04/19,USL League One,2026,Midfielder,Union Omaha,256,180,76,USA,3,2,1,1,1,0,1,1,0,0,0,0,0,0,4,3,1,0,0,0.7,0.35,0.35,0.5,0,256,1.41,64,85,0,256,0,-1,-1,-1,4,0,7.12,0.33,88,58.71,55.67,91,167,48.00,144,83,50.62,93,0.00,0.00,0.33,1,0.00,0.67,1.41,1.33,4,0.00,0.33,0.00,0.00,0.00,0.67,1.33,1.33,1.00,0.35,0.00,1.33,0.00,0.33,0.25,0.00,0.33,0.00,0.00,0,0,,1,0.33,34,1,0.35,63,0,0.00,38,2,0,3,64,0.00,99,0,2,0.70,68,2,90,0.70,55,0,0.00,99,0,0.00,0,0,0.00,0,0.35,40,4,1.41,63,4,1.41,100.00,0,0.00,0,0,0,0.00,0,4,0.00,41,1.41,48,N/A,N/A,N/A,N/A,0.00,0,0.00,0,0.76,0.00,0,86.23,100.00,99,99,0.00,0.00,0,92,99,0,0,0,0.33,0.35,1,69,21.36,2.00,2.11,6,0,0.00,0.00,99,0.00,0,0,0,0.00,0.00,0,0.00,0.00,0.00,0.00,0,0,100.00,99,70,90,92,49,0.92,88,0.31,0.32,0.76,80,0.25,0.27,62,4,1.33,1.41,1.41,1.33,59,4,0.27,78,91,67,96,0,80,28,0,0.00,99,1,0.00,0.35,8.79,8.33,25,13,59,55,4.57,4.33,52.00,1,0.35,54,0,50.00,0,0.00,99,1,0.33,0.35,66,94,78,99,0,0,0,0,0,90,85,90,94,0,99,40,62,62,0,0,63,15,0,0
Braudílio Pina Rodrigues,26,942652800,1999/11/15,USL League One,2026,Midfielder,One Knoxville,58,58,0,Portugal,1,1,0,0,0,0,0,0,0,0,0,1,1,0,0,0,0,1,0,0,0,0,0,0,0,0,0,58,58,0,1.55,-1,-1,-1,17,0,6.70,0,84,23.28,15.00,32,15,9.00,9,10,13.97,21,0.00,0.00,2.00,2,0.00,0.00,1.55,1.00,1,0.00,0.00,0.00,0.00,0.00,1.00,1.00,0.00,0.00,1.55,0.00,2.00,0.00,1.00,0.13,0.00,1.00,0.00,0.00,0,0,,1,1.00,72,1,1.55,96,0,0.00,38,2,0,1,69,0.00,99,0,1,1.55,90,0,60,0.00,36,0,0.00,99,0,0.00,0,0,0.00,0,3.10,98,2,3.10,92,1,1.55,50.00,0,0.00,0,0,0,0.00,0,0,0.00,99,0.00,0,N/A,N/A,N/A,N/A,0.00,0,0.00,0,0.13,0.00,0,60.00,100.00,99,99,0.00,0.00,0,94,78,0,0,0,0.00,0.00,0,65,6.70,1.00,1.55,1,0,0.00,0.00,99,0.00,0,0,0,0.00,0.00,0,0.00,0.00,0.00,0.00,0,0,0.00,78,0,9,76,8,0.11,81,0.11,0.17,0.13,75,0.13,0.20,65,1,1.00,1.55,3.10,2.00,95,2,0.20,73,55,57,96,0,80,70,0,0.00,99,1,0.00,1.55,13.97,9.00,9,4,80,89,6.21,4.00,44.44,0,0.00,99,0,0.00,0,0.00,99,0,0.00,0.00,60,24,78,99,0,0,0,0,0,66,76,90,87,0,99,99,62,99,1,100,99,72,0,0
Brecc Evans,26,936601200,1999/09/06,USL League One,2026,Defender,Portland Hearts of Pine,90,0,90,USA,1,0,1,0,0,0,0,0,0,0,0,0,0,0,1,0,1,0,0,0,0,0,0,0,0,1,90,90,0,0,0,-1,-1,-1,14,0,6.59,0,84,60.00,60.00,93,60,51.00,51,75,51.00,93,0.00,0.00,0.00,0,0.00,0.00,1.00,1.00,1,0.00,0.00,0.00,0.00,0.00,0.00,1.00,1.00,0.00,0.00,0.00,1.00,0.00,0.00,0.00,0.00,0.00,0.00,0.00,0,0,,0,0.00,29,0,0.00,58,0,0.00,38,0,0,1,52,0.00,99,0,0,0.00,44,0,60,0.00,36,0,0.00,99,0,0.00,0,0,0.00,0,0.00,36,1,1.00,54,1,1.00,100.00,0,0.00,0,0,0,0.00,0,1,0.00,63,1.00,33,N/A,N/A,N/A,N/A,0.00,0,0.00,0,0.00,0.00,0,85.00,0.00,58,99,0.00,0.00,0,82,99,0,0,0,0.00,0.00,0,65,6.59,4.00,4.00,4,0,0.00,0.00,99,0.00,0,0,0,0.00,0.00,0,0.00,0.00,0.00,0.00,0,0,0.00,78,12,9,76,71,0.10,63,0.10,0.10,0.00,29,0.00,0.00,18,0,0.00,0.00,0.00,0.00,17,0,0.00,29,41,85,96,0,80,21,0,0.00,99,0,0.00,0.00,4.00,4.00,4,2,18,15,2.00,2.00,50.00,0,0.00,99,0,0.00,0,0.00,99,0,0.00,0.00,60,24,78,61,0,0,0,0,0,66,76,90,87,0,99,40,62,62,0,0,63,22,0,0
Brent Kallman,35,655023600,1990/10/04,USL League One,2026,Defender,Union Omaha,254,164,90,USA,3,2,1,1,0,1,0,0,0,0,0,0,0,0,3,2,1,0,0,0.35,0,0.35,0,1,254,1.06,85,85,0,0,0,-1,-1,-1,3,0,6.60,0,84,55.63,52.33,89,157,44.33,133,73,47.13,89,0.00,0.00,0.00,0,0.00,0.00,0.71,0.67,2,0.00,0.00,0.00,0.00,0.00,0.33,0.00,1.00,0.00,0.00,0.00,0.00,0.00,0.00,0.00,0.00,2.33,0.00,0.00,0,0,,0,0.00,29,0,0.00,58,0,0.00,38,1,0,3,41,0.00,99,0,1,0.35,48,0,60,0.00,36,0,0.00,99,0,0.00,0,0,0.00,0,0.00,36,0,0.00,27,0,0.00,0.00,0,0.00,0,0,0,0.00,0,3,0.00,51,1.06,37,N/A,N/A,N/A,N/A,0.00,0,0.00,0,0.00,0.00,0,84.71,0.00,58,99,0.00,0.00,0,46,46,0,0,0,0.33,0.35,1,69,19.80,7.00,7.44,21,0,0.00,0.00,99,0.00,0,0,0,0.00,0.00,0,0.00,0.00,0.00,0.00,0,0,0.00,78,70,90,92,59,0.27,63,0.09,0.10,0.00,29,0.00,0.00,51,3,1.00,1.06,0.35,0.33,20,1,0.00,29,42,99,96,0,80,82,0,0.00,99,7,0.00,2.48,6.02,5.67,17,12,51,27,4.25,4.00,70.59,0,0.00,99,0,0.00,0,0.00,99,0,0.00,0.00,60,94,78,94,0,0,0,0,0,74,85,99,87,0,99,40,62,62,0,0,63,14,0,0
Bryan Anderson Vásquez Maldonado,19,1150095600,2006/06/12,USL League One,2026,Midfielder,Westchester SC,33,0,33,USA,1,0,1,0,0,0,1,0,1,0,0,0,0,0,1,0,1,0,0,2.73,2.73,0,0,0,0,2.73,33,33,0,33,0,-1,-1,-1,10,0,3.31,1,99,27.27,5.00,44,10,5.00,10,99,27.27,61,0.00,0.00,0.50,1,0.00,1.00,0.00,0.00,0,0.00,1.00,0.00,0.00,0.00,0.00,0.00,0.50,0.00,0.00,0.00,0.00,0.00,0.00,0.00,0.00,0.50,0.00,0.00,0,0,,0,0.00,29,0,0.00,58,0,0.00,38,0,0,0,25,0.00,99,0,0,0.00,44,2,90,5.45,94,0,0.00,99,0,0.00,0,0,0.00,0,2.73,98,0,0.00,27,0,0.00,0.00,0,0.00,0,0,0,0.00,0,1,0.00,3,2.73,89,N/A,N/A,N/A,N/A,0.00,0,0.00,0,0.00,0.00,0,100.00,0.00,58,99,0.00,0.00,0,46,46,0,0,0,0.00,0.00,0,65,6.61,0.00,0.00,0,0,0.00,0.00,99,0.00,0,0,0,0.00,0.00,0,0.00,0.00,0.00,0.00,0,0,0.00,78,0,9,76,11,0.64,99,0.32,1.75,0.00,29,0.00,0.00,18,0,0.00,0.00,0.00,0.00,17,0,0.00,29,2,16,96,0,80,85,0,0.00,99,1,0.00,2.73,8.18,1.50,3,1,27,46,2.73,0.50,33.33,2,5.45,0,0,50.00,0,0.00,99,1,0.50,2.73,98,3,78,61,0,0,0,0,0,99,76,90,87,0,99,40,62,62,0,0,63,11,0,0
Callum Stretch,26,937724400,1999/09/19,USL League One,2026,Midfielder,Sarasota Paradise,155,155,0,USA,2,2,0,0,0,0,0,0,0,0,0,0,0,0,3,3,0,1,0,0,0,0,0,0,0,1.74,52,78,155,0,0.58,-1,-1,-1,6,0,6.42,0,84,52.26,45.00,86,90,38.00,76,72,44.13,86,0.00,0.00,1.00,2,0.00,0.50,0.58,0.50,1,0.00,0.00,0.00,0.00,0.00,0.00,0.00,1.50,0.00,0.00,0.00,0.00,0.00,0.00,0.00,0.00,1.00,0.00,0.00,0,0,,0,0.00,29,0,0.00,58,0,0.00,38,1,0,2,36,0.00,99,0,0,0.00,44,1,99,0.58,51,0,0.00,99,0,0.00,0,0,0.00,0,1.16,72,0,0.00,27,0,0.00,0.00,0,0.00,0,0,0,0.00,0,3,0.00,25,1.74,66,N/A,N/A,N/A,N/A,0.00,0,0.00,0,0.00,0.00,0,84.44,0.00,58,99,0.00,0.00,0,46,46,0,0,0,1.00,1.16,2,98,12.85,4.50,5.23,9,0,0.00,0.00,99,0.00,0,0,0,0.00,0.00,0,0.00,0.00,0.00,0.00,0,0,0.00,78,30,45,76,33,0.23,73,0.12,0.13,0.00,29,0.00,0.00,34,1,0.50,0.58,3.48,3.00,97,6,0.00,29,26,94,96,0,80,57,0,0.00,99,2,0.00,1.16,6.97,6.00,12,4,21,35,2.32,2.00,33.33,0,0.00,99,0,100.00,0,0.00,99,1,0.50,0.58,75,59,78,94,0,0,0,0,0,66,76,90,87,0,99,40,74,88,1,50,95,6,0,0
Camron Miller,26,930898800,1999/07/02,USL League One,2026,Midfielder,Spokane Velocity,226,180,46,USA,3,2,1,0,0,0,0,0,0,0,0,1,1,0,4,1,3,1,0,0,0,0,0,0,0,1.59,57,75,226,0,0.4,-1,-1,-1,13,0,6.71,0,84,53.76,45.00,88,135,40.00,120,93,47.79,90,0.00,0.00,0.00,0,0.00,0.00,0.40,0.33,1,0.00,0.00,0.00,0.00,0.00,0.33,0.00,1.33,0.00,0.40,0.33,0.33,0.00,0.00,0.02,0.00,1.00,0.00,0.00,0,0,,1,0.33,36,0,0.00,58,1,0.40,49,1,0,3,28,0.00,99,0,1,0.40,53,0,60,0.00,36,0,0.00,99,0,0.00,0,0,0.00,0,0.00,36,1,0.40,34,0,0.00,0.00,0,0.00,0,0,0,0.00,0,4,0.00,32,1.59,60,N/A,N/A,N/A,N/A,0.00,0,0.00,0,0.05,0.00,0,88.89,0.00,58,99,0.00,0.00,0,46,46,0,0,0,0.67,0.80,2,92,20.13,4.00,4.78,12,0,0.00,0.00,99,0.00,0,0,0,0.00,0.00,0,0.00,0.00,0.00,0.00,0,0,0.00,78,62,90,76,40,0.26,63,0.09,0.10,0.05,37,0.02,0.02,89,7,2.33,2.79,1.19,1.00,51,3,0.02,37,57,91,96,0,80,59,0,0.00,99,3,0.00,1.19,7.57,6.33,19,11,55,40,4.38,3.67,57.89,0,0.00,99,0,0.00,0,0.00,99,0,0.00,0.00,60,94,78,94,0,0,0,0,0,66,76,90,87,0,99,66,84,80,1,33,86,12,0,0
Carlos Merancio Valdez,27,905756400,1998/09/14,USL League One,2026,Goalkeeper,Spokane Velocity,270,180,90,Mexico,3,2,1,0,0,0,0,0,0,0,0,1,1,0,5,1,4,1,0,0,0,0,0,0,0,1.67,54,90,270,0,0.33,-1,-1,-1,12,0,6.44,0,84,35.33,35.33,64,106,25.00,75,27,25.00,57,0.00,0.00,0.00,0,0.00,0.00,0.00,0.00,0,0.00,0.00,0.00,0.00,2.33,0.00,0.00,4.00,0.00,0.00,0.00,0.00,0.00,0.00,0.00,0.00,0.33,0.00,0.00,0,0,,0,0.00,29,0,0.00,58,0,0.00,38,0,0,3,25,0.00,99,0,0,0.00,44,0,60,0.00,36,0,0.00,99,0,0.00,0,0,0.00,0,0.00,36,0,0.00,27,0,0.00,0.00,0,0.00,0,7,11,2.33,44,12,0.00,28,4.00,97,N/A,N/A,N/A,N/A,58.33,0,0.00,0,0.00,0.00,0,70.75,0.00,58,99,0.00,0.00,0,46,46,0,0,4,0.00,0.00,0,65,19.31,0.33,0.33,1,0,0.00,0.00,99,0.00,0,0,0,0.00,0.00,1,0.33,0.33,0.00,0.00,0,0,0.00,78,92,90,76,36,0.15,31,0.05,0.05,0.00,29,0.00,0.00,18,0,0.00,0.00,0.00,0.00,17,0,0.00,29,27,18,96,31,80,26,0,0.00,99,1,0.00,0.33,0.33,0.33,1,1,3,3,0.33,0.33,100.00,0,0.00,99,0,0.00,0,0.00,99,0,0.00,0.00,60,94,78,61,0,0,0,0,0,66,76,90,87,0,99,66,96,73,1,33,86,23,0,0
Chandler O'Dwyer,27,920275200,1999/03/01,USL League One,2026,Midfielder,Sarasota Paradise,134,134,0,USA,3,3,0,0,0,0,0,0,0,0,0,1,1,0,3,3,0,0,0,0,0,0,0,0,0,2.01,45,45,0,0,0,-1,-1,-1,10,0,6.69,0,84,24.18,12.00,35,36,8.33,25,22,16.79,33,0.00,0.00,1.00,3,0.00,0.33,0.67,0.33,1,0.00,0.33,0.00,0.00,0.00,0.33,0.00,1.00,0.00,1.34,0.67,0.33,0.00,0.00,0.04,0.00,0.67,0.00,0.00,0,0,,2,0.67,69,0,0.00,58,2,1.34,81,1,1,2,39,0.00,99,0,1,0.67,65,1,60,0.67,54,0,0.00,99,0,0.00,0,0,0.00,0,2.01,89,1,0.67,41,0,0.00,0.00,0,0.00,0,0,0,0.00,0,3,0.00,13,2.01,76,N/A,N/A,N/A,N/A,0.00,0,0.00,0,0.11,0.00,0,69.44,0.00,58,99,0.00,0.00,0,46,46,0,0,0,0.00,0.00,0,65,20.06,1.00,2.01,3,0,0.00,0.00,99,0.00,0,0,0,0.00,0.00,0,0.00,0.00,1.34,0.67,2,0,0.00,78,24,90,76,30,0.15,63,0.05,0.10,0.11,57,0.04,0.07,99,12,4.00,8.06,0.67,0.33,33,1,0.07,57,54,66,96,0,98,64,0,0.00,99,2,0.00,1.34,18.13,9.00,27,15,99,98,10.07,5.00,55.56,1,0.67,41,0,0.00,0,0.00,99,0,0.00,0.00,60,59,93,94,0,0,0,0,0,66,76,90,87,0,99,66,62,62,0,0,63,27,0,0
Charlie Adams,31,769071600,1994/05/16,USL League One,2026,Midfielder,Athletic Club Boise,2,0,2,England,1,0,1,0,0,0,0,0,0,0,0,0,0,0,0,0,0,0,0,0,0,0,0,0,0,0,0,2,0,0,0,-1,-1,-1,11,0,0.00,0,84,180.00,2.00,99,4,2.00,4,99,180.00,99,0.00,0.00,0.00,0,0.00,0.50,0.00,0.00,0,0.00,0.00,0.00,0.00,0.00,0.00,0.00,0.00,0.00,0.00,0.00,0.00,0.00,0.00,0.00,0.00,0.00,0.00,0.00,0,0,,0,0.00,29,0,0.00,58,0,0.00,38,0,1,0,25,0.00,99,0,0,0.00,44,1,99,45.00,99,0,0.00,99,0,0.00,0,0,0.00,0,0.00,36,0,0.00,27,0,0.00,0.00,0,0.00,0,0,0,0.00,0,0,0.00,99,0.00,0,N/A,N/A,N/A,N/A,0.00,0,0.00,0,0.00,0.00,0,100.00,0.00,58,99,0.00,0.00,0,46,46,0,0,0,0.00,0.00,0,65,0.00,0.00,0.00,0,0,0.00,0.00,99,0.00,0,0,0,0.00,0.00,0,0.00,0.00,0.00,0.00,0,0,0.00,78,0,9,76,8,0.01,95,0.01,0.45,0.00,29,0.00,0.00,18,0,0.00,0.00,0.00,0.00,17,0,0.00,29,0,16,96,0,80,21,0,0.00,99,0,0.00,0.00,0.00,0.00,0,0,1,1,0.00,0.00,0.00,0,0.00,99,0,100.00,0,0.00,99,1,0.50,45.00,99,3,93,61,0,0,0,0,0,66,76,90,87,0,99,40,62,62,0,0,63,6,0,0
Christian Chaney,31,779007600,1994/09/08,USL League One,2026,Defender,Corpus Christi,153,0,153,USA,2,0,2,0,0,0,0,0,0,0,0,1,0,1,2,0,2,0,0,0,0,0,0,0,0,1.18,77,77,0,0,0,-1,-1,-1,8,0,6.68,0,84,16.82,12.33,14,37,7.67,23,11,10.45,9,0.00,0.00,0.00,0,0.00,0.33,0.45,0.33,1,0.00,0.67,0.00,0.00,0.00,0.00,0.00,0.67,0.00,2.73,2.00,2.00,0.00,0.00,0.11,0.00,3.00,0.00,0.00,0,0,,6,2.00,90,0,0.00,58,6,2.73,97,1,0,2,29,0.00,99,0,0,0.00,44,1,60,0.45,42,0,0.00,99,0,0.00,0,0,0.00,0,0.00,36,6,2.73,90,0,0.00,0.00,0,0.00,0,0,0,0.00,0,2,0.00,46,0.91,23,N/A,N/A,N/A,N/A,0.00,0,0.00,0,0.32,0.00,0,62.16,0.00,58,99,0.00,0.00,0,46,46,0,0,0,0.67,0.91,2,94,20.05,2.33,3.18,7,0,0.00,0.00,99,0.00,0,0,0,0.00,0.00,0,0.00,0.00,0.45,0.33,1,0,0.00,78,29,45,76,55,0.06,12,0.02,0.03,0.32,71,0.11,0.15,88,6,2.00,2.73,2.73,2.00,91,6,0.15,70,53,77,96,0,88,96,0,0.00,99,9,0.00,4.09,19.55,14.33,43,16,92,99,7.27,5.33,37.21,2,0.91,29,0,0.00,0,0.00,99,0,0.00,0.00,60,59,78,94,0,0,0,0,0,66,76,90,87,0,99,96,62,62,0,0,63,9,0,0
Christian Koffi,25,967446000,2000/08/28,USL League One,2026,Midfielder,NY Cosmos,262,172,90,France,3,2,1,0,0,0,0,0,0,0,0,1,1,0,6,3,3,1,0,0,0,0,0,0,0,2.06,44,87,262,0,0.34,-1,-1,-1,7,0,6.37,0,84,19.58,19.00,22,57,13.67,41,30,14.08,22,0.00,0.00,0.67,2,0.00,0.67,0.34,0.33,1,0.00,1.00,0.00,0.00,0.00,0.00,0.00,2.00,0.00,2.06,1.33,1.67,0.00,0.67,0.15,0.00,0.33,0.00,0.00,0,0,,6,2.00,83,2,0.69,75,4,1.37,82,1,0,3,27,0.00,99,0,0,0.00,44,2,60,0.69,55,0,0.00,99,0,0.00,0,0,0.00,0,0.69,55,5,1.72,74,0,0.00,0.00,0,0.00,0,0,0,0.00,0,6,0.00,12,2.06,77,N/A,N/A,N/A,N/A,0.00,0,0.00,0,0.46,0.00,0,71.93,33.33,69,99,0.00,0.00,0,46,46,0,0,0,0.00,0.00,0,65,19.12,0.00,0.00,0,0,0.00,0.00,99,0.00,0,0,0,0.00,0.00,0,0.00,0.00,0.69,0.67,2,0,0.00,78,74,90,76,20,0.18,38,0.06,0.06,0.46,73,0.15,0.16,61,4,1.33,1.37,0.69,0.67,35,2,0.16,72,20,16,96,0,92,27,0,0.00,99,1,0.00,0.34,6.53,6.33,19,6,18,30,2.06,2.00,31.58,3,1.03,24,0,0.00,0,0.00,99,0,0.00,0.00,60,94,78,94,0,0,0,0,0,66,76,90,87,0,99,66,88,74,1,33,86,18,0,0
Christian Ortiz,24,997686000,2001/08/13,USL League One,2026,Midfielder,Alta,47,47,0,USA,2,2,0,0,0,0,0,0,0,0,0,1,1,0,0,0,0,0,0,0,0,0,0,0,0,0,0,24,0,0,0,-1,-1,-1,11,0,6.54,0,84,64.29,13.33,95,40,12.33,37,98,59.46,98,0.00,0.00,0.33,1,0.00,0.67,4.82,1.00,3,0.00,0.00,0.00,0.00,0.00,0.00,0.00,0.00,0.00,0.00,0.00,0.00,0.00,0.00,0.00,0.00,0.33,0.00,0.00,0,0,,0,0.00,29,0,0.00,58,0,0.00,38,0,1,0,99,0.00,99,0,0,0.00,44,2,90,3.21,83,0,0.00,99,0,0.00,0,0,0.00,0,1.61,82,0,0.00,27,0,0.00,0.00,0,0.00,0,0,0,0.00,0,0,0.00,99,0.00,0,N/A,N/A,N/A,N/A,0.00,0,0.00,0,0.00,0.00,0,92.50,0.00,58,99,0.00,0.00,0,46,46,0,0,0,0.00,0.00,0,65,19.63,0.33,1.61,1,0,0.00,0.00,99,0.00,0,0,0,0.00,0.00,0,0.00,0.00,0.00,0.00,0,0,0.00,78,0,45,76,8,0.12,83,0.04,0.19,0.00,29,0.00,0.00,18,0,0.00,0.00,1.61,0.33,65,1,0.00,29,37,59,96,0,80,70,0,0.00,99,1,0.00,1.61,9.64,2.00,6,4,83,61,6.43,1.33,66.67,0,0.00,99,0,50.00,0,0.00,99,1,0.33,1.61,93,3,93,61,0,0,0,0,0,66,76,90,87,0,99,96,62,62,0,0,63,2,0,0
Christopher Garcia,23,1042444800,2003/01/13,USL League One,2026,Midfielder,Naples,280,208,72,USA,4,3,1,1,1,0,2,2,0,0,0,2,1,1,1,1,0,0,0,0.96,0.64,0.32,0.43,0,280,0.32,280,70,0,140,0,2,2,-1,1,0,6.99,0.5,96,25.39,19.75,38,79,14.50,58,34,18.64,37,0.00,0.00,1.25,5,0.00,4.25,2.89,2.25,9,0.00,0.50,0.00,0.00,0.00,0.00,0.75,0.50,5.00,1.61,0.25,4.00,0.00,1.00,0.28,0.00,0.25,0.00,0.00,0,0,,5,1.25,74,4,1.29,91,1,0.32,40,1,0,3,92,0.00,99,0,0,0.00,44,17,73,5.46,95,0,0.00,99,0,0.00,0,0,0.00,0,1.61,82,16,5.14,99,3,0.96,18.75,0,0.00,0,0,0,0.00,0,2,0.00,91,0.64,13,N/A,N/A,N/A,N/A,0.00,0,0.00,0,1.14,0.00,0,73.42,80.00,91,99,0.00,0.00,0,78,49,0,0,0,0.00,0.00,0,65,27.96,1.25,1.61,5,0,0.00,0.00,99,0.00,0,0,0,0.00,0.00,0,0.00,0.00,0.00,0.00,0,0,20.00,86,92,99,98,99,1.51,97,0.38,0.49,1.14,88,0.28,0.37,79,7,1.75,2.25,1.61,1.25,65,5,0.37,85,82,59,96,0,80,22,0,0.00,99,1,0.00,0.32,13.82,10.75,43,20,83,89,6.43,5.00,46.51,2,0.64,43,0,29.41,0,0.00,99,5,1.25,1.61,93,94,78,94,0,0,0,0,0,92,80,90,90,0,99,96,62,62,0,0,63,11,0,0
Christopher Jaime,22,1079769600,2004/03/20,USL League One,2026,Midfielder,Charlotte Independence,180,90,90,USA,2,1,1,0,0,0,0,0,0,0,0,1,1,0,1,0,1,1,0,0,0,0,0,0,0,0.5,180,90,180,0,0.5,-1,-1,-1,5,0,6.67,0,84,32.59,31.50,58,63,27.50,55,88,28.45,65,0.00,0.00,1.00,2,0.00,2.00,1.55,1.50,3,0.00,2.00,0.00,0.00,0.00,0.00,1.00,0.50,0.00,1.55,1.50,2.00,0.00,0.00,0.07,0.00,0.00,0.00,0.00,0,0,,3,1.50,72,0,0.00,58,3,1.55,87,1,0,2,69,0.00,99,0,0,0.00,44,4,60,2.07,73,0,0.00,99,0,0.00,0,0,0.00,0,1.03,67,4,2.07,83,2,1.03,50.00,0,0.00,0,0,0,0.00,0,1,0.00,90,0.52,7,N/A,N/A,N/A,N/A,0.00,0,0.00,0,0.15,0.00,0,87.30,0.00,58,99,0.00,0.00,0,84,78,0,0,0,0.50,0.52,1,81,13.33,1.50,1.55,3,0,0.00,0.00,99,0.00,0,0,0,0.00,0.00,0,0.00,0.00,0.00,0.00,0,0,0.00,78,55,45,76,98,0.16,50,0.08,0.08,0.15,59,0.07,0.08,32,1,0.50,0.52,1.03,1.00,46,2,0.08,58,52,57,96,0,80,21,0,0.00,99,0,0.00,0.00,7.24,7.00,14,6,34,37,3.10,3.00,42.86,4,2.07,6,0,0.00,0,0.00,99,0,0.00,0.00,60,59,78,94,0,0,0,0,0,66,76,90,87,0,99,96,80,86,1,50,95,8,0,0
Christopher Tiao,24,991206000,2001/05/30,USL League One,2026,Defender,One Knoxville,270,180,90,USA,3,2,1,0,0,0,0,0,0,0,0,1,1,0,3,2,1,0,0,0,0,0,0,0,0,1,90,90,0,0,0,-1,-1,-1,11,0,6.28,0,84,33.67,33.67,60,101,24.00,72,28,24.00,54,0.00,0.00,0.00,0,0.00,3.00,1.33,1.33,4,0.00,0.33,0.00,0.00,0.00,1.00,0.33,1.33,0.00,1.00,1.00,2.00,0.00,0.00,0.05,0.00,1.00,0.00,0.00,0,0,,3,1.00,60,0,0.00,58,3,1.00,71,0,0,3,61,0.00,99,0,3,1.00,81,9,60,3.00,81,0,0.00,99,0,0.00,0,0,0.00,0,0.00,36,6,2.00,80,1,0.33,16.67,0,0.00,0,0,0,0.00,0,4,0.00,63,1.33,46,N/A,N/A,N/A,N/A,0.00,0,0.00,0,0.16,0.00,0,71.29,0.00,58,99,0.00,0.00,0,55,49,0,0,0,0.00,0.00,0,65,18.84,2.67,2.67,8,0,0.00,0.00,99,0.00,0,0,0,0.00,0.00,0,0.00,0.00,0.00,0.00,0,0,0.00,78,92,90,76,71,0.15,31,0.05,0.05,0.16,49,0.05,0.05,18,0,0.00,0.00,1.67,1.67,68,5,0.05,49,14,72,96,0,80,52,0,0.00,99,3,0.00,1.00,8.67,8.67,26,8,26,53,2.67,2.67,30.77,1,0.33,56,0,0.00,0,0.00,99,0,0.00,0.00,60,94,78,61,0,0,0,0,0,66,76,90,87,0,99,66,62,62,0,0,63,2,0,0
Clay Dimick,31,786787200,1994/12/07,USL League One,2026,Defender,Charlotte Independence,180,90,90,USA,2,1,1,0,0,0,0,0,0,0,0,1,1,0,1,0,1,0,0,0,0,0,0,0,0,0.5,180,90,0,0,0,-1,-1,-1,7,0,6.63,0,84,25.00,25.00,37,50,21.00,42,67,21.00,45,0.00,0.00,1.00,2,0.00,1.50,0.00,0.00,0,0.00,0.00,0.00,0.00,0.00,0.50,0.00,0.50,0.00,1.00,1.00,1.50,0.00,0.00,0.06,0.00,0.50,0.00,0.00,0,0,,2,1.00,60,0,0.00,58,2,1.00,71,0,0,2,25,0.00,99,0,1,0.50,57,3,80,1.50,67,0,0.00,99,0,0.00,0,0,0.00,0,1.00,66,3,1.50,67,0,0.00,0.00,0,0.00,0,0,0,0.00,0,1,0.00,90,0.50,6,N/A,N/A,N/A,N/A,0.00,0,0.00,0,0.12,0.00,0,84.00,0.00,58,99,0.00,0.00,0,46,46,0,0,0,0.50,0.50,1,79,13.26,4.50,4.50,9,0,0.00,0.00,99,0.00,0,0,0,0.00,0.00,0,0.00,0.00,0.00,0.00,0,0,0.00,78,55,45,76,98,0.15,44,0.07,0.07,0.12,52,0.06,0.06,31,1,0.50,0.50,0.50,0.50,25,1,0.06,51,48,89,96,0,80,35,0,0.00,99,1,0.00,0.50,5.00,5.00,10,2,9,19,1.00,1.00,20.00,0,0.00,99,0,33.33,0,0.00,99,1,0.50,0.50,72,59,78,61,0,0,0,0,0,66,76,90,87,0,99,96,62,62,0,0,63,17,0,0
Collin Fernandez,29,855820800,1997/02/13,USL League One,2026,Midfielder,Spokane Velocity,57,57,0,USA,1,1,0,0,0,0,0,0,0,0,0,1,1,0,0,0,0,0,0,0,0,0,0,0,0,0,0,57,0,0,0,-1,-1,-1,17,0,6.89,0,84,48.95,31.00,83,31,29.00,29,98,45.79,88,0.00,0.00,0.00,0,0.00,0.00,1.58,1.00,1,0.00,0.00,0.00,0.00,0.00,0.00,2.00,0.00,0.00,1.58,1.00,2.00,0.00,0.00,0.06,0.00,2.00,0.00,0.00,0,0,,1,1.00,72,0,0.00,58,1,1.58,87,1,0,1,69,0.00,99,0,0,0.00,44,0,60,0.00,36,0,0.00,99,0,0.00,0,0,0.00,0,0.00,36,2,3.16,92,2,3.16,100.00,0,0.00,0,0,0,0.00,0,0,0.00,99,0.00,0,N/A,N/A,N/A,N/A,0.00,0,0.00,0,0.06,0.00,0,93.55,0.00,58,99,0.00,0.00,0,99,99,0,0,0,0.00,0.00,0,65,6.89,0.00,0.00,0,0,0.00,0.00,99,0.00,0,0,0,0.00,0.00,0,0.00,0.00,0.00,0.00,0,0,0.00,78,0,9,76,8,0.07,66,0.07,0.11,0.06,62,0.06,0.09,92,2,2.00,3.16,3.16,2.00,95,2,0.09,62,73,16,96,0,80,90,0,0.00,99,2,0.00,3.16,15.79,10.00,10,7,99,94,11.05,7.00,70.00,0,0.00,99,0,0.00,0,0.00,99,0,0.00,0.00,60,24,78,94,0,0,0,0,0,66,76,90,87,0,99,99,62,62,0,0,63,6,0,0
Collin McCamy,22,1053068400,2003/05/16,USL League One,2026,Midfielder,Forward Madison,180,0,180,USA,2,0,2,0,0,0,0,0,0,0,0,1,0,1,1,0,1,0,0,0,0,0,0,0,0,0.5,180,90,0,0,0,-1,-1,-1,5,0,6.53,0,84,25.50,25.50,38,51,16.00,32,12,16.00,32,0.00,0.00,0.50,1,0.00,0.50,0.50,0.50,1,0.00,0.50,0.00,0.00,0.00,0.00,0.50,0.50,0.00,0.50,0.50,1.00,0.00,0.00,0.03,0.00,2.50,0.00,0.00,0,0,,1,0.50,40,0,0.00,58,1,0.50,54,0,0,2,32,0.00,99,0,0,0.00,44,1,60,0.50,44,0,0.00,99,0,0.00,0,0,0.00,0,0.50,45,2,1.00,54,1,0.50,50.00,0,0.00,0,0,0,0.00,0,1,0.00,90,0.50,6,N/A,N/A,N/A,N/A,0.00,0,0.00,0,0.05,0.00,0,62.75,0.00,58,99,0.00,0.00,0,65,78,0,0,0,0.50,0.50,1,79,13.06,6.00,6.00,12,0,0.00,0.00,99,0.00,0,0,0,0.00,0.00,0,0.00,0.00,0.00,0.00,0,0,0.00,78,55,45,76,98,0.12,38,0.06,0.06,0.05,41,0.03,0.03,18,0,0.00,0.00,1.00,1.00,45,2,0.03,41,36,98,96,0,80,83,0,0.00,99,5,0.00,2.50,9.50,9.50,19,7,39,61,3.50,3.50,36.84,1,0.50,49,0,0.00,0,0.00,99,0,0.00,0.00,60,59,78,61,0,0,0,0,0,66,76,90,87,0,99,96,62,62,0,0,63,4,0,0
Connor Evans,24,1016956800,2002/03/24,USL League One,2026,Midfielder,Greenville Triumph,270,270,0,USA,3,3,0,0,0,0,0,0,0,0,0,0,0,0,6,6,0,0,0,0,0,0,0,0,0,2,45,90,0,0,0,-1,-1,-1,9,0,7.08,0,84,53.33,53.33,87,160,39.33,118,34,39.33,83,0.00,0.00,2.33,7,0.00,6.00,0.33,0.33,1,0.00,1.00,0.00,0.00,0.00,1.00,1.67,2.00,0.00,1.33,0.67,2.67,0.00,0.67,0.14,0.00,1.33,0.00,0.00,0,0,,4,1.33,68,2,0.67,75,2,0.67,61,0,0,3,26,0.00,99,0,3,1.00,81,18,67,6.00,97,0,0.00,99,0,0.00,0,0,0.00,0,2.33,94,8,2.67,89,5,1.67,62.50,0,0.00,0,0,0,0.00,0,6,0.00,22,2.00,76,N/A,N/A,N/A,N/A,0.00,0,0.00,0,0.43,0.00,0,73.75,50.00,84,99,0.00,0.00,0,95,81,0,0,0,0.67,0.67,2,87,21.23,1.00,1.00,3,0,0.00,0.00,99,0.00,0,0,0,0.00,0.00,0,0.00,0.00,0.00,0.00,0,0,0.00,78,92,90,76,30,0.56,83,0.19,0.19,0.43,69,0.14,0.14,75,6,2.00,2.00,1.67,1.67,68,5,0.14,68,88,43,96,0,80,63,0,0.00,99,4,0.00,1.33,10.33,10.33,31,16,68,66,5.33,5.33,51.61,3,1.00,28,0,16.67,0,0.00,99,3,1.00,1.00,86,94,78,61,0,0,0,0,0,66,76,90,87,0,99,40,62,62,0,0,63,18,0,0
Conor McGlynn,28,880012800,1997/11/20,USL League One,2026,Midfielder,Westchester SC,270,180,90,USA,3,2,1,2,1,1,0,0,0,0,0,0,0,0,7,3,4,0,0,0.67,0,0.67,0.5,1,135,2.33,39,90,0,0,0,-1,-1,-1,1,0,7.30,0,84,53.43,49.67,87,149,42.00,126,72,45.18,88,0.00,0.00,0.67,2,0.00,0.00,1.43,1.33,4,0.00,0.00,0.00,0.00,0.00,0.33,1.00,2.33,3.00,2.15,1.33,1.00,0.00,0.67,0.52,0.00,1.33,0.00,0.00,0,0,,6,2.00,84,2,0.72,76,4,1.43,83,0,0,3,65,0.00,99,0,1,0.36,49,0,60,0.00,36,0,0.00,99,0,0.00,0,0,0.00,0,0.72,56,3,1.08,56,3,1.08,100.00,0,0.00,0,0,0,0.00,0,7,0.00,7,2.51,86,N/A,N/A,N/A,N/A,0.00,0,0.00,0,1.57,0.00,0,84.56,33.33,69,99,0.00,0.00,0,86,99,1,0,0,1.33,1.43,4,99,21.90,3.00,3.23,9,0,0.00,0.00,99,0.00,0,1,0,0.00,0.00,0,0.00,0.00,0.00,0.00,0,0,33.33,93,92,90,84,16,0.35,73,0.12,0.13,0.87,84,0.29,0.31,18,0,0.00,0.00,1.79,1.67,71,5,0.56,92,95,79,96,0,80,67,0,0.00,99,4,0.00,1.43,6.45,6.00,18,11,44,29,3.94,3.67,61.11,0,0.00,99,0,0.00,0,0.00,99,0,0.00,0.00,60,94,78,61,0,0,0,0,0,88,93,99,94,0,99,40,62,62,0,0,63,6,0,0
Dakota Barnathan,28,884678400,1998/01/13,USL League One,2026,Defender,Richmond Kickers,270,90,180,USA,3,1,2,0,0,0,0,0,0,0,0,0,0,0,3,1,2,2,0,0,0,0,0,0,0,1,90,90,135,0,0.67,-1,-1,-1,3,0,6.61,0,84,16.33,16.33,12,49,9.00,27,6,9.00,7,0.00,0.00,0.67,2,0.00,0.33,1.67,1.67,5,0.00,0.00,0.00,0.00,0.00,1.00,0.33,1.00,0.00,0.67,0.67,0.33,0.00,0.00,0.04,0.00,1.67,0.00,0.00,0,0,,2,0.67,47,0,0.00,58,2,0.67,61,0,0,3,73,0.00,99,0,3,1.00,81,1,60,0.33,39,0,0.00,99,0,0.00,0,0,0.00,0,0.67,55,1,0.33,31,1,0.33,100.00,0,0.00,0,0,0,0.00,0,3,0.00,63,1.00,33,N/A,N/A,N/A,N/A,0.00,0,0.00,0,0.11,0.00,0,55.10,0.00,58,99,0.00,0.00,0,55,99,0,0,0,0.33,0.33,1,68,19.84,1.33,1.33,4,0,0.00,0.00,99,0.00,0,0,0,0.00,0.00,0,0.00,0.00,0.00,0.00,0,0,0.00,78,92,90,76,71,0.16,31,0.05,0.05,0.11,46,0.04,0.04,23,1,0.33,0.33,0.67,0.67,33,2,0.04,46,44,54,96,0,80,72,0,0.00,99,5,0.00,1.67,5.67,5.67,17,12,48,24,4.00,4.00,70.59,0,0.00,99,0,0.00,0,0.00,99,0,0.00,0.00,60,94,78,61,0,0,0,0,0,66,76,90,87,0,99,40,72,90,2,67,97,2,0,0
Daniel Bouman,28,886838400,1998/02/07,USL League One,2026,Midfielder,Westchester SC,0,0,0,Australia,0,0,0,0,0,0,0,0,0,0,0,0,0,0,0,0,0,0,0,0,0,0,0,0,0,0,0,0,0,0,0,-1,-1,-1,-1,N/A,N/A,N/A,N/A,N/A,N/A,N/A,N/A,N/A,N/A,N/A,N/A,N/A,N/A,N/A,N/A,N/A,N/A,N/A,N/A,N/A,N/A,N/A,N/A,N/A,N/A,N/A,N/A,N/A,N/A,N/A,N/A,N/A,N/A,N/A,N/A,N/A,N/A,N/A,N/A,N/A,N/A,N/A,N/A,N/A,N/A,N/A,N/A,N/A,N/A,N/A,N/A,N/A,N/A,N/A,N/A,N/A,N/A,N/A,N/A,N/A,N/A,N/A,N/A,N/A,N/A,N/A,N/A,N/A,N/A,N/A,N/A,N/A,N/A,N/A,N/A,N/A,N/A,N/A,N/A,N/A,N/A,N/A,N/A,N/A,N/A,N/A,N/A,N/A,N/A,N/A,N/A,N/A,N/A,N/A,N/A,N/A,N/A,N/A,N/A,N/A,N/A,N/A,N/A,N/A,N/A,N/A,N/A,N/A,N/A,N/A,N/A,N/A,N/A,N/A,N/A,N/A,N/A,N/A,N/A,N/A,N/A,N/A,N/A,N/A,N/A,N/A,N/A,N/A,N/A,N/A,N/A,N/A,N/A,N/A,N/A,N/A,N/A,N/A,N/A,N/A,N/A,N/A,N/A,N/A,N/A,N/A,N/A,N/A,N/A,N/A,N/A,N/A,N/A,N/A,N/A,N/A,N/A,N/A,N/A,N/A,N/A,N/A,N/A,N/A,N/A,N/A,N/A,N/A,N/A,N/A,N/A,N/A,N/A,N/A,N/A,N/A,N/A,N/A,N/A,N/A,N/A,N/A,N/A,N/A,N/A,N/A,N/A,N/A,N/A,N/A,N/A,N/A,N/A,N/A,N/A,N/A,N/A,N/A,N/A,N/A,N/A,N/A,N/A,N/A,N/A,N/A,N/A,N/A,N/A,N/A,N/A,N/A,N/A,N/A,N/A,N/A,N/A,N/A,N/A,N/A,N/A,N/A,N/A
Daniel Burko,23,1032246000,2002/09/17,USL League One,2026,Midfielder,Westchester SC,270,180,90,Norway,3,2,1,0,0,0,2,1,1,0,0,0,0,0,7,3,4,1,0,0.67,0.67,0,0,0,0,2.33,39,90,270,135,0.33,-1,-1,-1,7,0,6.95,0.67,97,22.67,22.67,30,68,13.33,40,8,13.33,19,0.00,0.00,1.33,4,0.00,1.33,0.33,0.33,1,0.00,1.67,0.00,0.00,0.00,0.67,0.67,2.67,0.00,1.33,1.33,1.33,0.00,0.00,0.07,0.00,5.67,0.00,0.00,0,0,,4,1.33,68,0,0.00,58,4,1.33,80,0,0,3,26,0.00,99,0,2,0.67,65,4,71,1.33,65,0,0.00,99,0,0.00,0,0,0.00,0,1.33,76,4,1.33,62,2,0.67,50.00,0,0.00,0,0,0,0.00,0,8,0.00,7,2.67,88,N/A,N/A,N/A,N/A,0.00,0,0.00,0,0.22,0.00,0,58.82,0.00,58,99,0.00,0.00,0,73,78,0,0,0,0.33,0.33,1,68,20.85,1.33,1.33,4,0,0.00,0.00,99,0.00,0,0,0,0.00,0.00,0,0.00,0.00,0.67,0.67,2,1,0.00,78,92,90,76,16,1.42,96,0.47,0.47,0.22,57,0.07,0.07,86,8,2.67,2.67,2.33,2.33,84,7,0.07,57,78,54,96,0,91,99,0,0.00,99,17,0.00,5.67,20.33,20.33,61,28,98,99,9.33,9.33,45.90,5,1.67,10,0,25.00,0,0.00,99,1,0.33,0.33,64,94,78,61,0,0,0,0,0,88,76,90,87,0,99,40,96,73,1,33,86,77,0,0
Daniel Fernández Cotobal,28,863679600,1997/05/15,USL League One,2026,Defender,One Knoxville,201,111,90,Spain,3,2,1,0,0,0,0,0,0,0,0,1,1,0,3,2,1,0,0,0,0,0,0,0,0,1.34,67,67,0,0,0,-1,-1,-1,14,0,6.49,0,84,28.21,21.00,47,63,14.33,43,19,19.25,40,0.00,0.00,0.00,0,0.00,0.00,1.34,1.00,3,0.00,0.00,0.00,0.00,0.00,0.67,0.00,1.33,0.00,0.45,0.33,0.00,0.00,0.00,0.02,0.00,2.33,0.00,0.00,0,0,,1,0.33,38,0,0.00,58,1,0.45,50,1,1,2,62,0.00,99,0,2,0.90,76,0,60,0.00,36,0,0.00,99,0,0.00,0,0,0.00,0,0.00,36,0,0.00,27,0,0.00,0.00,0,0.00,0,0,0,0.00,0,4,0.00,42,1.79,68,N/A,N/A,N/A,N/A,0.00,0,0.00,0,0.05,0.00,0,68.25,0.00,58,99,0.00,0.00,0,46,46,0,0,0,0.33,0.45,1,73,19.47,2.67,3.58,8,0,0.00,0.00,99,0.00,0,0,0,0.00,0.00,0,0.00,0.00,0.00,0.00,0,0,0.00,78,57,90,76,50,0.08,23,0.03,0.04,0.05,37,0.02,0.02,28,1,0.33,0.45,0.00,0.00,17,0,0.02,37,30,82,96,0,80,90,0,0.00,99,7,0.00,3.13,6.27,4.67,14,11,63,28,4.93,3.67,78.57,0,0.00,99,0,0.00,0,0.00,99,0,0.00,0.00,60,59,93,94,0,0,0,0,0,66,76,90,87,0,99,66,62,62,0,0,63,13,0,0
Daniel Wu,25,973152000,2000/11/02,USL League One,2026,Midfielder,Greenville Triumph,0,0,0,USA,0,0,0,0,0,0,0,0,0,0,0,0,0,0,0,0,0,0,0,0,0,0,0,0,0,0,0,0,0,0,0,-1,-1,-1,-1,N/A,N/A,N/A,N/A,N/A,N/A,N/A,N/A,N/A,N/A,N/A,N/A,N/A,N/A,N/A,N/A,N/A,N/A,N/A,N/A,N/A,N/A,N/A,N/A,N/A,N/A,N/A,N/A,N/A,N/A,N/A,N/A,N/A,N/A,N/A,N/A,N/A,N/A,N/A,N/A,N/A,N/A,N/A,N/A,N/A,N/A,N/A,N/A,N/A,N/A,N/A,N/A,N/A,N/A,N/A,N/A,N/A,N/A,N/A,N/A,N/A,N/A,N/A,N/A,N/A,N/A,N/A,N/A,N/A,N/A,N/A,N/A,N/A,N/A,N/A,N/A,N/A,N/A,N/A,N/A,N/A,N/A,N/A,N/A,N/A,N/A,N/A,N/A,N/A,N/A,N/A,N/A,N/A,N/A,N/A,N/A,N/A,N/A,N/A,N/A,N/A,N/A,N/A,N/A,N/A,N/A,N/A,N/A,N/A,N/A,N/A,N/A,N/A,N/A,N/A,N/A,N/A,N/A,N/A,N/A,N/A,N/A,N/A,N/A,N/A,N/A,N/A,N/A,N/A,N/A,N/A,N/A,N/A,N/A,N/A,N/A,N/A,N/A,N/A,N/A,N/A,N/A,N/A,N/A,N/A,N/A,N/A,N/A,N/A,N/A,N/A,N/A,N/A,N/A,N/A,N/A,N/A,N/A,N/A,N/A,N/A,N/A,N/A,N/A,N/A,N/A,N/A,N/A,N/A,N/A,N/A,N/A,N/A,N/A,N/A,N/A,N/A,N/A,N/A,N/A,N/A,N/A,N/A,N/A,N/A,N/A,N/A,N/A,N/A,N/A,N/A,N/A,N/A,N/A,N/A,N/A,N/A,N/A,N/A,N/A,N/A,N/A,N/A,N/A,N/A,N/A,N/A,N/A,N/A,N/A,N/A,N/A,N/A,N/A,N/A,N/A,N/A,N/A,N/A,N/A,N/A,N/A,N/A,N/A
Darren Sidoel,28,889516800,1998/03/10,USL League One,2026,Midfielder,NY Cosmos,360,180,180,Netherlands,4,2,2,1,1,0,0,0,0,0,0,1,1,0,9,3,6,1,0,0.25,0,0.25,0.5,0,360,2.25,40,90,360,0,0.25,7,18,-1,4,0,6.77,0,84,31.43,29.25,56,117,22.50,90,44,24.18,55,0.00,0.00,0.50,2,0.00,0.50,0.27,0.25,1,0.00,0.25,0.00,0.00,0.00,1.00,0.00,1.75,6.00,1.61,1.00,0.50,0.00,0.50,0.26,0.00,0.50,0.00,0.00,0,0,,6,1.50,74,2,0.54,69,4,1.07,73,1,0,4,25,0.00,99,0,4,1.07,82,2,60,0.54,48,0,0.00,99,0,0.00,0,0,0.00,0,0.54,46,2,0.54,38,0,0.00,0.00,0,0.00,0,0,0,0.00,0,7,0.00,9,1.88,70,N/A,N/A,N/A,N/A,0.00,0,0.00,0,1.05,0.00,0,76.92,33.33,69,99,0.00,0.00,0,46,46,0,0,0,0.25,0.27,1,67,27.08,0.50,0.54,2,0,0.00,0.00,99,0.00,0,0,1,0.25,0.27,0,0.00,0.00,0.00,0.00,0,0,16.67,83,99,99,99,17,0.22,38,0.06,0.06,1.05,82,0.26,0.28,59,5,1.25,1.34,1.34,1.25,56,5,0.28,80,64,26,97,0,80,36,0,0.00,99,2,0.00,0.54,5.37,5.00,20,8,19,21,2.15,2.00,40.00,1,0.27,57,0,0.00,0,0.00,99,0,0.00,0.00,60,99,78,94,0,0,0,0,0,68,78,90,94,0,99,42,99,64,1,25,68,33,0,0
Darwin Espinal,31,790243200,1995/01/16,USL League One,2026,Midfielder,Richmond Kickers,95,27,68,Honduras,2,1,1,0,0,0,0,0,0,0,0,0,0,0,0,0,0,0,0,0,0,0,0,0,0,0,0,48,0,0,0,-1,-1,-1,15,0,6.64,0,84,29.61,12.50,52,25,6.50,13,5,15.39,29,0.00,0.00,0.00,0,0.00,0.00,2.37,1.00,2,0.00,0.00,0.00,0.00,0.00,0.50,0.50,0.00,0.00,1.18,0.00,0.50,0.00,0.50,0.07,0.00,0.50,0.00,0.00,0,0,,1,0.50,64,1,1.18,90,0,0.00,38,2,1,1,87,0.00,99,0,1,1.18,86,0,60,0.00,36,0,0.00,99,0,0.00,0,0,0.00,0,0.00,36,1,1.18,59,1,1.18,100.00,0,0.00,0,0,0,0.00,0,0,0.00,99,0.00,0,N/A,N/A,N/A,N/A,0.00,0,0.00,0,0.14,0.00,0,52.00,100.00,99,99,0.00,0.00,0,87,99,0,0,0,0.00,0.00,0,65,13.29,0.00,0.00,0,0,0.00,0.00,99,0.00,0,0,0,0.00,0.00,0,0.00,0.00,0.00,0.00,0,0,0.00,78,13,45,76,8,0.03,23,0.01,0.04,0.14,74,0.07,0.17,81,2,1.00,2.37,1.18,0.50,50,1,0.17,72,49,16,96,0,80,58,0,0.00,99,1,0.00,1.18,8.29,3.50,7,4,62,48,4.74,2.00,57.14,0,0.00,99,0,0.00,0,0.00,99,0,0.00,0.00,60,24,93,99,0,0,0,0,0,66,76,90,87,0,99,40,62,62,0,0,63,19,0,0
David Leonardo Castro Cortés,36,610959600,1989/05/12,USL League One,2026,Forward,Greenville Triumph,15,15,0,Colombia,1,1,0,0,0,0,0,0,0,0,0,0,0,0,0,0,0,0,0,0,0,0,0,0,0,0,0,15,0,0,0,-1,-1,-1,14,0,4.41,0,84,49.09,4.00,83,12,3.33,10,65,40.91,84,0.00,0.00,0.00,0,0.00,0.00,0.00,0.00,0,0.00,0.33,0.00,0.00,0.00,0.00,0.00,0.00,0.00,12.27,0.67,0.00,0.00,0.33,0.09,0.00,0.33,0.00,0.00,0,0,,3,1.00,99,1,4.09,99,2,8.18,99,0,1,0,25,0.00,99,0,0,0.00,44,0,60,0.00,36,0,0.00,99,0,0.00,0,0,0.00,0,0.00,36,0,0.00,27,0,0.00,0.00,0,0.00,0,0,0,0.00,0,0,0.00,99,0.00,0,N/A,N/A,N/A,N/A,0.00,0,0.00,0,0.27,0.00,0,83.33,33.33,69,99,0.00,0.00,0,46,46,0,0,0,0.00,0.00,0,65,13.23,0.00,0.00,0,0,0.00,0.00,99,0.00,0,0,1,0.33,4.09,0,0.00,0.00,0.00,0.00,0,0,0.00,78,0,9,76,8,0.02,50,0.01,0.08,0.27,99,0.09,1.10,18,0,0.00,0.00,0.00,0.00,17,0,1.10,99,4,16,99,0,80,96,0,0.00,99,1,0.00,4.09,20.45,1.67,5,1,49,99,4.09,0.33,20.00,1,4.09,0,0,0.00,0,0.00,99,0,0.00,0.00,60,3,93,61,0,0,0,0,0,66,76,90,87,0,99,40,62,62,0,0,63,25,0,0
Davide Galazzini,26,953193600,2000/03/16,USL League One,2026,Defender,NY Cosmos,270,180,90,Italy,3,2,1,1,1,0,0,0,0,0,0,1,1,0,6,3,3,0,0,0.33,0,0.33,0.5,0,270,2,45,90,0,0,0,-1,-1,-1,3,0,4.84,0,84,15.33,11.50,7,46,6.00,24,5,8.00,6,0.00,0.00,0.25,1,0.00,1.50,2.33,1.75,7,0.00,0.75,0.00,0.00,0.00,1.25,0.25,1.50,2.00,0.67,0.25,0.75,0.00,0.25,0.19,0.00,0.50,0.00,0.00,0,0,,2,0.50,47,1,0.33,62,1,0.33,45,0,0,3,86,0.00,99,0,5,1.67,92,6,67,2.00,72,0,0.00,99,0,0.00,0,0,0.00,0,0.33,39,3,1.00,54,1,0.33,33.33,0,0.00,0,0,0,0.00,0,6,0.00,22,2.00,76,N/A,N/A,N/A,N/A,0.00,0,0.00,0,0.75,0.00,0,52.17,50.00,84,99,0.00,0.00,0,55,62,0,0,0,0.00,0.00,0,65,19.36,1.00,1.33,4,0,0.00,0.00,99,0.00,0,0,0,0.00,0.00,0,0.00,0.00,0.00,0.00,0,0,50.00,99,92,90,97,30,0.10,12,0.03,0.03,0.75,78,0.19,0.25,38,2,0.50,0.67,1.33,1.00,55,4,0.25,76,6,54,96,0,80,41,0,0.00,99,2,0.00,0.67,8.67,6.50,26,12,48,53,4.00,3.00,46.15,3,1.00,28,0,16.67,0,0.00,99,1,0.25,0.33,64,94,78,61,0,0,0,0,0,72,83,90,94,0,99,66,62,62,0,0,63,17,0,0
Dean Diego Guezen,27,913968000,1998/12/18,USL League One,2026,Midfielder,Westchester SC,128,71,57,Netherlands,2,1,1,1,1,0,0,0,0,0,0,0,0,0,3,0,3,1,0,0.7,0,0.7,1.27,0,128,2.11,43,64,128,0,0.7,-1,-1,-1,2,0,6.75,0,84,24.63,18.33,36,55,15.67,47,78,21.04,46,0.00,0.00,0.67,2,0.00,3.00,0.00,0.00,0,0.00,0.33,0.00,0.00,0.00,1.00,0.00,2.00,5.00,2.24,1.00,0.67,0.00,0.67,0.33,0.00,0.00,0.00,0.00,0,0,,5,1.67,85,2,0.90,81,3,1.34,81,0,0,2,25,0.00,99,0,3,1.34,88,9,80,4.03,86,0,0.00,99,0,0.00,0,0,0.00,0,0.90,61,2,0.90,49,0,0.00,0.00,0,0.00,0,0,0,0.00,0,6,0.00,10,2.69,89,N/A,N/A,N/A,N/A,0.00,0,0.00,0,0.99,0.00,0,85.45,40.00,73,99,0.00,0.00,0,46,46,0,0,0,0.00,0.00,0,65,20.24,0.67,0.90,2,0,0.00,0.00,99,0.00,0,0,0,0.00,0.00,0,0.00,0.00,0.00,0.00,0,0,20.00,86,22,45,83,19,0.15,44,0.05,0.07,0.99,90,0.33,0.44,71,4,1.33,1.79,2.24,1.67,83,5,0.44,88,60,37,96,0,80,21,0,0.00,99,0,0.00,0.00,6.27,4.67,14,4,15,28,1.79,1.33,28.57,1,0.45,50,0,33.33,0,0.00,99,3,1.00,1.34,90,59,78,61,0,0,0,0,0,90,94,90,99,0,99,40,71,91,1,50,95,10,0,0
Declan Watters,27,920275200,1999/03/01,USL League One,2026,Defender,Sarasota Paradise,270,270,0,Republic of Ireland,3,3,0,0,0,0,0,0,0,0,0,1,1,0,3,3,0,1,0,0,0,0,0,0,0,1,90,90,270,0,0.33,-1,-1,-1,5,0,6.33,0,84,48.00,48.00,83,144,38.33,115,55,38.33,80,0.00,0.00,0.00,0,0.00,0.00,0.67,0.67,2,0.00,0.00,0.00,0.00,0.00,0.33,0.00,1.00,0.00,0.33,0.33,0.00,0.00,0.00,0.02,0.00,2.00,0.00,0.00,0,0,,1,0.33,33,0,0.00,58,1,0.33,45,0,0,3,39,0.00,99,0,1,0.33,47,0,60,0.00,36,0,0.00,99,0,0.00,0,0,0.00,0,0.00,36,0,0.00,27,0,0.00,0.00,0,0.00,0,0,0,0.00,0,3,0.00,63,1.00,33,N/A,N/A,N/A,N/A,0.00,0,0.00,0,0.06,0.00,0,79.86,0.00,58,99,0.00,0.00,0,46,46,0,0,0,0.00,0.00,0,65,19.00,2.00,2.00,6,0,0.00,0.00,99,0.00,0,0,0,0.00,0.00,0,0.00,0.00,0.00,0.00,0,0,0.00,78,92,90,76,71,0.23,50,0.08,0.08,0.06,37,0.02,0.02,18,0,0.00,0.00,2.00,2.00,78,6,0.02,37,16,66,96,0,80,77,0,0.00,99,6,0.00,2.00,7.67,7.67,23,8,26,42,2.67,2.67,34.78,0,0.00,99,0,0.00,0,0.00,99,0,0.00,0.00,60,94,78,61,0,0,0,0,0,66,76,90,87,0,99,66,96,73,1,33,86,4,0,0
Denys Kostyshyn,28,873010800,1997/08/31,USL League One,2026,Forward,Athletic Club Boise,153,0,153,Ukraine,2,0,2,1,0,1,0,0,0,0,0,1,0,1,1,0,1,0,0,0.59,0,0.59,0,0.59,153,0.59,153,77,0,0,0,-1,-1,-1,3,0,6.98,0,84,24.12,20.50,34,41,15.00,30,33,17.65,34,0.00,0.00,0.50,1,0.00,5.00,1.18,1.00,2,0.00,0.50,0.00,0.00,0.00,0.00,1.00,0.50,4.00,2.35,1.00,3.00,0.00,1.00,0.47,0.00,0.50,0.00,0.00,0,0,,4,2.00,86,2,1.18,90,2,1.18,77,1,0,2,58,0.00,99,0,0,0.00,44,10,82,5.88,97,0,0.00,99,0,0.00,0,0,0.00,0,0.59,50,6,3.53,94,2,1.18,33.33,0,0.00,0,0,0,0.00,0,1,0.00,77,0.59,12,N/A,N/A,N/A,N/A,0.00,0,0.00,0,0.94,0.00,0,73.17,50.00,84,99,0.00,0.00,0,87,62,0,0,0,0.00,0.00,0,65,13.96,2.50,2.94,5,0,0.00,0.00,99,0.00,0,0,0,0.00,0.00,0,0.00,0.00,0.00,0.00,0,0,25.00,89,29,45,86,85,0.12,44,0.06,0.07,0.94,93,0.47,0.55,90,5,2.50,2.94,1.76,1.50,69,3,0.55,92,81,73,96,0,80,39,0,0.00,99,1,0.00,0.59,10.59,9.00,18,10,76,70,5.88,5.00,55.56,1,0.59,44,0,40.00,0,0.00,99,4,2.00,2.35,97,59,78,94,0,0,0,0,0,86,92,94,87,0,99,96,62,62,0,0,63,10,0,0
Denzil Smith,26,939798000,1999/10/13,USL League One,2026,Goalkeeper,Alta,180,180,0,Trinidad and Tobago,2,2,0,0,0,0,0,0,0,0,0,1,1,0,1,1,0,0,0,0,0,0,0,0,0,0.5,180,90,0,0,0,-1,-1,-1,9,0,6.62,0,84,17.50,17.50,16,35,16.00,32,97,16.00,32,0.00,0.00,0.00,0,0.00,0.00,0.00,0.00,0,0.00,0.00,0.00,0.00,1.00,0.00,0.00,1.50,0.00,0.00,0.00,0.00,0.00,0.00,0.00,0.00,0.00,0.00,0.00,0,0,,0,0.00,29,0,0.00,58,0,0.00,38,0,0,2,25,0.00,99,0,0,0.00,44,0,60,0.00,36,0,0.00,99,0,0.00,0,0,0.00,0,0.00,36,0,0.00,27,0,0.00,0.00,0,0.00,0,2,39,1.00,11,3,0.00,90,1.50,55,N/A,N/A,N/A,N/A,66.67,0,0.00,0,0.00,0.00,0,91.43,0.00,58,99,0.00,0.00,0,46,46,0,0,0,0.00,0.00,0,65,13.23,0.50,0.50,1,0,0.00,0.00,99,0.00,0,0,0,0.00,0.00,1,0.50,0.50,0.00,0.00,0,0,0.00,78,55,45,76,98,0.08,23,0.04,0.04,0.00,29,0.00,0.00,49,2,1.00,1.00,0.00,0.00,17,0,0.00,29,46,25,96,69,80,21,0,0.00,99,0,0.00,0.00,1.00,1.00,2,2,9,6,1.00,1.00,100.00,0,0.00,99,0,0.00,0,0.00,99,0,0.00,0.00,60,59,78,61,0,0,0,0,0,66,76,90,87,0,99,96,62,62,0,0,63,22,0,0
Derek Gebhard,30,813740400,1995/10/15,USL League One,2026,Forward,Forward Madison,153,0,153,USA,2,0,2,0,0,0,0,0,0,0,0,1,0,1,1,0,1,0,0,0,0,0,0,0,0,0.59,153,77,0,0,0,-1,-1,-1,10,0,6.94,0,84,16.11,14.50,11,29,12.50,25,82,13.89,21,0.00,0.00,0.50,1,0.00,0.50,0.56,0.50,1,0.00,0.50,0.00,0.00,0.00,0.50,0.50,0.50,0.00,2.22,1.00,0.50,0.00,1.00,0.20,0.00,0.50,0.00,0.00,0,0,,4,2.00,85,2,1.11,88,2,1.11,75,1,0,2,34,0.00,99,0,1,0.56,59,1,99,0.56,49,0,0.00,99,0,0.00,0,0,0.00,0,0.56,48,1,0.56,39,1,0.56,100.00,0,0.00,0,0,0,0.00,0,1,0.00,77,0.56,9,N/A,N/A,N/A,N/A,0.00,0,0.00,0,0.40,0.00,0,86.21,50.00,84,99,0.00,0.00,0,67,99,0,0,0,0.00,0.00,0,65,13.88,0.00,0.00,0,0,0.00,0.00,99,0.00,0,0,0,0.00,0.00,0,0.00,0.00,0.00,0.00,0,0,0.00,78,29,45,76,85,0.08,23,0.04,0.04,0.40,76,0.20,0.22,89,5,2.50,2.78,0.00,0.00,17,0,0.22,75,77,16,96,0,80,38,0,0.00,99,1,0.00,0.56,5.56,5.00,10,8,57,23,4.44,4.00,80.00,1,0.56,46,0,100.00,0,0.00,99,1,0.50,0.56,74,59,78,94,0,0,0,0,0,66,76,90,87,0,99,96,62,62,0,0,63,17,0,0
Derek Waldeck,28,886320000,1998/02/01,USL League One,2026,Defender,Spokane Velocity,226,159,67,USA,3,2,1,0,0,0,0,0,0,0,0,1,1,0,4,1,3,1,0,0,0,0,0,0,0,1.59,57,75,226,0,0.4,-1,-1,-1,11,0,6.39,0,84,38.23,32.00,68,96,22.33,67,23,26.68,59,0.00,0.00,0.67,2,0.00,2.67,2.39,2.00,6,0.00,1.00,0.00,0.00,0.00,0.67,0.00,1.33,0.00,0.40,0.33,0.33,0.00,0.00,0.02,0.00,0.00,0.00,0.00,0,0,,1,0.33,36,0,0.00,58,1,0.40,49,1,0,3,87,0.00,99,0,2,0.80,72,8,63,3.19,83,0,0.00,99,0,0.00,0,0,0.00,0,0.80,59,1,0.40,34,0,0.00,0.00,0,0.00,0,0,0,0.00,0,4,0.00,32,1.59,60,N/A,N/A,N/A,N/A,0.00,0,0.00,0,0.05,0.00,0,69.79,0.00,58,99,0.00,0.00,0,46,46,0,0,0,0.67,0.80,2,92,19.18,2.00,2.39,6,0,0.00,0.00,99,0.00,0,0,0,0.00,0.00,0,0.00,0.00,0.00,0.00,0,0,0.00,78,62,90,76,40,0.24,63,0.08,0.10,0.05,37,0.02,0.02,55,3,1.00,1.19,0.40,0.33,22,1,0.02,37,22,70,96,0,80,21,0,0.00,99,0,0.00,0.00,5.97,5.00,15,9,40,25,3.58,3.00,60.00,3,1.19,18,0,12.50,0,0.00,99,1,0.33,0.40,68,94,78,94,0,0,0,0,0,66,76,90,87,0,99,66,84,80,1,33,86,18,0,0
Derrek Chan,27,902559600,1998/08/08,USL League One,2026,Goalkeeper,NY Cosmos,90,90,0,USA,1,1,0,0,0,0,0,0,0,0,0,1,1,0,0,0,0,0,0,0,0,0,0,0,0,0,0,90,0,0,0,-1,-1,-1,9,0,1.83,0,84,35.00,8.75,63,35,5.00,20,8,20.00,42,0.00,0.00,0.00,0,0.00,0.00,0.00,0.00,0,0.00,0.00,0.00,0.00,1.00,0.00,0.00,1.00,0.00,0.00,0.00,0.00,0.00,0.00,0.00,0.00,0.00,0.00,0.00,0,0,,0,0.00,29,0,0.00,58,0,0.00,38,0,0,1,25,0.00,99,0,0,0.00,44,0,60,0.00,36,0,0.00,99,0,0.00,0,0,0.00,0,0.00,36,0,0.00,27,0,0.00,0.00,0,0.00,0,4,99,4.00,83,4,0.00,99,4.00,97,N/A,N/A,N/A,N/A,100.00,0,0.00,0,0.00,0.00,0,57.14,0.00,58,99,0.00,0.00,0,46,46,0,0,1,0.00,0.00,0,65,7.33,0.25,1.00,1,0,0.00,0.00,99,0.00,0,0,0,0.00,0.00,0,0.00,0.00,0.00,0.00,0,0,0.00,78,12,9,76,8,0.05,31,0.01,0.05,0.00,29,0.00,0.00,18,0,0.00,0.00,0.00,0.00,17,0,0.00,29,0,43,96,0,80,21,0,0.00,99,0,0.00,0.00,0.00,0.00,0,0,1,1,0.00,0.00,0.00,0,0.00,99,0,0.00,0,0.00,99,0,0.00,0.00,60,24,78,61,0,0,0,0,0,66,76,90,87,0,99,99,62,62,0,0,63,1,0,0
Deshane Beckford,28,890208000,1998/03/18,USL League One,2026,Midfielder,Greenville Triumph,180,180,0,Jamaica,2,2,0,1,1,0,1,1,0,0,0,0,0,0,4,4,0,0,0,1,0.5,0.5,0.5,0,180,2,45,90,0,180,0,-1,-1,-1,5,0,7.14,0.5,94,15.48,13.50,8,27,11.50,23,76,13.18,18,0.00,0.00,1.50,3,0.00,2.00,0.00,0.00,0,0.00,1.00,0.00,0.00,0.00,0.50,2.50,1.50,3.00,1.72,0.50,5.00,0.00,1.00,0.45,0.00,0.00,0.00,0.00,0,0,,3,1.50,78,2,1.15,88,1,0.57,58,0,0,2,25,0.00,99,0,1,0.57,60,4,60,2.29,76,0,0.00,99,0,0.00,0,0,0.00,0,1.72,84,10,5.73,99,5,2.87,50.00,0,0.00,0,0,0,0.00,0,3,0.00,22,1.72,65,N/A,N/A,N/A,N/A,0.00,0,0.00,0,0.90,0.00,0,85.19,66.67,88,99,0.00,0.00,0,99,78,0,0,0,0.00,0.00,0,65,14.28,0.50,0.57,1,0,0.00,0.00,99,0.00,0,0,0,0.00,0.00,0,0.00,0.00,0.00,0.00,0,0,33.33,93,55,45,89,30,0.73,95,0.36,0.42,0.90,93,0.45,0.52,18,0,0.00,0.00,0.57,0.50,27,1,0.52,91,91,28,96,0,80,21,0,0.00,99,0,0.00,0.00,8.60,7.50,15,5,28,50,2.87,2.50,33.33,2,1.15,19,0,0.00,0,0.00,99,0,0.00,0.00,60,59,78,61,0,0,0,0,0,97,90,90,94,0,99,40,62,62,0,0,63,31,0,0
Devin Boyce,29,842166000,1996/09/08,USL League One,2026,Midfielder,Greenville Triumph,90,90,0,USA,1,1,0,1,1,0,0,0,0,0,0,0,0,0,2,2,0,1,0,1,0,1,1,0,90,2,45,90,90,0,1,-1,-1,-1,4,0,7.25,0,84,41.00,41.00,73,41,31.00,31,37,31.00,70,0.00,0.00,2.00,2,0.00,1.00,1.00,1.00,1,0.00,0.00,0.00,0.00,0.00,0.00,0.00,2.00,1.00,1.00,0.00,2.00,0.00,1.00,0.68,0.00,0.00,0.00,0.00,0,0,,1,1.00,60,1,1.00,85,0,0.00,38,0,0,1,52,0.00,99,0,0,0.00,44,1,99,1.00,60,0,0.00,99,0,0.00,0,0,0.00,0,2.00,88,2,2.00,80,0,0.00,0.00,0,0.00,0,0,0,0.00,0,2,0.00,22,2.00,76,N/A,N/A,N/A,N/A,0.00,0,0.00,0,0.68,0.00,0,75.61,100.00,99,99,0.00,0.00,0,46,46,0,0,0,0.00,0.00,0,65,7.25,3.00,3.00,3,0,0.00,0.00,99,0.00,0,0,0,0.00,0.00,0,0.00,0.00,0.00,0.00,0,0,100.00,99,12,9,81,30,0.13,73,0.13,0.13,0.68,95,0.68,0.68,91,3,3.00,3.00,1.00,1.00,45,1,0.68,95,94,76,96,0,80,21,0,0.00,99,0,0.00,0.00,8.00,8.00,8,4,48,45,4.00,4.00,50.00,0,0.00,99,0,100.00,0,0.00,99,1,1.00,1.00,86,24,78,61,0,0,0,0,0,97,98,90,99,0,99,40,66,98,1,100,99,7,0,0
Diego Gutiérrez,26,925542000,1999/05/01,USL League One,2026,Forward,Union Omaha,123,109,14,USA,3,2,1,2,2,0,0,0,0,0,0,0,0,0,2,2,0,0,0,1.46,0,1.46,1.65,0,62,1.46,62,41,0,0,0,-1,-1,-1,1,0,7.46,0,84,42.44,19.33,76,58,14.67,44,39,32.20,72,0.00,0.00,1.00,3,0.00,1.33,0.00,0.00,0,0.00,0.00,0.00,0.00,0.00,0.00,1.00,0.67,3.50,5.12,0.67,1.67,0.00,1.67,0.64,0.00,0.00,0.00,0.00,0,0,,7,2.33,99,5,3.66,99,2,1.46,85,1,2,1,25,0.00,99,0,0,0.00,44,4,71,2.93,80,0,0.00,99,0,0.00,0,0,0.00,0,2.20,93,5,3.66,95,3,2.20,60.00,0,0.00,0,0,0,0.00,0,2,0.00,40,1.46,49,N/A,N/A,N/A,N/A,0.00,0,0.00,0,1.92,0.00,0,75.86,71.43,89,99,0.00,0.00,0,98,80,0,0,0,0.00,0.00,0,65,22.37,0.00,0.00,0,0,0.00,0.00,99,0.00,0,0,0,0.00,0.00,0,0.00,0.00,0.00,0.00,0,0,28.57,90,20,90,77,48,0.19,76,0.06,0.14,1.92,99,0.64,1.40,78,3,1.00,2.20,2.20,1.00,81,3,1.40,99,98,16,96,0,80,21,0,0.00,99,0,0.00,0.00,8.78,4.00,12,6,56,55,4.39,2.00,50.00,0,0.00,99,0,25.00,0,0.00,99,1,0.33,0.73,81,24,99,94,0,1,0,33,0,99,99,90,99,0,99,40,62,62,0,0,63,17,0,0
Diogo Barbosa,30,821520000,1996/01/13,USL League One,2026,Midfielder,Portland Hearts of Pine,41,0,41,Portugal,2,0,2,0,0,0,0,0,0,0,0,0,0,0,1,0,1,1,0,0,0,0,0,0,0,2.2,41,21,41,0,2.2,-1,-1,-1,7,0,6.29,0,84,61.46,14.00,95,28,11.00,22,47,48.29,90,0.00,0.00,0.00,0,0.00,0.00,2.20,0.50,1,0.00,0.50,0.00,0.00,0.00,0.00,0.50,0.50,0.00,0.00,0.00,1.00,0.00,0.00,0.00,0.00,0.00,0.00,0.00,0,0,,0,0.00,29,0,0.00,58,0,0.00,38,0,2,0,81,0.00,99,0,0,0.00,44,0,60,0.00,36,0,0.00,99,0,0.00,0,0,0.00,0,0.00,36,2,4.39,97,1,2.20,50.00,0,0.00,0,0,0,0.00,0,1,0.00,10,2.20,80,N/A,N/A,N/A,N/A,0.00,0,0.00,0,0.00,0.00,0,78.57,0.00,58,99,0.00,0.00,0,98,78,0,0,0,0.50,2.20,1,99,12.58,0.00,0.00,0,0,0.00,0.00,99,0.00,0,0,0,0.00,0.00,0,0.00,0.00,0.00,0.00,0,0,0.00,78,0,45,76,18,0.05,66,0.03,0.11,0.00,29,0.00,0.00,18,0,0.00,0.00,6.59,1.50,99,3,0.00,29,15,16,96,0,80,21,0,0.00,99,0,0.00,0.00,15.37,3.50,7,2,56,93,4.39,1.00,28.57,1,2.20,5,0,0.00,0,0.00,99,0,0.00,0.00,60,3,99,61,0,0,0,0,0,66,76,90,87,0,99,40,62,99,1,50,95,18,0,0
Djibril Doumbia,25,970729200,2000/10/05,USL League One,2026,Midfielder,Alta,90,90,0,USA,1,1,0,0,0,0,0,0,0,0,0,0,0,0,2,2,0,0,0,0,0,0,0,0,0,2,45,90,0,0,0,-1,-1,-1,13,0,2.13,0,84,31.00,10.33,55,31,8.67,26,66,26.00,59,0.00,0.00,0.00,0,0.00,0.00,0.00,0.00,0,0.00,0.00,0.00,0.00,0.67,0.00,0.00,0.67,0.00,0.00,0.00,0.00,0.00,0.00,0.00,0.00,0.67,0.00,0.00,0,0,,0,0.00,29,0,0.00,58,0,0.00,38,0,0,1,25,0.00,99,0,0,0.00,44,0,60,0.00,36,0,0.00,99,0,0.00,0,0,0.00,0,0.00,36,0,0.00,27,0,0.00,0.00,0,0.00,0,2,99,2.00,33,2,0.00,22,2.00,76,N/A,N/A,N/A,N/A,100.00,0,0.00,0,0.00,0.00,0,83.87,0.00,58,99,0.00,0.00,0,46,46,0,0,0,0.00,0.00,0,65,6.38,1.33,4.00,4,0,0.00,0.00,99,0.00,0,0,0,0.00,0.00,0,0.00,0.00,0.00,0.00,0,0,0.00,78,12,9,76,30,0.06,38,0.02,0.06,0.00,29,0.00,0.00,49,1,0.33,1.00,0.00,0.00,17,0,0.00,29,1,85,96,0,80,77,0,0.00,99,2,0.00,2.00,3.00,1.00,3,3,33,10,3.00,1.00,100.00,0,0.00,99,0,0.00,0,0.00,99,0,0.00,0.00,60,24,78,61,0,0,0,0,0,66,76,90,87,0,99,40,62,62,0,0,63,27,0,0
Dominic Gasso,22,1061190000,2003/08/18,USL League One,2026,Midfielder,Athletic Club Boise,46,0,46,USA,2,0,2,0,0,0,0,0,0,0,0,1,0,1,2,0,2,0,0,0,0,0,0,0,0,3.91,23,23,0,0,0,-1,-1,-1,12,0,6.45,0,84,54.78,14.00,88,28,12.00,24,80,46.96,89,0.00,0.00,0.50,1,0.00,0.50,1.96,0.50,1,0.00,1.00,0.00,0.00,0.00,0.00,0.00,1.00,0.00,0.00,0.00,0.00,0.00,0.00,0.00,0.00,0.50,0.00,0.00,0,0,,0,0.00,29,0,0.00,58,0,0.00,38,0,2,0,77,0.00,99,0,0,0.00,44,1,60,1.96,70,0,0.00,99,0,0.00,0,0,0.00,0,1.96,86,0,0.00,27,0,0.00,0.00,0,0.00,0,0,0,0.00,0,2,0.00,1,3.91,95,N/A,N/A,N/A,N/A,0.00,0,0.00,0,0.00,0.00,0,85.71,0.00,58,99,0.00,0.00,0,46,46,0,0,0,0.50,1.96,1,99,12.90,0.50,1.96,1,0,0.00,0.00,99,0.00,0,0,0,0.00,0.00,0,0.00,0.00,0.00,0.00,0,0,0.00,78,0,45,76,9,0.08,81,0.04,0.16,0.00,29,0.00,0.00,18,0,0.00,0.00,0.00,0.00,17,0,0.00,29,28,63,96,0,80,73,0,0.00,99,1,0.00,1.96,9.78,2.50,5,2,43,61,3.91,1.00,40.00,2,3.91,0,0,0.00,0,0.00,99,0,0.00,0.00,60,3,99,61,0,0,0,0,0,66,76,90,87,0,99,96,62,62,0,0,63,8,0,0
Edrey Caceres,24,991119600,2001/05/29,USL League One,2026,Midfielder,Union Omaha,224,156,68,USA,3,2,1,0,0,0,0,0,0,0,0,0,0,0,3,2,1,1,0,0,0,0,0,0,0,1.21,75,75,224,0,0.4,-1,-1,-1,11,0,6.95,0,84,77.54,64.33,99,193,56.33,169,89,67.90,99,0.00,0.00,1.33,4,0.00,1.67,3.62,3.00,9,0.00,0.33,0.00,0.00,0.00,0.67,0.33,1.00,0.00,1.61,0.67,0.67,0.00,0.67,0.11,0.00,0.00,0.00,0.00,0,0,,4,1.33,74,2,0.80,78,2,0.80,65,2,0,3,97,0.00,99,0,2,0.80,72,5,91,2.01,72,0,0.00,99,0,0.00,0,0,0.00,0,1.61,82,2,0.80,46,1,0.40,50.00,0,0.00,0,0,0,0.00,0,3,0.00,46,1.21,41,N/A,N/A,N/A,N/A,0.00,0,0.00,0,0.33,0.00,0,87.56,50.00,84,99,0.00,0.00,0,60,78,0,0,0,0.00,0.00,0,65,20.86,0.33,0.40,1,0,0.00,0.00,99,0.00,0,0,0,0.00,0.00,0,0.00,0.00,0.00,0.00,0,0,0.00,78,62,90,76,54,0.55,84,0.18,0.22,0.33,67,0.11,0.13,27,1,0.33,0.40,1.21,1.00,52,3,0.13,67,78,20,96,0,80,21,0,0.00,99,0,0.00,0.00,8.84,7.33,22,11,57,56,4.42,3.67,50.00,1,0.40,52,0,60.00,0,0.00,99,3,1.00,1.21,89,94,78,99,0,0,0,0,0,66,76,90,87,0,99,40,83,80,1,33,86,28,0,0
Edward Delgado,28,885542400,1998/01/23,USL League One,2026,Goalkeeper,Naples,360,270,90,USA,4,3,1,0,0,0,0,0,0,0,0,2,1,1,2,2,0,0,0,0,0,0,0,0,0,0.5,180,90,0,0,0,11,15,3,4,0,6.72,0,84,29.25,29.25,50,117,22.50,90,44,22.50,51,0.00,0.00,0.00,0,0.00,0.00,0.00,0.00,0,0.00,0.00,0.00,0.00,2.50,0.00,0.00,3.00,0.00,0.00,0.00,0.00,0.00,0.00,0.00,0.00,0.00,0.00,0.00,0,0,,0,0.00,29,0,0.00,58,0,0.00,38,0,0,4,25,0.00,99,0,0,0.00,44,0,60,0.00,36,0,0.00,99,0,0.00,0,0,0.00,0,0.00,36,0,0.00,27,0,0.00,0.00,0,0.00,0,10,67,2.50,56,12,0.00,90,3.00,93,N/A,N/A,N/A,N/A,83.33,0,0.00,0,0.00,0.00,0,76.92,0.00,58,99,0.00,0.00,0,46,46,0,0,4,0.00,0.00,0,65,26.89,1.25,1.25,5,0,0.00,0.00,99,0.00,0,0,0,0.00,0.00,1,0.25,0.25,0.00,0.00,0,0,0.00,78,99,99,76,98,0.17,23,0.04,0.04,0.00,29,0.00,0.00,20,1,0.25,0.25,0.00,0.00,17,0,0.00,29,57,49,96,15,80,21,0,0.00,99,0,0.00,0.00,0.25,0.25,1,1,2,2,0.25,0.25,100.00,0,0.00,99,0,0.00,0,0.00,99,0,0.00,0.00,60,99,78,61,0,0,0,0,0,66,76,90,87,0,99,96,62,62,0,0,63,1,0,0
Edwin Munjoma,27,900745200,1998/07/18,USL League One,2026,Defender,Forward Madison,47,0,47,USA,2,0,2,0,0,0,0,0,0,0,0,1,0,1,0,0,0,1,0,0,0,0,0,0,0,0,0,24,47,0,1.91,-1,-1,-1,13,0,6.42,0,84,26.81,7.00,42,14,5.50,11,47,21.06,46,0.00,0.00,0.00,0,0.00,0.00,1.91,0.50,1,0.00,0.50,0.00,0.00,0.00,0.50,0.00,0.00,0.00,0.00,0.00,0.50,0.00,0.00,0.00,0.00,0.00,0.00,0.00,0,0,,0,0.00,29,0,0.00,58,0,0.00,38,0,1,0,77,0.00,99,0,1,1.91,94,0,60,0.00,36,0,0.00,99,0,0.00,0,0,0.00,0,0.00,36,1,1.91,75,0,0.00,0.00,0,0.00,0,0,0,0.00,0,0,0.00,99,0.00,0,N/A,N/A,N/A,N/A,0.00,0,0.00,0,0.00,0.00,0,78.57,0.00,58,99,0.00,0.00,0,46,46,0,0,0,0.50,1.91,1,99,12.84,1.00,3.83,2,0,0.00,0.00,99,0.00,0,0,0,0.00,0.00,0,0.00,0.00,0.00,0.00,0,0,0.00,78,0,45,76,8,0.02,23,0.01,0.04,0.00,29,0.00,0.00,18,0,0.00,0.00,1.91,0.50,72,1,0.00,29,26,83,96,0,80,21,0,0.00,99,0,0.00,0.00,7.66,2.00,4,1,15,41,1.91,0.50,25.00,1,1.91,8,0,0.00,0,0.00,99,0,0.00,0.00,60,3,93,61,0,0,0,0,0,66,76,90,87,0,99,96,62,99,1,50,95,23,0,0
Emiliano Franco Terzaghi,36,628329600,1989/11/29,USL League One,2026,Forward,Portland Hearts of Pine,116,0,116,Argentina,2,0,2,0,0,0,0,0,0,0,0,1,0,1,1,0,1,0,0,0,0,0,0,0,0,0.78,116,58,0,0,0,-1,-1,-1,4,0,6.61,0,84,15.52,10.00,10,20,8.00,16,56,12.41,16,0.00,0.00,0.00,0,0.00,0.50,0.00,0.00,0,0.00,1.00,0.00,0.00,0.00,0.50,0.00,0.50,0.00,0.78,0.50,0.00,0.00,0.00,0.03,0.00,1.50,0.00,0.00,0,0,,1,0.50,50,0,0.00,58,1,0.78,64,0,1,1,25,0.00,99,0,1,0.78,70,1,60,0.78,56,0,0.00,99,0,0.00,0,0,0.00,0,0.00,36,0,0.00,27,0,0.00,0.00,0,0.00,0,0,0,0.00,0,1,0.00,69,0.78,20,N/A,N/A,N/A,N/A,0.00,0,0.00,0,0.05,0.00,0,80.00,0.00,58,99,0.00,0.00,0,46,46,0,0,0,0.00,0.00,0,65,13.21,0.50,0.78,1,0,0.00,0.00,99,0.00,0,0,0,0.00,0.00,0,0.00,0.00,0.00,0.00,0,0,0.00,78,18,45,76,77,0.04,12,0.02,0.03,0.05,46,0.03,0.04,97,5,2.50,3.88,1.55,1.00,64,2,0.04,46,44,34,96,0,80,81,0,0.00,99,3,0.00,2.33,12.41,8.00,16,8,80,81,6.21,4.00,50.00,2,1.55,12,0,0.00,0,0.00,99,0,0.00,0.00,60,24,93,61,0,0,0,0,0,66,76,90,87,0,99,96,62,62,0,0,63,32,0,0
Enock Kwakwa,31,773132400,1994/07/02,USL League One,2026,Midfielder,Corpus Christi,151,0,151,Ghana,3,0,3,0,0,0,0,0,0,0,0,1,0,1,1,0,1,2,0,0,0,0,0,0,0,0.6,151,50,76,0,1.19,-1,-1,-1,11,0,6.39,0,84,29.05,17.00,49,51,13.00,39,41,22.22,48,0.00,0.00,0.00,0,0.00,0.33,0.57,0.33,1,0.00,0.00,0.00,0.00,0.00,0.00,0.33,0.67,0.00,1.14,0.33,0.67,0.00,0.33,0.07,0.00,0.67,0.00,0.00,0,0,,2,0.67,63,1,0.57,72,1,0.57,58,1,1,2,35,0.00,99,0,0,0.00,44,1,99,0.57,50,0,0.00,99,0,0.00,0,0,0.00,0,0.00,36,2,1.14,58,1,0.57,50.00,0,0.00,0,0,0,0.00,0,2,0.00,76,1.14,40,N/A,N/A,N/A,N/A,0.00,0,0.00,0,0.21,0.00,0,76.47,50.00,84,99,0.00,0.00,0,68,78,0,0,0,0.33,0.57,1,84,19.17,1.67,2.85,5,0,0.00,0.00,99,0.00,0,0,0,0.00,0.00,0,0.00,0.00,0.00,0.00,0,0,0.00,78,26,90,76,84,0.07,23,0.02,0.04,0.21,66,0.07,0.12,18,0,0.00,0.00,5.70,3.33,99,10,0.12,65,22,73,96,0,80,57,0,0.00,99,2,0.00,1.14,9.11,5.33,16,4,21,59,2.28,1.33,25.00,0,0.00,99,0,100.00,0,0.00,99,1,0.33,0.57,75,59,93,94,0,0,0,0,0,66,76,90,87,0,99,66,62,99,2,67,97,33,0,0
Enzo Agustin Martínez,35,654591600,1990/09/29,USL League One,2026,Midfielder,Charlotte Independence,115,79,36,Uruguay,2,1,1,0,0,0,0,0,0,0,0,1,1,0,0,0,0,0,0,0,0,0,0,0,0,0,0,58,0,0,0,-1,-1,-1,12,0,6.79,0,84,27.39,17.50,44,35,13.00,26,35,20.35,43,0.00,0.00,2.00,4,0.00,3.50,3.13,2.00,4,0.00,2.00,0.00,0.00,0.00,0.00,0.00,0.00,0.00,3.91,2.50,0.50,0.00,0.00,0.14,0.00,1.00,0.00,0.00,0,0,,5,2.50,96,0,0.00,58,5,3.91,99,1,1,1,96,0.00,99,0,0,0.00,44,7,65,5.48,95,0,0.00,99,0,0.00,0,0,0.00,0,3.13,99,1,0.78,45,0,0.00,0.00,0,0.00,0,0,0,0.00,0,0,0.00,99,0.00,0,N/A,N/A,N/A,N/A,0.00,0,0.00,0,0.27,0.00,0,74.29,0.00,58,99,0.00,0.00,0,46,46,0,0,0,0.00,0.00,0,65,13.59,1.00,1.57,2,0,0.00,0.00,99,0.00,0,0,0,0.00,0.00,0,0.00,0.00,0.00,0.00,0,0,0.00,78,18,45,76,8,0.23,82,0.12,0.18,0.27,76,0.14,0.21,66,2,1.00,1.57,0.78,0.50,39,1,0.21,74,67,59,96,0,80,70,0,0.00,99,2,0.00,1.57,14.09,9.00,18,8,81,91,6.26,4.00,44.44,4,3.13,1,0,14.29,0,0.00,99,1,0.50,0.78,82,24,93,94,0,0,0,0,0,66,76,90,87,0,99,96,62,62,0,0,63,19,0,0
Eric Kinzner,23,1048320000,2003/03/22,USL League One,2026,Defender,Chattanooga Red Wolves,180,0,180,USA,2,0,2,0,0,0,0,0,0,0,0,0,0,0,3,0,3,1,0,0,0,0,0,0,0,1.5,60,90,180,0,0.5,-1,-1,-1,9,0,6.16,0,84,19.00,19.00,20,38,13.00,26,19,13.00,17,0.00,0.00,0.00,0,0.00,0.50,0.00,0.00,0,0.00,0.00,0.00,0.00,0.00,0.50,0.00,1.50,0.00,0.00,0.00,0.00,0.00,0.00,0.00,0.00,0.00,0.00,0.00,0,0,,0,0.00,29,0,0.00,58,0,0.00,38,0,0,2,25,0.00,99,0,1,0.50,57,1,60,0.50,44,0,0.00,99,0,0.00,0,0,0.00,0,0.00,36,0,0.00,27,0,0.00,0.00,0,0.00,0,0,0,0.00,0,3,0.00,38,1.50,55,N/A,N/A,N/A,N/A,0.00,0,0.00,0,0.00,0.00,0,68.42,0.00,58,99,0.00,0.00,0,46,46,0,0,0,0.50,0.50,1,79,12.33,3.50,3.50,7,0,0.00,0.00,99,0.00,0,0,0,0.00,0.00,0,0.00,0.00,0.00,0.00,0,0,0.00,78,55,45,76,46,0.05,12,0.03,0.03,0.00,29,0.00,0.00,31,1,0.50,0.50,1.00,1.00,45,2,0.00,29,12,81,96,0,80,21,0,0.00,99,0,0.00,0.00,3.00,3.00,6,1,5,10,0.50,0.50,16.67,0,0.00,99,0,0.00,0,0.00,99,0,0.00,0.00,60,59,78,61,0,0,0,0,0,66,76,90,87,0,99,40,80,86,1,50,95,22,0,0
Ermin Mackic,21,1109836800,2005/03/03,USL League One,2026,Midfielder,Westchester SC,138,48,90,USA,3,2,1,1,0,1,0,0,0,0,0,0,0,0,4,0,4,1,0,0.65,0,0.65,0,1,138,2.61,35,46,138,0,0.65,-1,-1,-1,3,0,6.97,0,84,30.65,15.67,54,47,12.00,36,42,23.48,52,0.00,0.00,1.33,4,0.00,1.33,0.65,0.33,1,0.00,0.00,0.00,0.00,0.00,0.33,0.00,1.67,6.00,3.91,1.00,0.67,0.00,1.00,0.38,0.00,0.67,0.00,0.00,0,0,,6,2.00,96,3,1.96,99,3,1.96,91,0,0,1,37,0.00,99,0,1,0.65,62,4,60,2.61,78,0,0.00,99,0,0.00,0,0,0.00,0,2.61,97,2,1.30,60,0,0.00,0.00,0,0.00,0,0,0,0.00,0,5,0.00,4,3.26,94,N/A,N/A,N/A,N/A,0.00,0,0.00,0,1.14,0.00,0,76.60,50.00,84,99,0.00,0.00,0,46,46,0,0,0,0.00,0.00,0,65,20.91,0.67,1.30,2,0,0.00,0.00,99,0.00,0,0,0,0.00,0.00,0,0.00,0.00,0.00,0.00,0,0,16.67,83,25,90,85,12,0.21,76,0.07,0.14,1.14,97,0.38,0.74,18,0,0.00,0.00,1.96,1.00,73,3,0.74,97,80,50,96,0,80,61,0,0.00,99,2,0.00,1.30,9.13,4.67,14,3,16,59,1.96,1.00,21.43,0,0.00,99,0,0.00,0,0.00,99,0,0.00,0.00,60,24,78,61,0,0,0,0,0,86,92,99,87,0,99,40,73,89,0,0,63,18,0,0
Ethan Bryant,24,998290800,2001/08/20,USL League One,2026,Midfielder,Sarasota Paradise,240,240,0,USA,3,3,0,0,0,0,0,0,0,0,0,1,1,0,3,3,0,0,0,0,0,0,0,0,0,1.13,80,80,0,0,0,-1,-1,-1,7,0,6.58,0,84,35.42,28.33,65,85,22.67,68,56,28.33,65,0.00,0.00,1.33,4,0.00,3.00,0.83,0.67,2,0.00,1.00,0.00,0.00,0.00,0.00,1.00,1.00,0.00,0.42,0.33,2.00,0.00,0.00,0.02,0.00,0.00,0.00,0.00,0,0,,1,0.33,37,0,0.00,58,1,0.42,49,1,0,3,46,0.00,99,0,0,0.00,44,9,80,3.75,85,0,0.00,99,0,0.00,0,0,0.00,0,1.67,83,6,2.50,87,3,1.25,50.00,0,0.00,0,0,0,0.00,0,3,0.00,48,1.25,43,N/A,N/A,N/A,N/A,0.00,0,0.00,0,0.06,0.00,0,80.00,0.00,58,99,0.00,0.00,0,89,78,0,0,0,0.00,0.00,0,65,19.73,0.33,0.42,1,0,0.00,0.00,99,0.00,0,0,0,0.00,0.00,0,0.00,0.00,0.00,0.00,0,0,0.00,78,66,90,76,56,0.29,69,0.10,0.12,0.06,41,0.02,0.03,57,3,1.00,1.25,1.25,1.00,52,3,0.03,41,40,21,96,0,80,21,0,0.00,99,0,0.00,0.00,7.50,6.00,18,7,30,39,2.92,2.33,38.89,3,1.25,16,0,33.33,0,0.00,99,3,1.00,1.25,89,94,78,94,0,0,0,0,0,66,76,90,87,0,99,66,62,62,0,0,63,7,0,0
Evan Lee,32,754041600,1993/11/23,USL League One,2026,Defender,Greenville Triumph,228,228,0,USA,3,3,0,0,0,0,1,1,0,0,0,0,0,0,4,4,0,0,0,0.39,0.39,0,0,0,0,1.58,57,76,0,228,0,-1,-1,-1,6,0,6.79,0.33,90,35.92,30.33,66,91,26.00,78,80,30.79,69,0.00,0.00,1.00,3,0.00,0.00,1.18,1.00,3,0.00,0.67,0.00,0.00,0.00,0.67,0.33,1.33,0.00,0.79,0.33,0.33,0.00,0.33,0.05,0.00,1.67,0.00,0.00,0,0,,2,0.67,51,1,0.39,65,1,0.39,47,1,0,3,58,0.00,99,0,2,0.79,70,0,60,0.00,36,0,0.00,99,0,0.00,0,0,0.00,0,1.18,73,1,0.39,33,1,0.39,100.00,0,0.00,0,0,0,0.00,0,4,0.00,32,1.58,57,N/A,N/A,N/A,N/A,0.00,0,0.00,0,0.16,0.00,0,85.71,50.00,84,99,0.00,0.00,0,60,99,0,0,0,0.67,0.79,2,91,20.37,1.00,1.18,3,0,0.00,0.00,99,0.00,0,0,0,0.00,0.00,0,0.00,0.00,0.00,0.00,0,0,0.00,78,64,90,76,40,0.83,89,0.28,0.33,0.16,52,0.05,0.06,41,2,0.67,0.79,1.58,1.33,65,4,0.06,51,67,47,96,0,80,74,0,0.00,99,5,0.00,1.97,8.29,7.00,21,11,55,48,4.34,3.67,52.38,2,0.79,33,0,0.00,0,0.00,99,0,0.00,0.00,60,94,78,94,0,0,0,0,0,78,76,90,87,0,99,40,62,62,0,0,63,12,0,0
Fabrice Gael Ngah,28,876985200,1997/10/16,USL League One,2026,Defender,Charlotte Independence,7,0,7,Cameroon,1,0,1,0,0,0,0,0,0,0,0,0,0,0,0,0,0,0,0,0,0,0,0,0,0,0,0,7,0,0,0,-1,-1,-1,11,0,6.43,0,84,38.57,3.00,69,3,3.00,3,99,38.57,81,0.00,0.00,0.00,0,0.00,0.00,0.00,0.00,0,0.00,0.00,0.00,0.00,0.00,0.00,0.00,0.00,0.00,0.00,0.00,0.00,0.00,0.00,0.00,0.00,0.00,0.00,0.00,0,0,,0,0.00,29,0,0.00,58,0,0.00,38,0,1,0,25,0.00,99,0,0,0.00,44,0,60,0.00,36,0,0.00,99,0,0.00,0,0,0.00,0,0.00,36,0,0.00,27,0,0.00,0.00,0,0.00,0,0,0,0.00,0,0,0.00,99,0.00,0,N/A,N/A,N/A,N/A,0.00,0,0.00,0,0.00,0.00,0,100.00,0.00,58,99,0.00,0.00,0,46,46,0,0,0,1.00,12.86,1,99,6.43,0.00,0.00,0,0,0.00,0.00,99,0.00,0,0,0,0.00,0.00,0,0.00,0.00,0.00,0.00,0,0,0.00,78,0,9,76,8,0.01,73,0.01,0.13,0.00,29,0.00,0.00,18,0,0.00,0.00,0.00,0.00,17,0,0.00,29,26,16,96,0,80,21,0,0.00,99,0,0.00,0.00,25.71,2.00,2,0,1,99,0.00,0.00,0.00,0,0.00,99,0,0.00,0,0.00,99,0,0.00,0.00,60,3,93,61,0,0,0,0,0,66,76,90,87,0,99,40,62,62,0,0,63,2,0,0
Gagi Margvelashvili,29,846662400,1996/10/30,USL League One,2026,Defender,Spokane Velocity,44,0,44,Georgia,1,0,1,0,0,0,0,0,0,0,0,0,0,0,1,0,1,0,0,0,0,0,0,0,0,2.05,44,44,0,0,0,-1,-1,-1,8,0,3.20,0,84,71.59,17.50,98,35,15.50,31,92,63.41,98,0.00,0.00,0.00,0,0.00,0.00,0.00,0.00,0,0.00,0.00,0.00,0.00,0.00,0.50,0.00,0.50,0.00,2.05,0.50,0.00,0.00,0.00,0.03,0.00,0.50,0.00,0.00,0,0,,1,0.50,82,0,0.00,58,1,2.05,93,0,1,0,25,0.00,99,0,1,2.05,96,0,60,0.00,36,0,0.00,99,0,0.00,0,0,0.00,0,0.00,36,0,0.00,27,0,0.00,0.00,0,0.00,0,0,0,0.00,0,1,0.00,12,2.05,77,N/A,N/A,N/A,N/A,0.00,0,0.00,0,0.05,0.00,0,88.57,0.00,58,99,0.00,0.00,0,46,46,0,0,0,0.00,0.00,0,65,6.40,0.00,0.00,0,0,0.00,0.00,99,0.00,0,0,0,0.00,0.00,0,0.00,0.00,0.00,0.00,0,0,0.00,78,0,9,76,20,0.06,69,0.03,0.12,0.05,63,0.03,0.10,75,1,0.50,2.05,2.05,0.50,79,1,0.10,62,2,16,96,0,80,78,0,0.00,99,1,0.00,2.05,4.09,1.00,2,2,49,15,4.09,1.00,100.00,0,0.00,99,0,0.00,0,0.00,99,0,0.00,0.00,60,3,93,61,0,0,0,0,0,66,76,90,87,0,99,40,62,62,0,0,63,5,0,0
Garrett McLaughlin,28,879148800,1997/11/10,USL League One,2026,Forward,Sarasota Paradise,262,262,0,USA,3,3,0,0,0,0,0,0,0,0,0,1,1,0,3,3,0,0,0,0,0,0,0,0,0,1.03,87,87,0,0,0,-1,-1,-1,9,0,6.85,0,84,16.49,16.00,13,48,10.67,32,18,10.99,11,0.00,0.00,1.00,3,0.00,0.33,1.37,1.33,4,0.00,1.00,0.00,0.00,0.00,0.33,0.00,1.00,0.00,3.09,2.00,0.00,0.00,1.00,0.23,0.00,2.67,0.00,0.00,0,0,,9,3.00,92,3,1.03,86,6,2.06,93,2,0,3,63,0.00,99,0,1,0.34,47,1,60,0.34,39,0,0.00,99,0,0.00,0,0,0.00,0,1.03,67,0,0.00,27,0,0.00,0.00,0,0.00,0,0,0,0.00,0,3,0.00,53,1.03,36,N/A,N/A,N/A,N/A,0.00,0,0.00,0,0.69,0.00,0,66.67,33.33,69,99,0.00,0.00,0,46,46,0,0,0,0.00,0.00,0,65,20.56,0.67,0.69,2,0,0.00,0.00,99,0.00,0,0,1,0.33,0.34,0,0.00,0.00,0.00,0.00,0,0,0.00,78,74,90,76,61,0.16,31,0.05,0.05,0.69,77,0.23,0.24,82,7,2.33,2.40,1.37,1.33,59,4,0.24,76,70,31,98,0,80,86,0,0.00,99,8,0.00,2.75,13.74,13.33,40,19,86,88,6.53,6.33,47.50,3,1.03,24,0,0.00,0,0.00,99,0,0.00,0.00,60,94,78,99,0,0,0,0,0,66,76,90,87,0,99,66,62,62,0,0,63,19,0,0
Greyson Mercer,24,1001487600,2001/09/26,USL League One,2026,Midfielder,Chattanooga Red Wolves,165,0,165,USA,2,0,2,1,0,1,0,0,0,0,0,0,0,0,3,0,3,0,0,0.55,0,0.55,0,0.55,165,1.64,55,83,0,0,0,-1,-1,-1,2,0,7.28,0,84,17.45,16.00,16,32,7.00,14,1,7.64,4,0.00,0.00,0.50,1,0.00,0.50,0.55,0.50,1,0.00,1.00,0.00,0.00,0.00,0.00,0.00,1.50,4.00,2.18,1.50,1.00,0.00,0.50,0.43,0.00,8.00,0.00,0.00,0,0,,4,2.00,84,1,0.55,70,3,1.64,88,1,0,2,33,0.00,99,0,0,0.00,44,1,99,0.55,48,0,0.00,99,0,0.00,0,0,0.00,0,0.55,47,2,1.09,57,0,0.00,0.00,0,0.00,0,0,0,0.00,0,3,0.00,30,1.64,61,N/A,N/A,N/A,N/A,0.00,0,0.00,0,0.87,0.00,0,43.75,25.00,64,99,0.00,0.00,0,46,46,0,0,0,0.50,0.55,1,82,14.55,1.00,1.09,2,0,0.00,0.00,99,0.00,0,0,0,0.00,0.00,0,0.00,0.00,0.00,0.00,0,1,25.00,89,34,45,86,38,0.08,23,0.04,0.04,0.87,91,0.43,0.47,78,4,2.00,2.18,2.73,2.50,91,5,0.47,90,94,45,96,0,80,99,0,0.00,99,16,0.00,8.73,21.27,19.50,39,21,99,99,11.45,10.50,53.85,2,1.09,21,0,100.00,0,0.00,99,1,0.50,0.55,74,59,78,94,0,0,0,0,0,84,90,93,87,0,99,40,62,62,0,0,63,9,0,0
Hayden Anderson,25,979632000,2001/01/16,USL League One,2026,Midfielder,Richmond Kickers,270,90,180,USA,3,1,2,0,0,0,0,0,0,0,0,0,0,0,3,1,2,0,0,0,0,0,0,0,0,1,90,90,0,0,0,-1,-1,-1,4,0,6.39,0,84,23.10,22.33,32,67,15.33,46,20,15.86,30,0.00,0.00,0.00,0,0.00,0.00,3.79,3.67,11,0.00,0.33,0.00,0.00,0.00,0.00,0.00,0.67,0.00,0.34,0.33,1.33,0.00,0.00,0.01,0.00,1.33,0.00,0.00,0,0,,1,0.33,33,0,0.00,58,1,0.34,45,0,0,3,98,0.00,99,0,0,0.00,44,0,60,0.00,36,0,0.00,99,0,0.00,0,0,0.00,0,0.00,36,4,1.38,63,0,0.00,0.00,0,0.00,0,0,0,0.00,0,2,0.00,63,0.69,17,N/A,N/A,N/A,N/A,0.00,0,0.00,0,0.04,0.00,0,68.66,0.00,58,99,0.00,0.00,0,46,46,0,0,0,0.00,0.00,0,65,19.18,3.00,3.10,9,0,0.00,0.00,99,0.00,0,0,0,0.00,0.00,0,0.00,0.00,0.00,0.00,0,0,0.00,78,92,90,76,71,0.09,12,0.03,0.03,0.04,32,0.01,0.01,18,0,0.00,0.00,0.69,0.67,35,2,0.01,32,22,77,96,0,80,66,0,0.00,99,4,0.00,1.38,8.62,8.33,25,15,66,51,5.17,5.00,60.00,1,0.34,54,0,0.00,0,0.00,99,0,0.00,0.00,60,94,78,61,0,0,0,0,0,66,76,90,87,0,99,40,62,62,0,0,63,3,0,0
Hayden Sargis,23,1020322800,2002/05/02,USL League One,2026,Defender,Athletic Club Boise,3,0,3,USA,1,0,1,0,0,0,0,0,0,0,0,1,0,1,0,0,0,0,0,0,0,0,0,0,0,0,0,3,0,0,0,-1,-1,-1,14,0,0.00,0,84,0.00,0.00,0,0,0.00,0,0,0.00,0,0.00,0.00,0.00,0,0.00,0.00,0.00,0.00,0,0.00,0.00,0.00,0.00,0.00,0.50,0.00,0.00,0.00,0.00,0.00,0.00,0.00,0.00,0.00,0.00,0.50,0.00,0.00,0,0,,0,0.00,29,0,0.00,58,0,0.00,38,0,1,0,25,0.00,99,0,1,30.00,99,0,60,0.00,36,0,0.00,99,0,0.00,0,0,0.00,0,0.00,36,0,0.00,27,0,0.00,0.00,0,0.00,0,0,0,0.00,0,0,0.00,99,0.00,0,N/A,N/A,N/A,N/A,0.00,0,0.00,0,0.00,0.00,0,0.00,0.00,58,99,0.00,0.00,0,46,46,0,0,0,0.00,0.00,0,65,0.00,0.50,30.00,1,0,0.00,0.00,99,0.00,0,0,0,0.00,0.00,0,0.00,0.00,0.00,0.00,0,0,0.00,78,0,9,76,8,0.00,0,0.00,0.00,0.00,29,0.00,0.00,18,0,0.00,0.00,0.00,0.00,17,0,0.00,29,0,99,96,0,80,99,0,0.00,99,1,0.00,30.00,30.00,0.50,1,1,99,99,30.00,0.50,100.00,0,0.00,99,0,0.00,0,0.00,99,0,0.00,0.00,60,3,93,61,0,0,0,0,0,66,76,90,87,0,99,99,62,62,0,0,63,33,0,0
Hunter Morse,27,908175600,1998/10/12,USL League One,2026,Midfielder,Portland Hearts of Pine,180,0,180,USA,2,0,2,0,0,0,0,0,0,0,0,0,0,0,2,0,2,0,0,0,0,0,0,0,0,1,90,90,0,0,0,-1,-1,-1,10,0,4.73,0,84,20.50,13.67,24,41,12.00,36,90,18.00,35,0.00,0.00,0.00,0,0.00,0.00,0.00,0.00,0,0.00,0.00,0.00,0.00,2.33,0.00,0.00,2.67,0.00,0.00,0.00,0.00,0.00,0.00,0.00,0.00,0.67,0.00,0.00,0,0,,0,0.00,29,0,0.00,58,0,0.00,38,0,0,2,25,0.00,99,0,0,0.00,44,0,60,0.00,36,0,0.00,99,0,0.00,0,0,0.00,0,0.00,36,0,0.00,27,0,0.00,0.00,0,0.00,0,7,78,3.50,78,8,0.00,63,4.00,97,N/A,N/A,N/A,N/A,87.50,0,0.00,0,0.00,0.00,0,87.80,0.00,58,99,0.00,0.00,0,46,46,0,0,5,0.00,0.00,0,65,14.18,0.67,1.00,2,0,0.00,0.00,99,0.00,0,0,0,0.00,0.00,1,0.33,0.50,0.00,0.00,0,0,0.00,78,55,45,76,71,0.09,23,0.03,0.04,0.00,29,0.00,0.00,18,0,0.00,0.00,0.00,0.00,17,0,0.00,29,6,43,96,69,80,52,0,0.00,99,2,0.00,1.00,1.00,0.67,2,2,9,6,1.00,0.67,100.00,0,0.00,99,0,0.00,0,0.00,99,0,0.00,0.00,60,59,78,61,0,0,0,0,0,66,76,90,87,0,99,40,62,62,0,0,63,1,0,0
Ian Cerro,29,850118400,1996/12/09,USL League One,2026,Midfielder,Naples,108,90,18,USA,3,2,1,0,0,0,0,0,0,0,0,2,1,1,1,1,0,1,0,0,0,0,0,0,0,0.83,108,36,108,0,0.83,-1,-1,-1,12,0,3.24,0,84,42.11,12.75,76,51,8.50,34,18,28.07,64,0.00,0.00,0.25,1,0.00,1.25,0.83,0.25,1,0.00,1.00,0.00,0.00,0.00,0.25,0.25,0.25,0.00,0.83,0.25,0.50,0.00,0.00,0.01,0.00,0.00,0.00,0.00,0,0,,1,0.25,53,0,0.00,58,1,0.83,66,0,2,1,46,0.00,99,0,1,0.83,73,5,82,4.13,89,0,0.00,99,0,0.00,0,0,0.00,0,0.83,60,2,1.65,71,1,0.83,50.00,0,0.00,0,0,0,0.00,0,1,0.00,68,0.83,22,N/A,N/A,N/A,N/A,0.00,0,0.00,0,0.05,0.00,0,66.67,0.00,58,99,0.00,0.00,0,77,78,0,0,0,0.00,0.00,0,65,12.94,0.25,0.83,1,0,0.00,0.00,99,0.00,0,0,0,0.00,0.00,0,0.00,0.00,0.00,0.00,0,0,0.00,78,16,90,76,76,0.11,57,0.03,0.09,0.05,46,0.01,0.04,83,3,0.75,2.48,1.65,0.50,66,2,0.04,46,2,36,96,0,80,21,0,0.00,99,0,0.00,0.00,14.04,4.25,17,5,50,90,4.13,1.25,29.41,4,3.30,1,0,40.00,0,0.00,99,2,0.50,1.65,94,24,99,61,0,0,0,0,0,66,76,90,87,0,99,98,70,92,1,33,86,30,0,0
Ivan Agyaakwah,25,973411200,2000/11/05,USL League One,2026,Midfielder,Greenville Triumph,42,42,0,England,2,2,0,0,0,0,0,0,0,0,0,0,0,0,2,2,0,0,0,0,0,0,0,0,0,4.29,21,21,0,0,0,-1,-1,-1,16,0,6.45,0,84,53.57,12.50,87,25,9.50,19,39,40.71,84,0.00,0.00,0.50,1,0.00,0.00,6.43,1.50,3,0.00,0.00,0.00,0.00,0.00,0.00,0.00,1.00,0.00,4.29,0.50,0.00,0.00,0.50,0.09,0.00,1.00,0.00,0.00,0,0,,2,1.00,98,1,2.14,99,1,2.14,93,0,2,0,99,0.00,99,0,0,0.00,44,0,60,0.00,36,0,0.00,99,0,0.00,0,0,0.00,0,2.14,91,0,0.00,27,0,0.00,0.00,0,0.00,0,0,0,0.00,0,2,0.00,0,4.29,97,N/A,N/A,N/A,N/A,0.00,0,0.00,0,0.17,0.00,0,76.00,50.00,84,99,0.00,0.00,0,46,46,0,0,0,0.00,0.00,0,65,12.89,1.00,4.29,2,0,0.00,0.00,99,0.00,0,0,0,0.00,0.00,0,0.00,0.00,0.00,0.00,0,0,0.00,78,0,45,76,8,0.08,81,0.04,0.17,0.17,87,0.09,0.36,18,0,0.00,0.00,2.14,0.50,81,1,0.36,84,28,88,96,0,80,96,0,0.00,99,2,0.00,4.29,12.86,3.00,6,5,99,83,10.71,2.50,83.33,0,0.00,99,0,0.00,0,0.00,99,0,0.00,0.00,60,3,99,61,0,0,0,0,0,66,76,90,87,0,99,40,62,62,0,0,63,6,0,0
Jack Denton,27,908262000,1998/10/13,USL League One,2026,Midfielder,Spokane Velocity,213,123,90,England,3,2,1,1,1,0,0,0,0,0,0,1,1,0,5,1,4,0,0,0.42,0,0.42,0.73,0,213,2.11,43,71,0,0,0,-1,-1,-1,3,0,6.80,0,84,45.63,36.00,80,108,31.00,93,81,39.30,83,0.00,0.00,0.00,0,0.00,0.00,4.65,3.67,11,0.00,1.00,0.00,0.00,0.00,0.67,1.33,1.67,1.00,0.42,0.00,1.67,0.00,0.33,0.25,0.00,0.00,0.00,0.00,0,0,,1,0.33,37,1,0.42,67,0,0.00,38,0,1,2,99,0.00,99,0,2,0.85,73,0,60,0.00,36,0,0.00,99,0,0.00,0,0,0.00,0,0.00,36,5,2.11,84,4,1.69,80.00,0,0.00,0,0,0,0.00,0,5,0.00,10,2.11,78,N/A,N/A,N/A,N/A,0.00,0,0.00,0,0.75,0.00,0,86.11,100.00,99,99,0.00,0.00,0,96,87,0,0,0,0.00,0.00,0,65,20.41,1.00,1.27,3,0,0.00,0.00,99,0.00,0,0,0,0.00,0.00,0,0.00,0.00,0.00,0.00,0,0,100.00,99,60,90,90,19,0.22,57,0.07,0.09,0.75,85,0.25,0.32,84,6,2.00,2.54,1.27,1.00,53,3,0.32,83,68,49,96,0,80,21,0,0.00,99,0,0.00,0.00,13.10,10.33,31,21,97,84,8.87,7.00,67.74,3,1.27,16,0,0.00,0,0.00,99,0,0.00,0.00,60,59,93,61,0,0,0,0,0,78,87,90,96,0,99,66,62,62,0,0,63,19,0,0
Jack Keaney,27,916646400,1999/01/18,USL League One,2026,Midfielder,Corpus Christi,270,0,270,Republic of Ireland,3,0,3,0,0,0,0,0,0,0,0,1,0,1,3,0,3,1,0,0,0,0,0,0,0,1,90,90,270,0,0.33,-1,-1,-1,5,0,6.80,0,84,39.33,39.33,71,118,28.00,84,28,28.00,62,0.00,0.00,0.00,0,0.00,0.33,1.67,1.67,5,0.00,0.00,0.00,0.00,0.00,0.00,0.67,1.33,0.00,1.00,1.00,1.00,0.00,0.00,0.04,0.00,3.00,0.00,0.00,0,0,,3,1.00,60,0,0.00,58,3,1.00,71,0,0,3,73,0.00,99,0,0,0.00,44,1,99,0.33,39,0,0.00,99,0,0.00,0,0,0.00,0,0.00,36,3,1.00,54,2,0.67,66.67,0,0.00,0,0,0,0.00,0,4,0.00,63,1.33,46,N/A,N/A,N/A,N/A,0.00,0,0.00,0,0.13,0.00,0,71.19,0.00,58,99,0.00,0.00,0,73,85,0,0,0,1.00,1.00,3,96,20.41,4.67,4.67,14,0,0.00,0.00,99,0.00,0,0,0,0.00,0.00,0,0.00,0.00,0.00,0.00,0,0,0.00,78,92,90,76,71,0.20,44,0.07,0.07,0.13,46,0.04,0.04,86,8,2.67,2.67,1.33,1.33,55,4,0.04,46,68,90,96,0,80,89,0,0.00,99,9,0.00,3.00,11.00,11.00,33,24,94,73,8.00,8.00,72.73,0,0.00,99,0,100.00,0,0.00,99,1,0.33,0.33,64,94,78,61,0,0,0,0,0,66,76,90,87,0,99,66,96,73,1,33,86,4,0,0
Jack Thomas,21,1087023600,2004/06/12,USL League One,2026,Midfielder,Fort Wayne,180,0,180,England,2,0,2,0,0,0,0,0,0,0,0,0,0,0,4,0,4,0,0,0,0,0,0,0,0,2,45,90,0,0,0,-1,-1,-1,9,0,6.79,0,84,29.33,22.00,51,44,18.50,37,68,24.67,56,0.00,0.00,0.50,1,0.00,0.50,0.00,0.00,0,0.00,1.50,0.00,0.00,0.00,0.00,0.50,2.00,0.00,5.33,3.50,1.00,0.00,0.50,0.20,0.00,0.00,0.00,0.00,0,0,,8,4.00,99,1,0.67,75,7,4.67,99,0,0,2,25,0.00,99,0,0,0.00,44,1,99,0.67,54,0,0.00,99,0,0.00,0,0,0.00,0,0.67,55,2,1.33,62,1,0.67,50.00,0,0.00,0,0,0,0.00,0,4,0.00,22,2.67,88,N/A,N/A,N/A,N/A,0.00,0,0.00,0,0.41,0.00,0,84.09,12.50,59,99,0.00,0.00,0,73,78,0,0,0,0.00,0.00,0,65,13.58,0.00,0.00,0,0,0.00,0.00,99,0.00,0,0,1,0.50,0.67,0,0.00,0.00,0.00,0.00,0,0,0.00,78,55,45,76,30,0.12,50,0.06,0.08,0.41,80,0.20,0.27,75,3,1.50,2.00,0.00,0.00,17,0,0.27,78,67,16,99,0,80,21,0,0.00,99,0,0.00,0.00,6.67,5.00,10,4,26,33,2.67,2.00,40.00,3,2.00,7,0,100.00,0,0.00,99,1,0.50,0.67,78,59,78,61,0,0,0,0,0,66,76,90,87,0,99,40,62,62,0,0,63,23,0,0
Jackson Castro,23,1040716800,2002/12/24,USL League One,2026,Midfielder,Forward Madison,1,0,1,USA,1,0,1,0,0,0,0,0,0,0,0,1,0,1,0,0,0,0,0,0,0,0,0,0,0,0,0,1,0,0,0,-1,-1,-1,15,0,0.00,0,84,0.00,0.00,0,0,0.00,0,0,0.00,0,0.00,0.00,0.00,0,0.00,0.00,0.00,0.00,0,0.00,0.00,0.00,0.00,0.00,0.00,0.00,0.00,0.00,0.00,0.00,0.00,0.00,0.00,0.00,0.00,0.00,0.00,0.00,0,0,,0,0.00,29,0,0.00,58,0,0.00,38,0,1,0,25,0.00,99,0,0,0.00,44,0,60,0.00,36,0,0.00,99,0,0.00,0,0,0.00,0,0.00,36,0,0.00,27,0,0.00,0.00,0,0.00,0,0,0,0.00,0,0,0.00,99,0.00,0,N/A,N/A,N/A,N/A,0.00,0,0.00,0,0.00,0.00,0,0.00,0.00,58,99,0.00,0.00,0,46,46,0,0,0,0.00,0.00,0,65,0.00,0.00,0.00,0,0,0.00,0.00,99,0.00,0,0,0,0.00,0.00,0,0.00,0.00,0.00,0.00,0,0,0.00,78,0,9,76,8,0.00,0,0.00,0.00,0.00,29,0.00,0.00,18,0,0.00,0.00,0.00,0.00,17,0,0.00,29,0,16,96,0,80,21,0,0.00,99,0,0.00,0.00,0.00,0.00,0,0,1,1,0.00,0.00,0.00,0,0.00,99,0,0.00,0,0.00,99,0,0.00,0.00,60,3,93,61,0,0,0,0,0,66,76,90,87,0,99,99,62,62,0,0,63,16,0,0
Jackson Dietrich,29,830070000,1996/04/21,USL League One,2026,Forward,Corpus Christi,134,0,134,USA,3,0,3,0,0,0,0,0,0,0,0,1,0,1,2,0,2,1,0,0,0,0,0,0,0,1.34,67,45,134,0,0.67,-1,-1,-1,7,0,6.61,0,84,30.90,15.33,55,46,12.00,36,46,24.18,55,0.00,0.00,1.00,3,0.00,3.00,2.69,1.33,4,0.00,0.33,0.00,0.00,0.00,0.00,0.33,0.67,0.00,0.67,0.00,1.00,0.00,0.33,0.04,0.00,0.00,0.00,0.00,0,0,,1,0.33,47,1,0.67,75,0,0.00,38,3,1,2,90,0.00,99,0,0,0.00,44,9,61,6.04,98,0,0.00,99,0,0.00,0,0,0.00,0,2.01,89,3,2.01,81,1,0.67,33.33,0,0.00,0,0,0,0.00,0,2,0.00,42,1.34,46,N/A,N/A,N/A,N/A,0.00,0,0.00,0,0.12,0.00,0,78.26,100.00,99,99,0.00,0.00,0,73,62,0,0,0,0.00,0.00,0,65,19.84,0.00,0.00,0,0,0.00,0.00,99,0.00,0,0,0,0.00,0.00,0,0.00,0.00,0.00,0.00,0,0,0.00,78,24,90,76,50,0.21,76,0.07,0.14,0.12,59,0.04,0.08,94,5,1.67,3.36,2.01,1.00,78,3,0.08,58,44,16,96,0,80,21,0,0.00,99,0,0.00,0.00,11.42,5.67,17,10,88,76,6.72,3.33,58.82,1,0.67,41,0,11.11,0,0.00,99,1,0.33,0.67,78,59,93,99,0,0,0,0,0,66,76,90,87,0,99,66,72,90,1,33,86,8,0,0
Jacob Crull,28,875862000,1997/10/03,USL League One,2026,Midfielder,Athletic Club Boise,178,0,178,Austria,2,0,2,0,0,0,0,0,0,0,0,1,0,1,3,0,3,0,0,0,0,0,0,0,0,1.52,59,89,0,0,0,-1,-1,-1,9,0,6.75,0,84,61.18,60.50,95,121,51.00,102,71,51.57,94,0.00,0.00,0.00,0,0.00,0.50,1.01,1.00,2,0.00,0.00,0.00,0.00,0.00,2.50,0.00,1.50,0.00,0.00,0.00,0.50,0.00,0.00,0.00,0.00,2.00,0.00,0.00,0,0,,0,0.00,29,0,0.00,58,0,0.00,38,1,0,2,52,0.00,99,0,5,2.53,98,1,60,0.51,46,0,0.00,99,0,0.00,0,0,0.00,0,0.00,36,1,0.51,37,0,0.00,0.00,0,0.00,0,0,0,0.00,0,3,0.00,33,1.52,55,N/A,N/A,N/A,N/A,0.00,0,0.00,0,0.00,0.00,0,84.30,0.00,58,99,0.00,0.00,0,46,46,0,0,0,0.50,0.51,1,80,13.50,3.50,3.54,7,0,0.00,0.00,99,0.00,0,0,0,0.00,0.00,0,0.00,0.00,0.00,0.00,0,0,0.00,78,37,45,76,41,0.20,63,0.10,0.10,0.00,29,0.00,0.00,50,2,1.00,1.01,0.00,0.00,17,0,0.00,29,60,81,96,0,80,78,0,0.00,99,4,0.00,2.02,6.57,6.50,13,8,49,31,4.04,4.00,61.54,0,0.00,99,0,0.00,0,0.00,99,0,0.00,0.00,60,59,78,94,0,0,0,0,0,66,76,90,87,0,99,96,62,62,0,0,63,16,0,0
Jaden Jerome Jones-Riley,24,999154800,2001/08/30,USL League One,2026,Midfielder,Portland Hearts of Pine,27,0,27,USA,1,0,1,0,0,0,0,0,0,0,0,0,0,0,0,0,0,0,0,0,0,0,0,0,0,0,0,27,0,0,0,-1,-1,-1,18,0,6.50,0,84,43.33,13.00,77,13,9.00,9,21,30.00,68,0.00,0.00,0.00,0,0.00,1.00,3.33,1.00,1,0.00,1.00,0.00,0.00,0.00,0.00,2.00,0.00,0.00,0.00,0.00,2.00,0.00,0.00,0.00,0.00,0.00,0.00,0.00,0,0,,0,0.00,29,0,0.00,58,0,0.00,38,0,1,0,96,0.00,99,0,0,0.00,44,1,60,3.33,83,0,0.00,99,0,0.00,0,0,0.00,0,0.00,36,2,6.67,99,2,6.67,100.00,0,0.00,0,0,0,0.00,0,0,0.00,99,0.00,0,N/A,N/A,N/A,N/A,0.00,0,0.00,0,0.00,0.00,0,69.23,0.00,58,99,0.00,0.00,0,99,99,0,0,0,0.00,0.00,0,65,6.50,0.00,0.00,0,0,0.00,0.00,99,0.00,0,0,0,0.00,0.00,0,0.00,0.00,0.00,0.00,0,0,0.00,78,0,9,76,8,0.02,44,0.02,0.07,0.00,29,0.00,0.00,18,0,0.00,0.00,3.33,1.00,96,1,0.00,29,33,16,96,0,80,21,0,0.00,99,0,0.00,0.00,16.67,5.00,5,3,99,97,10.00,3.00,60.00,1,3.33,0,0,0.00,0,0.00,99,0,0.00,0.00,60,3,93,61,0,0,0,0,0,66,76,90,87,0,99,40,62,62,0,0,63,2,0,0
Jake Dengler,27,908348400,1998/10/14,USL League One,2026,Defender,Athletic Club Boise,180,0,180,USA,2,0,2,0,0,0,0,0,0,0,0,1,0,1,3,0,3,1,0,0,0,0,0,0,0,1.5,60,90,180,0,0.5,-1,-1,-1,10,0,6.37,0,84,58.00,58.00,91,116,48.00,96,63,48.00,90,0.00,0.00,0.00,0,0.00,0.00,0.50,0.50,1,0.00,0.00,0.00,0.00,0.00,0.50,0.00,1.50,0.00,0.00,0.00,0.00,0.00,0.00,0.00,0.00,4.50,0.00,0.00,0,0,,0,0.00,29,0,0.00,58,0,0.00,38,0,0,2,32,0.00,99,0,1,0.50,57,0,60,0.00,36,0,0.00,99,0,0.00,0,0,0.00,0,0.00,36,0,0.00,27,0,0.00,0.00,0,0.00,0,0,0,0.00,0,3,0.00,38,1.50,55,N/A,N/A,N/A,N/A,0.00,0,0.00,0,0.00,0.00,0,82.76,0.00,58,99,0.00,0.00,0,46,46,0,0,0,0.00,0.00,0,65,12.73,8.00,8.00,16,0,0.00,0.00,99,0.00,0,0,0,0.00,0.00,0,0.00,0.00,0.00,0.00,0,0,0.00,78,55,45,76,46,0.21,63,0.10,0.10,0.00,29,0.00,0.00,18,0,0.00,0.00,3.50,3.50,97,7,0.00,29,20,99,96,0,80,97,0,0.00,99,9,0.00,4.50,10.50,10.50,21,10,65,69,5.00,5.00,47.62,0,0.00,99,0,0.00,0,0.00,99,0,0.00,0.00,60,59,78,61,0,0,0,0,0,66,76,90,87,0,99,96,80,86,1,50,95,25,0,0
Jake Keegan,34,672217200,1991/04/21,USL League One,2026,Forward,Corpus Christi,37,0,37,USA,2,0,2,0,0,0,1,0,1,0,0,0,0,0,1,0,1,0,0,2.43,2.43,0,0,0,0,2.43,37,19,0,37,0,-1,-1,-1,15,0,6.68,0.5,99,7.66,1.33,1,4,1.00,3,36,5.74,1,0.00,0.00,0.33,1,0.00,1.00,0.00,0.00,0,0.00,0.33,0.00,0.00,0.00,0.00,0.00,0.67,0.00,1.91,0.33,0.00,0.00,0.00,0.02,0.00,0.67,0.00,0.00,0,0,,1,0.33,79,0,0.00,58,1,1.91,91,0,2,0,25,0.00,99,0,0,0.00,44,3,80,5.74,96,0,0.00,99,0,0.00,0,0,0.00,0,1.91,85,0,0.00,27,0,0.00,0.00,0,0.00,0,0,0,0.00,0,2,0.00,4,3.83,95,N/A,N/A,N/A,N/A,0.00,0,0.00,0,0.05,0.00,0,75.00,0.00,58,99,0.00,0.00,0,46,46,0,0,0,0.00,0.00,0,65,20.03,0.33,1.91,1,0,0.00,0.00,99,0.00,0,0,0,0.00,0.00,0,0.00,0.00,0.00,0.00,0,0,0.00,78,0,45,76,12,0.59,99,0.20,1.13,0.05,63,0.02,0.10,71,1,0.33,1.91,0.00,0.00,17,0,0.10,62,53,63,96,0,80,93,0,0.00,99,2,0.00,3.83,7.66,1.33,4,3,74,41,5.74,1.00,75.00,1,1.91,8,0,33.33,0,0.00,99,1,0.33,1.91,94,3,99,61,0,0,0,0,0,99,76,90,87,0,99,40,62,62,0,0,63,12,0,0
James Mzamo Musa,33,702115200,1992/04/01,USL League One,2026,Defender,Fort Wayne,180,0,180,New Zealand,2,0,2,0,0,0,0,0,0,0,0,0,0,0,4,0,4,1,0,0,0,0,0,0,0,2,45,90,180,0,0.5,-1,-1,-1,5,0,6.35,0,84,46.42,41.00,81,82,34.50,69,69,39.06,82,0.00,0.00,0.00,0,0.00,0.00,0.00,0.00,0,0.00,0.00,0.00,0.00,0.00,0.00,0.00,1.50,0.00,0.00,0.00,0.00,0.00,0.00,0.00,0.00,2.00,0.00,0.00,0,0,,0,0.00,29,0,0.00,58,0,0.00,38,0,0,2,25,0.00,99,0,0,0.00,44,0,60,0.00,36,0,0.00,99,0,0.00,0,0,0.00,0,0.00,36,0,0.00,27,0,0.00,0.00,0,0.00,0,0,0,0.00,0,3,0.00,22,1.70,64,N/A,N/A,N/A,N/A,0.00,0,0.00,0,0.00,0.00,0,84.15,0.00,58,99,0.00,0.00,0,46,46,0,0,0,0.00,0.00,0,65,12.69,4.50,5.09,9,0,0.00,0.00,99,0.00,0,0,0,0.00,0.00,0,0.00,0.00,0.00,0.00,0,0,0.00,78,55,45,76,30,0.17,63,0.09,0.10,0.00,29,0.00,0.00,69,3,1.50,1.70,3.96,3.50,98,7,0.00,29,18,93,96,0,80,80,0,0.00,99,4,0.00,2.26,9.06,8.00,16,7,45,58,3.96,3.50,43.75,0,0.00,99,0,0.00,0,0.00,99,0,0.00,0.00,60,59,78,61,0,0,0,0,0,66,76,90,87,0,99,40,80,86,1,50,95,41,0,0
James Talbot,28,861865200,1997/04/24,USL League One,2026,Goalkeeper,Corpus Christi,270,0,270,Republic of Ireland,3,0,3,0,0,0,0,0,0,0,0,1,0,1,3,0,3,0,0,0,0,0,0,0,0,1,90,90,0,0,0,-1,-1,-1,3,0,7.18,0,84,34.67,34.67,62,104,16.00,48,2,16.00,32,0.00,0.00,0.00,0,0.00,0.00,0.00,0.00,0,0.00,0.00,0.00,0.00,5.33,0.00,0.00,6.00,0.00,0.00,0.00,0.00,0.00,0.00,0.00,0.00,0.33,0.00,0.00,0,0,,0,0.00,29,0,0.00,58,0,0.00,38,0,0,3,25,0.00,99,0,0,0.00,44,0,60,0.00,36,0,0.00,99,0,0.00,0,0,0.00,0,0.00,36,0,0.00,27,0,0.00,0.00,0,0.00,0,16,83,5.33,94,18,0.00,63,6.00,99,N/A,N/A,N/A,N/A,88.89,0,0.00,0,0.00,0.00,0,46.15,0.00,58,99,0.00,0.00,0,46,46,0,0,9,0.00,0.00,0,65,21.53,1.67,1.67,5,0,0.00,0.00,99,0.00,0,0,0,0.00,0.00,1,0.33,0.33,0.00,0.00,0,0,0.00,78,92,90,76,71,0.10,12,0.03,0.03,0.00,29,0.00,0.00,38,2,0.67,0.67,0.00,0.00,17,0,0.00,29,92,62,96,31,80,26,0,0.00,99,1,0.00,0.33,1.33,1.33,4,3,9,7,1.00,1.00,75.00,0,0.00,99,0,0.00,0,0.00,99,0,0.00,0.00,60,94,78,61,0,0,0,0,0,66,76,90,87,0,99,66,62,62,0,0,63,1,0,0
James Vaughan,31,787132800,1994/12/11,USL League One,2026,Midfielder,Chattanooga Red Wolves,0,0,0,England,0,0,0,0,0,0,0,0,0,0,0,0,0,0,0,0,0,0,0,0,0,0,0,0,0,0,0,0,0,0,0,-1,-1,-1,-1,N/A,N/A,N/A,N/A,N/A,N/A,N/A,N/A,N/A,N/A,N/A,N/A,N/A,N/A,N/A,N/A,N/A,N/A,N/A,N/A,N/A,N/A,N/A,N/A,N/A,N/A,N/A,N/A,N/A,N/A,N/A,N/A,N/A,N/A,N/A,N/A,N/A,N/A,N/A,N/A,N/A,N/A,N/A,N/A,N/A,N/A,N/A,N/A,N/A,N/A,N/A,N/A,N/A,N/A,N/A,N/A,N/A,N/A,N/A,N/A,N/A,N/A,N/A,N/A,N/A,N/A,N/A,N/A,N/A,N/A,N/A,N/A,N/A,N/A,N/A,N/A,N/A,N/A,N/A,N/A,N/A,N/A,N/A,N/A,N/A,N/A,N/A,N/A,N/A,N/A,N/A,N/A,N/A,N/A,N/A,N/A,N/A,N/A,N/A,N/A,N/A,N/A,N/A,N/A,N/A,N/A,N/A,N/A,N/A,N/A,N/A,N/A,N/A,N/A,N/A,N/A,N/A,N/A,N/A,N/A,N/A,N/A,N/A,N/A,N/A,N/A,N/A,N/A,N/A,N/A,N/A,N/A,N/A,N/A,N/A,N/A,N/A,N/A,N/A,N/A,N/A,N/A,N/A,N/A,N/A,N/A,N/A,N/A,N/A,N/A,N/A,N/A,N/A,N/A,N/A,N/A,N/A,N/A,N/A,N/A,N/A,N/A,N/A,N/A,N/A,N/A,N/A,N/A,N/A,N/A,N/A,N/A,N/A,N/A,N/A,N/A,N/A,N/A,N/A,N/A,N/A,N/A,N/A,N/A,N/A,N/A,N/A,N/A,N/A,N/A,N/A,N/A,N/A,N/A,N/A,N/A,N/A,N/A,N/A,N/A,N/A,N/A,N/A,N/A,N/A,N/A,N/A,N/A,N/A,N/A,N/A,N/A,N/A,N/A,N/A,N/A,N/A,N/A,N/A,N/A,N/A,N/A,N/A,N/A
Jamie Sneddon,28,873529200,1997/09/06,USL League One,2026,Goalkeeper,Richmond Kickers,0,0,0,Scotland,0,0,0,0,0,0,0,0,0,0,0,0,0,0,0,0,0,0,0,0,0,0,0,0,0,0,0,0,0,0,0,-1,-1,-1,-1,N/A,N/A,N/A,N/A,N/A,N/A,N/A,N/A,N/A,N/A,N/A,N/A,N/A,N/A,N/A,N/A,N/A,N/A,N/A,N/A,N/A,N/A,N/A,N/A,N/A,N/A,N/A,N/A,N/A,N/A,N/A,N/A,N/A,N/A,N/A,N/A,N/A,N/A,N/A,N/A,N/A,N/A,N/A,N/A,N/A,N/A,N/A,N/A,N/A,N/A,N/A,N/A,N/A,N/A,N/A,N/A,N/A,N/A,N/A,N/A,N/A,N/A,N/A,N/A,N/A,N/A,N/A,N/A,N/A,N/A,N/A,N/A,N/A,N/A,N/A,N/A,N/A,N/A,N/A,N/A,N/A,N/A,N/A,N/A,N/A,N/A,N/A,N/A,N/A,N/A,N/A,N/A,N/A,N/A,N/A,N/A,N/A,N/A,N/A,N/A,N/A,N/A,N/A,N/A,N/A,N/A,N/A,N/A,N/A,N/A,N/A,N/A,N/A,N/A,N/A,N/A,N/A,N/A,N/A,N/A,N/A,N/A,N/A,N/A,N/A,N/A,N/A,N/A,N/A,N/A,N/A,N/A,N/A,N/A,N/A,N/A,N/A,N/A,N/A,N/A,N/A,N/A,N/A,N/A,N/A,N/A,N/A,N/A,N/A,N/A,N/A,N/A,N/A,N/A,N/A,N/A,N/A,N/A,N/A,N/A,N/A,N/A,N/A,N/A,N/A,N/A,N/A,N/A,N/A,N/A,N/A,N/A,N/A,N/A,N/A,N/A,N/A,N/A,N/A,N/A,N/A,N/A,N/A,N/A,N/A,N/A,N/A,N/A,N/A,N/A,N/A,N/A,N/A,N/A,N/A,N/A,N/A,N/A,N/A,N/A,N/A,N/A,N/A,N/A,N/A,N/A,N/A,N/A,N/A,N/A,N/A,N/A,N/A,N/A,N/A,N/A,N/A,N/A,N/A,N/A,N/A,N/A,N/A,N/A
Jason Smith,22,1050390000,2003/04/15,USL League One,2026,Goalkeeper,Chattanooga Red Wolves,180,0,180,USA,2,0,2,0,0,0,0,0,0,0,0,0,0,0,3,0,3,0,0,0,0,0,0,0,0,1.5,60,90,0,0,0,-1,-1,-1,4,0,6.54,0,84,22.50,22.50,29,45,11.50,23,4,11.50,14,0.00,0.00,0.00,0,0.00,0.00,0.00,0.00,0,0.00,0.00,0.00,0.00,3.00,0.00,0.00,3.50,0.00,0.00,0.00,0.00,0.00,0.00,0.00,0.00,0.50,0.00,0.00,0,0,,0,0.00,29,0,0.00,58,0,0.00,38,0,0,2,25,0.00,99,0,0,0.00,44,0,60,0.00,36,0,0.00,99,0,0.00,0,0,0.00,0,0.00,36,0,0.00,27,0,0.00,0.00,0,0.00,0,6,72,3.00,72,7,0.00,38,3.50,95,N/A,N/A,N/A,N/A,85.71,0,0.00,0,0.00,0.00,0,51.11,0.00,58,99,0.00,0.00,0,46,46,0,0,3,0.00,0.00,0,65,13.09,0.50,0.50,1,0,0.00,0.00,99,0.00,0,0,0,0.00,0.00,0,0.00,0.00,0.00,0.00,0,0,0.00,78,55,45,76,46,0.04,5,0.02,0.02,0.00,29,0.00,0.00,18,0,0.00,0.00,0.00,0.00,17,0,0.00,29,37,25,96,0,80,35,0,0.00,99,1,0.00,0.50,0.50,0.50,1,1,5,5,0.50,0.50,100.00,0,0.00,99,0,0.00,0,0.00,99,0,0.00,0.00,60,59,78,61,0,0,0,0,0,66,76,90,87,0,99,40,62,62,0,0,63,1,0,0
Javen Romero,19,1145602800,2006/04/21,USL League One,2026,Defender,Charlotte Independence,180,90,90,USA,2,1,1,1,1,0,0,0,0,0,0,1,1,0,1,0,1,1,0,0.5,0,0.5,1,0,180,0.5,180,90,180,0,0.5,-1,-1,-1,2,0,7.91,0,84,48.00,48.00,83,96,41.00,82,77,41.00,85,0.00,0.00,0.50,1,0.00,2.00,2.50,2.50,5,0.00,0.50,0.00,0.00,0.00,2.50,0.00,0.50,2.00,1.00,0.50,0.00,0.00,0.50,0.37,0.00,4.00,0.00,0.00,0,0,,2,1.00,60,1,0.50,68,1,0.50,54,0,0,2,89,0.00,99,0,5,2.50,97,4,71,2.00,72,0,0.00,99,0,0.00,0,0,0.00,0,0.50,45,0,0.00,27,0,0.00,0.00,0,0.00,0,0,0,0.00,0,1,0.00,90,0.50,6,N/A,N/A,N/A,N/A,0.00,0,0.00,0,0.74,0.00,0,85.42,50.00,84,99,0.00,0.00,0,46,46,0,0,0,2.00,2.00,4,99,15.81,7.50,7.50,15,0,0.00,0.00,99,0.00,0,0,0,0.00,0.00,0,0.00,0.00,0.00,0.00,0,0,50.00,99,55,45,89,98,0.21,63,0.10,0.10,0.74,88,0.37,0.37,31,1,0.50,0.50,1.50,1.50,63,3,0.37,85,99,99,96,0,80,95,0,0.00,99,8,0.00,4.00,10.50,10.50,21,14,90,69,7.00,7.00,66.67,1,0.50,49,0,25.00,0,0.00,99,1,0.50,0.50,72,59,78,61,0,0,0,0,0,82,90,90,99,0,99,96,80,86,1,50,95,5,0,0
Javier Armas Pastor,26,947750400,2000/01/13,USL League One,2026,Midfielder,Fort Wayne,265,0,265,Spain,3,0,3,0,0,0,1,0,1,0,0,0,0,0,6,0,6,0,0,0.34,0.34,0,0,0,0,2.04,44,88,0,265,0,-1,-1,-1,6,0,7.35,0.33,88,59.00,59.00,92,177,48.33,145,60,48.33,91,0.00,0.00,2.33,7,0.00,4.33,2.33,2.33,7,0.00,1.33,0.00,0.00,0.00,2.67,1.67,2.00,0.00,1.67,1.67,3.67,0.00,0.00,0.09,0.00,2.00,0.00,0.00,0,0,,5,1.67,75,0,0.00,58,5,1.67,89,1,0,3,86,0.00,99,0,8,2.67,98,13,69,4.33,90,0,0.00,99,0,0.00,0,0,0.00,0,2.33,94,11,3.67,95,5,1.67,45.45,0,0.00,0,0,0,0.00,0,6,0.00,12,2.00,76,N/A,N/A,N/A,N/A,0.00,0,0.00,0,0.28,0.00,0,81.92,0.00,58,99,0.00,0.00,0,95,64,0,0,0,0.00,0.00,0,65,22.05,0.33,0.33,1,0,0.00,0.00,99,0.00,0,0,0,0.00,0.00,0,0.00,0.00,0.00,0.00,0,0,0.00,78,74,90,76,20,1.16,92,0.39,0.39,0.28,62,0.09,0.09,49,3,1.00,1.00,1.33,1.33,55,4,0.09,62,97,18,96,0,80,77,0,0.00,99,6,0.00,2.00,12.33,12.33,37,21,90,80,7.00,7.00,56.76,4,1.33,15,0,23.08,0,0.00,99,3,1.00,1.00,86,94,78,94,0,0,0,0,0,73,76,90,87,0,99,40,62,62,0,0,63,86,0,0
Javier Mariona,21,1097996400,2004/10/17,USL League One,2026,Forward,Alta,109,109,0,USA,2,2,0,0,0,0,0,0,0,0,0,1,1,0,1,1,0,0,0,0,0,0,0,0,0,0.83,109,55,0,0,0,-1,-1,-1,8,0,6.26,0,84,33.85,20.50,61,41,17.00,34,63,28.07,64,0.00,0.00,0.00,0,0.00,2.00,0.83,0.50,1,0.00,0.50,0.00,0.00,0.00,0.00,0.50,0.50,0.00,3.30,1.50,3.00,0.00,0.50,0.12,0.00,0.00,0.00,0.00,0,0,,4,2.00,94,1,0.83,80,3,2.48,95,1,0,1,46,0.00,99,0,0,0.00,44,4,60,3.30,83,0,0.00,99,0,0.00,0,0,0.00,0,0.00,36,6,4.95,98,1,0.83,16.67,0,0.00,0,0,0,0.00,0,1,0.00,68,0.83,22,N/A,N/A,N/A,N/A,0.00,0,0.00,0,0.24,0.00,0,82.93,25.00,64,99,0.00,0.00,0,77,49,0,0,0,0.00,0.00,0,65,12.51,0.00,0.00,0,0,0.00,0.00,99,0.00,0,0,0,0.00,0.00,0,0.00,0.00,0.00,0.00,0,0,0.00,78,16,45,76,76,0.07,38,0.04,0.06,0.24,75,0.12,0.20,18,0,0.00,0.00,2.48,1.50,87,3,0.20,73,13,16,96,0,80,21,0,0.00,99,0,0.00,0.00,10.73,6.50,13,2,13,72,1.65,1.00,15.38,1,0.83,32,0,0.00,0,0.00,99,0,0.00,0.00,60,24,78,94,0,0,0,0,0,66,76,90,87,0,99,96,62,62,0,0,63,17,0,0
Jay Tee Kamara,23,1021014000,2002/05/10,USL League One,2026,Forward,Portland Hearts of Pine,93,0,93,Sierra Leone,2,0,2,0,0,0,1,0,1,0,0,1,0,1,1,0,1,1,0,0.97,0.97,0,0,0,0,0.97,93,47,93,93,0.97,-1,-1,-1,8,0,6.97,0.5,98,32.90,17.00,58,34,14.50,29,77,28.06,63,0.00,0.00,1.00,2,0.00,3.00,0.97,0.50,1,0.00,0.00,0.00,0.00,0.00,0.50,0.50,0.50,0.00,1.94,0.50,1.00,0.00,0.50,0.08,0.00,0.00,0.00,0.00,0,0,,2,1.00,79,1,0.97,82,1,0.97,68,1,1,1,48,0.00,99,0,1,0.97,77,6,67,5.81,96,0,0.00,99,0,0.00,0,0,0.00,0,1.94,86,2,1.94,76,1,0.97,50.00,0,0.00,0,0,0,0.00,0,1,0.00,64,0.97,26,N/A,N/A,N/A,N/A,0.00,0,0.00,0,0.16,0.00,0,85.29,50.00,84,99,0.00,0.00,0,78,78,0,0,0,0.00,0.00,0,65,13.94,0.00,0.00,0,0,0.00,0.00,99,0.00,0,0,0,0.00,0.00,0,0.00,0.00,0.00,0.00,0,0,0.00,78,12,45,76,72,0.73,99,0.36,0.71,0.16,71,0.08,0.15,72,2,1.00,1.94,1.94,1.00,73,2,0.15,70,80,16,96,0,80,21,0,0.00,99,0,0.00,0.00,6.77,3.50,7,4,43,33,3.87,2.00,57.14,0,0.00,99,0,16.67,0,0.00,99,1,0.50,0.97,85,24,93,94,0,0,0,0,0,93,76,90,87,0,99,96,67,95,1,50,95,11,0,0
Jaylen Shannon,26,950169600,2000/02/10,USL League One,2026,Midfielder,Forward Madison,0,0,0,USA,0,0,0,0,0,0,0,0,0,0,0,0,0,0,0,0,0,0,0,0,0,0,0,0,0,0,0,0,0,0,0,-1,-1,-1,-1,N/A,N/A,N/A,N/A,N/A,N/A,N/A,N/A,N/A,N/A,N/A,N/A,N/A,N/A,N/A,N/A,N/A,N/A,N/A,N/A,N/A,N/A,N/A,N/A,N/A,N/A,N/A,N/A,N/A,N/A,N/A,N/A,N/A,N/A,N/A,N/A,N/A,N/A,N/A,N/A,N/A,N/A,N/A,N/A,N/A,N/A,N/A,N/A,N/A,N/A,N/A,N/A,N/A,N/A,N/A,N/A,N/A,N/A,N/A,N/A,N/A,N/A,N/A,N/A,N/A,N/A,N/A,N/A,N/A,N/A,N/A,N/A,N/A,N/A,N/A,N/A,N/A,N/A,N/A,N/A,N/A,N/A,N/A,N/A,N/A,N/A,N/A,N/A,N/A,N/A,N/A,N/A,N/A,N/A,N/A,N/A,N/A,N/A,N/A,N/A,N/A,N/A,N/A,N/A,N/A,N/A,N/A,N/A,N/A,N/A,N/A,N/A,N/A,N/A,N/A,N/A,N/A,N/A,N/A,N/A,N/A,N/A,N/A,N/A,N/A,N/A,N/A,N/A,N/A,N/A,N/A,N/A,N/A,N/A,N/A,N/A,N/A,N/A,N/A,N/A,N/A,N/A,N/A,N/A,N/A,N/A,N/A,N/A,N/A,N/A,N/A,N/A,N/A,N/A,N/A,N/A,N/A,N/A,N/A,N/A,N/A,N/A,N/A,N/A,N/A,N/A,N/A,N/A,N/A,N/A,N/A,N/A,N/A,N/A,N/A,N/A,N/A,N/A,N/A,N/A,N/A,N/A,N/A,N/A,N/A,N/A,N/A,N/A,N/A,N/A,N/A,N/A,N/A,N/A,N/A,N/A,N/A,N/A,N/A,N/A,N/A,N/A,N/A,N/A,N/A,N/A,N/A,N/A,N/A,N/A,N/A,N/A,N/A,N/A,N/A,N/A,N/A,N/A,N/A,N/A,N/A,N/A,N/A,N/A
Jeremy Garay,22,1049184000,2003/04/01,USL League One,2026,Midfielder,Fort Wayne,27,0,27,USA,2,0,2,0,0,0,0,0,0,0,0,0,0,0,1,0,1,0,0,0,0,0,0,0,0,3.33,27,14,0,0,0,-1,-1,-1,7,0,6.59,0,84,36.43,5.67,66,17,5.33,16,99,34.29,75,0.00,0.00,0.00,0,0.00,0.00,4.29,0.67,2,0.00,0.00,0.00,0.00,0.00,0.67,0.00,0.33,0.00,0.00,0.00,0.00,0.00,0.00,0.00,0.00,0.00,0.00,0.00,0,0,,0,0.00,29,0,0.00,58,0,0.00,38,0,1,0,98,0.00,99,0,2,4.29,99,0,60,0.00,36,0,0.00,99,0,0.00,0,0,0.00,0,0.00,36,0,0.00,27,0,0.00,0.00,0,0.00,0,0,0,0.00,0,1,0.00,2,2.14,78,N/A,N/A,N/A,N/A,0.00,0,0.00,0,0.00,0.00,0,94.12,0.00,58,99,0.00,0.00,0,46,46,0,0,0,0.00,0.00,0,65,19.76,0.00,0.00,0,0,0.00,0.00,99,0.00,0,0,0,0.00,0.00,0,0.00,0.00,0.00,0.00,0,0,0.00,78,0,45,76,10,0.03,38,0.01,0.06,0.00,29,0.00,0.00,76,1,0.33,2.14,0.00,0.00,17,0,0.00,29,41,16,96,0,80,21,0,0.00,99,0,0.00,0.00,6.43,1.00,3,3,83,28,6.43,1.00,100.00,0,0.00,99,0,0.00,0,0.00,99,0,0.00,0.00,60,3,93,61,0,0,0,0,0,66,76,90,87,0,99,40,62,62,0,0,63,8,0,0
Jerry Desdunes,24,987145200,2001/04/13,USL League One,2026,Midfielder,Alta,180,180,0,Haiti,2,2,0,1,1,0,0,0,0,0,0,0,0,0,3,3,0,0,0,0.5,0,0.5,0.5,0,180,1.5,60,90,0,0,0,-1,-1,-1,2,0,7.91,0,84,64.50,64.50,96,129,59.00,118,98,59.00,98,0.00,0.00,2.50,5,0.00,5.00,0.00,0.00,0,0.00,2.00,0.00,0.00,0.00,0.00,2.50,1.50,7.00,3.50,1.50,5.00,0.00,2.00,0.61,0.00,1.00,0.00,0.00,0,0,,7,3.50,95,4,2.00,99,3,1.50,86,0,0,2,25,0.00,99,0,0,0.00,44,10,73,5.00,93,0,0.00,99,0,0.00,0,0,0.00,0,2.50,96,10,5.00,98,5,2.50,50.00,0,0.00,0,0,0,0.00,0,3,0.00,38,1.50,55,N/A,N/A,N/A,N/A,0.00,0,0.00,0,1.23,0.00,0,91.47,57.14,85,99,0.00,0.00,0,99,78,1,0,0,0.00,0.00,0,65,15.82,0.50,0.50,1,0,0.00,0.00,99,0.00,0,1,1,0.50,0.50,0,0.00,0.00,0.00,0.00,0,1,14.29,81,55,45,89,46,0.40,83,0.20,0.20,0.53,80,0.27,0.27,99,11,5.50,5.50,0.00,0.00,17,0,0.61,93,99,25,98,0,80,52,0,0.00,99,2,0.00,1.00,15.50,15.50,31,17,95,93,8.50,8.50,54.84,4,2.00,7,0,30.00,0,0.00,99,3,1.50,1.50,92,59,78,61,0,0,0,0,0,82,90,90,94,0,99,40,62,62,0,0,63,7,0,0
Joe Gallardo,28,883641600,1998/01/01,USL League One,2026,Midfielder,Spokane Velocity,227,150,77,USA,3,2,1,0,0,0,0,0,0,0,0,1,1,0,4,1,3,1,0,0,0,0,0,0,0,1.59,57,76,227,0,0.4,-1,-1,-1,16,0,6.78,0,84,19.03,16.00,21,48,12.67,38,51,15.07,27,0.00,0.00,1.33,4,0.00,3.33,1.19,1.00,3,0.00,0.33,0.00,0.00,0.00,0.33,1.00,1.33,0.00,0.79,0.33,1.67,0.00,0.33,0.06,0.00,1.00,0.00,0.00,0,0,,2,0.67,51,1,0.40,66,1,0.40,49,1,0,3,59,0.00,99,0,1,0.40,53,10,90,3.96,86,0,0.00,99,0,0.00,0,0,0.00,0,1.59,81,5,1.98,76,3,1.19,60.00,0,0.00,0,0,0,0.00,0,4,0.00,32,1.59,60,N/A,N/A,N/A,N/A,0.00,0,0.00,0,0.18,0.00,0,79.17,50.00,84,99,0.00,0.00,0,88,80,0,0,0,0.00,0.00,0,65,20.34,0.67,0.79,2,0,0.00,0.00,99,0.00,0,0,0,0.00,0.00,0,0.00,0.00,0.40,0.33,1,0,0.00,78,63,90,76,40,0.23,57,0.08,0.09,0.18,57,0.06,0.07,27,1,0.33,0.40,0.40,0.33,22,1,0.07,57,65,35,96,0,86,59,0,0.00,99,3,0.00,1.19,6.74,5.67,17,10,45,33,3.96,3.33,58.82,1,0.40,52,0,50.00,0,0.00,99,5,1.67,1.98,94,94,78,94,0,0,0,0,0,66,76,90,87,0,99,66,84,80,1,33,86,7,0,0
Johan Garibay,26,953625600,2000/03/21,USL League One,2026,Midfielder,One Knoxville,360,270,90,USA,4,3,1,0,0,0,0,0,0,0,0,2,2,0,3,2,1,0,0,0,0,0,0,0,0,0.75,120,90,0,0,0,16,16,-1,9,0,6.40,0,84,20.75,20.75,25,83,13.25,53,14,13.25,18,0.00,0.00,0.00,0,0.00,0.00,0.00,0.00,0,0.00,0.00,0.00,0.00,1.25,0.00,0.00,2.25,0.00,0.00,0.00,0.00,0.00,0.00,0.00,0.00,0.00,0.00,0.00,0,0,,0,0.00,29,0,0.00,58,0,0.00,38,0,0,4,25,0.00,99,0,0,0.00,44,0,60,0.00,36,0,0.00,99,0,0.00,0,0,0.00,0,0.00,36,0,0.00,27,0,0.00,0.00,0,0.00,0,5,6,1.25,17,9,0.00,71,2.25,82,N/A,N/A,N/A,N/A,55.56,0,0.00,0,0.00,0.00,0,63.86,0.00,58,99,0.00,0.00,0,46,46,0,0,3,0.00,0.00,0,65,25.59,0.75,0.75,3,0,0.00,0.00,99,0.00,0,0,0,0.00,0.00,1,0.25,0.25,0.00,0.00,0,0,0.00,78,99,99,76,79,0.10,12,0.03,0.03,0.00,29,0.00,0.00,20,1,0.25,0.25,0.00,0.00,17,0,0.00,29,24,33,96,15,80,21,0,0.00,99,0,0.00,0.00,0.25,0.25,1,1,2,2,0.25,0.25,100.00,0,0.00,99,0,0.00,0,0.00,99,0,0.00,0.00,60,99,78,61,0,0,0,0,0,66,76,90,87,0,99,96,62,62,0,0,63,25,0,0
John Murphy,25,956127600,2000/04/19,USL League One,2026,Midfielder,One Knoxville,222,132,90,USA,3,2,1,2,1,1,0,0,0,0,0,1,1,0,3,2,1,2,0,0.81,0,0.81,0.68,1,111,1.22,74,74,111,0,0.81,-1,-1,-1,2,0,6.99,0,84,27.16,16.75,44,67,12.25,49,32,19.86,41,0.00,0.00,1.25,5,0.00,2.25,1.62,1.00,4,0.00,0.25,0.00,0.00,0.00,0.50,0.00,1.00,2.50,2.03,0.75,0.00,0.00,0.50,0.40,0.00,0.50,0.00,0.00,0,0,,5,1.25,82,2,0.81,80,3,1.22,78,1,0,3,70,0.00,99,0,2,0.81,72,9,91,3.65,85,0,0.00,99,0,0.00,0,0,0.00,0,2.03,90,0,0.00,27,0,0.00,0.00,0,0.00,0,0,0,0.00,0,4,0.00,44,1.62,60,N/A,N/A,N/A,N/A,0.00,0,0.00,0,1.61,0.00,0,73.13,40.00,73,99,0.00,0.00,0,46,46,0,0,0,0.00,0.00,0,65,27.98,0.00,0.00,0,0,0.00,0.00,99,0.00,0,0,0,0.00,0.00,0,0.00,0.00,0.00,0.00,0,0,40.00,95,60,90,82,53,0.25,63,0.06,0.10,1.61,94,0.40,0.65,92,8,2.00,3.24,2.03,1.25,79,5,0.65,94,82,16,96,0,80,46,0,0.00,99,2,0.00,0.81,9.73,6.00,24,13,67,61,5.27,3.25,54.17,1,0.41,51,0,55.56,0,0.00,99,5,1.25,2.03,95,94,78,94,0,0,0,0,0,91,94,99,96,0,99,66,70,92,1,33,86,8,0,0
John Tyler Harms,24,1014969600,2002/03/01,USL League One,2026,Midfielder,Forward Madison,180,0,180,USA,2,0,2,0,0,0,0,0,0,0,0,1,0,1,1,0,1,0,0,0,0,0,0,0,0,0.5,180,90,0,0,0,-1,-1,-1,3,0,7.03,0,84,23.00,23.00,31,46,8.00,16,1,8.00,6,0.00,0.00,0.00,0,0.00,0.00,0.00,0.00,0,0.00,0.00,0.00,0.00,2.50,0.00,0.00,3.00,0.00,0.00,0.00,0.00,0.00,0.00,0.00,0.00,0.50,0.00,0.00,0,0,,0,0.00,29,0,0.00,58,0,0.00,38,0,0,2,25,0.00,99,0,0,0.00,44,0,60,0.00,36,0,0.00,99,0,0.00,0,0,0.00,0,0.00,36,0,0.00,27,0,0.00,0.00,0,0.00,0,5,67,2.50,56,6,0.00,90,3.00,93,N/A,N/A,N/A,N/A,83.33,0,0.00,0,0.00,0.00,0,34.78,0.00,58,99,0.00,0.00,0,46,46,0,0,4,0.00,0.00,0,65,14.06,4.50,4.50,9,0,0.00,0.00,99,0.00,0,0,0,0.00,0.00,4,2.00,2.00,0.00,0.00,0,0,0.00,78,55,45,76,98,0.03,3,0.01,0.01,0.00,29,0.00,0.00,49,2,1.00,1.00,0.00,0.00,17,0,0.00,29,85,89,96,99,80,35,0,0.00,99,1,0.00,0.50,1.50,1.50,3,3,13,7,1.50,1.50,100.00,0,0.00,99,0,0.00,0,0.00,99,0,0.00,0.00,60,59,78,61,0,0,0,0,0,66,76,90,87,0,99,96,62,62,0,0,63,1,0,0
Jon Bakero,29,847180800,1996/11/05,USL League One,2026,Midfielder,Charlotte Independence,54,0,54,Spain,1,0,1,0,0,0,0,0,0,0,0,0,0,0,1,0,1,0,0,0,0,0,0,0,0,1.67,54,54,0,0,0,-1,-1,-1,6,0,7.31,0,84,38.33,23.00,68,23,16.00,16,22,26.67,59,0.00,0.00,3.00,3,0.00,6.00,0.00,0.00,0,0.00,0.00,0.00,0.00,0.00,0.00,0.00,1.00,0.00,5.00,2.00,1.00,0.00,1.00,0.24,0.00,0.00,0.00,0.00,0,0,,3,3.00,99,1,1.67,97,2,3.33,99,1,0,1,25,0.00,99,0,0,0.00,44,6,92,10.00,99,0,0.00,99,0,0.00,0,0,0.00,0,5.00,99,1,1.67,73,0,0.00,0.00,0,0.00,0,0,0,0.00,0,1,0.00,28,1.67,62,N/A,N/A,N/A,N/A,0.00,0,0.00,0,0.24,0.00,0,69.57,33.33,69,99,0.00,0.00,0,46,46,0,0,0,0.00,0.00,0,65,7.31,1.00,1.67,1,0,0.00,0.00,99,0.00,0,0,1,1.00,1.67,0,0.00,0.00,0.00,0.00,0,0,0.00,78,0,9,76,36,0.13,84,0.13,0.22,0.24,88,0.24,0.40,69,1,1.00,1.67,0.00,0.00,17,0,0.40,86,95,62,99,0,80,21,0,0.00,99,0,0.00,0.00,5.00,3.00,3,1,13,19,1.67,1.00,33.33,0,0.00,99,0,66.67,0,0.00,99,4,4.00,6.67,99,24,78,94,0,0,0,0,0,66,76,90,87,0,99,40,62,62,0,0,63,10,0,0
Jon Paul Jordan II,23,1044604800,2003/02/07,USL League One,2026,Midfielder,Fort Wayne,248,0,248,USA,3,0,3,0,0,0,0,0,0,0,0,0,0,0,5,0,5,1,0,0,0,0,0,0,0,1.81,50,83,248,0,0.36,-1,-1,-1,3,0,6.74,0,84,47.90,44.00,82,132,34.67,104,48,37.74,79,0.00,0.00,1.33,4,0.00,0.33,2.90,2.67,8,0.00,0.67,0.00,0.00,0.00,1.00,0.00,1.67,0.00,0.73,0.00,0.33,0.00,0.67,0.08,0.00,1.00,0.00,0.00,0,0,,2,0.67,49,2,0.73,77,0,0.00,38,0,0,3,93,0.00,99,0,3,1.09,84,1,99,0.36,40,0,0.00,99,0,0.00,0,0,0.00,0,1.45,79,1,0.36,33,0,0.00,0.00,0,0.00,0,0,0,0.00,0,5,0.00,24,1.81,69,N/A,N/A,N/A,N/A,0.00,0,0.00,0,0.25,0.00,0,78.79,100.00,99,99,0.00,0.00,0,46,46,0,0,0,0.00,0.00,0,65,20.21,0.67,0.73,2,0,0.00,0.00,99,0.00,0,0,0,0.00,0.00,0,0.00,0.00,0.00,0.00,0,0,0.00,78,68,90,76,32,0.36,73,0.12,0.13,0.25,62,0.08,0.09,78,6,2.00,2.18,2.90,2.67,93,8,0.09,62,59,33,96,0,80,55,0,0.00,99,3,0.00,1.09,11.25,10.33,31,17,79,75,6.17,5.67,54.84,2,0.73,36,0,100.00,0,0.00,99,1,0.33,0.36,67,94,78,61,0,0,0,0,0,66,76,90,87,0,99,40,86,76,1,33,86,6,0,0
Jonathan Bolanos,27,895647600,1998/05/20,USL League One,2026,Midfielder,Sarasota Paradise,262,262,0,USA,3,3,0,1,1,0,0,0,0,0,0,1,1,0,3,3,0,1,0,0.34,0,0.34,0.34,0,262,1.03,87,87,262,0,0.34,-1,-1,-1,1,0,7.00,0,84,26.79,26.00,42,78,20.67,62,53,21.30,46,0.00,0.00,2.00,6,0.00,2.67,1.72,1.67,5,0.00,0.67,0.00,0.00,0.00,0.00,1.33,1.00,8.00,2.75,1.67,5.00,0.00,1.00,0.41,0.00,0.67,0.00,0.00,0,0,,8,2.67,91,3,1.03,86,5,1.72,90,1,0,3,75,0.00,99,0,0,0.00,44,8,63,2.75,79,0,0.00,99,0,0.00,0,0,0.00,0,2.06,91,15,5.15,99,4,1.37,26.67,0,0.00,0,0,0,0.00,0,3,0.00,53,1.03,36,N/A,N/A,N/A,N/A,0.00,0,0.00,0,1.23,0.00,0,79.49,37.50,70,99,0.00,0.00,0,92,53,0,0,0,0.00,0.00,0,65,21.00,0.33,0.34,1,0,0.00,0.00,99,0.00,0,0,0,0.00,0.00,0,0.00,0.00,0.34,0.33,1,0,12.50,80,74,90,94,61,0.42,76,0.14,0.14,1.23,89,0.41,0.42,39,2,0.67,0.69,1.37,1.33,59,4,0.42,87,83,18,96,0,84,42,0,0.00,99,2,0.00,0.69,11.34,11.00,33,12,49,75,4.12,4.00,36.36,2,0.69,38,0,12.50,0,0.00,99,1,0.33,0.34,65,94,78,94,0,0,0,0,0,73,84,90,88,0,99,66,88,74,1,33,86,17,0,0
Jonathan Burke,28,885801600,1998/01/26,USL League One,2026,Goalkeeper,One Knoxville,0,0,0,USA,0,0,0,0,0,0,0,0,0,0,0,0,0,0,0,0,0,0,0,0,0,0,0,0,0,0,0,0,0,0,0,-1,-1,-1,-1,N/A,N/A,N/A,N/A,N/A,N/A,N/A,N/A,N/A,N/A,N/A,N/A,N/A,N/A,N/A,N/A,N/A,N/A,N/A,N/A,N/A,N/A,N/A,N/A,N/A,N/A,N/A,N/A,N/A,N/A,N/A,N/A,N/A,N/A,N/A,N/A,N/A,N/A,N/A,N/A,N/A,N/A,N/A,N/A,N/A,N/A,N/A,N/A,N/A,N/A,N/A,N/A,N/A,N/A,N/A,N/A,N/A,N/A,N/A,N/A,N/A,N/A,N/A,N/A,N/A,N/A,N/A,N/A,N/A,N/A,N/A,N/A,N/A,N/A,N/A,N/A,N/A,N/A,N/A,N/A,N/A,N/A,N/A,N/A,N/A,N/A,N/A,N/A,N/A,N/A,N/A,N/A,N/A,N/A,N/A,N/A,N/A,N/A,N/A,N/A,N/A,N/A,N/A,N/A,N/A,N/A,N/A,N/A,N/A,N/A,N/A,N/A,N/A,N/A,N/A,N/A,N/A,N/A,N/A,N/A,N/A,N/A,N/A,N/A,N/A,N/A,N/A,N/A,N/A,N/A,N/A,N/A,N/A,N/A,N/A,N/A,N/A,N/A,N/A,N/A,N/A,N/A,N/A,N/A,N/A,N/A,N/A,N/A,N/A,N/A,N/A,N/A,N/A,N/A,N/A,N/A,N/A,N/A,N/A,N/A,N/A,N/A,N/A,N/A,N/A,N/A,N/A,N/A,N/A,N/A,N/A,N/A,N/A,N/A,N/A,N/A,N/A,N/A,N/A,N/A,N/A,N/A,N/A,N/A,N/A,N/A,N/A,N/A,N/A,N/A,N/A,N/A,N/A,N/A,N/A,N/A,N/A,N/A,N/A,N/A,N/A,N/A,N/A,N/A,N/A,N/A,N/A,N/A,N/A,N/A,N/A,N/A,N/A,N/A,N/A,N/A,N/A,N/A,N/A,N/A,N/A,N/A,N/A,N/A
Jonathan Jimenez,24,988182000,2001/04/25,USL League One,2026,Midfielder,Westchester SC,132,132,0,USA,2,2,0,0,0,0,0,0,0,0,0,0,0,0,3,3,0,0,0,0,0,0,0,0,0,2.05,44,66,0,0,0,-1,-1,-1,5,0,6.51,0,84,29.32,21.50,50,43,15.00,30,23,20.45,44,0.00,0.00,0.00,0,0.00,0.50,0.00,0.00,0,0.00,0.50,0.00,0.00,0.00,0.50,1.00,1.50,0.00,0.00,0.00,2.50,0.00,0.00,0.00,0.00,1.00,0.00,0.00,0,0,,0,0.00,29,0,0.00,58,0,0.00,38,0,0,2,25,0.00,99,0,1,0.68,66,1,60,0.68,54,0,0.00,99,0,0.00,0,0,0.00,0,0.00,36,5,3.41,93,2,1.36,40.00,0,0.00,0,0,0,0.00,0,3,0.00,12,2.05,77,N/A,N/A,N/A,N/A,0.00,0,0.00,0,0.00,0.00,0,69.77,0.00,58,99,0.00,0.00,0,91,64,0,0,0,0.50,0.68,1,88,13.01,1.50,2.05,3,0,0.00,0.00,99,0.00,0,0,0,0.00,0.00,0,0.00,0.00,0.00,0.00,0,0,0.00,78,22,45,76,20,0.06,23,0.03,0.04,0.00,29,0.00,0.00,94,5,2.50,3.41,0.68,0.50,34,1,0.00,29,35,67,96,0,80,65,0,0.00,99,2,0.00,1.36,10.23,7.50,15,9,79,66,6.14,4.50,60.00,1,0.68,40,0,0.00,0,0.00,99,0,0.00,0.00,60,59,78,61,0,0,0,0,0,66,76,90,87,0,99,40,62,62,0,0,63,27,0,0
Jonathan Nyandjo,23,1032591600,2002/09/21,USL League One,2026,Midfielder,Charlotte Independence,11,11,0,USA,1,1,0,0,0,0,0,0,0,0,0,1,1,0,0,0,0,0,0,0,0,0,0,0,0,0,0,11,0,0,0,-1,-1,-1,14,0,6.34,0,84,24.55,3.00,36,3,3.00,3,99,24.55,56,0.00,0.00,0.00,0,0.00,0.00,0.00,0.00,0,0.00,0.00,0.00,0.00,0.00,0.00,0.00,0.00,0.00,0.00,0.00,1.00,0.00,0.00,0.00,0.00,0.00,0.00,0.00,0,0,,0,0.00,29,0,0.00,58,0,0.00,38,0,1,0,25,0.00,99,0,0,0.00,44,0,60,0.00,36,0,0.00,99,0,0.00,0,0,0.00,0,0.00,36,1,8.18,99,0,0.00,0.00,0,0.00,0,0,0,0.00,0,0,0.00,99,0.00,0,N/A,N/A,N/A,N/A,0.00,0,0.00,0,0.00,0.00,0,100.00,0.00,58,99,0.00,0.00,0,46,46,0,0,0,0.00,0.00,0,65,6.34,0.00,0.00,0,0,0.00,0.00,99,0.00,0,0,0,0.00,0.00,0,0.00,0.00,0.00,0.00,0,0,0.00,78,0,9,76,8,0.01,50,0.01,0.08,0.00,29,0.00,0.00,18,0,0.00,0.00,0.00,0.00,17,0,0.00,29,16,16,96,0,80,21,0,0.00,99,0,0.00,0.00,16.36,2.00,2,0,1,95,0.00,0.00,0.00,0,0.00,99,0,0.00,0,0.00,99,0,0.00,0.00,60,3,93,61,0,0,0,0,0,66,76,90,87,0,99,99,62,62,0,0,63,23,0,0
Jonathan Ricketts,28,880012800,1997/11/20,USL League One,2026,Forward,Athletic Club Boise,177,0,177,USA,2,0,2,0,0,0,1,0,1,0,0,1,0,1,3,0,3,0,0,0.51,0.51,0,0,0,0,1.53,59,89,0,177,0,-1,-1,-1,4,0,6.88,0.5,94,41.69,41.00,75,82,32.00,64,46,32.54,72,0.00,0.00,1.00,2,0.00,0.50,1.02,1.00,2,0.00,0.50,0.00,0.00,0.00,3.00,0.50,1.50,0.00,0.51,0.50,1.50,0.00,0.00,0.03,0.00,4.00,0.00,0.00,0,0,,1,0.50,41,0,0.00,58,1,0.51,54,1,0,2,53,0.00,99,0,6,3.05,99,1,60,0.51,46,0,0.00,99,0,0.00,0,0,0.00,0,1.02,66,3,1.53,68,1,0.51,33.33,0,0.00,0,0,0,0.00,0,3,0.00,32,1.53,56,N/A,N/A,N/A,N/A,0.00,0,0.00,0,0.05,0.00,0,78.05,0.00,58,99,0.00,0.00,0,66,62,0,0,0,0.50,0.51,1,80,13.77,2.00,2.03,4,0,0.00,0.00,99,0.00,0,0,0,0.00,0.00,0,0.00,0.00,0.00,0.00,0,0,0.00,78,36,45,76,41,0.80,94,0.40,0.41,0.05,41,0.03,0.03,96,7,3.50,3.56,2.54,2.50,89,5,0.03,41,73,67,96,0,80,95,0,0.00,99,8,0.00,4.07,14.75,14.50,29,18,97,92,9.15,9.00,62.07,1,0.51,47,0,0.00,0,0.00,99,0,0.00,0.00,60,59,78,94,0,0,0,0,0,83,76,90,87,0,99,96,62,62,0,0,63,2,0,0
Jordan Ayimbila,25,982137600,2001/02/14,USL League One,2026,Defender,Chattanooga Red Wolves,180,0,180,Malaysia,2,0,2,0,0,0,0,0,0,0,0,0,0,0,3,0,3,0,0,0,0,0,0,0,0,1.5,60,90,0,0,0,-1,-1,-1,10,0,6.08,0,84,15.50,15.50,9,31,7.50,15,3,7.50,4,0.00,0.00,0.00,0,0.00,4.50,1.50,1.50,3,0.00,0.50,0.00,0.00,0.00,0.50,0.00,1.50,0.00,0.00,0.00,1.50,0.00,0.00,0.00,0.00,1.50,0.00,0.00,0,0,,0,0.00,29,0,0.00,58,0,0.00,38,0,0,2,68,0.00,99,0,1,0.50,57,9,60,4.50,91,0,0.00,99,0,0.00,0,0,0.00,0,0.00,36,3,1.50,67,0,0.00,0.00,0,0.00,0,0,0,0.00,0,3,0.00,38,1.50,55,N/A,N/A,N/A,N/A,0.00,0,0.00,0,0.00,0.00,0,48.39,0.00,58,99,0.00,0.00,0,46,46,0,0,0,0.00,0.00,0,65,12.16,4.00,4.00,8,0,0.00,0.00,99,0.00,0,0,0,0.00,0.00,0,0.00,0.00,0.00,0.00,0,0,0.00,78,55,45,76,46,0.03,3,0.01,0.01,0.00,29,0.00,0.00,64,3,1.50,1.50,1.50,1.50,63,3,0.00,29,11,85,96,0,80,69,0,0.00,99,3,0.00,1.50,10.00,10.00,20,9,58,64,4.50,4.50,45.00,1,0.50,49,0,0.00,0,0.00,99,0,0.00,0.00,60,59,78,61,0,0,0,0,0,66,76,90,87,0,99,40,62,62,0,0,63,33,0,0
Jordan Bender,24,994662000,2001/07/09,USL League One,2026,Midfielder,Sarasota Paradise,8,8,0,USA,1,1,0,0,0,0,0,0,0,0,0,1,1,0,0,0,0,0,0,0,0,0,0,0,0,0,0,8,0,0,0,-1,-1,-1,15,0,6.36,0,84,11.25,1.00,4,1,1.00,1,99,11.25,13,0.00,0.00,0.00,0,0.00,1.00,0.00,0.00,0,0.00,0.00,0.00,0.00,0.00,0.00,0.00,0.00,0.00,0.00,0.00,0.00,0.00,0.00,0.00,0.00,0.00,0.00,0.00,0,0,,0,0.00,29,0,0.00,58,0,0.00,38,0,1,0,25,0.00,99,0,0,0.00,44,1,60,11.25,99,0,0.00,99,0,0.00,0,0,0.00,0,0.00,36,0,0.00,27,0,0.00,0.00,0,0.00,0,0,0,0.00,0,0,0.00,99,0.00,0,N/A,N/A,N/A,N/A,0.00,0,0.00,0,0.00,0.00,0,100.00,0.00,58,99,0.00,0.00,0,46,46,0,0,0,0.00,0.00,0,65,6.36,0.00,0.00,0,0,0.00,0.00,99,0.00,0,0,0,0.00,0.00,0,0.00,0.00,0.00,0.00,0,0,0.00,78,0,9,76,8,0.00,0,0.00,0.00,0.00,29,0.00,0.00,18,0,0.00,0.00,0.00,0.00,17,0,0.00,29,18,16,96,0,80,21,0,0.00,99,0,0.00,0.00,11.25,1.00,1,0,1,75,0.00,0.00,0.00,0,0.00,99,0,0.00,0,0.00,99,0,0.00,0.00,60,3,93,61,0,0,0,0,0,66,76,90,87,0,99,99,62,62,0,0,63,9,0,0
Jordan Skelton,29,856598400,1997/02/22,USL League One,2026,Defender,One Knoxville,360,270,90,England,4,3,1,0,0,0,0,0,0,0,0,2,2,0,3,2,1,1,0,0,0,0,0,0,0,0.75,120,90,360,0,0.25,10,13,5,16,0,6.76,0,84,44.25,44.25,78,177,39.50,158,94,39.50,84,0.00,0.00,0.25,1,0.00,0.00,0.50,0.50,2,0.00,0.00,0.00,0.00,0.00,1.00,0.00,1.00,0.00,0.25,0.25,0.00,0.00,0.00,0.01,0.00,6.00,0.00,0.00,0,0,,1,0.25,30,0,0.00,58,1,0.25,39,0,0,4,32,0.00,99,0,4,1.00,81,0,60,0.00,36,0,0.00,99,0,0.00,0,0,0.00,0,0.25,37,0,0.00,27,0,0.00,0.00,0,0.00,0,0,0,0.00,0,4,0.00,71,1.00,33,N/A,N/A,N/A,N/A,0.00,0,0.00,0,0.05,0.00,0,89.27,0.00,58,99,0.00,0.00,0,46,46,0,0,0,0.25,0.25,1,66,27.02,4.25,4.25,17,1,0.00,0.25,2,0.25,0,0,0,0.00,0.00,0,0.00,0.00,0.00,0.00,0,0,0.00,78,99,99,76,79,0.33,50,0.08,0.08,0.05,32,0.01,0.01,18,0,0.00,0.00,1.00,1.00,45,4,0.01,32,62,87,96,0,80,99,0,0.00,99,24,0.00,6.00,10.50,10.50,42,26,85,69,6.50,6.50,61.90,0,0.00,99,0,0.00,0,0.00,99,0,0.00,0.00,60,99,78,61,0,0,0,0,0,66,76,90,87,0,99,96,99,64,1,25,68,4,0,0
Joseph Hanson,22,1060498800,2003/08/10,USL League One,2026,Forward,Athletic Club Boise,27,0,27,Canada,1,0,1,0,0,0,0,0,0,0,0,0,0,0,2,0,2,0,0,0,0,0,0,0,0,6.67,14,27,0,0,0,-1,-1,-1,15,0,6.34,0,84,30.00,9.00,53,9,7.00,7,45,23.33,52,0.00,0.00,0.00,0,0.00,0.00,0.00,0.00,0,0.00,1.00,0.00,0.00,0.00,0.00,1.00,2.00,0.00,3.33,1.00,3.00,0.00,0.00,0.05,0.00,1.00,0.00,0.00,0,0,,1,1.00,94,0,0.00,58,1,3.33,99,0,1,0,25,0.00,99,0,0,0.00,44,0,60,0.00,36,0,0.00,99,0,0.00,0,0,0.00,0,0.00,36,3,10.00,99,1,3.33,33.33,0,0.00,0,0,0,0.00,0,2,0.00,0,6.67,99,N/A,N/A,N/A,N/A,0.00,0,0.00,0,0.05,0.00,0,77.78,0.00,58,99,0.00,0.00,0,99,62,0,0,0,0.00,0.00,0,65,6.34,0.00,0.00,0,0,0.00,0.00,99,0.00,0,0,0,0.00,0.00,0,0.00,0.00,0.00,0.00,0,0,0.00,78,0,9,76,8,0.01,12,0.01,0.03,0.05,74,0.05,0.17,18,0,0.00,0.00,3.33,1.00,96,1,0.17,72,16,16,96,0,80,92,0,0.00,99,1,0.00,3.33,20.00,6.00,6,2,87,99,6.67,2.00,33.33,1,3.33,0,0,0.00,0,0.00,99,0,0.00,0.00,60,3,93,61,0,0,0,0,0,66,76,90,87,0,99,40,62,62,0,0,63,17,0,0
Joseph Skinner,23,1048838400,2003/03/28,USL League One,2026,Midfielder,Charlotte Independence,83,0,83,USA,1,0,1,0,0,0,0,0,0,0,0,0,0,0,1,0,1,0,0,0,0,0,0,0,0,1.08,83,83,0,0,0,-1,-1,-1,4,0,3.48,0,84,30.36,14.00,53,28,12.50,25,94,27.11,61,0.00,0.00,0.00,0,0.00,0.50,1.08,0.50,1,0.00,0.50,0.00,0.00,0.00,0.50,0.50,0.50,0.00,3.25,1.00,0.50,0.00,0.50,0.10,0.00,1.50,0.00,0.00,0,0,,3,1.50,93,1,1.08,87,2,2.17,94,1,0,1,55,0.00,99,0,1,1.08,83,1,99,1.08,61,0,0.00,99,0,0.00,0,0,0.00,0,0.00,36,1,1.08,56,1,1.08,100.00,0,0.00,0,0,0,0.00,0,1,0.00,50,1.08,38,N/A,N/A,N/A,N/A,0.00,0,0.00,0,0.19,0.00,0,89.29,33.33,69,99,0.00,0.00,0,86,99,0,0,0,0.00,0.00,0,65,6.95,1.00,2.17,2,0,0.00,0.00,99,0.00,0,0,0,0.00,0.00,0,0.00,0.00,0.00,0.00,0,0,0.00,78,3,9,76,57,0.06,44,0.03,0.07,0.19,76,0.10,0.21,52,1,0.50,1.08,0.00,0.00,17,0,0.21,74,3,68,96,0,80,91,0,0.00,99,3,0.00,3.25,10.84,5.00,10,6,85,72,6.51,3.00,60.00,1,1.08,22,0,100.00,0,0.00,99,1,0.50,1.08,87,24,78,94,0,0,0,0,0,66,76,90,87,0,99,40,62,62,0,0,63,3,0,0
Josh Drack,26,937983600,1999/09/22,USL League One,2026,Midfielder,Westchester SC,34,0,34,USA,1,0,1,0,0,0,0,0,0,0,0,0,0,0,1,0,1,1,0,0,0,0,0,0,0,2.65,34,34,34,0,2.65,-1,-1,-1,11,0,6.44,0,84,45.00,11.00,79,33,8.33,25,38,34.09,75,0.00,0.00,0.33,1,0.00,1.00,0.00,0.00,0,0.00,0.33,0.00,0.00,0.00,0.00,0.33,0.67,0.00,2.73,0.33,0.33,0.00,0.33,0.07,0.00,0.33,0.00,0.00,0,0,,2,0.67,90,1,1.36,93,1,1.36,82,0,0,0,25,0.00,99,0,0,0.00,44,3,92,4.09,88,0,0.00,99,0,0.00,0,0,0.00,0,1.36,77,1,1.36,62,1,1.36,100.00,0,0.00,0,0,0,0.00,0,2,0.00,3,2.73,89,N/A,N/A,N/A,N/A,0.00,0,0.00,0,0.20,0.00,0,75.76,50.00,84,99,0.00,0.00,0,91,99,0,0,0,0.00,0.00,0,65,19.31,1.00,4.09,3,0,0.00,0.00,99,0.00,0,0,0,0.00,0.00,0,0.00,0.00,0.00,0.00,0,0,0.00,78,0,9,76,11,0.10,76,0.03,0.14,0.20,80,0.07,0.27,88,2,0.67,2.73,2.73,0.67,91,2,0.27,78,27,86,96,0,80,65,0,0.00,99,1,0.00,1.36,12.27,3.00,9,4,71,79,5.45,1.33,44.44,1,1.36,15,0,66.67,0,0.00,99,2,0.67,2.73,98,3,78,61,0,0,0,0,0,66,76,90,87,0,99,40,62,99,0,0,63,19,0,0
Joshua Eric Kirkland,25,984556800,2001/03/14,USL League One,2026,Midfielder,Richmond Kickers,190,63,127,USA,3,1,2,1,0,1,0,0,0,0,0,0,0,0,2,1,1,2,0,0.47,0,0.47,0,0.71,190,0.95,95,63,95,0,0.95,-1,-1,-1,1,0,6.70,0,84,7.58,5.33,1,16,4.33,13,59,6.16,2,0.00,0.00,0.67,2,0.00,0.33,0.95,0.67,2,0.00,0.67,0.00,0.00,0.00,0.00,0.00,0.67,5.00,2.37,1.00,0.33,0.00,0.67,0.33,0.00,0.67,0.00,0.00,0,0,,5,1.67,87,2,0.95,82,3,1.42,83,3,0,3,47,0.00,99,0,0,0.00,44,1,60,0.47,43,0,0.00,99,0,0.00,0,0,0.00,0,0.95,62,1,0.47,36,0,0.00,0.00,0,0.00,0,0,0,0.00,0,2,0.00,65,0.95,24,N/A,N/A,N/A,N/A,0.00,0,0.00,0,0.99,0.00,0,81.25,40.00,73,99,0.00,0.00,0,46,46,0,0,0,0.00,0.00,0,65,20.10,0.33,0.47,1,0,0.00,0.00,99,0.00,0,0,0,0.00,0.00,0,0.00,0.00,0.95,0.67,2,0,20.00,86,56,90,90,73,0.09,23,0.03,0.04,0.99,91,0.33,0.47,62,3,1.00,1.42,1.42,1.00,60,3,0.47,90,55,22,96,0,96,47,0,0.00,99,2,0.00,0.95,14.21,10.00,30,6,28,91,2.84,2.00,20.00,2,0.95,29,0,0.00,0,0.00,99,0,0.00,0.00,60,94,78,99,0,0,0,0,0,79,88,94,87,0,99,40,68,94,2,67,97,9,0,0
Joshua Israel Grant,56,N/A,N/A,USL League One,2026,Goalkeeper,Naples,0,0,0,Jamaica,0,0,0,0,0,0,0,0,0,0,0,0,0,0,0,0,0,0,0,0,0,0,0,0,0,0,0,0,0,0,0,-1,-1,-1,-1,N/A,N/A,N/A,N/A,N/A,N/A,N/A,N/A,N/A,N/A,N/A,N/A,N/A,N/A,N/A,N/A,N/A,N/A,N/A,N/A,N/A,N/A,N/A,N/A,N/A,N/A,N/A,N/A,N/A,N/A,N/A,N/A,N/A,N/A,N/A,N/A,N/A,N/A,N/A,N/A,N/A,N/A,N/A,N/A,N/A,N/A,N/A,N/A,N/A,N/A,N/A,N/A,N/A,N/A,N/A,N/A,N/A,N/A,N/A,N/A,N/A,N/A,N/A,N/A,N/A,N/A,N/A,N/A,N/A,N/A,N/A,N/A,N/A,N/A,N/A,N/A,N/A,N/A,N/A,N/A,N/A,N/A,N/A,N/A,N/A,N/A,N/A,N/A,N/A,N/A,N/A,N/A,N/A,N/A,N/A,N/A,N/A,N/A,N/A,N/A,N/A,N/A,N/A,N/A,N/A,N/A,N/A,N/A,N/A,N/A,N/A,N/A,N/A,N/A,N/A,N/A,N/A,N/A,N/A,N/A,N/A,N/A,N/A,N/A,N/A,N/A,N/A,N/A,N/A,N/A,N/A,N/A,N/A,N/A,N/A,N/A,N/A,N/A,N/A,N/A,N/A,N/A,N/A,N/A,N/A,N/A,N/A,N/A,N/A,N/A,N/A,N/A,N/A,N/A,N/A,N/A,N/A,N/A,N/A,N/A,N/A,N/A,N/A,N/A,N/A,N/A,N/A,N/A,N/A,N/A,N/A,N/A,N/A,N/A,N/A,N/A,N/A,N/A,N/A,N/A,N/A,N/A,N/A,N/A,N/A,N/A,N/A,N/A,N/A,N/A,N/A,N/A,N/A,N/A,N/A,N/A,N/A,N/A,N/A,N/A,N/A,N/A,N/A,N/A,N/A,N/A,N/A,N/A,N/A,N/A,N/A,N/A,N/A,N/A,N/A,N/A,N/A,N/A,N/A,N/A,N/A,N/A,N/A,N/A
Joshua Ramos,25,956646000,2000/04/25,USL League One,2026,Defender,Chattanooga Red Wolves,66,0,66,US Virgin Islands,1,0,1,0,0,0,0,0,0,0,0,0,0,0,1,0,1,1,0,0,0,0,0,0,0,1.36,66,66,66,0,1.36,-1,-1,-1,6,0,5.83,0,84,21.82,16.00,26,16,13.00,13,59,17.73,35,0.00,0.00,0.00,0,0.00,3.00,2.73,2.00,2,0.00,2.00,0.00,0.00,0.00,0.00,0.00,1.00,0.00,0.00,0.00,2.00,0.00,0.00,0.00,0.00,0.00,0.00,0.00,0,0,,0,0.00,29,0,0.00,58,0,0.00,38,1,0,1,91,0.00,99,0,0,0.00,44,3,60,4.09,88,0,0.00,99,0,0.00,0,0,0.00,0,0.00,36,2,2.73,90,0,0.00,0.00,0,0.00,0,0,0,0.00,0,1,0.00,42,1.36,47,N/A,N/A,N/A,N/A,0.00,0,0.00,0,0.00,0.00,0,81.25,0.00,58,99,0.00,0.00,0,46,46,0,0,0,0.00,0.00,0,65,5.83,0.00,0.00,0,0,0.00,0.00,99,0.00,0,0,0,0.00,0.00,0,0.00,0.00,0.00,0.00,0,0,0.00,78,2,9,76,50,0.03,23,0.03,0.04,0.00,29,0.00,0.00,88,2,2.00,2.73,1.36,1.00,57,1,0.00,29,9,16,96,0,80,21,0,0.00,99,0,0.00,0.00,13.64,10.00,10,4,71,88,5.45,4.00,40.00,2,2.73,3,0,0.00,0,0.00,99,0,0.00,0.00,60,24,78,94,0,0,0,0,0,66,76,90,87,0,99,40,62,99,1,100,99,11,0,0
Juan Fernando Solís Cuenú,21,1106812800,2005/01/27,USL League One,2026,Midfielder,Fort Wayne,82,0,82,Colombia,1,0,1,0,0,0,0,0,0,0,0,0,0,0,2,0,2,1,0,0,0,0,0,0,0,2.2,41,82,82,0,1.1,-1,-1,-1,10,0,6.77,0,84,99.88,91.00,99,91,86.00,86,99,94.39,99,0.00,0.00,1.00,1,0.00,0.00,0.00,0.00,0,0.00,0.00,0.00,0.00,0.00,1.00,0.00,2.00,0.00,1.10,1.00,0.00,0.00,0.00,0.06,0.00,3.00,0.00,0.00,0,0,,1,1.00,62,0,0.00,58,1,1.10,75,1,0,1,25,0.00,99,0,1,1.10,84,0,60,0.00,36,0,0.00,99,0,0.00,0,0,0.00,0,1.10,69,0,0.00,27,0,0.00,0.00,0,0.00,0,0,0,0.00,0,2,0.00,10,2.20,80,N/A,N/A,N/A,N/A,0.00,0,0.00,0,0.06,0.00,0,94.51,0.00,58,99,0.00,0.00,0,46,46,0,0,0,0.00,0.00,0,65,6.77,5.00,5.49,5,0,0.00,0.00,99,0.00,0,0,0,0.00,0.00,0,0.00,0.00,0.00,0.00,0,0,0.00,78,2,9,76,18,0.24,85,0.24,0.26,0.06,57,0.06,0.07,18,0,0.00,0.00,1.10,1.00,49,1,0.07,57,64,95,96,0,80,91,0,0.00,99,3,0.00,3.29,6.59,6.00,6,3,35,32,3.29,3.00,50.00,0,0.00,99,0,0.00,0,0.00,99,0,0.00,0.00,60,24,78,94,0,0,0,0,0,66,76,90,87,0,99,40,64,98,1,100,99,19,0,0
Juan Sebastián Osorio Ceballos,23,1047196800,2003/03/09,USL League One,2026,Midfielder,Naples,104,104,0,USA,3,2,1,0,0,0,0,0,0,0,0,2,1,1,1,1,0,0,0,0,0,0,0,0,0,0.87,104,35,0,0,0,-1,-1,-1,11,0,4.90,0,84,51.53,18.75,85,75,16.25,65,85,44.66,87,0.00,0.00,0.50,2,0.00,0.00,0.69,0.25,1,0.00,0.00,0.00,0.00,0.00,0.25,0.00,0.25,0.00,0.00,0.00,0.25,0.00,0.00,0.00,0.00,0.00,0.00,0.00,0,0,,0,0.00,29,0,0.00,58,0,0.00,38,1,2,1,40,0.00,99,0,1,0.69,67,0,60,0.00,36,0,0.00,99,0,0.00,0,0,0.00,0,1.37,77,1,0.69,42,0,0.00,0.00,0,0.00,0,0,0,0.00,0,1,0.00,66,0.69,17,N/A,N/A,N/A,N/A,0.00,0,0.00,0,0.00,0.00,0,86.67,0.00,58,99,0.00,0.00,0,46,46,0,0,0,0.00,0.00,0,65,19.61,0.00,0.00,0,0,0.00,0.00,99,0.00,0,0,0,0.00,0.00,0,0.00,0.00,0.00,0.00,0,0,0.00,78,14,90,76,74,0.24,81,0.06,0.16,0.00,29,0.00,0.00,39,1,0.25,0.69,0.69,0.25,35,1,0.00,29,8,16,96,0,80,21,0,0.00,99,0,0.00,0.00,5.50,2.00,8,2,11,22,1.37,0.50,25.00,0,0.00,99,0,0.00,0,0.00,99,0,0.00,0.00,60,24,99,94,0,0,0,0,0,66,76,90,87,0,99,98,62,62,0,0,63,8,0,0
Julian Cisneros,24,1006329600,2001/11/21,USL League One,2026,Midfielder,Naples,332,242,90,USA,4,3,1,0,0,0,1,0,1,0,0,2,1,1,2,2,0,1,0,0.27,0.27,0,0,0,0,0.54,166,83,332,332,0.27,8,5,-1,5,0,6.71,0.25,86,33.82,29.50,60,118,23.50,94,55,26.94,60,0.00,0.00,0.50,2,0.00,1.00,1.72,1.50,6,0.00,0.75,0.00,0.00,0.00,0.75,1.00,0.50,0.00,1.43,0.75,2.00,0.00,0.50,0.11,0.00,0.25,0.00,0.00,0,0,,5,1.25,69,2,0.57,72,3,0.86,66,0,0,4,75,0.00,99,0,3,0.86,75,4,93,1.15,62,0,0.00,99,0,0.00,0,0,0.00,0,0.57,49,8,2.29,86,4,1.15,50.00,0,0.00,0,0,0,0.00,0,2,0.00,80,0.57,10,N/A,N/A,N/A,N/A,0.00,0,0.00,0,0.45,0.00,0,79.66,40.00,73,99,0.00,0.00,0,86,78,0,0,0,0.00,0.00,0,65,26.84,2.25,2.58,9,0,0.00,0.00,99,0.00,0,0,0,0.00,0.00,0,0.00,0.00,0.00,0.00,0,0,0.00,78,94,99,76,87,0.86,85,0.21,0.25,0.45,67,0.11,0.13,80,8,2.00,2.29,1.15,1.00,50,4,0.13,67,57,72,96,0,80,22,0,0.00,99,1,0.00,0.29,10.03,8.75,35,19,71,65,5.45,4.75,54.29,3,0.86,31,0,75.00,0,0.00,99,3,0.75,0.86,84,99,78,61,0,0,0,0,0,68,76,90,87,0,99,96,96,66,1,25,68,3,0,0
Julien Lacher,18,1191222000,2007/10/01,USL League One,2026,Midfielder,NY Cosmos,24,8,16,USA,2,1,1,0,0,0,0,0,0,0,0,1,1,0,0,0,0,0,0,0,0,0,0,0,0,0,0,12,0,0,0,-1,-1,-1,11,0,4.89,0,84,26.47,5.00,40,20,4.50,18,96,23.82,54,0.00,0.00,0.50,2,0.00,0.25,0.00,0.00,0,0.00,0.75,0.00,0.00,0.00,0.00,0.25,0.00,0.00,1.32,0.00,0.75,0.00,0.25,0.03,0.00,0.00,0.00,0.00,0,0,,1,0.25,67,1,1.32,91,0,0.00,38,0,2,0,25,0.00,99,0,0,0.00,44,1,99,1.32,64,0,0.00,99,0,0.00,0,0,0.00,0,2.65,98,3,3.97,96,1,1.32,33.33,0,0.00,0,0,0,0.00,0,0,0.00,99,0.00,0,N/A,N/A,N/A,N/A,0.00,0,0.00,0,0.12,0.00,0,90.00,100.00,99,99,0.00,0.00,0,89,62,0,0,0,0.00,0.00,0,65,19.57,0.25,1.32,1,0,0.00,0.00,99,0.00,0,0,0,0.00,0.00,0,0.00,0.00,0.00,0.00,0,0,0.00,78,0,45,76,8,0.09,69,0.02,0.12,0.12,73,0.03,0.16,58,1,0.25,1.32,0.00,0.00,17,0,0.16,72,7,51,96,0,80,21,0,0.00,99,0,0.00,0.00,9.26,1.75,7,2,25,60,2.65,0.50,28.57,3,3.97,0,0,100.00,0,0.00,99,1,0.25,1.32,90,3,99,61,0,0,0,0,0,66,76,90,87,0,99,96,62,62,0,0,63,19,0,0
Kage Romanshyn Jr.,20,1119164400,2005/06/19,USL League One,2026,Midfielder,Forward Madison,27,0,27,USA,2,0,2,0,0,0,0,0,0,0,0,1,0,1,0,0,0,0,0,0,0,0,0,0,0,0,0,14,0,0,0,-1,-1,-1,12,0,6.39,0,84,36.67,5.50,66,11,3.50,7,13,23.33,52,0.00,0.00,1.00,2,0.00,0.00,0.00,0.00,0,0.00,0.50,0.00,0.00,0.00,0.50,0.00,0.00,0.00,0.00,0.00,1.00,0.00,0.00,0.00,0.00,0.50,0.00,0.00,0,0,,0,0.00,29,0,0.00,58,0,0.00,38,0,1,0,25,0.00,99,0,1,3.33,99,0,60,0.00,36,0,0.00,99,0,0.00,0,0,0.00,0,6.67,99,2,6.67,99,0,0.00,0.00,0,0.00,0,0,0,0.00,0,0,0.00,99,0.00,0,N/A,N/A,N/A,N/A,0.00,0,0.00,0,0.00,0.00,0,63.64,0.00,58,99,0.00,0.00,0,46,46,0,0,0,0.00,0.00,0,65,12.79,0.00,0.00,0,0,0.00,0.00,99,0.00,0,0,0,0.00,0.00,0,0.00,0.00,0.00,0.00,0,0,0.00,78,0,45,76,8,0.08,86,0.04,0.27,0.00,29,0.00,0.00,18,0,0.00,0.00,3.33,0.50,96,1,0.00,29,22,16,96,0,80,92,0,0.00,99,1,0.00,3.33,20.00,3.00,6,1,36,99,3.33,0.50,16.67,1,3.33,0,0,0.00,0,0.00,99,0,0.00,0.00,60,3,93,61,0,0,0,0,0,66,76,90,87,0,99,96,62,62,0,0,63,18,0,0
Kaihim Torell Thomas,23,1044691200,2003/02/08,USL League One,2026,Midfielder,Corpus Christi,46,0,46,Trinidad and Tobago,1,0,1,0,0,0,0,0,0,0,0,1,0,1,0,0,0,0,0,0,0,0,0,0,0,0,0,46,0,0,0,-1,-1,-1,16,0,3.29,0,84,9.78,2.50,2,5,1.00,2,1,3.91,1,0.00,0.00,0.50,1,0.00,3.00,3.91,1.00,2,0.00,0.00,0.00,0.00,0.00,0.50,0.00,0.00,0.00,0.00,0.00,0.50,0.00,0.00,0.00,0.00,0.00,0.00,0.00,0,0,,0,0.00,29,0,0.00,58,0,0.00,38,1,0,1,98,0.00,99,0,1,1.96,94,6,67,11.74,99,0,0.00,99,0,0.00,0,0,0.00,0,1.96,86,1,1.96,76,0,0.00,0.00,0,0.00,0,0,0,0.00,0,0,0.00,99,0.00,0,N/A,N/A,N/A,N/A,0.00,0,0.00,0,0.00,0.00,0,40.00,0.00,58,99,0.00,0.00,0,46,46,0,0,0,0.50,1.96,1,99,6.58,0.00,0.00,0,0,0.00,0.00,99,0.00,0,0,0,0.00,0.00,0,0.00,0.00,0.00,0.00,0,0,0.00,78,0,9,76,8,0.04,50,0.02,0.08,0.00,29,0.00,0.00,18,0,0.00,0.00,1.96,0.50,73,1,0.00,29,2,16,96,0,80,21,0,0.00,99,0,0.00,0.00,11.74,3.00,6,2,43,77,3.91,1.00,33.33,0,0.00,99,0,16.67,0,0.00,99,1,0.50,1.96,94,24,78,94,0,0,0,0,0,66,76,90,87,0,99,99,62,62,0,0,63,7,0,0
Kaloyan Pehlivanov,22,1067151600,2003/10/26,USL League One,2026,Midfielder,Alta,253,253,0,Bulgaria,3,3,0,0,0,0,0,0,0,0,0,1,1,0,3,3,0,1,0,0,0,0,0,0,0,1.07,84,84,253,0,0.36,-1,-1,-1,10,0,6.78,0,84,76.13,71.33,99,214,67.33,202,99,71.86,99,0.00,0.00,0.00,0,0.00,0.00,1.07,1.00,3,0.00,0.00,0.00,0.00,0.00,1.33,0.00,1.00,0.00,0.36,0.33,0.00,0.00,0.00,0.01,0.00,2.67,0.00,0.00,0,0,,1,0.33,34,0,0.00,58,1,0.36,46,0,0,3,54,0.00,99,0,4,1.42,88,0,60,0.00,36,0,0.00,99,0,0.00,0,0,0.00,0,0.00,36,0,0.00,27,0,0.00,0.00,0,0.00,0,0,0,0.00,0,3,0.00,50,1.07,38,N/A,N/A,N/A,N/A,0.00,0,0.00,0,0.04,0.00,0,94.39,0.00,58,99,0.00,0.00,0,46,46,0,0,0,1.00,1.07,3,97,20.33,3.67,3.91,11,1,0.00,0.36,1,0.33,0,0,0,0.00,0.00,0,0.00,0.00,0.00,0.00,0,0,0.00,78,70,90,76,58,0.43,79,0.14,0.15,0.04,32,0.01,0.01,25,1,0.33,0.36,2.13,2.00,80,6,0.01,32,65,83,96,0,80,86,0,0.00,99,8,0.00,2.85,8.18,7.67,23,12,52,46,4.27,4.00,52.17,0,0.00,99,0,0.00,0,0.00,99,0,0.00,0.00,60,94,78,61,0,0,0,0,0,66,76,90,87,0,99,66,87,76,1,33,86,44,0,0
Kashope Oladapo,23,1020236400,2002/05/01,USL League One,2026,Goalkeeper,Portland Hearts of Pine,90,0,90,USA,1,0,1,0,0,0,0,0,0,0,0,1,0,1,0,0,0,0,0,0,0,0,0,0,0,0,0,90,0,0,0,-1,-1,-1,6,0,2.41,0,84,32.00,10.67,56,32,5.00,15,3,15.00,26,0.00,0.00,0.00,0,0.00,0.00,0.00,0.00,0,0.00,0.00,0.00,0.00,1.00,0.00,0.00,1.00,0.00,0.00,0.00,0.00,0.00,0.00,0.00,0.00,0.33,0.00,0.00,0,0,,0,0.00,29,0,0.00,58,0,0.00,38,0,0,1,25,0.00,99,0,0,0.00,44,0,60,0.00,36,0,0.00,99,0,0.00,0,0,0.00,0,0.00,36,0,0.00,27,0,0.00,0.00,0,0.00,0,3,99,3.00,72,3,0.00,99,3.00,93,N/A,N/A,N/A,N/A,100.00,0,0.00,0,0.00,0.00,0,46.88,0.00,58,99,0.00,0.00,0,46,46,0,0,2,0.00,0.00,0,65,7.24,0.67,2.00,2,0,0.00,0.00,99,0.00,0,0,0,0.00,0.00,1,0.33,1.00,0.00,0.00,0,0,0.00,78,12,9,76,8,0.03,12,0.01,0.03,0.00,29,0.00,0.00,75,2,0.67,2.00,0.00,0.00,17,0,0.00,29,1,66,96,92,80,52,0,0.00,99,1,0.00,1.00,3.00,1.00,3,3,33,10,3.00,1.00,100.00,0,0.00,99,0,0.00,0,0.00,99,0,0.00,0.00,60,24,78,61,0,0,0,0,0,66,76,90,87,0,99,99,62,62,0,0,63,23,0,0
Kemali Green,25,958633200,2000/05/18,USL League One,2026,Midfielder,Portland Hearts of Pine,270,0,270,Jamaica,3,0,3,0,0,0,0,0,0,0,0,1,0,1,2,0,2,1,0,0,0,0,0,0,0,0.67,135,90,270,0,0.33,-1,-1,-1,12,0,6.74,0,84,43.00,43.00,77,129,38.00,114,91,38.00,80,0.00,0.00,0.00,0,0.00,0.00,0.00,0.00,0,0.00,0.00,0.00,0.00,0.00,1.33,0.00,0.67,0.00,0.00,0.00,0.00,0.00,0.00,0.00,0.00,0.33,0.00,0.00,0,0,,0,0.00,29,0,0.00,58,0,0.00,38,1,0,3,25,0.00,99,0,4,1.33,87,0,60,0.00,36,0,0.00,99,0,0.00,0,0,0.00,0,0.00,36,0,0.00,27,0,0.00,0.00,0,0.00,0,0,0,0.00,0,2,0.00,75,0.67,15,N/A,N/A,N/A,N/A,0.00,0,0.00,0,0.00,0.00,0,88.37,0.00,58,99,0.00,0.00,0,46,46,0,0,0,1.67,1.67,5,99,20.21,3.00,3.00,9,0,0.00,0.00,99,0.00,0,0,0,0.00,0.00,0,0.00,0.00,0.00,0.00,0,0,0.00,78,92,90,76,83,0.21,44,0.07,0.07,0.00,29,0.00,0.00,23,1,0.33,0.33,1.00,1.00,45,3,0.00,29,59,76,96,0,80,26,0,0.00,99,1,0.00,0.33,3.33,3.33,10,2,6,12,0.67,0.67,20.00,0,0.00,99,0,0.00,0,0.00,99,0,0.00,0.00,60,94,78,94,0,0,0,0,0,66,76,90,87,0,99,66,96,73,1,33,86,66,0,0
Kempes Tekiela,28,876898800,1997/10/15,USL League One,2026,Forward,Union Omaha,63,41,22,Germany,3,2,1,0,0,0,0,0,0,0,0,0,0,0,2,2,0,0,0,0,0,0,0,0,0,2.86,32,21,0,0,0,-1,-1,-1,15,0,6.58,0,84,35.71,8.33,65,25,8.00,24,99,34.29,75,0.00,0.00,0.33,1,0.00,0.00,1.43,0.33,1,0.00,0.67,0.00,0.00,0.00,0.00,0.33,0.67,0.00,8.57,1.67,1.00,0.00,0.33,0.12,0.00,0.00,0.00,0.00,0,0,,6,2.00,99,1,1.43,94,5,7.14,99,0,3,0,65,0.00,99,0,0,0.00,44,0,60,0.00,36,0,0.00,99,0,0.00,0,0,0.00,0,1.43,78,3,4.29,97,1,1.43,33.33,0,0.00,0,0,0,0.00,0,2,0.00,3,2.86,90,N/A,N/A,N/A,N/A,0.00,0,0.00,0,0.35,0.00,0,96.00,16.67,59,99,0.00,0.00,0,93,62,0,0,0,0.00,0.00,0,65,19.75,0.33,1.43,1,0,0.00,0.00,99,0.00,0,0,0,0.00,0.00,0,0.00,0.00,0.00,0.00,0,0,0.00,78,1,90,76,11,0.09,73,0.03,0.13,0.35,92,0.12,0.50,63,1,0.33,1.43,0.00,0.00,17,0,0.50,90,40,55,96,0,80,21,0,0.00,99,0,0.00,0.00,17.14,4.00,12,3,52,97,4.29,1.00,25.00,2,2.86,2,0,0.00,0,0.00,99,0,0.00,0.00,60,3,99,61,0,0,0,0,0,66,76,90,87,0,99,40,62,62,0,0,63,22,0,0
Kevin O'Connor,30,799830000,1995/05/07,USL League One,2026,Defender,Naples,298,208,90,Republic of Ireland,4,3,1,1,0,1,0,0,0,0,0,2,1,1,1,1,0,0,0,0.3,0,0.3,0,1,298,0.3,298,75,0,0,0,3,12,1,2,0,6.92,0,84,24.55,18.75,36,75,13.50,54,30,17.67,34,0.00,0.00,0.75,3,0.00,3.75,0.00,0.00,0,0.00,0.50,0.00,0.00,0.00,0.00,0.75,0.25,4.00,1.31,0.75,1.00,0.00,0.25,0.22,0.00,2.00,0.00,0.00,0,0,,4,1.00,66,1,0.33,62,3,0.98,69,0,0,3,25,0.00,99,0,0,0.00,44,15,64,4.91,92,0,0.00,99,0,0.00,0,0,0.00,0,0.98,63,4,1.31,60,3,0.98,75.00,0,0.00,0,0,0,0.00,0,1,0.00,92,0.33,1,N/A,N/A,N/A,N/A,0.00,0,0.00,0,0.88,0.00,0,72.00,25.00,64,99,0.00,0.00,0,79,86,0,0,0,0.00,0.00,0,65,27.67,1.00,1.31,4,0,0.00,0.00,99,0.00,0,0,0,0.00,0.00,0,0.00,0.00,0.33,0.25,1,0,25.00,89,94,99,98,99,0.26,57,0.07,0.09,0.88,82,0.22,0.29,72,6,1.50,1.96,0.33,0.25,18,1,0.29,80,76,51,96,0,83,84,0,0.00,99,8,0.00,2.62,9.82,7.50,30,17,72,62,5.56,4.25,56.67,2,0.65,42,0,13.33,0,0.00,99,2,0.50,0.65,77,94,78,61,0,0,0,0,0,69,79,99,87,0,99,96,62,62,0,0,63,14,0,0
Kevin Stuar Riascos Segura,30,803718000,1995/06/21,USL League One,2026,Defender,Charlotte Independence,180,90,90,Colombia,2,1,1,0,0,0,0,0,0,0,0,1,1,0,1,0,1,1,0,0,0,0,0,0,0,0.5,180,90,180,0,0.5,-1,-1,-1,8,0,6.76,0,84,42.00,42.00,75,84,35.00,70,65,35.00,76,0.00,0.00,0.50,1,0.00,0.00,0.50,0.50,1,0.00,0.00,0.00,0.00,0.00,1.00,0.00,0.50,0.00,0.50,0.50,0.00,0.00,0.00,0.02,0.00,2.00,0.00,0.00,0,0,,1,0.50,40,0,0.00,58,1,0.50,54,0,0,2,32,0.00,99,0,2,1.00,81,0,60,0.00,36,0,0.00,99,0,0.00,0,0,0.00,0,0.50,45,0,0.00,27,0,0.00,0.00,0,0.00,0,0,0,0.00,0,1,0.00,90,0.50,6,N/A,N/A,N/A,N/A,0.00,0,0.00,0,0.04,0.00,0,83.33,0.00,58,99,0.00,0.00,0,46,46,0,0,0,0.00,0.00,0,65,13.52,2.50,2.50,5,0,0.00,0.00,99,0.00,0,0,0,0.00,0.00,0,0.00,0.00,0.00,0.00,0,0,0.00,78,55,45,76,98,0.22,66,0.11,0.11,0.04,37,0.02,0.02,31,1,0.50,0.50,0.50,0.50,25,1,0.02,37,62,71,96,0,80,77,0,0.00,99,4,0.00,2.00,5.00,5.00,10,6,33,19,3.00,3.00,60.00,0,0.00,99,0,0.00,0,0.00,99,0,0.00,0.00,60,59,78,61,0,0,0,0,0,66,76,90,87,0,99,96,80,86,1,50,95,22,0,0
Koen Blommestijn,26,939884400,1999/10/14,USL League One,2026,Forward,Westchester SC,19,19,0,Netherlands,1,1,0,0,0,0,0,0,0,0,0,0,0,0,0,0,0,0,0,0,0,0,0,0,0,0,0,19,0,0,0,-1,-1,-1,12,0,6.66,0,84,18.53,3.50,19,7,2.50,5,29,13.24,18,0.00,0.00,0.50,1,0.00,1.00,0.00,0.00,0,0.00,0.00,0.00,0.00,0.00,0.00,1.00,0.50,0.00,2.65,0.00,1.00,0.00,0.50,0.07,0.00,0.00,0.00,0.00,0,0,,1,0.50,88,1,2.65,99,0,0.00,38,0,0,0,25,0.00,99,0,0,0.00,44,2,90,5.29,93,0,0.00,99,0,0.00,0,0,0.00,0,2.65,98,2,5.29,99,2,5.29,100.00,0,0.00,0,0,0,0.00,0,1,0.00,99,2.65,87,N/A,N/A,N/A,N/A,0.00,0,0.00,0,0.13,0.00,0,71.43,100.00,99,99,0.00,0.00,0,99,99,0,0,0,0.00,0.00,0,65,13.32,0.00,0.00,0,0,0.00,0.00,99,0.00,0,0,0,0.00,0.00,0,0.00,0.00,0.00,0.00,0,0,0.00,78,0,9,76,8,0.04,66,0.02,0.11,0.13,86,0.07,0.34,85,1,0.50,2.65,0.00,0.00,17,0,0.34,84,50,16,96,0,80,21,0,0.00,99,0,0.00,0.00,18.53,3.50,7,3,93,98,7.94,1.50,42.86,0,0.00,99,0,50.00,0,0.00,99,1,0.50,2.65,97,3,78,61,0,0,0,0,0,66,76,90,87,0,99,40,62,62,0,0,63,9,0,0
Konstantinos Georgallides,24,1011427200,2002/01/19,USL League One,2026,Forward,Portland Hearts of Pine,139,0,139,Cyprus,2,0,2,1,0,1,0,0,0,0,0,0,0,0,1,0,1,0,0,0.65,0,0.65,0,0.65,139,0.65,139,70,0,0,0,-1,-1,-1,2,0,0.00,0,84,0.00,0.00,0,0,0.00,0,0,0.00,0,0.00,0.00,0.00,0,0.00,0.00,0.00,0.00,0,0.00,0.00,0.00,0.00,0.00,0.00,0.00,0.00,0.00,0.00,0.00,0.00,0.00,0.00,0.00,0.00,0.00,0.00,0.00,0,0,,0,0.00,29,0,0.00,58,0,0.00,38,1,0,2,25,0.00,99,0,0,0.00,44,0,60,0.00,36,0,0.00,99,0,0.00,0,0,0.00,0,0.00,36,0,0.00,27,0,0.00,0.00,0,0.00,0,0,0,0.00,0,0,0.00,76,0.00,0,N/A,N/A,N/A,N/A,0.00,0,0.00,0,0.00,0.00,0,0.00,0.00,58,99,0.00,0.00,0,46,46,0,0,0,0.00,0.00,0,65,0.00,0.00,0.00,0,0,0.00,0.00,99,0.00,0,0,0,0.00,0.00,0,0.00,0.00,0.00,0.00,0,0,0.00,78,26,45,85,84,0.00,0,0.00,0.00,0.00,29,0.00,0.00,18,0,0.00,0.00,0.00,0.00,17,0,0.00,29,0,16,96,0,80,21,0,0.00,99,0,0.00,0.00,0.00,0.00,0,0,1,1,0.00,0.00,0.00,0,0.00,99,0,0.00,0,0.00,99,0,0.00,0.00,60,59,78,94,0,0,0,0,0,86,92,94,87,0,99,40,62,62,0,0,63,21,0,0
Kurowskybob Fertil-Pierre,23,1030518000,2002/08/28,USL League One,2026,Defender,Westchester SC,90,0,90,Haiti,1,0,1,0,0,0,0,0,0,0,0,0,0,0,4,0,4,1,0,0,0,0,0,0,0,4,23,90,90,0,1,-1,-1,-1,13,0,6.21,0,84,39.00,39.00,70,39,26.00,26,18,26.00,59,0.00,0.00,0.00,0,0.00,1.00,2.00,2.00,2,0.00,1.00,0.00,0.00,0.00,3.00,1.00,4.00,0.00,1.00,0.00,3.00,0.00,1.00,0.12,0.00,3.00,0.00,0.00,0,0,,1,1.00,60,1,1.00,85,0,0.00,38,0,0,1,80,0.00,99,0,3,3.00,99,1,60,1.00,60,0,0.00,99,0,0.00,0,0,0.00,0,0.00,36,3,3.00,92,1,1.00,33.33,0,0.00,0,0,0,0.00,0,4,0.00,1,4.00,97,N/A,N/A,N/A,N/A,0.00,0,0.00,0,0.12,0.00,0,66.67,100.00,99,99,0.00,0.00,0,82,62,0,0,0,0.00,0.00,0,65,6.21,6.00,6.00,6,0,0.00,0.00,99,0.00,0,0,0,0.00,0.00,0,0.00,0.00,0.00,0.00,0,0,0.00,78,12,9,76,9,0.05,31,0.05,0.05,0.12,66,0.12,0.12,97,4,4.00,4.00,3.00,3.00,95,3,0.12,65,12,98,96,0,80,89,0,0.00,99,3,0.00,3.00,19.00,19.00,19,10,99,99,10.00,10.00,52.63,1,1.00,28,0,0.00,0,0.00,99,0,0.00,0.00,60,24,78,61,0,0,0,0,0,66,76,90,87,0,99,40,66,98,1,100,99,4,0,0
Kwamina Ropapa Mensah,28,872060400,1997/08/20,USL League One,2026,Forward,Chattanooga Red Wolves,28,0,28,Ghana,2,0,2,0,0,0,0,0,0,0,0,0,0,0,0,0,0,0,0,0,0,0,0,0,0,0,0,14,0,0,0,-1,-1,-1,11,0,6.50,0,84,10.00,2.00,3,4,0.00,0,0,0.00,0,0.00,0.00,0.00,0,0.00,0.00,2.50,0.50,1,0.00,0.00,0.00,0.00,0.00,0.00,0.00,0.00,0.00,2.50,0.50,0.50,0.00,0.00,0.03,0.00,1.50,0.00,0.00,0,0,,1,0.50,87,0,0.00,58,1,2.50,96,0,2,0,89,0.00,99,0,0,0.00,44,0,60,0.00,36,0,0.00,99,0,0.00,0,0,0.00,0,0.00,36,1,2.50,87,0,0.00,0.00,0,0.00,0,0,0,0.00,0,0,0.00,99,0.00,0,N/A,N/A,N/A,N/A,0.00,0,0.00,0,0.05,0.00,0,0.00,0.00,58,99,0.00,0.00,0,46,46,0,0,0,0.00,0.00,0,65,13.01,0.00,0.00,0,0,0.00,0.00,99,0.00,0,0,0,0.00,0.00,0,0.00,0.00,0.00,0.00,0,0,0.00,78,0,45,76,8,0.00,0,0.00,0.00,0.05,66,0.03,0.12,83,1,0.50,2.50,5.00,1.00,99,2,0.12,65,33,16,96,0,80,99,0,0.00,99,3,0.00,7.50,27.50,5.50,11,5,99,99,12.50,2.50,45.45,0,0.00,99,0,0.00,0,0.00,99,0,0.00,0.00,60,3,99,61,0,0,0,0,0,66,76,90,87,0,99,40,62,62,0,0,63,20,0,0
Kyle Linhares,23,1029567600,2002/08/17,USL League One,2026,Midfielder,One Knoxville,88,44,44,USA,2,1,1,0,0,0,0,0,0,0,0,0,0,0,0,0,0,0,0,0,0,0,0,0,0,0,0,44,0,0,0,-1,-1,-1,7,0,6.63,0,84,24.41,10.67,35,32,6.33,19,9,14.49,23,0.00,0.00,0.33,1,0.00,2.33,2.29,1.00,3,0.00,0.67,0.00,0.00,0.00,1.00,0.00,0.33,0.00,0.76,0.00,0.00,0.00,0.33,0.05,0.00,0.33,0.00,0.00,0,0,,1,0.33,49,1,0.76,78,0,0.00,38,0,2,0,84,0.00,99,0,3,2.29,96,7,65,5.34,94,0,0.00,99,0,0.00,0,0,0.00,0,0.76,59,0,0.00,27,0,0.00,0.00,0,0.00,0,0,0,0.00,0,1,0.00,99,0.76,19,N/A,N/A,N/A,N/A,0.00,0,0.00,0,0.14,0.00,0,59.38,100.00,99,99,0.00,0.00,0,46,46,0,0,0,0.00,0.00,0,65,19.88,0.00,0.00,0,0,0.00,0.00,99,0.00,0,0,0,0.00,0.00,0,0.00,0.00,0.76,0.33,1,0,0.00,78,4,45,76,8,0.08,38,0.03,0.06,0.14,65,0.05,0.11,92,4,1.33,3.05,0.76,0.33,37,1,0.11,64,48,16,96,0,94,45,0,0.00,99,1,0.00,0.76,11.44,5.00,15,8,78,76,6.10,2.67,53.33,2,1.53,12,0,14.29,0,0.00,99,1,0.33,0.76,82,3,99,61,0,0,0,0,0,66,76,90,87,0,99,40,62,62,0,0,63,11,0,0
Landon Johnson,19,1163145600,2006/11/10,USL League One,2026,Midfielder,Richmond Kickers,90,0,90,USA,1,0,1,0,0,0,0,0,0,0,0,0,0,0,1,0,1,0,0,0,0,0,0,0,0,1,90,90,0,0,0,-1,-1,-1,6,0,6.34,0,84,10.00,10.00,3,10,3.00,3,0,3.00,0,0.00,0.00,0.00,0,0.00,0.00,2.00,2.00,2,0.00,1.00,0.00,0.00,0.00,0.00,2.00,1.00,0.00,2.00,2.00,2.00,0.00,0.00,0.10,0.00,0.00,0.00,0.00,0,0,,2,2.00,81,0,0.00,58,2,2.00,92,0,0,1,80,0.00,99,0,0,0.00,44,0,60,0.00,36,0,0.00,99,0,0.00,0,0,0.00,0,0.00,36,2,2.00,80,2,2.00,100.00,0,0.00,0,0,0,0.00,0,1,0.00,63,1.00,33,N/A,N/A,N/A,N/A,0.00,0,0.00,0,0.10,0.00,0,30.00,0.00,58,99,0.00,0.00,0,97,99,0,0,0,1.00,1.00,1,96,6.34,0.00,0.00,0,1,0.00,1.00,0,1.00,0,0,0,0.00,0.00,0,0.00,0.00,1.00,1.00,1,0,0.00,78,12,9,76,71,0.01,3,0.01,0.01,0.10,63,0.10,0.10,91,3,3.00,3.00,4.00,4.00,98,4,0.10,62,16,16,96,0,97,21,0,0.00,99,0,0.00,0.00,10.00,10.00,10,5,65,64,5.00,5.00,50.00,1,1.00,28,0,0.00,0,0.00,99,0,0.00,0.00,60,24,78,61,0,0,0,0,0,66,76,90,87,0,99,40,62,62,0,0,63,7,0,0
Laurence Wootton,26,947491200,2000/01/10,USL League One,2026,Midfielder,Union Omaha,110,42,68,England,3,2,1,0,0,0,0,0,0,0,0,0,0,0,3,2,1,1,0,0,0,0,0,0,0,2.45,37,37,110,0,0.82,-1,-1,-1,7,0,6.47,0,84,37.64,15.33,67,46,13.00,39,74,31.91,71,0.00,0.00,0.67,2,0.00,0.00,1.64,0.67,2,0.00,0.33,0.00,0.00,0.00,0.00,0.33,1.00,0.00,0.00,0.00,0.33,0.00,0.00,0.00,0.00,0.67,0.00,0.00,0,0,,0,0.00,29,0,0.00,58,0,0.00,38,1,2,1,70,0.00,99,0,0,0.00,44,0,60,0.00,36,0,0.00,99,0,0.00,0,0,0.00,0,1.64,83,1,0.82,47,1,0.82,100.00,0,0.00,0,0,0,0.00,0,3,0.00,4,2.45,85,N/A,N/A,N/A,N/A,0.00,0,0.00,0,0.00,0.00,0,84.78,0.00,58,99,0.00,0.00,0,75,99,0,0,0,0.00,0.00,0,65,19.40,0.33,0.82,1,0,0.00,0.00,99,0.00,0,0,0,0.00,0.00,0,0.00,0.00,0.00,0.00,0,0,0.00,78,16,90,76,12,0.18,79,0.06,0.15,0.00,29,0.00,0.00,68,2,0.67,1.64,3.27,1.33,96,4,0.00,29,29,36,96,0,80,71,0,0.00,99,2,0.00,1.64,10.64,4.33,13,7,74,70,5.73,2.33,53.85,1,0.82,32,0,0.00,0,0.00,99,0,0.00,0.00,60,24,99,94,0,0,0,0,0,66,76,90,87,0,99,40,70,92,1,33,86,16,0,0
Leider Marcelo Robledo Palacio,23,1023865200,2002/06/12,USL League One,2026,Forward,Corpus Christi,0,0,0,Colombia,0,0,0,0,0,0,0,0,0,0,0,0,0,0,0,0,0,0,0,0,0,0,0,0,0,0,0,0,0,0,0,-1,-1,-1,-1,N/A,N/A,N/A,N/A,N/A,N/A,N/A,N/A,N/A,N/A,N/A,N/A,N/A,N/A,N/A,N/A,N/A,N/A,N/A,N/A,N/A,N/A,N/A,N/A,N/A,N/A,N/A,N/A,N/A,N/A,N/A,N/A,N/A,N/A,N/A,N/A,N/A,N/A,N/A,N/A,N/A,N/A,N/A,N/A,N/A,N/A,N/A,N/A,N/A,N/A,N/A,N/A,N/A,N/A,N/A,N/A,N/A,N/A,N/A,N/A,N/A,N/A,N/A,N/A,N/A,N/A,N/A,N/A,N/A,N/A,N/A,N/A,N/A,N/A,N/A,N/A,N/A,N/A,N/A,N/A,N/A,N/A,N/A,N/A,N/A,N/A,N/A,N/A,N/A,N/A,N/A,N/A,N/A,N/A,N/A,N/A,N/A,N/A,N/A,N/A,N/A,N/A,N/A,N/A,N/A,N/A,N/A,N/A,N/A,N/A,N/A,N/A,N/A,N/A,N/A,N/A,N/A,N/A,N/A,N/A,N/A,N/A,N/A,N/A,N/A,N/A,N/A,N/A,N/A,N/A,N/A,N/A,N/A,N/A,N/A,N/A,N/A,N/A,N/A,N/A,N/A,N/A,N/A,N/A,N/A,N/A,N/A,N/A,N/A,N/A,N/A,N/A,N/A,N/A,N/A,N/A,N/A,N/A,N/A,N/A,N/A,N/A,N/A,N/A,N/A,N/A,N/A,N/A,N/A,N/A,N/A,N/A,N/A,N/A,N/A,N/A,N/A,N/A,N/A,N/A,N/A,N/A,N/A,N/A,N/A,N/A,N/A,N/A,N/A,N/A,N/A,N/A,N/A,N/A,N/A,N/A,N/A,N/A,N/A,N/A,N/A,N/A,N/A,N/A,N/A,N/A,N/A,N/A,N/A,N/A,N/A,N/A,N/A,N/A,N/A,N/A,N/A,N/A,N/A,N/A,N/A,N/A,N/A,N/A
Luan Figueirôa Brito,23,1031641200,2002/09/10,USL League One,2026,Midfielder,Athletic Club Boise,129,0,129,Brazil,2,0,2,1,0,1,0,0,0,0,0,1,0,1,1,0,1,0,0,0.7,0,0.7,0,0.7,129,0.7,129,65,0,0,0,-1,-1,-1,2,0,6.95,0,84,14.65,10.50,7,21,7.50,15,29,10.47,10,0.00,0.00,0.00,0,0.00,0.00,0.00,0.00,0,0.00,0.50,0.00,0.00,0.00,0.00,0.00,0.50,3.00,2.09,0.50,0.00,0.00,1.00,0.46,0.00,1.50,0.00,0.00,0,0,,3,1.50,83,2,1.40,93,1,0.70,61,1,0,2,25,0.00,99,0,0,0.00,44,0,60,0.00,36,0,0.00,99,0,0.00,0,0,0.00,0,0.00,36,0,0.00,27,0,0.00,0.00,0,0.00,0,0,0,0.00,0,1,0.00,72,0.70,18,N/A,N/A,N/A,N/A,0.00,0,0.00,0,0.91,0.00,0,71.43,66.67,88,99,0.00,0.00,0,46,46,1,0,0,0.50,0.70,1,89,13.89,0.50,0.70,1,0,0.00,0.00,99,0.00,0,1,0,0.00,0.00,0,0.00,0.00,0.70,0.50,1,0,33.33,93,22,45,84,80,0.03,5,0.01,0.02,0.21,71,0.10,0.15,61,2,1.00,1.40,0.00,0.00,17,0,0.63,93,78,31,96,0,92,78,0,0.00,99,3,0.00,2.09,4.88,3.50,7,5,38,17,3.49,2.50,71.43,1,0.70,37,0,0.00,0,0.00,99,0,0.00,0.00,60,59,78,94,0,0,0,0,0,90,94,94,87,0,99,96,62,62,0,0,63,9,0,0
Luca Fitzgerald,19,1152946800,2006/07/15,USL League One,2026,Midfielder,Naples,0,0,0,USA,0,0,0,0,0,0,0,0,0,0,0,0,0,0,0,0,0,0,0,0,0,0,0,0,0,0,0,0,0,0,0,-1,-1,-1,-1,N/A,N/A,N/A,N/A,N/A,N/A,N/A,N/A,N/A,N/A,N/A,N/A,N/A,N/A,N/A,N/A,N/A,N/A,N/A,N/A,N/A,N/A,N/A,N/A,N/A,N/A,N/A,N/A,N/A,N/A,N/A,N/A,N/A,N/A,N/A,N/A,N/A,N/A,N/A,N/A,N/A,N/A,N/A,N/A,N/A,N/A,N/A,N/A,N/A,N/A,N/A,N/A,N/A,N/A,N/A,N/A,N/A,N/A,N/A,N/A,N/A,N/A,N/A,N/A,N/A,N/A,N/A,N/A,N/A,N/A,N/A,N/A,N/A,N/A,N/A,N/A,N/A,N/A,N/A,N/A,N/A,N/A,N/A,N/A,N/A,N/A,N/A,N/A,N/A,N/A,N/A,N/A,N/A,N/A,N/A,N/A,N/A,N/A,N/A,N/A,N/A,N/A,N/A,N/A,N/A,N/A,N/A,N/A,N/A,N/A,N/A,N/A,N/A,N/A,N/A,N/A,N/A,N/A,N/A,N/A,N/A,N/A,N/A,N/A,N/A,N/A,N/A,N/A,N/A,N/A,N/A,N/A,N/A,N/A,N/A,N/A,N/A,N/A,N/A,N/A,N/A,N/A,N/A,N/A,N/A,N/A,N/A,N/A,N/A,N/A,N/A,N/A,N/A,N/A,N/A,N/A,N/A,N/A,N/A,N/A,N/A,N/A,N/A,N/A,N/A,N/A,N/A,N/A,N/A,N/A,N/A,N/A,N/A,N/A,N/A,N/A,N/A,N/A,N/A,N/A,N/A,N/A,N/A,N/A,N/A,N/A,N/A,N/A,N/A,N/A,N/A,N/A,N/A,N/A,N/A,N/A,N/A,N/A,N/A,N/A,N/A,N/A,N/A,N/A,N/A,N/A,N/A,N/A,N/A,N/A,N/A,N/A,N/A,N/A,N/A,N/A,N/A,N/A,N/A,N/A,N/A,N/A,N/A,N/A
Luca Mastrantonio,29,833180400,1996/05/27,USL League One,2026,Defender,Naples,360,270,90,Italy,4,3,1,0,0,0,0,0,0,0,0,2,1,1,2,2,0,1,0,0,0,0,0,0,0,0.5,180,90,360,0,0.25,18,11,4,7,0,7.00,0,84,66.50,66.50,98,266,58.75,235,91,58.75,97,0.00,0.00,0.75,3,0.00,0.00,1.50,1.50,6,0.00,0.00,0.00,0.00,0.00,0.25,0.25,0.75,0.00,0.50,0.50,0.25,0.00,0.00,0.02,0.00,3.00,0.00,0.00,0,0,,2,0.50,40,0,0.00,58,2,0.50,54,0,0,4,68,0.00,99,0,1,0.25,44,0,60,0.00,36,0,0.00,99,0,0.00,0,0,0.00,0,0.75,58,1,0.25,27,1,0.25,100.00,0,0.00,0,0,0,0.00,0,3,0.00,90,0.75,19,N/A,N/A,N/A,N/A,0.00,0,0.00,0,0.09,0.00,0,88.35,0.00,58,99,0.00,0.00,0,47,99,0,0,0,0.50,0.50,2,79,28.01,6.75,6.75,27,0,0.00,0.00,99,0.00,0,0,0,0.00,0.00,0,0.00,0.00,0.00,0.00,0,0,0.00,78,99,99,76,98,0.62,79,0.15,0.15,0.09,37,0.02,0.02,20,1,0.25,0.25,0.75,0.75,37,3,0.02,37,83,99,96,0,80,89,0,0.00,99,12,0.00,3.00,8.00,8.00,32,20,65,45,5.00,5.00,62.50,0,0.00,99,0,0.00,0,0.00,99,0,0.00,0.00,60,99,78,61,0,0,0,0,0,66,76,90,87,0,99,96,99,64,1,25,68,5,0,0
Lucas Meek,27,920793600,1999/03/07,USL League One,2026,Midfielder,Greenville Triumph,232,232,0,USA,3,3,0,0,0,0,1,1,0,0,0,0,0,0,6,6,0,1,0,0.39,0.39,0,0,0,0,2.33,39,77,232,232,0.39,-1,-1,-1,11,0,6.82,0.33,90,19.01,16.33,21,49,13.00,39,54,15.13,27,0.00,0.00,1.00,3,0.00,0.33,2.33,2.00,6,0.00,0.00,0.00,0.00,0.00,0.67,0.00,2.00,0.00,1.16,0.00,0.33,0.00,1.00,0.12,0.00,1.67,0.00,0.00,0,0,,3,1.00,64,3,1.16,89,0,0.00,38,2,0,3,86,0.00,99,0,2,0.78,70,1,60,0.39,41,0,0.00,99,0,0.00,0,0,0.00,0,1.16,72,1,0.39,33,0,0.00,0.00,0,0.00,0,0,0,0.00,0,6,0.00,7,2.33,83,N/A,N/A,N/A,N/A,0.00,0,0.00,0,0.36,0.00,0,79.59,100.00,99,99,0.00,0.00,0,46,46,0,0,0,0.33,0.39,1,72,20.47,0.67,0.78,2,0,0.00,0.00,99,0.00,0,0,0,0.00,0.00,0,0.00,0.00,0.00,0.00,0,0,0.00,78,64,90,76,16,0.77,88,0.26,0.30,0.36,69,0.12,0.14,95,9,3.00,3.49,2.72,2.33,90,7,0.14,68,69,34,96,0,80,73,0,0.00,99,5,0.00,1.94,13.58,11.67,35,20,93,87,7.76,6.67,57.14,0,0.00,99,0,0.00,0,0.00,99,0,0.00,0.00,60,94,78,99,0,0,0,0,0,78,76,90,87,0,99,40,85,77,1,33,86,33,0,0
Lucca Dourado Pereira,25,970556400,2000/10/03,USL League One,2026,Midfielder,Richmond Kickers,53,0,53,USA,2,0,2,0,0,0,0,0,0,0,0,0,0,0,1,0,1,0,0,0,0,0,0,0,0,1.7,53,27,0,0,0,-1,-1,-1,14,0,6.47,0,84,9.31,3.00,2,9,2.00,6,18,6.21,3,0.00,0.00,0.00,0,0.00,0.00,0.00,0.00,0,0.00,0.33,0.00,0.00,0.00,0.00,0.33,0.33,0.00,1.03,0.33,1.33,0.00,0.00,0.02,0.00,0.33,0.00,0.00,0,0,,1,0.33,61,0,0.00,58,1,1.03,73,0,2,0,25,0.00,99,0,0,0.00,44,0,60,0.00,36,0,0.00,99,0,0.00,0,0,0.00,0,0.00,36,4,4.14,97,1,1.03,25.00,0,0.00,0,0,0,0.00,0,1,0.00,26,1.03,36,N/A,N/A,N/A,N/A,0.00,0,0.00,0,0.05,0.00,0,66.67,0.00,58,99,0.00,0.00,0,84,52,0,0,0,0.00,0.00,0,65,19.40,0.33,1.03,1,0,0.00,0.00,99,0.00,0,0,0,0.00,0.00,0,0.00,0.00,0.00,0.00,0,0,0.00,78,0,45,76,34,0.01,3,0.00,0.01,0.05,49,0.02,0.05,76,2,0.67,2.07,2.07,0.67,79,2,0.05,49,29,44,96,0,80,53,0,0.00,99,1,0.00,1.03,10.34,3.33,10,4,51,67,4.14,1.33,40.00,1,1.03,24,0,0.00,0,0.00,99,0,0.00,0.00,60,3,99,61,0,0,0,0,0,66,76,90,87,0,99,40,62,62,0,0,63,70,0,0
Lucky Onyebuchi Opara,26,944726400,1999/12/09,USL League One,2026,Midfielder,Spokane Velocity,0,0,0,Nigeria,1,1,0,0,0,0,0,0,0,0,0,1,1,0,0,0,0,0,0,0,0,0,0,0,0,0,0,0,0,0,0,-1,-1,-1,-1,0,0.00,0,84,0.00,0.00,0,0,0.00,0,0,0.00,0,0.00,0.00,0.00,0,0.00,0.00,0.00,0.00,0,0.00,0.00,0.00,0.00,0.00,0.00,0.00,0.00,0.00,0.00,0.00,0.00,0.00,0.00,0.00,0.00,0.00,0.00,0.00,0,0,,0,0.00,29,0,0.00,58,0,0.00,38,0,1,0,25,0.00,99,0,0,0.00,44,0,60,0.00,36,0,0.00,99,0,0.00,0,0,0.00,0,0.00,36,0,0.00,27,0,0.00,0.00,0,0.00,0,0,0,0.00,0,0,0.00,99,0.00,0,N/A,N/A,N/A,N/A,0.00,0,0.00,0,0.00,0.00,0,0.00,0.00,58,99,0.00,0.00,0,46,46,0,0,0,0.00,0.00,0,65,0.00,2.00,180.00,2,0,0.00,0.00,99,0.00,0,0,0,0.00,0.00,0,0.00,0.00,0.00,0.00,0,0,0.00,78,0,9,76,8,0.00,0,0.00,0.00,0.00,29,0.00,0.00,18,0,0.00,0.00,0.00,0.00,17,0,0.00,29,0,99,96,0,80,21,0,0.00,99,0,0.00,0.00,0.00,0.00,0,0,1,1,0.00,0.00,0.00,0,0.00,99,0,0.00,0,0.00,99,0,0.00,0.00,60,3,93,61,0,0,0,0,0,66,76,90,87,0,99,99,62,62,0,0,63,13,0,0
Luis Miguel Gil,32,753264000,1993/11/14,USL League One,2026,Midfielder,Spokane Velocity,240,150,90,USA,3,2,1,1,1,0,0,0,0,0,0,1,1,0,5,1,4,0,0,0.38,0,0.38,0.6,0,240,1.88,48,80,0,0,0,-1,-1,-1,1,0,6.84,0,84,28.50,25.33,48,76,19.00,57,36,21.38,47,0.00,0.00,1.00,3,0.00,3.67,0.75,0.67,2,0.00,0.33,0.00,0.00,0.00,0.33,0.33,1.67,9.00,3.38,2.33,1.33,0.00,0.67,0.39,0.00,1.00,0.00,0.00,0,0,,9,3.00,94,2,0.75,77,7,2.62,96,1,0,3,43,0.00,99,0,1,0.38,51,11,80,4.12,89,0,0.00,99,0,0.00,0,0,0.00,0,1.12,71,4,1.50,67,1,0.38,25.00,0,0.00,0,0,0,0.00,0,5,0.00,22,1.88,70,N/A,N/A,N/A,N/A,0.00,0,0.00,0,1.16,0.00,0,75.00,22.22,61,99,0.00,0.00,0,59,52,1,0,0,0.00,0.00,0,65,20.51,0.33,0.38,1,0,0.00,0.00,99,0.00,0,1,0,0.00,0.00,0,0.00,0.00,0.75,0.67,2,0,11.11,79,66,90,91,30,0.26,63,0.09,0.10,0.46,74,0.15,0.17,18,0,0.00,0.00,0.38,0.33,21,1,0.43,88,70,19,96,0,93,56,0,0.00,99,3,0.00,1.12,6.00,5.33,16,6,20,27,2.25,2.00,37.50,1,0.38,53,0,36.36,0,0.00,99,4,1.33,1.50,92,94,78,94,0,0,0,0,0,76,86,90,95,0,99,66,62,62,0,0,63,10,0,0
Marc Torrellas Gratacos,24,997167600,2001/08/07,USL League One,2026,Midfielder,Naples,314,224,90,Spain,4,3,1,1,1,0,1,1,0,0,0,2,1,1,1,1,0,1,0,0.57,0.29,0.29,0.4,0,314,0.29,314,79,314,314,0.29,4,4,-1,3,0,6.97,0.25,86,46.86,41.00,82,164,34.25,137,65,39.14,82,0.00,0.00,0.50,2,0.00,0.75,1.71,1.50,6,0.00,0.50,0.00,0.00,0.00,0.75,0.25,0.50,6.00,1.71,1.00,1.50,0.00,0.50,0.26,0.00,1.25,0.00,0.00,0,0,,6,1.50,77,2,0.57,72,4,1.14,76,0,0,3,74,0.00,99,0,3,0.86,75,3,60,0.86,57,0,0.00,99,0,0.00,0,0,0.00,0,0.57,49,6,1.71,73,1,0.29,16.67,0,0.00,0,0,0,0.00,0,2,0.00,92,0.57,10,N/A,N/A,N/A,N/A,0.00,0,0.00,0,1.04,0.00,0,83.54,33.33,69,99,0.00,0.00,0,48,49,0,0,0,0.50,0.57,2,84,27.89,1.75,2.00,7,0,0.00,0.00,99,0.00,0,0,0,0.00,0.00,0,0.00,0.00,0.00,0.00,0,0,16.67,83,94,99,98,99,0.95,86,0.24,0.27,1.04,83,0.26,0.30,70,6,1.50,1.71,2.29,2.00,84,8,0.30,81,80,66,96,0,80,67,0,0.00,99,5,0.00,1.43,11.14,9.75,39,18,66,74,5.14,4.50,46.15,2,0.57,44,0,0.00,0,0.00,99,0,0.00,0.00,60,94,78,61,0,0,0,0,0,84,78,90,89,0,99,96,96,66,1,25,68,21,0,0
Mark Hernández,29,839401200,1996/08/07,USL League One,2026,Midfielder,Spokane Velocity,13,0,13,USA,1,0,1,0,0,0,0,0,0,0,0,0,0,0,1,0,1,0,0,0,0,0,0,0,0,6.92,13,13,0,0,0,-1,-1,-1,7,0,3.22,0,84,69.23,5.00,98,10,3.50,7,26,48.46,91,0.00,0.00,0.00,0,0.00,0.50,13.85,1.00,2,0.00,0.00,0.00,0.00,0.00,0.50,0.00,0.50,0.00,0.00,0.00,0.50,0.00,0.00,0.00,0.00,0.00,0.00,0.00,0,0,,0,0.00,29,0,0.00,58,0,0.00,38,0,1,0,99,0.00,99,0,1,6.92,99,1,60,6.92,98,0,0.00,99,0,0.00,0,0,0.00,0,0.00,36,1,6.92,99,0,0.00,0.00,0,0.00,0,0,0,0.00,0,1,0.00,0,6.92,99,N/A,N/A,N/A,N/A,0.00,0,0.00,0,0.00,0.00,0,70.00,0.00,58,99,0.00,0.00,0,46,46,0,0,0,0.00,0.00,0,65,6.44,0.00,0.00,0,0,0.00,0.00,99,0.00,0,0,0,0.00,0.00,0,0.00,0.00,0.00,0.00,0,0,0.00,78,0,9,76,8,0.01,44,0.01,0.07,0.00,29,0.00,0.00,18,0,0.00,0.00,0.00,0.00,17,0,0.00,29,2,16,96,0,80,21,0,0.00,99,0,0.00,0.00,27.69,2.00,4,2,99,99,13.85,1.00,50.00,0,0.00,99,0,0.00,0,0.00,99,0,0.00,0.00,60,3,93,61,0,0,0,0,0,66,76,90,87,0,99,40,62,62,0,0,63,14,0,0
Mark Segbres,29,829810800,1996/04/18,USL League One,2026,Defender,Forward Madison,46,0,46,USA,1,0,1,0,0,0,0,0,0,0,0,0,0,0,1,0,1,1,0,0,0,0,0,0,0,1.96,46,46,46,0,1.96,-1,-1,-1,7,0,6.50,0,84,17.61,9.00,16,9,8.00,8,93,15.65,29,0.00,0.00,0.00,0,0.00,0.00,1.96,1.00,1,0.00,0.00,0.00,0.00,0.00,0.00,0.00,1.00,0.00,0.00,0.00,0.00,0.00,0.00,0.00,0.00,0.00,0.00,0.00,0,0,,0,0.00,29,0,0.00,58,0,0.00,38,0,0,1,77,0.00,99,0,0,0.00,44,0,60,0.00,36,0,0.00,99,0,0.00,0,0,0.00,0,0.00,36,0,0.00,27,0,0.00,0.00,0,0.00,0,0,0,0.00,0,1,0.00,22,1.96,70,N/A,N/A,N/A,N/A,0.00,0,0.00,0,0.00,0.00,0,88.89,0.00,58,99,0.00,0.00,0,46,46,0,0,0,0.00,0.00,0,65,6.50,3.00,5.87,3,0,0.00,0.00,99,0.00,0,0,0,0.00,0.00,0,0.00,0.00,0.00,0.00,0,0,0.00,78,0,9,76,30,0.02,23,0.02,0.04,0.00,29,0.00,0.00,72,1,1.00,1.96,0.00,0.00,17,0,0.00,29,33,96,96,0,80,21,0,0.00,99,0,0.00,0.00,3.91,2.00,2,2,43,13,3.91,2.00,100.00,0,0.00,99,0,0.00,0,0.00,99,0,0.00,0.00,60,24,78,61,0,0,0,0,0,66,76,90,87,0,99,40,62,99,1,100,99,8,0,0
Marqes Muir,23,1032591600,2002/09/21,USL League One,2026,Midfielder,Greenville Triumph,17,17,0,England,2,2,0,0,0,0,0,0,0,0,0,0,0,0,0,0,0,0,0,0,0,0,0,0,0,0,0,9,0,0,0,-1,-1,-1,13,0,2.02,0,84,58.24,3.67,91,11,3.00,9,60,47.65,89,0.00,0.00,0.00,0,0.00,0.00,0.00,0.00,0,0.00,0.33,0.00,0.00,0.00,0.00,0.00,0.00,0.00,0.00,0.00,0.00,0.00,0.00,0.00,0.00,0.33,0.00,0.00,0,0,,0,0.00,29,0,0.00,58,0,0.00,38,0,2,0,25,0.00,99,0,0,0.00,44,0,60,0.00,36,0,0.00,99,0,0.00,0,0,0.00,0,0.00,36,0,0.00,27,0,0.00,0.00,0,0.00,0,0,0,0.00,0,0,0.00,99,0.00,0,N/A,N/A,N/A,N/A,0.00,0,0.00,0,0.00,0.00,0,81.82,0.00,58,99,0.00,0.00,0,46,46,0,0,0,0.00,0.00,0,65,6.07,0.67,10.59,2,0,0.00,0.00,99,0.00,0,0,0,0.00,0.00,0,0.00,0.00,0.00,0.00,0,0,0.00,78,0,45,76,8,0.02,66,0.01,0.11,0.00,29,0.00,0.00,18,0,0.00,0.00,5.29,0.33,99,1,0.00,29,0,99,96,0,80,98,0,0.00,99,1,0.00,5.29,42.35,2.67,8,1,68,99,5.29,0.33,12.50,1,5.29,0,0,0.00,0,0.00,99,0,0.00,0.00,60,3,99,61,0,0,0,0,0,66,76,90,87,0,99,40,62,62,0,0,63,21,0,0
Masashi Wada,28,860742000,1997/04/11,USL League One,2026,Forward,Portland Hearts of Pine,270,0,270,Japan,3,0,3,1,0,1,0,0,0,0,0,1,0,1,2,0,2,0,0,0.33,0,0.33,0,0.33,270,0.67,135,90,0,0,0,-1,-1,-1,1,0,7.01,0,84,28.67,28.67,48,86,22.67,68,50,22.67,51,0.00,0.00,1.00,3,0.00,1.33,1.33,1.33,4,0.00,2.67,0.00,0.00,0.00,0.00,1.33,0.67,4.00,1.33,0.67,1.67,0.00,0.67,0.31,0.00,2.33,0.00,0.00,0,0,,4,1.33,68,2,0.67,75,2,0.67,61,0,0,3,61,0.00,99,0,0,0.00,44,4,71,1.33,65,0,0.00,99,0,0.00,0,0,0.00,0,1.00,66,5,1.67,73,4,1.33,80.00,0,0.00,0,0,0,0.00,0,2,0.00,75,0.67,15,N/A,N/A,N/A,N/A,0.00,0,0.00,0,0.93,0.00,0,79.07,50.00,84,99,0.00,0.00,0,90,87,0,0,0,0.00,0.00,0,65,21.02,0.67,0.67,2,0,0.00,0.00,99,0.00,0,0,0,0.00,0.00,0,0.00,0.00,0.00,0.00,0,0,25.00,89,92,90,97,83,0.28,57,0.09,0.09,0.93,84,0.31,0.31,58,4,1.33,1.33,1.00,1.00,45,3,0.31,82,85,29,96,0,80,81,0,0.00,99,7,0.00,2.33,12.33,12.33,37,19,81,80,6.33,6.33,51.35,8,2.67,4,0,25.00,0,0.00,99,1,0.33,0.33,64,94,78,61,0,0,0,0,0,72,83,91,87,0,99,66,62,62,0,0,63,77,0,0
Matteo Kidd,27,891590400,1998/04/03,USL League One,2026,Midfielder,Portland Hearts of Pine,177,0,177,USA,3,0,3,0,0,0,0,0,0,0,0,1,0,1,1,0,1,1,0,0,0,0,0,0,0,0.51,177,59,177,0,0.51,-1,-1,-1,3,0,6.62,0,84,41.19,27.00,74,81,24.00,72,93,36.61,78,0.00,0.00,0.00,0,0.00,2.00,0.51,0.33,1,0.00,0.33,0.00,0.00,0.00,0.33,0.33,0.33,0.00,0.00,0.00,0.33,0.00,0.00,0.00,0.00,0.67,0.00,0.00,0,0,,0,0.00,29,0,0.00,58,0,0.00,38,1,1,2,33,0.00,99,0,1,0.51,58,6,60,3.05,81,0,0.00,99,0,0.00,0,0,0.00,0,0.00,36,1,0.51,37,1,0.51,100.00,0,0.00,0,0,0,0.00,0,1,0.00,80,0.51,7,N/A,N/A,N/A,N/A,0.00,0,0.00,0,0.00,0.00,0,88.89,0.00,58,99,0.00,0.00,0,66,99,0,0,0,0.67,1.02,2,97,19.86,1.00,1.53,3,0,0.00,0.00,99,0.00,0,0,0,0.00,0.00,0,0.00,0.00,0.00,0.00,0,0,0.00,78,36,90,76,88,0.15,50,0.05,0.08,0.00,29,0.00,0.00,50,2,0.67,1.02,0.51,0.33,26,1,0.00,29,46,56,96,0,80,52,0,0.00,99,2,0.00,1.02,4.58,3.00,9,5,23,16,2.54,1.67,55.56,1,0.51,47,0,0.00,0,0.00,99,0,0.00,0.00,60,59,93,94,0,0,0,0,0,66,76,90,87,0,99,66,75,87,1,33,86,98,0,0
Matthew Arango,18,1200038400,2008/01/11,USL League One,2026,Midfielder,Charlotte Independence,0,0,0,USA,1,1,0,0,0,0,0,0,0,0,0,1,1,0,0,0,0,0,0,0,0,0,0,0,0,0,0,0,0,0,0,-1,-1,-1,-1,0,0.00,0,84,0.00,0.00,0,0,0.00,0,0,0.00,0,0.00,0.00,0.00,0,0.00,0.00,0.00,0.00,0,0.00,1.00,0.00,0.00,0.00,0.00,0.00,0.00,0.00,0.00,0.00,0.00,0.00,0.00,0.00,0.00,0.00,0.00,0.00,0,0,,0,0.00,29,0,0.00,58,0,0.00,38,0,1,0,25,0.00,99,0,0,0.00,44,0,60,0.00,36,0,0.00,99,0,0.00,0,0,0.00,0,0.00,36,0,0.00,27,0,0.00,0.00,0,0.00,0,0,0,0.00,0,0,0.00,99,0.00,0,N/A,N/A,N/A,N/A,0.00,0,0.00,0,0.00,0.00,0,0.00,0.00,58,99,0.00,0.00,0,46,46,0,0,0,0.00,0.00,0,65,0.00,0.00,0.00,0,0,0.00,0.00,99,0.00,0,0,0,0.00,0.00,0,0.00,0.00,0.00,0.00,0,0,0.00,78,0,9,76,8,0.00,0,0.00,0.00,0.00,29,0.00,0.00,18,0,0.00,0.00,0.00,0.00,17,0,0.00,29,0,16,96,0,80,21,0,0.00,99,0,0.00,0.00,90.00,1.00,1,0,1,99,0.00,0.00,0.00,1,90.00,0,0,0.00,0,0.00,99,0,0.00,0.00,60,3,93,61,0,0,0,0,0,66,76,90,87,0,99,99,62,62,0,0,63,44,0,0
Matthew Bentley,27,895906800,1998/05/23,USL League One,2026,Forward,Chattanooga Red Wolves,170,0,170,England,2,0,2,0,0,0,0,0,0,0,0,0,0,0,3,0,3,0,0,0,0,0,0,0,0,1.59,57,85,0,0,0,-1,-1,-1,5,0,6.53,0,84,7.41,7.00,1,14,3.50,7,4,3.71,1,0.00,0.00,0.00,0,0.00,0.50,1.06,1.00,2,0.00,2.00,0.00,0.00,0.00,1.50,0.00,1.50,0.00,0.53,0.00,1.00,0.00,0.50,0.07,0.00,2.00,0.00,0.00,0,0,,1,0.50,42,1,0.53,69,0,0.00,38,1,0,2,54,0.00,99,0,3,1.59,91,1,60,0.53,47,0,0.00,99,0,0.00,0,0,0.00,0,0.00,36,2,1.06,55,0,0.00,0.00,0,0.00,0,0,0,0.00,0,3,0.00,32,1.59,60,N/A,N/A,N/A,N/A,0.00,0,0.00,0,0.13,0.00,0,50.00,100.00,99,99,0.00,0.00,0,46,46,0,0,0,0.50,0.53,1,81,13.05,2.00,2.12,4,0,0.00,0.00,99,0.00,0,0,0,0.00,0.00,0,0.00,0.00,0.53,0.50,1,0,0.00,78,35,45,76,40,0.02,3,0.01,0.01,0.13,57,0.07,0.07,76,4,2.00,2.12,0.00,0.00,17,0,0.07,57,36,68,96,0,89,79,0,0.00,99,4,0.00,2.12,11.65,11.00,22,10,68,77,5.29,5.00,45.45,4,2.12,6,0,0.00,0,0.00,99,0,0.00,0.00,60,59,78,94,0,0,0,0,0,66,76,90,87,0,99,40,62,62,0,0,63,10,0,0
Maximus Tainio,24,990687600,2001/05/24,USL League One,2026,Midfielder,Sarasota Paradise,35,35,0,Finland,2,2,0,0,0,0,0,0,0,0,0,0,0,0,0,0,0,1,0,0,0,0,0,0,0,0,0,18,35,0,2.57,-1,-1,-1,14,0,6.45,0,84,35.08,7.67,63,23,5.00,15,15,22.88,51,0.00,0.00,0.33,1,0.00,2.33,1.53,0.33,1,0.00,0.00,0.00,0.00,0.00,0.00,0.00,0.00,0.00,4.58,1.00,0.33,0.00,0.00,0.06,0.00,0.00,0.00,0.00,0,0,,3,1.00,98,0,0.00,58,3,4.58,99,0,2,0,68,0.00,99,0,0,0.00,44,7,82,10.68,99,0,0.00,99,0,0.00,0,0,0.00,0,1.53,80,1,1.53,68,0,0.00,0.00,0,0.00,0,0,0,0.00,0,0,0.00,99,0.00,0,N/A,N/A,N/A,N/A,0.00,0,0.00,0,0.17,0.00,0,65.22,0.00,58,99,0.00,0.00,0,46,46,0,0,0,0.00,0.00,0,65,19.36,0.00,0.00,0,0,0.00,0.00,99,0.00,0,0,0,0.00,0.00,0,0.00,0.00,0.00,0.00,0,0,0.00,78,0,45,76,8,0.07,66,0.02,0.11,0.17,78,0.06,0.26,18,0,0.00,0.00,3.05,0.67,95,2,0.26,76,28,16,96,0,80,21,0,0.00,99,0,0.00,0.00,7.63,1.67,5,1,13,41,1.53,0.33,20.00,0,0.00,99,0,42.86,0,0.00,99,3,1.00,4.58,99,3,99,61,0,0,0,0,0,66,76,90,87,0,99,40,62,99,0,0,63,20,0,0
Mbongeni Kanyane,24,1000882800,2001/09/19,USL League One,2026,Midfielder,Forward Madison,180,0,180,South Africa,2,0,2,0,0,0,1,0,1,0,0,1,0,1,1,0,1,1,0,0.5,0.5,0,0,0,0,0.5,180,90,180,180,0.5,-1,-1,-1,6,0,7.01,0.5,94,22.50,22.50,29,45,14.00,28,11,14.00,21,0.00,0.00,2.00,4,0.00,5.00,2.50,2.50,5,0.00,0.50,0.00,0.00,0.00,0.00,1.50,0.50,0.00,0.00,0.00,2.50,0.00,0.00,0.00,0.00,1.50,0.00,0.00,0,0,,0,0.00,29,0,0.00,58,0,0.00,38,0,0,2,89,0.00,99,0,0,0.00,44,10,90,5.00,93,0,0.00,99,0,0.00,0,0,0.00,0,2.00,88,5,2.50,87,3,1.50,60.00,0,0.00,0,0,0,0.00,0,1,0.00,90,0.50,6,N/A,N/A,N/A,N/A,0.00,0,0.00,0,0.00,0.00,0,62.22,0.00,58,99,0.00,0.00,0,94,80,0,0,0,0.00,0.00,0,65,14.02,3.00,3.00,6,0,0.00,0.00,99,0.00,0,0,0,0.00,0.00,0,0.00,0.00,0.00,0.00,0,0,0.00,78,55,45,76,98,0.81,94,0.41,0.41,0.00,29,0.00,0.00,49,2,1.00,1.00,1.00,1.00,45,2,0.00,29,85,76,96,0,80,69,0,0.00,99,3,0.00,1.50,10.00,10.00,20,13,85,64,6.50,6.50,65.00,1,0.50,49,0,50.00,0,0.00,99,5,2.50,2.50,97,59,78,61,0,0,0,0,0,82,76,90,87,0,99,96,80,86,1,50,95,6,0,0
Medgy Alexandre,22,1079510400,2004/03/17,USL League One,2026,Midfielder,Spokane Velocity,23,0,23,Canada,1,0,1,0,0,0,0,0,0,0,0,0,0,0,1,0,1,0,0,0,0,0,0,0,0,3.91,23,23,0,0,0,-1,-1,-1,18,0,6.49,0,84,15.65,4.00,10,4,4.00,4,99,15.65,29,0.00,0.00,1.00,1,0.00,1.00,0.00,0.00,0,0.00,0.00,0.00,0.00,0.00,0.00,0.00,1.00,0.00,0.00,0.00,1.00,0.00,0.00,0.00,0.00,0.00,0.00,0.00,0,0,,0,0.00,29,0,0.00,58,0,0.00,38,0,1,0,25,0.00,99,0,0,0.00,44,1,99,3.91,85,0,0.00,99,0,0.00,0,0,0.00,0,3.91,99,1,3.91,96,0,0.00,0.00,0,0.00,0,0,0,0.00,0,1,0.00,1,3.91,95,N/A,N/A,N/A,N/A,0.00,0,0.00,0,0.00,0.00,0,100.00,0.00,58,99,0.00,0.00,0,46,46,0,0,0,0.00,0.00,0,65,6.49,0.00,0.00,0,0,0.00,0.00,99,0.00,0,0,0,0.00,0.00,0,0.00,0.00,0.00,0.00,0,0,0.00,78,0,9,76,9,0.04,81,0.04,0.16,0.00,29,0.00,0.00,97,1,1.00,3.91,0.00,0.00,17,0,0.00,29,30,16,96,0,80,21,0,0.00,99,0,0.00,0.00,15.65,4.00,4,1,43,94,3.91,1.00,25.00,0,0.00,99,0,100.00,0,0.00,99,1,1.00,3.91,99,3,93,61,0,0,0,0,0,66,76,90,87,0,99,40,62,62,0,0,63,17,0,0
Mensah Moses Nyarko Fenyi,27,903164400,1998/08/15,USL League One,2026,Midfielder,Spokane Velocity,141,51,90,Ghana,3,2,1,0,0,0,0,0,0,0,0,1,1,0,4,0,4,0,0,0,0,0,0,0,0,2.55,35,47,0,0,0,-1,-1,-1,10,0,6.26,0,84,28.09,14.67,46,44,11.67,35,54,22.34,49,0.00,0.00,0.33,1,0.00,0.67,0.00,0.00,0,0.00,0.33,0.00,0.00,0.00,0.33,0.00,1.33,0.00,0.00,0.00,1.00,0.00,0.00,0.00,0.00,0.67,0.00,0.00,0,0,,0,0.00,29,0,0.00,58,0,0.00,38,0,2,1,25,0.00,99,0,1,0.64,61,2,90,1.28,63,0,0.00,99,0,0.00,0,0,0.00,0,0.64,51,3,1.91,75,0,0.00,0.00,0,0.00,0,0,0,0.00,0,4,0.00,4,2.55,87,N/A,N/A,N/A,N/A,0.00,0,0.00,0,0.00,0.00,0,79.55,0.00,58,99,0.00,0.00,0,46,46,0,0,0,0.33,0.64,1,85,18.77,1.00,1.91,3,0,0.00,0.00,99,0.00,0,0,0,0.00,0.00,0,0.00,0.00,0.00,0.00,0,0,0.00,78,26,90,76,12,0.09,38,0.03,0.06,0.00,29,0.00,0.00,57,2,0.67,1.28,1.91,1.00,72,3,0.00,29,13,63,96,0,80,60,0,0.00,99,2,0.00,1.28,8.30,4.33,13,4,24,48,2.55,1.33,30.77,1,0.64,43,0,50.00,0,0.00,99,1,0.33,0.64,76,24,99,61,0,0,0,0,0,66,76,90,87,0,99,66,62,62,0,0,63,33,0,0
Michael Glasser,25,966409200,2000/08/16,USL League One,2026,Defender,Naples,360,270,90,USA,4,3,1,0,0,0,0,0,0,0,0,2,1,1,2,2,0,0,0,0,0,0,0,0,0,0.5,180,90,0,0,0,9,14,2,6,0,6.51,0,84,28.46,26.25,47,105,22.50,90,80,24.40,56,0.00,0.00,0.75,3,0.00,1.50,1.08,1.00,4,0.00,0.75,0.00,0.00,0.00,0.50,0.50,0.75,0.00,0.81,0.50,1.50,0.00,0.25,0.06,0.00,0.25,0.00,0.00,0,0,,3,0.75,52,1,0.27,58,2,0.54,56,1,0,4,55,0.00,99,0,2,0.54,58,6,67,1.63,68,0,0.00,99,0,0.00,0,0,0.00,0,0.81,60,6,1.63,70,2,0.54,33.33,0,0.00,0,0,0,0.00,0,3,0.00,90,0.81,21,N/A,N/A,N/A,N/A,0.00,0,0.00,0,0.24,0.00,0,85.71,33.33,69,99,0.00,0.00,0,67,62,0,0,0,0.25,0.27,1,67,26.03,3.75,4.07,15,0,0.00,0.00,99,0.00,0,0,0,0.00,0.00,0,0.00,0.00,0.00,0.00,0,0,0.00,78,99,99,76,98,0.26,44,0.07,0.07,0.24,57,0.06,0.07,32,2,0.50,0.54,1.36,1.25,57,5,0.07,57,35,86,96,0,80,21,0,0.00,99,1,0.00,0.27,7.59,7.00,28,9,22,40,2.44,2.25,32.14,3,0.81,33,0,16.67,0,0.00,99,1,0.25,0.27,61,99,78,94,0,0,0,0,0,66,76,90,87,0,99,96,62,62,0,0,63,4,0,0
Michael Simon Fitch,27,920016000,1999/02/26,USL League One,2026,Midfielder,Spokane Velocity,270,180,90,USA,3,2,1,1,0,1,1,1,0,0,0,1,1,0,5,1,4,0,0,0.67,0.33,0.33,0,1,270,1.67,54,90,0,270,0,-1,-1,-1,4,0,6.37,0.33,88,34.33,34.33,61,103,29.67,89,84,29.67,67,0.00,0.00,0.67,2,0.00,0.33,1.00,1.00,3,0.00,0.33,0.00,0.00,0.00,0.33,0.00,1.67,0.00,0.00,0.00,0.33,0.00,0.00,0.00,0.00,1.33,0.00,0.00,0,0,,0,0.00,29,0,0.00,58,0,0.00,38,0,0,3,52,0.00,99,0,1,0.33,47,1,60,0.33,39,0,0.00,99,0,0.00,0,0,0.00,0,0.67,55,1,0.33,31,0,0.00,0.00,0,0.00,0,0,0,0.00,0,5,0.00,28,1.67,62,N/A,N/A,N/A,N/A,0.00,0,0.00,0,0.00,0.00,0,86.41,0.00,58,99,0.00,0.00,0,46,46,0,0,0,0.00,0.00,0,65,19.10,5.00,5.00,15,1,0.00,0.33,2,0.33,0,0,0,0.00,0.00,0,0.00,0.00,0.00,0.00,0,0,0.00,78,92,90,97,36,0.86,87,0.29,0.29,0.00,29,0.00,0.00,49,3,1.00,1.00,1.00,1.00,45,3,0.00,29,20,92,96,0,80,63,0,0.00,99,4,0.00,1.33,5.33,5.33,16,10,36,20,3.33,3.33,62.50,1,0.33,56,0,0.00,0,0.00,99,0,0.00,0.00,60,94,78,61,0,0,0,0,0,88,83,99,87,0,99,66,62,62,0,0,63,4,0,0
Michel Poon-Angeron,24,987663600,2001/04/19,USL League One,2026,Midfielder,Portland Hearts of Pine,270,0,270,Trinidad and Tobago,3,0,3,0,0,0,0,0,0,0,0,1,0,1,2,0,2,1,0,0,0,0,0,0,0,0.67,135,90,270,0,0.33,-1,-1,-1,17,0,6.86,0,84,65.00,65.00,97,195,56.67,170,87,56.67,96,0.00,0.00,0.33,1,0.00,0.33,2.00,2.00,6,0.00,0.00,0.00,0.00,0.00,0.33,0.33,0.67,0.00,0.33,0.33,0.33,0.00,0.00,0.01,0.00,0.33,0.00,0.00,0,0,,1,0.33,33,0,0.00,58,1,0.33,45,0,0,3,80,0.00,99,0,1,0.33,47,1,60,0.33,39,0,0.00,99,0,0.00,0,0,0.00,0,0.33,39,1,0.33,31,1,0.33,100.00,0,0.00,0,0,0,0.00,0,2,0.00,75,0.67,15,N/A,N/A,N/A,N/A,0.00,0,0.00,0,0.04,0.00,0,87.18,0.00,58,99,0.00,0.00,0,55,99,0,0,0,1.00,1.00,3,96,20.59,0.33,0.33,1,0,0.00,0.00,99,0.00,0,0,0,0.00,0.00,0,0.00,0.00,0.00,0.00,0,0,0.00,78,92,90,76,83,0.36,69,0.12,0.12,0.04,32,0.01,0.01,69,5,1.67,1.67,2.00,2.00,78,6,0.01,32,72,18,96,0,80,26,0,0.00,99,1,0.00,0.33,7.67,7.67,23,13,54,42,4.33,4.33,56.52,0,0.00,99,0,0.00,0,0.00,99,0,0.00,0.00,60,94,78,61,0,0,0,0,0,66,76,90,87,0,99,66,96,73,1,33,86,8,0,0
Miguel Ángel Ibarra Andrade,36,637488000,1990/03/15,USL League One,2026,Midfielder,Alta,0,0,0,USA,0,0,0,0,0,0,0,0,0,0,0,0,0,0,0,0,0,0,0,0,0,0,0,0,0,0,0,0,0,0,0,-1,-1,-1,-1,N/A,N/A,N/A,N/A,N/A,N/A,N/A,N/A,N/A,N/A,N/A,N/A,N/A,N/A,N/A,N/A,N/A,N/A,N/A,N/A,N/A,N/A,N/A,N/A,N/A,N/A,N/A,N/A,N/A,N/A,N/A,N/A,N/A,N/A,N/A,N/A,N/A,N/A,N/A,N/A,N/A,N/A,N/A,N/A,N/A,N/A,N/A,N/A,N/A,N/A,N/A,N/A,N/A,N/A,N/A,N/A,N/A,N/A,N/A,N/A,N/A,N/A,N/A,N/A,N/A,N/A,N/A,N/A,N/A,N/A,N/A,N/A,N/A,N/A,N/A,N/A,N/A,N/A,N/A,N/A,N/A,N/A,N/A,N/A,N/A,N/A,N/A,N/A,N/A,N/A,N/A,N/A,N/A,N/A,N/A,N/A,N/A,N/A,N/A,N/A,N/A,N/A,N/A,N/A,N/A,N/A,N/A,N/A,N/A,N/A,N/A,N/A,N/A,N/A,N/A,N/A,N/A,N/A,N/A,N/A,N/A,N/A,N/A,N/A,N/A,N/A,N/A,N/A,N/A,N/A,N/A,N/A,N/A,N/A,N/A,N/A,N/A,N/A,N/A,N/A,N/A,N/A,N/A,N/A,N/A,N/A,N/A,N/A,N/A,N/A,N/A,N/A,N/A,N/A,N/A,N/A,N/A,N/A,N/A,N/A,N/A,N/A,N/A,N/A,N/A,N/A,N/A,N/A,N/A,N/A,N/A,N/A,N/A,N/A,N/A,N/A,N/A,N/A,N/A,N/A,N/A,N/A,N/A,N/A,N/A,N/A,N/A,N/A,N/A,N/A,N/A,N/A,N/A,N/A,N/A,N/A,N/A,N/A,N/A,N/A,N/A,N/A,N/A,N/A,N/A,N/A,N/A,N/A,N/A,N/A,N/A,N/A,N/A,N/A,N/A,N/A,N/A,N/A,N/A,N/A,N/A,N/A,N/A,N/A
Miguel Ángel Pajaro Julio,25,967273200,2000/08/26,USL League One,2026,Defender,Alta,240,240,0,Colombia,3,3,0,0,0,0,0,0,0,0,0,1,1,0,3,3,0,2,1,0,0,0,0,0,0,1.13,80,80,80,0,1.13,-1,-1,-1,4,0,6.67,0,84,73.88,65.67,98,197,60.00,180,97,67.50,99,0.00,0.00,0.33,1,0.00,0.33,1.50,1.33,4,0.00,0.00,0.00,0.00,0.00,0.33,0.33,1.00,0.00,1.50,1.00,0.67,0.00,0.33,0.08,0.00,1.33,0.00,0.00,0,0,,4,1.33,71,1,0.38,65,3,1.12,76,0,0,3,68,0.00,99,0,1,0.38,51,1,99,0.38,41,0,0.00,99,0,0.00,0,0,0.00,0,0.38,41,2,0.75,44,1,0.38,50.00,0,0.00,0,0,0,0.00,0,3,0.00,48,1.12,39,N/A,N/A,N/A,N/A,0.00,0,0.00,0,0.24,0.00,0,91.37,25.00,64,99,0.00,0.00,0,59,78,0,0,0,0.33,0.38,1,71,20.00,3.00,3.38,9,0,0.00,0.00,99,0.00,0,0,0,0.00,0.00,0,0.00,0.00,0.38,0.33,1,0,0.00,78,66,90,76,56,0.43,81,0.14,0.16,0.24,62,0.08,0.09,26,1,0.33,0.38,1.88,1.67,72,5,0.09,62,52,80,96,0,85,69,0,0.00,99,4,0.00,1.50,8.25,7.33,22,10,42,46,3.75,3.33,45.45,0,0.00,99,0,100.00,0,0.00,99,1,0.33,0.38,67,94,78,61,0,0,0,0,0,66,76,90,87,0,99,66,63,99,1,33,86,4,0,0
Mikey Lopez,33,730195200,1993/02/20,USL League One,2026,Midfielder,Portland Hearts of Pine,58,0,58,USA,1,0,1,0,0,0,0,0,0,0,0,1,0,1,0,0,0,2,1,0,0,0,0,0,0,0,0,58,29,0,3.1,-1,-1,-1,5,0,5.39,0,84,48.10,31.00,83,31,27.00,27,86,41.90,85,0.00,0.00,0.00,0,0.00,0.00,0.00,0.00,0,0.00,0.00,0.00,0.00,0.00,0.00,0.00,0.00,0.00,0.00,0.00,1.00,0.00,0.00,0.00,0.00,0.00,0.00,0.00,0,0,,0,0.00,29,0,0.00,58,0,0.00,38,0,0,1,25,0.00,99,0,0,0.00,44,0,60,0.00,36,0,0.00,99,0,0.00,0,0,0.00,0,0.00,36,1,1.55,68,0,0.00,0.00,0,0.00,0,0,0,0.00,0,0,0.00,99,0.00,0,N/A,N/A,N/A,N/A,0.00,0,0.00,0,0.00,0.00,0,87.10,0.00,58,99,0.00,0.00,0,46,46,0,0,0,0.00,0.00,0,65,5.39,0.00,0.00,0,0,0.00,0.00,99,0.00,0,0,0,0.00,0.00,0,0.00,0.00,0.00,0.00,0,0,0.00,78,0,9,76,8,0.05,50,0.05,0.08,0.00,29,0.00,0.00,18,0,0.00,0.00,7.76,5.00,99,5,0.00,29,9,16,96,0,80,21,0,0.00,99,0,0.00,0.00,9.31,6.00,6,0,1,60,0.00,0.00,0.00,0,0.00,99,0,0.00,0,0.00,99,0,0.00,0.00,60,24,78,61,0,0,0,0,0,66,76,90,87,0,99,99,62,99,1,100,99,5,0,0
Mikkel Vittarp Gøling,24,1008748800,2001/12/19,USL League One,2026,Forward,One Knoxville,337,270,67,Denmark,4,3,1,0,0,0,0,0,0,0,0,2,2,0,3,2,1,1,0,0,0,0,0,0,0,0.8,112,84,337,0,0.27,17,17,-1,13,0,7.07,0,84,24.04,22.50,34,90,17.75,71,48,18.96,39,0.00,0.00,2.00,8,0.00,0.50,0.80,0.75,3,0.00,0.25,0.00,0.00,0.00,0.75,1.00,0.75,0.00,1.60,0.50,1.50,0.00,1.00,0.14,0.00,2.25,0.00,0.00,0,0,,6,1.50,73,4,1.07,86,2,0.53,56,1,0,4,44,0.00,99,0,3,0.80,72,2,90,0.53,47,0,0.00,99,0,0.00,0,0,0.00,0,2.14,91,6,1.60,69,4,1.07,66.67,0,0.00,0,0,0,0.00,0,3,0.00,68,0.80,20,N/A,N/A,N/A,N/A,0.00,0,0.00,0,0.58,0.00,0,78.89,66.67,88,99,0.00,0.00,0,85,85,0,0,0,0.00,0.00,0,65,28.27,1.75,1.87,7,0,0.00,0.00,99,0.00,0,0,0,0.00,0.00,0,0.00,0.00,0.27,0.25,1,0,0.00,78,95,99,76,76,0.54,76,0.14,0.14,0.58,71,0.14,0.15,67,6,1.50,1.60,2.14,2.00,81,8,0.15,70,87,62,96,0,80,82,0,0.00,99,9,0.00,2.40,12.55,11.75,47,22,76,82,5.88,5.50,46.81,1,0.27,57,0,50.00,0,0.00,99,1,0.25,0.27,61,99,78,94,0,0,0,0,0,66,76,90,87,0,99,96,97,66,1,25,68,17,0,0
Miles Lyons,23,1034060400,2002/10/08,USL League One,2026,Defender,Charlotte Independence,0,0,0,USA,1,1,0,1,1,0,0,0,0,0,0,1,1,0,0,0,0,0,0,0,0,0,0,0,0,0,0,0,0,0,0,-1,-1,-1,-1,0,6.92,0,84,10.59,1.00,3,2,0.50,1,4,5.29,1,0.00,0.00,0.00,0,0.00,1.00,5.29,0.50,1,0.00,0.00,0.00,0.00,0.00,0.00,0.00,0.00,1.00,5.29,0.00,0.00,0.00,0.50,0.38,0.00,0.00,0.00,0.00,0,0,,1,0.50,99,1,5.29,99,0,0.00,38,1,1,0,99,0.00,99,0,0,0.00,44,2,60,10.59,99,0,0.00,99,0,0.00,0,0,0.00,0,0.00,36,0,0.00,27,0,0.00,0.00,0,0.00,0,0,0,0.00,0,0,0.00,99,0.00,0,N/A,N/A,N/A,N/A,0.00,0,0.00,0,0.76,0.00,0,50.00,100.00,99,99,0.00,0.00,0,46,46,0,0,0,0.00,0.00,0,65,13.85,0.00,0.00,0,0,0.00,0.00,99,0.00,0,0,0,0.00,0.00,0,0.00,0.00,0.00,0.00,0,0,100.00,99,0,9,76,8,0.00,0,0.00,0.00,0.76,99,0.38,4.02,99,1,0.50,5.29,0.00,0.00,17,0,4.02,99,76,16,96,0,80,21,0,0.00,99,0,0.00,0.00,10.59,1.00,2,2,99,70,10.59,1.00,100.00,0,0.00,99,0,0.00,0,0.00,99,0,0.00,0.00,60,3,93,94,0,0,0,0,0,66,76,90,87,0,99,99,62,62,0,0,63,16,0,0
Mohamed Mohamed,23,1031641200,2002/09/10,USL League One,2026,Midfielder,Portland Hearts of Pine,180,0,180,USA,2,0,2,0,0,0,0,0,0,0,0,1,0,1,1,0,1,0,0,0,0,0,0,0,0,0.5,180,90,0,0,0,-1,-1,-1,11,0,6.91,0,84,15.50,15.50,9,31,13.50,27,86,13.50,19,0.00,0.00,0.50,1,0.00,1.00,3.00,3.00,6,0.00,0.00,0.00,0.00,0.00,0.50,0.50,0.50,0.00,0.00,0.00,1.00,0.00,0.00,0.00,0.00,1.50,0.00,0.00,0,0,,0,0.00,29,0,0.00,58,0,0.00,38,0,0,2,95,0.00,99,0,1,0.50,57,2,90,1.00,60,0,0.00,99,0,0.00,0,0,0.00,0,0.50,45,2,1.00,54,1,0.50,50.00,0,0.00,0,0,0,0.00,0,1,0.00,90,0.50,6,N/A,N/A,N/A,N/A,0.00,0,0.00,0,0.00,0.00,0,87.10,0.00,58,99,0.00,0.00,0,65,78,0,0,0,1.00,1.00,2,96,13.82,3.50,3.50,7,0,0.00,0.00,99,0.00,0,0,0,0.00,0.00,0,0.00,0.00,0.00,0.00,0,0,0.00,78,55,45,76,98,0.11,38,0.06,0.06,0.00,29,0.00,0.00,49,2,1.00,1.00,1.00,1.00,45,2,0.00,29,74,81,96,0,80,69,0,0.00,99,3,0.00,1.50,7.50,7.50,15,12,77,39,6.00,6.00,80.00,0,0.00,99,0,50.00,0,0.00,99,1,0.50,0.50,72,59,78,61,0,0,0,0,0,66,76,90,87,0,99,96,62,62,0,0,63,6,0,0
Moussa Ndiaye,25,978681600,2001/01/05,USL League One,2026,Midfielder,Athletic Club Boise,180,0,180,Senegal,2,0,2,0,0,0,0,0,0,0,0,1,0,1,3,0,3,1,0,0,0,0,0,0,0,1.5,60,90,180,0,0.5,-1,-1,-1,5,0,6.73,0,84,60.00,60.00,93,120,50.50,101,70,50.50,92,0.00,0.00,0.50,1,0.00,0.00,1.50,1.50,3,0.00,0.00,0.00,0.00,0.00,1.50,0.00,1.50,0.00,1.00,1.00,0.00,0.00,0.00,0.04,0.00,0.50,0.00,0.00,0,0,,2,1.00,60,0,0.00,58,2,1.00,71,0,0,2,68,0.00,99,0,3,1.50,90,0,60,0.00,36,0,0.00,99,0,0.00,0,0,0.00,0,0.50,45,0,0.00,27,0,0.00,0.00,0,0.00,0,0,0,0.00,0,3,0.00,38,1.50,55,N/A,N/A,N/A,N/A,0.00,0,0.00,0,0.09,0.00,0,84.17,0.00,58,99,0.00,0.00,0,46,46,0,0,0,0.50,0.50,1,79,13.46,1.00,1.00,2,0,0.00,0.00,99,0.00,0,0,0,0.00,0.00,0,0.00,0.00,0.50,0.50,1,0,0.00,78,55,45,76,46,0.25,69,0.12,0.12,0.09,46,0.04,0.04,18,0,0.00,0.00,2.00,2.00,78,4,0.04,46,58,43,96,0,89,35,0,0.00,99,1,0.00,0.50,4.00,4.00,8,3,13,15,1.50,1.50,37.50,0,0.00,99,0,0.00,0,0.00,99,0,0.00,0.00,60,59,78,61,0,0,0,0,0,66,76,90,87,0,99,96,80,86,1,50,95,5,0,0
Mujeeb Murana,26,951292800,2000/02/23,USL League One,2026,Midfielder,Richmond Kickers,270,90,180,USA,3,1,2,0,0,0,0,0,0,0,0,0,0,0,3,1,2,1,0,0,0,0,0,0,0,1,90,90,270,0,0.33,-1,-1,-1,11,0,6.52,0,84,17.33,17.33,15,52,11.00,33,13,11.00,12,0.00,0.00,0.67,2,0.00,2.00,1.33,1.33,4,0.00,0.67,0.00,0.00,0.00,0.00,1.00,1.00,0.00,0.67,0.33,1.67,0.00,0.33,0.05,0.00,2.00,0.00,0.00,0,0,,2,0.67,47,1,0.33,62,1,0.33,45,0,0,3,61,0.00,99,0,0,0.00,44,6,80,2.00,72,0,0.00,99,0,0.00,0,0,0.00,0,0.67,55,5,1.67,73,3,1.00,60.00,0,0.00,0,0,0,0.00,0,3,0.00,63,1.00,33,N/A,N/A,N/A,N/A,0.00,0,0.00,0,0.15,0.00,0,63.46,50.00,84,99,0.00,0.00,0,82,80,0,0,0,0.00,0.00,0,65,19.55,1.67,1.67,5,0,0.00,0.00,99,0.00,0,0,0,0.00,0.00,0,0.00,0.00,0.00,0.00,0,0,0.00,78,92,90,76,71,0.15,31,0.05,0.05,0.15,49,0.05,0.05,69,5,1.67,1.67,1.67,1.67,68,5,0.05,49,35,62,96,0,80,77,0,0.00,99,6,0.00,2.00,10.67,10.67,32,17,73,71,5.67,5.67,53.12,2,0.67,41,0,33.33,0,0.00,99,2,0.67,0.67,78,94,78,61,0,0,0,0,0,66,76,90,87,0,99,40,96,73,1,33,86,26,0,0
Neco Jeborie Brett,34,701251200,1992/03/22,USL League One,2026,Midfielder,Spokane Velocity,248,171,77,Jamaica,3,2,1,1,1,0,0,0,0,0,0,1,1,0,4,1,3,0,0,0.36,0,0.36,0.53,0,248,1.45,62,83,0,0,0,-1,-1,-1,2,0,7.12,0,84,13.06,12.00,5,36,9.00,27,36,9.80,9,0.00,0.00,0.67,2,0.00,1.00,0.73,0.67,2,0.00,0.33,0.00,0.00,0.00,0.00,0.33,1.33,8.00,2.90,1.33,0.33,0.00,1.33,0.42,0.00,0.67,0.00,0.00,0,0,,8,2.67,92,4,1.45,94,4,1.45,84,1,0,3,42,0.00,99,0,0,0.00,44,3,92,1.09,61,0,0.00,99,0,0.00,0,0,0.00,0,0.73,57,1,0.36,33,1,0.36,100.00,0,0.00,0,0,0,0.00,0,4,0.00,40,1.45,49,N/A,N/A,N/A,N/A,0.00,0,0.00,0,1.26,0.00,0,75.00,50.00,84,99,0.00,0.00,0,57,99,0,0,0,0.00,0.00,0,65,21.37,0.33,0.36,1,0,0.00,0.00,99,0.00,0,0,0,0.00,0.00,0,0.00,0.00,0.00,0.00,0,1,12.50,80,68,90,92,48,0.16,38,0.05,0.06,1.26,90,0.42,0.46,78,6,2.00,2.18,1.09,1.00,48,3,0.46,89,91,19,96,0,80,44,0,0.00,99,2,0.00,0.73,7.98,7.33,22,11,45,43,3.99,3.67,50.00,1,0.36,53,0,66.67,0,0.00,99,2,0.67,0.73,81,94,78,94,0,0,0,0,0,76,86,90,94,0,99,66,62,62,0,0,63,9,0,0
Nestor Cabrera,22,1068624000,2003/11/12,USL League One,2026,Midfielder,NY Cosmos,35,8,27,USA,3,1,2,0,0,0,0,0,0,0,0,1,1,0,0,0,0,0,0,0,0,0,0,0,0,0,0,12,0,0,0,-1,-1,-1,10,0,4.84,0,84,38.57,3.75,69,15,2.50,10,18,25.71,58,0.00,0.00,0.00,0,0.00,0.25,7.71,0.75,3,0.00,0.00,0.00,0.00,0.00,0.00,0.00,0.00,0.00,0.00,0.00,0.25,0.00,0.00,0.00,0.00,0.00,0.00,0.00,0,0,,0,0.00,29,0,0.00,58,0,0.00,38,0,3,0,99,0.00,99,0,0,0.00,44,1,60,2.57,78,0,0.00,99,0,0.00,0,0,0.00,0,0.00,36,1,2.57,87,0,0.00,0.00,0,0.00,0,0,0,0.00,0,0,0.00,99,0.00,0,N/A,N/A,N/A,N/A,0.00,0,0.00,0,0.00,0.00,0,66.67,0.00,58,99,0.00,0.00,0,46,46,0,0,0,0.00,0.00,0,65,19.38,0.00,0.00,0,0,0.00,0.00,99,0.00,0,0,0,0.00,0.00,0,0.00,0.00,0.00,0.00,0,0,0.00,78,0,90,76,8,0.02,31,0.01,0.05,0.00,29,0.00,0.00,98,2,0.50,5.14,7.71,0.75,99,3,0.00,29,6,16,96,0,80,21,0,0.00,99,0,0.00,0.00,25.71,2.50,10,5,99,99,12.86,1.25,50.00,0,0.00,99,0,0.00,0,0.00,99,0,0.00,0.00,60,3,99,61,0,0,0,0,0,66,76,90,87,0,99,66,62,62,0,0,63,5,0,0
Nicholas Mendonca,24,1004688000,2001/11/02,USL League One,2026,Midfielder,NY Cosmos,90,90,0,USA,2,2,0,1,0,1,0,0,0,0,0,1,1,0,0,0,0,1,0,1,0,1,0,0,90,0,0,45,90,0,1,-1,-1,-1,5,0,5.19,0,84,32.97,9.25,59,37,7.50,30,58,26.73,60,0.00,0.00,0.25,1,0.00,0.00,1.78,0.50,2,0.00,0.25,0.00,0.00,0.00,0.25,0.25,0.00,2.00,1.78,0.25,0.25,0.00,0.25,0.19,0.00,0.75,0.00,0.00,0,0,,2,0.50,78,1,0.89,81,1,0.89,67,0,1,1,77,0.00,99,0,1,0.89,76,0,60,0.00,36,0,0.00,99,0,0.00,0,0,0.00,0,0.89,61,1,0.89,48,1,0.89,100.00,0,0.00,0,0,0,0.00,0,0,0.00,99,0.00,0,N/A,N/A,N/A,N/A,0.00,0,0.00,0,0.75,0.00,0,81.08,50.00,84,99,0.00,0.00,0,77,99,0,0,0,0.25,0.89,1,93,20.77,0.25,0.89,1,0,0.00,0.00,99,0.00,0,0,1,0.25,0.89,0,0.00,0.00,0.00,0.00,0,0,50.00,99,12,45,81,8,0.09,50,0.02,0.08,0.75,95,0.19,0.67,18,0,0.00,0.00,1.78,0.50,69,2,0.67,95,8,37,99,0,80,85,0,0.00,99,3,0.00,2.67,8.91,2.50,10,6,69,57,5.35,1.50,60.00,1,0.89,30,0,0.00,0,0.00,99,0,0.00,0.00,60,24,93,61,0,0,0,0,0,97,98,90,87,0,99,96,66,98,1,50,95,20,0,0
Nicholas Relerford,22,1078214400,2004/03/02,USL League One,2026,Midfielder,Alta,223,223,0,USA,3,3,0,0,0,0,0,0,0,0,0,1,1,0,3,3,0,1,0,0,0,0,0,0,0,1.21,74,74,223,0,0.4,-1,-1,-1,7,0,6.13,0,84,27.85,23.00,45,69,19.67,59,79,23.81,53,0.00,0.00,0.00,0,0.00,0.33,1.61,1.33,4,0.00,0.33,0.00,0.00,0.00,0.33,0.00,1.00,0.00,0.81,0.67,1.67,0.00,0.00,0.03,0.00,2.67,0.00,0.00,0,0,,2,0.67,52,0,0.00,58,2,0.81,65,1,0,3,69,0.00,99,0,1,0.40,53,1,60,0.40,42,0,0.00,99,0,0.00,0,0,0.00,0,0.00,36,5,2.02,81,0,0.00,0.00,0,0.00,0,0,0,0.00,0,3,0.00,46,1.21,41,N/A,N/A,N/A,N/A,0.00,0,0.00,0,0.09,0.00,0,85.51,0.00,58,99,0.00,0.00,0,46,46,0,0,0,0.00,0.00,0,65,18.40,2.67,3.23,8,0,0.00,0.00,99,0.00,0,0,0,0.00,0.00,0,0.00,0.00,0.40,0.33,1,0,0.00,78,60,90,76,53,0.11,23,0.04,0.04,0.09,46,0.03,0.04,56,3,1.00,1.21,2.42,2.00,85,6,0.04,46,11,79,96,0,86,90,0,0.00,99,8,0.00,3.23,12.91,10.67,32,15,78,83,6.05,5.00,46.88,1,0.40,52,0,0.00,0,0.00,99,0,0.00,0.00,60,94,78,94,0,0,0,0,0,66,76,90,87,0,99,66,82,80,1,33,86,12,0,0
Nicholas Spielman,29,838969200,1996/08/02,USL League One,2026,Midfielder,Spokane Velocity,270,180,90,USA,3,2,1,0,0,0,0,0,0,0,0,1,1,0,5,1,4,1,0,0,0,0,0,0,0,1.67,54,90,270,0,0.33,-1,-1,-1,5,0,6.49,0,84,46.00,46.00,81,138,38.67,116,67,38.67,81,0.00,0.00,0.33,1,0.00,0.00,1.67,1.67,5,0.00,0.00,0.00,0.00,0.00,1.00,0.00,1.67,0.00,0.00,0.00,0.00,0.00,0.00,0.00,0.00,2.67,0.00,0.00,0,0,,0,0.00,29,0,0.00,58,0,0.00,38,0,0,3,73,0.00,99,0,3,1.00,81,0,60,0.00,36,0,0.00,99,0,0.00,0,0,0.00,0,0.33,39,0,0.00,27,0,0.00,0.00,0,0.00,0,0,0,0.00,0,5,0.00,28,1.67,62,N/A,N/A,N/A,N/A,0.00,0,0.00,0,0.00,0.00,0,84.06,0.00,58,99,0.00,0.00,0,46,46,0,0,0,0.67,0.67,2,87,19.47,3.67,3.67,11,0,0.00,0.00,99,0.00,0,0,0,0.00,0.00,0,0.00,0.00,0.00,0.00,0,0,0.00,78,92,90,76,36,0.26,57,0.09,0.09,0.00,29,0.00,0.00,23,1,0.33,0.33,0.67,0.67,33,2,0.00,29,30,82,96,0,80,85,0,0.00,99,8,0.00,2.67,7.00,7.00,21,14,61,36,4.67,4.67,66.67,0,0.00,99,0,0.00,0,0.00,99,0,0.00,0.00,60,94,78,61,0,0,0,0,0,66,76,90,87,0,99,66,96,73,1,33,86,3,0,0
Nick Moon,29,833526000,1996/05/31,USL League One,2026,Defender,Athletic Club Boise,161,0,161,USA,2,0,2,0,0,0,0,0,0,0,0,1,0,1,3,0,3,0,0,0,0,0,0,0,0,1.68,54,81,0,0,0,-1,-1,-1,8,0,6.45,0,84,15.65,14.00,10,28,10.00,20,29,11.18,13,0.00,0.00,0.50,1,0.00,0.50,1.68,1.50,3,0.00,0.50,0.00,0.00,0.00,0.00,3.00,1.50,0.00,0.00,0.00,6.00,0.00,0.00,0.00,0.00,0.50,0.00,0.00,0,0,,0,0.00,29,0,0.00,58,0,0.00,38,1,0,2,73,0.00,99,0,0,0.00,44,1,60,0.56,49,0,0.00,99,0,0.00,0,0,0.00,0,0.56,48,12,6.71,99,6,3.35,50.00,0,0.00,0,0,0,0.00,0,3,0.00,26,1.68,63,N/A,N/A,N/A,N/A,0.00,0,0.00,0,0.00,0.00,0,71.43,0.00,58,99,0.00,0.00,0,99,78,0,0,0,0.50,0.56,1,83,12.90,1.00,1.12,2,0,0.00,0.00,99,0.00,0,0,0,0.00,0.00,0,0.00,0.00,0.56,0.50,1,0,0.00,78,32,45,76,36,0.09,31,0.04,0.05,0.00,29,0.00,0.00,54,2,1.00,1.12,1.12,1.00,49,2,0.00,29,28,45,96,0,90,38,0,0.00,99,1,0.00,0.56,12.30,11.00,22,12,87,79,6.71,6.00,54.55,1,0.56,46,0,0.00,0,0.00,99,0,0.00,0.00,60,59,78,94,0,0,0,0,0,66,76,90,87,0,99,96,62,62,0,0,63,14,0,0
Nil Vinyals,29,843289200,1996/09/21,USL League One,2026,Midfielder,Spokane Velocity,205,159,46,Spain,3,2,1,0,0,0,0,0,0,0,0,1,1,0,4,1,3,0,0,0,0,0,0,0,0,1.76,51,68,0,0,0,-1,-1,-1,15,0,6.68,0,84,38.20,29.00,68,87,25.00,75,82,32.93,73,0.00,0.00,0.33,1,0.00,2.67,1.76,1.33,4,0.00,0.33,0.00,0.00,0.00,0.33,0.00,1.33,0.00,1.32,1.00,0.33,0.00,0.00,0.05,0.00,0.67,0.00,0.00,0,0,,3,1.00,67,0,0.00,58,3,1.32,79,1,0,3,76,0.00,99,0,1,0.44,54,8,63,3.51,84,0,0.00,99,0,0.00,0,0,0.00,0,0.44,42,1,0.44,35,0,0.00,0.00,0,0.00,0,0,0,0.00,0,4,0.00,24,1.76,66,N/A,N/A,N/A,N/A,0.00,0,0.00,0,0.14,0.00,0,86.21,0.00,58,99,0.00,0.00,0,46,46,0,0,0,0.33,0.44,1,73,20.05,0.00,0.00,0,0,0.00,0.00,99,0.00,0,0,0,0.00,0.00,0,0.00,0.00,0.00,0.00,0,0,0.00,78,58,90,76,32,0.18,50,0.06,0.08,0.14,52,0.05,0.06,70,4,1.33,1.76,1.32,1.00,53,3,0.06,51,53,16,96,0,80,46,0,0.00,99,2,0.00,0.88,6.59,5.00,15,10,56,32,4.39,3.33,66.67,1,0.44,50,0,12.50,0,0.00,99,1,0.33,0.44,69,94,78,94,0,0,0,0,0,66,76,90,87,0,99,66,62,62,0,0,63,8,0,0
Noah Powder,27,909475200,1998/10/27,USL League One,2026,Defender,Westchester SC,180,180,0,Trinidad and Tobago,2,2,0,0,0,0,0,0,0,0,0,0,0,0,3,3,0,0,0,0,0,0,0,0,0,1.5,60,90,0,0,0,-1,-1,-1,6,0,6.71,0,84,27.50,27.50,45,55,23.50,47,78,23.50,53,0.00,0.00,0.50,1,0.00,1.00,2.50,2.50,5,0.00,0.00,0.00,0.00,0.00,2.00,0.50,2.00,0.00,0.50,0.50,1.00,0.00,0.00,0.03,0.00,1.00,0.00,0.00,0,0,,1,0.50,40,0,0.00,58,1,0.50,54,0,0,2,89,0.00,99,0,4,2.00,96,2,90,1.00,60,0,0.00,99,0,0.00,0,0,0.00,0,0.50,45,2,1.00,54,1,0.50,50.00,0,0.00,0,0,0,0.00,0,4,0.00,38,2.00,76,N/A,N/A,N/A,N/A,0.00,0,0.00,0,0.06,0.00,0,85.45,0.00,58,99,0.00,0.00,0,65,78,0,0,0,0.00,0.00,0,65,13.43,2.00,2.00,4,0,0.00,0.00,99,0.00,0,0,0,0.00,0.00,0,0.00,0.00,0.00,0.00,0,0,0.00,78,55,45,76,46,0.12,38,0.06,0.06,0.06,41,0.03,0.03,18,0,0.00,0.00,0.50,0.50,25,1,0.03,41,57,66,96,0,80,52,0,0.00,99,2,0.00,1.00,5.50,5.50,11,8,48,22,4.00,4.00,72.73,0,0.00,99,0,50.00,0,0.00,99,1,0.50,0.50,72,59,78,61,0,0,0,0,0,66,76,90,87,0,99,40,62,62,0,0,63,66,0,0
Ollie Wright,27,920275200,1999/03/01,USL League One,2026,Midfielder,Portland Hearts of Pine,154,0,154,England,2,0,2,0,0,0,1,0,1,0,0,1,0,1,1,0,1,0,0,0.58,0.58,0,0,0,0,0.58,154,77,0,154,0,-1,-1,-1,16,0,6.67,0.5,95,43.83,37.50,78,75,32.50,65,85,37.99,79,0.00,0.00,0.50,1,0.00,1.00,0.58,0.50,1,0.00,2.00,0.00,0.00,0.00,1.00,1.50,0.50,0.00,0.58,0.00,3.00,0.00,0.50,0.06,0.00,0.00,0.00,0.00,0,0,,1,0.50,44,1,0.58,72,0,0.00,38,2,0,2,36,0.00,99,0,2,1.17,85,2,60,1.17,62,0,0.00,99,0,0.00,0,0,0.00,0,0.58,50,6,3.51,94,3,1.75,50.00,0,0.00,0,0,0,0.00,0,1,0.00,78,0.58,12,N/A,N/A,N/A,N/A,0.00,0,0.00,0,0.12,0.00,0,86.67,100.00,99,99,0.00,0.00,0,97,78,0,0,0,0.00,0.00,0,65,13.33,0.00,0.00,0,0,0.00,0.00,99,0.00,0,0,0,0.00,0.00,0,0.00,0.00,0.00,0.00,0,0,0.00,78,30,45,76,86,0.76,95,0.38,0.44,0.12,57,0.06,0.07,34,1,0.50,0.58,0.00,0.00,17,0,0.07,57,52,16,96,0,80,21,0,0.00,99,0,0.00,0.00,7.60,6.50,13,5,30,41,2.92,2.50,38.46,4,2.34,5,0,0.00,0,0.00,99,0,0.00,0.00,60,59,78,99,0,0,0,0,0,85,76,90,87,0,99,96,62,62,0,0,63,10,0,0
Oluwatobilba Adewole,30,813654000,1995/10/14,USL League One,2026,Defender,Chattanooga Red Wolves,105,0,105,USA,2,0,2,1,0,1,0,0,0,0,0,0,0,0,2,0,2,0,0,0.86,0,0.86,0,0.86,105,1.71,53,53,0,0,0,-1,-1,-1,3,0,6.92,0,84,13.71,8.00,6,16,5.50,11,21,9.43,8,0.00,0.00,0.00,0,0.00,0.00,0.00,0.00,0,0.00,0.00,0.00,0.00,0.00,0.50,0.00,1.00,2.00,1.71,0.00,0.00,0.00,1.00,0.43,0.00,1.00,0.00,0.00,0,0,,2,1.00,77,2,1.71,97,0,0.00,38,0,1,1,25,0.00,99,0,1,0.86,75,0,60,0.00,36,0,0.00,99,0,0.00,0,0,0.00,0,0.00,36,0,0.00,27,0,0.00,0.00,0,0.00,0,0,0,0.00,0,2,0.00,26,1.71,64,N/A,N/A,N/A,N/A,0.00,0,0.00,0,0.86,0.00,0,68.75,100.00,99,99,0.00,0.00,0,46,46,0,0,0,0.50,0.86,1,93,13.85,2.50,4.29,5,0,0.00,0.00,99,0.00,0,0,0,0.00,0.00,0,0.00,0.00,0.00,0.00,0,0,50.00,99,14,45,82,34,0.03,12,0.01,0.03,0.86,97,0.43,0.74,18,0,0.00,0.00,0.86,0.50,39,1,0.74,97,76,88,96,0,80,72,0,0.00,99,2,0.00,1.71,5.14,3.00,6,2,14,19,1.71,1.00,33.33,0,0.00,99,0,0.00,0,0.00,99,0,0.00,0.00,60,24,93,61,0,0,0,0,0,92,95,95,87,0,99,40,62,62,0,0,63,2,0,0
Omar Gómez,25,965804400,2000/08/09,USL League One,2026,Midfielder,Chattanooga Red Wolves,163,0,163,USA,2,0,2,0,0,0,0,0,0,0,0,0,0,0,3,0,3,1,0,0,0,0,0,0,0,1.66,54,82,163,0,0.55,-1,-1,-1,8,0,6.69,0,84,22.09,20.00,27,40,17.00,34,75,18.77,38,0.00,0.00,0.00,0,0.00,1.50,2.21,2.00,4,0.00,0.00,0.00,0.00,0.00,1.50,0.00,1.50,0.00,0.00,0.00,0.00,0.00,0.00,0.00,0.00,1.00,0.00,0.00,0,0,,0,0.00,29,0,0.00,58,0,0.00,38,1,0,2,82,0.00,99,0,3,1.66,91,3,60,1.66,68,0,0.00,99,0,0.00,0,0,0.00,0,0.00,36,0,0.00,27,0,0.00,0.00,0,0.00,0,0,0,0.00,0,3,0.00,28,1.66,61,N/A,N/A,N/A,N/A,0.00,0,0.00,0,0.00,0.00,0,85.00,0.00,58,99,0.00,0.00,0,46,46,0,0,0,0.50,0.55,1,82,13.38,0.50,0.55,1,0,0.00,0.00,99,0.00,0,0,0,0.00,0.00,0,0.00,0.00,0.00,0.00,0,0,0.00,78,33,45,76,36,0.06,12,0.03,0.03,0.00,29,0.00,0.00,33,1,0.50,0.55,2.21,2.00,82,4,0.00,29,54,26,96,0,80,56,0,0.00,99,2,0.00,1.10,7.18,6.50,13,7,43,37,3.87,3.50,53.85,0,0.00,99,0,0.00,0,0.00,99,0,0.00,0.00,60,59,78,94,0,0,0,0,0,66,76,90,87,0,99,40,74,88,1,50,95,17,0,0
Omar Hernandez,24,988959600,2001/05/04,USL League One,2026,Midfielder,Chattanooga Red Wolves,152,0,152,USA,2,0,2,2,0,2,2,0,2,0,0,0,0,0,3,0,3,0,0,2.37,1.18,1.18,0,1.18,76,1.78,51,76,0,76,0,-1,-1,-1,1,0,8.36,1,99,20.13,17.00,22,34,13.00,26,41,15.39,29,0.00,0.00,3.00,6,0.00,9.00,1.18,1.00,2,0.00,1.00,0.00,0.00,0.00,1.50,0.50,1.50,3.00,3.55,1.50,0.50,0.00,1.50,0.83,0.00,0.50,0.00,0.00,0,0,,6,3.00,95,3,1.78,98,3,1.78,91,1,0,2,58,0.00,99,0,3,1.78,93,18,83,10.66,99,0,0.00,99,0,0.00,0,0,0.00,0,3.55,99,1,0.59,40,1,0.59,100.00,0,0.00,0,0,0,0.00,0,3,0.00,24,1.78,67,N/A,N/A,N/A,N/A,0.00,0,0.00,0,1.67,0.00,0,76.47,50.00,84,99,0.00,0.00,0,70,99,0,0,0,0.00,0.00,0,65,16.71,0.00,0.00,0,0,0.00,0.00,99,0.00,0,0,0,0.00,0.00,0,0.00,0.00,0.00,0.00,0,0,33.33,93,27,45,78,32,1.38,99,0.69,0.82,1.67,99,0.83,0.99,35,1,0.50,0.59,0.59,0.50,28,1,0.99,99,99,16,96,0,80,39,0,0.00,99,1,0.00,0.59,5.92,5.00,10,5,30,24,2.96,2.50,50.00,2,1.18,18,0,44.44,0,0.00,99,8,4.00,4.74,99,59,78,94,0,0,0,0,0,99,99,99,87,0,99,40,62,62,0,0,63,7,0,0
Omar Yehya,25,969346800,2000/09/19,USL League One,2026,Midfielder,Athletic Club Boise,114,0,114,USA,2,0,2,0,0,0,0,0,0,0,0,1,0,1,3,0,3,0,0,0,0,0,0,0,0,2.37,38,57,0,0,0,-1,-1,-1,13,0,6.40,0,84,5.53,3.50,0,7,2.00,4,8,3.16,1,0.00,0.00,1.00,2,0.00,1.50,0.79,0.50,1,0.00,0.50,0.00,0.00,0.00,0.00,0.00,1.50,0.00,0.00,0.00,1.00,0.00,0.00,0.00,0.00,0.00,0.00,0.00,0,0,,0,0.00,29,0,0.00,58,0,0.00,38,0,1,1,44,0.00,99,0,0,0.00,44,3,80,2.37,77,0,0.00,99,0,0.00,0,0,0.00,0,1.58,81,2,1.58,69,0,0.00,0.00,0,0.00,0,0,0,0.00,0,3,0.00,5,2.37,84,N/A,N/A,N/A,N/A,0.00,0,0.00,0,0.00,0.00,0,57.14,0.00,58,99,0.00,0.00,0,46,46,0,0,0,0.00,0.00,0,65,12.81,0.50,0.79,1,0,0.00,0.00,99,0.00,0,0,0,0.00,0.00,0,0.00,0.00,0.00,0.00,0,0,0.00,78,17,45,76,14,0.10,50,0.05,0.08,0.00,29,0.00,0.00,67,2,1.00,1.58,1.58,1.00,65,2,0.00,29,24,35,96,0,80,21,0,0.00,99,0,0.00,0.00,8.68,5.50,11,3,22,53,2.37,1.50,27.27,1,0.79,33,0,33.33,0,0.00,99,1,0.50,0.79,83,24,93,61,0,0,0,0,0,66,76,90,87,0,99,96,62,62,0,0,63,23,0,0
Owen O'Malley,24,1001919600,2001/10/01,USL League One,2026,Forward,Richmond Kickers,183,90,93,USA,3,1,2,0,0,0,0,0,0,0,0,0,0,0,3,1,2,1,0,0,0,0,0,0,0,1.48,61,61,183,0,0.49,-1,-1,-1,7,0,6.51,0,84,16.31,9.00,12,27,5.00,15,6,9.06,8,0.00,0.00,0.67,2,0.00,0.33,4.23,2.33,7,0.00,1.00,0.00,0.00,0.00,0.33,0.67,1.00,0.00,0.00,0.00,1.00,0.00,0.00,0.00,0.00,0.33,0.00,0.00,0,0,,0,0.00,29,0,0.00,58,0,0.00,38,1,1,2,98,0.00,99,0,1,0.60,60,1,99,0.60,51,0,0.00,99,0,0.00,0,0,0.00,0,1.21,74,3,1.81,75,2,1.21,66.67,0,0.00,0,0,0,0.00,0,3,0.00,39,1.81,69,N/A,N/A,N/A,N/A,0.00,0,0.00,0,0.00,0.00,0,55.56,0.00,58,99,0.00,0.00,0,88,85,0,0,0,0.00,0.00,0,65,19.52,0.67,1.21,2,0,0.00,0.00,99,0.00,0,0,0,0.00,0.00,0,0.00,0.00,0.60,0.33,1,0,0.00,78,55,90,76,47,0.09,31,0.03,0.05,0.00,29,0.00,0.00,82,4,1.33,2.42,3.02,1.67,95,5,0.00,29,35,48,96,0,90,39,0,0.00,99,1,0.00,0.60,13.89,7.67,23,12,91,89,7.25,4.00,52.17,3,1.81,8,0,100.00,0,0.00,99,1,0.33,0.60,76,59,93,94,0,0,0,0,0,66,76,90,87,0,99,40,81,81,1,33,86,12,0,0
Pato Botello Faz,29,842166000,1996/09/08,USL League One,2026,Forward,Union Omaha,247,157,90,Mexico,3,2,1,0,0,0,1,1,0,0,0,0,0,0,3,2,1,0,0,0.36,0.36,0,0,0,0,1.09,82,82,0,247,0,-1,-1,-1,6,0,6.87,0.33,90,16.76,15.33,13,46,12.67,38,62,13.85,20,0.00,0.00,1.67,5,0.00,0.67,1.09,1.00,3,0.00,0.67,0.00,0.00,0.00,0.33,0.67,1.00,0.00,1.82,1.00,1.33,0.00,0.67,0.12,0.00,0.33,0.00,0.00,0,0,,5,1.67,79,2,0.73,77,3,1.09,74,1,0,3,56,0.00,99,0,1,0.36,49,2,90,0.73,56,0,0.00,99,0,0.00,0,0,0.00,0,1.82,85,4,1.46,64,2,0.73,50.00,0,0.00,0,0,0,0.00,0,3,0.00,49,1.09,39,N/A,N/A,N/A,N/A,0.00,0,0.00,0,0.37,0.00,0,82.61,40.00,73,99,0.00,0.00,0,75,78,0,0,0,0.33,0.36,1,70,20.60,0.00,0.00,0,0,0.00,0.00,99,0.00,0,0,0,0.00,0.00,0,0.00,0.00,0.73,0.67,2,0,0.00,78,67,90,76,57,0.82,88,0.27,0.30,0.37,67,0.12,0.13,64,4,1.33,1.46,1.46,1.33,61,4,0.13,67,72,16,96,0,93,29,0,0.00,99,1,0.00,0.36,10.20,9.33,28,10,41,65,3.64,3.33,35.71,2,0.73,36,0,50.00,0,0.00,99,1,0.33,0.36,67,94,78,94,0,0,0,0,0,76,76,90,87,0,99,40,62,62,0,0,63,9,0,0
Patrick Langlois,26,941094000,1999/10/28,USL League One,2026,Defender,Corpus Christi,270,0,270,Australia,3,0,3,0,0,0,0,0,0,0,0,1,0,1,3,0,3,1,0,0,0,0,0,0,0,1,90,90,270,0,0.33,-1,-1,-1,6,0,6.73,0,84,29.33,29.33,51,88,21.33,64,31,21.33,47,0.00,0.00,0.00,0,0.00,0.00,2.33,2.33,7,0.00,0.00,0.00,0.00,0.00,1.67,0.33,1.33,0.00,0.33,0.00,0.67,0.00,0.33,0.05,0.00,1.00,0.00,0.00,0,0,,1,0.33,33,1,0.33,62,0,0.00,38,0,0,3,86,0.00,99,0,5,1.67,92,0,60,0.00,36,0,0.00,99,0,0.00,0,0,0.00,0,0.00,36,2,0.67,41,1,0.33,50.00,0,0.00,0,0,0,0.00,0,4,0.00,63,1.33,46,N/A,N/A,N/A,N/A,0.00,0,0.00,0,0.16,0.00,0,72.73,100.00,99,99,0.00,0.00,0,55,78,0,0,0,0.33,0.33,1,68,20.18,3.00,3.00,9,0,0.00,0.00,99,0.00,0,0,0,0.00,0.00,0,0.00,0.00,0.00,0.00,0,0,0.00,78,92,90,76,71,0.12,23,0.04,0.04,0.16,49,0.05,0.05,38,2,0.67,0.67,1.00,1.00,45,3,0.05,49,58,76,96,0,80,52,0,0.00,99,3,0.00,1.00,8.00,8.00,24,13,54,45,4.33,4.33,54.17,0,0.00,99,0,0.00,0,0.00,99,0,0.00,0.00,60,94,78,61,0,0,0,0,0,66,76,90,87,0,99,66,96,73,1,33,86,6,0,0
Patrick Seagrist,28,888048000,1998/02/21,USL League One,2026,Defender,Greenville Triumph,248,248,0,USA,3,3,0,0,0,0,1,1,0,0,0,0,0,0,5,5,0,0,0,0.36,0.36,0,0,0,0,1.81,50,83,0,248,0,-1,-1,-1,10,0,6.50,0.33,90,50.81,46.67,84,140,35.33,106,38,38.47,81,0.00,0.00,2.00,6,0.00,3.33,1.09,1.00,3,0.00,0.00,0.00,0.00,0.00,1.00,0.33,2.00,0.00,0.00,0.00,0.67,0.00,0.00,0.00,0.00,0.33,0.00,0.00,0,0,,0,0.00,29,0,0.00,58,0,0.00,38,1,0,3,56,0.00,99,0,3,1.09,84,10,82,3.63,84,0,0.00,99,0,0.00,0,0,0.00,0,2.18,92,2,0.73,43,1,0.36,50.00,0,0.00,0,0,0,0.00,0,6,0.00,24,2.18,80,N/A,N/A,N/A,N/A,0.00,0,0.00,0,0.00,0.00,0,75.71,0.00,58,99,0.00,0.00,0,57,78,0,0,0,0.33,0.36,1,70,19.50,2.33,2.54,7,0,0.00,0.00,99,0.00,0,0,0,0.00,0.00,0,0.00,0.00,0.00,0.00,0,0,0.00,78,68,90,76,32,1.03,91,0.34,0.37,0.00,29,0.00,0.00,18,0,0.00,0.00,2.54,2.33,89,7,0.00,29,33,71,96,0,80,29,0,0.00,99,1,0.00,0.36,6.53,6.00,18,5,15,30,1.81,1.67,27.78,0,0.00,99,0,40.00,0,0.00,99,4,1.33,1.45,91,94,78,94,0,0,0,0,0,76,76,90,87,0,99,40,62,62,0,0,63,20,0,0
Pedro Hernandez,26,934614000,1999/08/14,USL League One,2026,Forward,Chattanooga Red Wolves,180,0,180,USA,2,0,2,0,0,0,0,0,0,0,0,0,0,0,3,0,3,2,0,0,0,0,0,0,0,1.5,60,90,90,0,1,-1,-1,-1,7,0,6.50,0,84,11.50,11.50,5,23,8.00,16,22,8.00,6,0.00,0.00,1.00,2,0.00,1.50,2.50,2.50,5,0.00,1.00,0.00,0.00,0.00,0.00,0.50,1.50,0.00,2.00,2.00,1.50,0.00,0.00,0.11,0.00,0.50,0.00,0.00,0,0,,4,2.00,81,0,0.00,58,4,2.00,92,0,0,2,89,0.00,99,0,0,0.00,44,3,60,1.50,67,0,0.00,99,0,0.00,0,0,0.00,0,1.00,66,3,1.50,67,1,0.50,33.33,0,0.00,0,0,0,0.00,0,3,0.00,38,1.50,55,N/A,N/A,N/A,N/A,0.00,0,0.00,0,0.22,0.00,0,69.57,0.00,58,99,0.00,0.00,0,65,62,0,0,0,0.50,0.50,1,79,13.01,0.00,0.00,0,0,0.00,0.00,99,0.00,0,0,0,0.00,0.00,0,0.00,0.00,0.50,0.50,1,0,0.00,78,55,45,76,46,0.12,38,0.06,0.06,0.22,65,0.11,0.11,18,0,0.00,0.00,2.00,2.00,78,4,0.11,64,33,16,96,0,89,35,0,0.00,99,1,0.00,0.50,10.50,10.50,21,7,39,69,3.50,3.50,33.33,2,1.00,28,0,0.00,0,0.00,99,0,0.00,0.00,60,59,78,61,0,0,0,0,0,66,76,90,87,0,99,40,66,98,2,100,99,14,0,0
Philip Mayaka,25,975571200,2000/11/30,USL League One,2026,Midfielder,Athletic Club Boise,180,0,180,USA,2,0,2,2,0,2,0,0,0,0,0,1,0,1,3,0,3,1,0,1,0,1,0,1,90,1.5,60,90,180,0,0.5,-1,-1,-1,1,0,7.09,0,84,57.00,57.00,90,114,49.50,99,85,49.50,92,0.00,0.00,0.50,1,0.00,1.00,3.00,3.00,6,0.00,3.00,0.00,0.00,0.00,4.00,0.00,1.50,2.00,1.00,0.50,2.00,0.00,0.50,0.40,0.00,0.50,0.00,0.00,0,0,,2,1.00,60,1,0.50,68,1,0.50,54,0,0,2,95,0.00,99,0,8,4.00,99,2,60,1.00,60,0,0.00,99,0,0.00,0,0,0.00,0,0.50,45,4,2.00,80,0,0.00,0.00,0,0.00,0,0,0,0.00,0,3,0.00,38,1.50,55,N/A,N/A,N/A,N/A,0.00,0,0.00,0,0.79,0.00,0,86.84,50.00,84,99,0.00,0.00,0,46,46,0,0,0,0.50,0.50,1,79,14.18,3.00,3.00,6,0,0.00,0.00,99,0.00,0,0,0,0.00,0.00,0,0.00,0.00,0.00,0.00,0,1,50.00,99,55,45,81,46,0.22,66,0.11,0.11,0.79,88,0.40,0.40,83,5,2.50,2.50,3.00,3.00,95,6,0.40,86,88,76,96,0,80,35,0,0.00,99,1,0.00,0.50,15.00,15.00,30,12,77,93,6.00,6.00,40.00,6,3.00,2,0,0.00,0,0.00,99,0,0.00,0.00,60,59,78,61,0,1,0,50,0,97,98,99,87,0,99,96,80,86,1,50,95,66,0,0
Philip Spengler,25,973843200,2000/11/10,USL League One,2026,Midfielder,NY Cosmos,352,172,180,USA,4,2,2,1,0,1,3,3,0,0,0,1,1,0,9,3,6,1,0,1.02,0.77,0.26,0,0.5,352,2.3,39,88,352,117,0.26,5,1,-1,1,0,7.24,0.75,98,25.57,25.00,39,100,18.25,73,32,18.66,37,0.00,0.00,1.75,7,0.00,4.00,2.30,2.25,9,0.00,1.75,0.00,0.00,0.00,0.25,1.00,2.25,9.00,2.30,1.00,2.00,0.00,1.25,0.35,0.00,0.50,0.00,0.00,0,0,,9,2.25,86,5,1.28,90,4,1.02,72,1,0,4,84,0.00,99,0,1,0.26,45,16,63,4.09,88,0,0.00,99,0,0.00,0,0,0.00,0,1.79,84,8,2.05,83,4,1.02,50.00,0,0.00,0,0,0,0.00,0,9,0.00,8,2.30,82,N/A,N/A,N/A,N/A,0.00,0,0.00,0,1.42,0.00,0,73.00,55.56,85,99,0.00,0.00,0,83,78,0,0,0,0.00,0.00,0,65,28.95,0.25,0.26,1,0,0.00,0.00,99,0.00,0,0,0,0.00,0.00,0,0.00,0.00,0.00,0.00,0,0,11.11,79,96,99,99,16,2.30,99,0.57,0.59,1.42,87,0.35,0.36,84,10,2.50,2.56,1.79,1.75,71,7,0.36,84,93,16,96,0,80,36,0,0.00,99,2,0.00,0.51,12.27,12.00,48,25,82,79,6.39,6.25,52.08,7,1.79,9,0,12.50,0,0.00,99,2,0.50,0.51,73,99,78,94,0,0,0,0,0,98,78,92,87,0,99,42,98,64,1,25,68,8,0,0
Rashid Nuhu,30,818323200,1995/12/07,USL League One,2026,Goalkeeper,Union Omaha,270,180,90,Ghana,3,2,1,0,0,0,0,0,0,0,0,0,0,0,4,3,1,1,0,0,0,0,0,0,0,1.33,68,90,270,0,0.33,-1,-1,-1,9,0,6.36,0,84,24.00,24.00,33,72,16.67,50,22,16.67,32,0.00,0.00,0.00,0,0.00,0.00,0.00,0.00,0,0.00,0.00,0.00,0.00,1.67,0.00,0.00,2.67,0.00,0.00,0.00,0.00,0.00,0.00,0.00,0.00,0.00,0.00,0.00,0,0,,0,0.00,29,0,0.00,58,0,0.00,38,0,0,3,25,0.00,99,0,0,0.00,44,0,60,0.00,36,0,0.00,99,0,0.00,0,0,0.00,0,0.00,36,0,0.00,27,0,0.00,0.00,0,0.00,0,5,22,1.67,22,8,0.00,44,2.67,88,N/A,N/A,N/A,N/A,62.50,0,0.00,0,0.00,0.00,0,69.44,0.00,58,99,0.00,0.00,0,46,46,0,0,3,0.00,0.00,0,65,19.07,0.00,0.00,0,0,0.00,0.00,99,0.00,0,0,0,0.00,0.00,0,0.00,0.00,0.00,0.00,0,0,0.00,78,92,90,76,52,0.09,12,0.03,0.03,0.00,29,0.00,0.00,23,1,0.33,0.33,0.00,0.00,17,0,0.00,29,18,16,96,0,80,21,0,0.00,99,0,0.00,0.00,0.33,0.33,1,1,3,3,0.33,0.33,100.00,0,0.00,99,0,0.00,0,0.00,99,0,0.00,0.00,60,94,78,61,0,0,0,0,0,66,76,90,87,0,99,40,96,73,1,33,86,24,0,0
Real Gill,23,1043308800,2003/01/23,USL League One,2026,Midfielder,One Knoxville,46,23,23,Trinidad and Tobago,2,1,1,0,0,0,0,0,0,0,0,0,0,0,0,0,0,0,0,0,0,0,0,0,0,0,0,23,0,0,0,-1,-1,-1,8,0,6.36,0,84,33.26,8.50,59,17,6.00,12,26,23.48,52,0.00,0.00,0.00,0,0.00,0.00,3.91,1.00,2,0.00,0.50,0.00,0.00,0.00,0.00,0.00,0.50,0.00,1.96,0.50,1.00,0.00,0.00,0.03,0.00,0.00,0.00,0.00,0,0,,1,0.50,79,0,0.00,58,1,1.96,91,0,2,0,98,0.00,99,0,0,0.00,44,0,60,0.00,36,0,0.00,99,0,0.00,0,0,0.00,0,0.00,36,2,3.91,96,0,0.00,0.00,0,0.00,0,0,0,0.00,0,1,0.00,99,1.96,70,N/A,N/A,N/A,N/A,0.00,0,0.00,0,0.05,0.00,0,70.59,0.00,58,99,0.00,0.00,0,46,46,0,0,0,0.00,0.00,0,65,12.71,0.00,0.00,0,0,0.00,0.00,99,0.00,0,0,0,0.00,0.00,0,0.00,0.00,0.00,0.00,0,0,0.00,78,0,45,76,8,0.03,38,0.01,0.06,0.05,63,0.03,0.10,18,0,0.00,0.00,1.96,0.50,73,1,0.10,62,18,16,96,0,80,21,0,0.00,99,0,0.00,0.00,15.65,4.00,8,2,43,94,3.91,1.00,25.00,1,1.96,8,0,0.00,0,0.00,99,0,0.00,0.00,60,3,99,61,0,0,0,0,0,66,76,90,87,0,99,40,62,62,0,0,63,10,0,0
Reid Valentine,20,1132300800,2005/11/18,USL League One,2026,Midfielder,Sarasota Paradise,124,124,0,USA,3,3,0,0,0,0,0,0,0,0,0,1,1,0,0,0,0,0,0,0,0,0,0,0,0,0,0,41,0,0,0,-1,-1,-1,12,0,6.42,0,84,45.00,20.67,79,62,16.33,49,49,35.56,77,0.00,0.00,0.33,1,0.00,0.67,0.73,0.33,1,0.00,0.00,0.00,0.00,0.00,0.00,0.00,0.00,0.00,0.00,0.00,0.00,0.00,0.00,0.00,0.00,1.00,0.00,0.00,0,0,,0,0.00,29,0,0.00,58,0,0.00,38,0,2,1,42,0.00,99,0,0,0.00,44,2,90,1.45,67,0,0.00,99,0,0.00,0,0,0.00,0,0.73,57,0,0.00,27,0,0.00,0.00,0,0.00,0,0,0,0.00,0,0,0.00,99,0.00,0,N/A,N/A,N/A,N/A,0.00,0,0.00,0,0.00,0.00,0,79.03,0.00,58,99,0.00,0.00,0,46,46,0,0,0,0.00,0.00,0,65,19.26,0.67,1.45,2,0,0.00,0.00,99,0.00,0,0,0,0.00,0.00,0,0.00,0.00,0.00,0.00,0,0,0.00,78,21,90,76,8,0.15,66,0.05,0.11,0.00,29,0.00,0.00,18,0,0.00,0.00,0.73,0.33,36,1,0.00,29,26,55,96,0,80,79,0,0.00,99,3,0.00,2.18,6.53,3.00,9,4,29,30,2.90,1.33,44.44,0,0.00,99,0,50.00,0,0.00,99,1,0.33,0.73,81,24,99,61,0,0,0,0,0,66,76,90,87,0,99,66,62,62,0,0,63,3,0,0
Ricardo Antonio Jérez Figueroa,40,507888000,1986/02/04,USL League One,2026,Goalkeeper,Chattanooga Red Wolves,0,0,0,Guatemala,0,0,0,0,0,0,0,0,0,0,0,0,0,0,0,0,0,0,0,0,0,0,0,0,0,0,0,0,0,0,0,-1,-1,-1,-1,N/A,N/A,N/A,N/A,N/A,N/A,N/A,N/A,N/A,N/A,N/A,N/A,N/A,N/A,N/A,N/A,N/A,N/A,N/A,N/A,N/A,N/A,N/A,N/A,N/A,N/A,N/A,N/A,N/A,N/A,N/A,N/A,N/A,N/A,N/A,N/A,N/A,N/A,N/A,N/A,N/A,N/A,N/A,N/A,N/A,N/A,N/A,N/A,N/A,N/A,N/A,N/A,N/A,N/A,N/A,N/A,N/A,N/A,N/A,N/A,N/A,N/A,N/A,N/A,N/A,N/A,N/A,N/A,N/A,N/A,N/A,N/A,N/A,N/A,N/A,N/A,N/A,N/A,N/A,N/A,N/A,N/A,N/A,N/A,N/A,N/A,N/A,N/A,N/A,N/A,N/A,N/A,N/A,N/A,N/A,N/A,N/A,N/A,N/A,N/A,N/A,N/A,N/A,N/A,N/A,N/A,N/A,N/A,N/A,N/A,N/A,N/A,N/A,N/A,N/A,N/A,N/A,N/A,N/A,N/A,N/A,N/A,N/A,N/A,N/A,N/A,N/A,N/A,N/A,N/A,N/A,N/A,N/A,N/A,N/A,N/A,N/A,N/A,N/A,N/A,N/A,N/A,N/A,N/A,N/A,N/A,N/A,N/A,N/A,N/A,N/A,N/A,N/A,N/A,N/A,N/A,N/A,N/A,N/A,N/A,N/A,N/A,N/A,N/A,N/A,N/A,N/A,N/A,N/A,N/A,N/A,N/A,N/A,N/A,N/A,N/A,N/A,N/A,N/A,N/A,N/A,N/A,N/A,N/A,N/A,N/A,N/A,N/A,N/A,N/A,N/A,N/A,N/A,N/A,N/A,N/A,N/A,N/A,N/A,N/A,N/A,N/A,N/A,N/A,N/A,N/A,N/A,N/A,N/A,N/A,N/A,N/A,N/A,N/A,N/A,N/A,N/A,N/A,N/A,N/A,N/A,N/A,N/A,N/A
Rocky Wells,18,1193122800,2007/10/23,USL League One,2026,Midfielder,Spokane Velocity,0,0,0,USA,1,1,0,0,0,0,0,0,0,0,0,0,0,0,0,0,0,0,0,0,0,0,0,0,0,0,0,0,0,0,0,-1,-1,-1,-1,0,0.00,0,84,180.00,0.67,99,2,0.67,2,99,180.00,99,0.00,0.00,0.00,0,0.00,0.00,0.00,0.00,0,0.00,0.00,0.00,0.00,0.00,0.00,0.00,0.00,0.00,0.00,0.00,0.00,0.00,0.00,0.00,0.00,0.00,0.00,0.00,0,0,,0,0.00,29,0,0.00,58,0,0.00,38,0,1,0,25,0.00,99,0,0,0.00,44,0,60,0.00,36,0,0.00,99,0,0.00,0,0,0.00,0,0.00,36,0,0.00,27,0,0.00,0.00,0,0.00,0,0,0,0.00,0,0,0.00,99,0.00,0,N/A,N/A,N/A,N/A,0.00,0,0.00,0,0.00,0.00,0,100.00,0.00,58,99,0.00,0.00,0,46,46,0,0,0,0.00,0.00,0,65,0.00,0.00,0.00,0,0,0.00,0.00,99,0.00,0,0,0,0.00,0.00,0,0.00,0.00,0.00,0.00,0,0,0.00,78,0,9,76,8,0.00,0,0.00,0.00,0.00,29,0.00,0.00,18,0,0.00,0.00,0.00,0.00,17,0,0.00,29,0,16,96,0,80,21,0,0.00,99,0,0.00,0.00,0.00,0.00,0,0,1,1,0.00,0.00,0.00,0,0.00,99,0,0.00,0,0.00,99,0,0.00,0.00,60,3,93,61,0,0,0,0,0,66,76,90,87,0,99,40,62,62,0,0,63,22,0,0
Rodrigo Robles Grajera,26,952675200,2000/03/10,USL League One,2026,Midfielder,Greenville Triumph,199,199,0,USA,3,3,0,2,2,0,0,0,0,0,0,0,0,0,4,4,0,1,0,0.9,0,0.9,0.9,0,100,1.81,50,66,199,0,0.45,-1,-1,-1,1,0,7.41,0,84,35.73,26.33,66,79,21.67,65,61,29.40,67,0.00,0.00,1.33,4,0.00,2.00,2.26,1.67,5,0.00,0.67,0.00,0.00,0.00,0.00,0.33,1.33,5.00,4.52,2.33,0.67,0.00,1.00,0.63,0.00,0.00,0.00,0.00,0,0,,10,3.33,98,3,1.36,93,7,3.17,98,1,1,2,82,0.00,99,0,0,0.00,44,6,67,2.71,79,0,0.00,99,0,0.00,0,0,0.00,0,1.81,85,2,0.90,49,1,0.45,50.00,0,0.00,0,0,0,0.00,0,4,0.00,24,1.81,69,N/A,N/A,N/A,N/A,0.00,0,0.00,0,1.89,0.00,0,82.28,30.00,64,99,0.00,0.00,0,61,78,0,0,0,0.00,0.00,0,65,22.24,0.33,0.45,1,0,0.00,0.00,99,0.00,0,0,0,0.00,0.00,0,0.00,0.00,0.00,0.00,0,0,20.00,86,57,90,82,32,0.29,73,0.10,0.13,1.89,98,0.63,0.85,87,6,2.00,2.71,1.36,1.00,57,3,0.85,98,97,22,96,0,80,21,0,0.00,99,0,0.00,0.00,9.50,7.00,21,12,70,61,5.43,4.00,57.14,2,0.90,30,0,16.67,0,0.00,99,1,0.33,0.45,70,59,93,94,0,0,0,0,0,92,96,90,97,0,99,40,82,80,1,33,86,9,0,0
Ronald Alexis Cerritos Castañeda,25,970470000,2000/10/02,USL League One,2026,Midfielder,Corpus Christi,117,0,117,El Salvador,2,0,2,0,0,0,0,0,0,0,0,1,0,1,1,0,1,0,0,0,0,0,0,0,0,0.77,117,59,0,0,0,-1,-1,-1,14,0,6.57,0,84,23.23,10.67,32,32,9.33,28,88,20.32,43,0.00,0.00,0.33,1,0.00,0.00,1.45,0.67,2,0.00,1.00,0.00,0.00,0.00,0.00,0.67,1.00,0.00,0.73,0.33,1.00,0.00,0.00,0.02,0.00,0.33,0.00,0.00,0,0,,1,0.33,49,0,0.00,58,1,0.73,62,0,1,1,66,0.00,99,0,0,0.00,44,0,60,0.00,36,0,0.00,99,0,0.00,0,0,0.00,0,0.73,57,3,2.18,85,2,1.45,66.67,0,0.00,0,0,0,0.00,0,3,0.00,70,2.18,80,N/A,N/A,N/A,N/A,0.00,0,0.00,0,0.05,0.00,0,87.50,0.00,58,99,0.00,0.00,0,93,85,0,0,0,0.00,0.00,0,65,19.72,0.00,0.00,0,0,0.00,0.00,99,0.00,0,0,0,0.00,0.00,0,0.00,0.00,0.00,0.00,0,0,0.00,78,19,45,76,78,0.10,44,0.03,0.07,0.05,46,0.02,0.04,98,6,2.00,4.35,1.45,0.67,60,2,0.04,46,39,16,96,0,80,44,0,0.00,99,1,0.00,0.73,17.42,8.00,24,11,94,98,7.98,3.67,45.83,3,2.18,5,0,0.00,0,0.00,99,0,0.00,0.00,60,24,93,61,0,0,0,0,0,66,76,90,87,0,99,96,62,62,0,0,63,10,0,0
Ryan Becher,24,986367600,2001/04/04,USL League One,2026,Midfielder,Fort Wayne,270,0,270,USA,3,0,3,1,0,1,0,0,0,0,0,0,0,0,6,0,6,1,0,0.33,0,0.33,0,0.33,270,2,45,90,270,0,0.33,-1,-1,-1,2,0,6.77,0,84,21.41,18.00,26,54,12.00,36,18,14.27,23,0.00,0.00,1.00,3,0.00,0.67,0.79,0.67,2,0.00,0.00,0.00,0.00,0.00,0.33,0.00,1.67,3.00,1.19,0.67,0.67,0.00,0.33,0.27,0.00,3.67,0.00,0.00,0,0,,3,1.00,65,1,0.40,66,2,0.79,64,0,0,3,44,0.00,99,0,1,0.40,53,2,90,0.79,57,0,0.00,99,0,0.00,0,0,0.00,0,1.19,74,2,0.79,45,0,0.00,0.00,0,0.00,0,0,0,0.00,0,5,0.00,22,1.98,71,N/A,N/A,N/A,N/A,0.00,0,0.00,0,0.81,0.00,0,66.67,33.33,69,99,0.00,0.00,0,46,46,0,0,0,0.00,0.00,0,65,20.31,0.33,0.40,1,0,0.00,0.00,99,0.00,0,0,0,0.00,0.00,0,0.00,0.00,0.79,0.67,2,0,33.33,93,92,90,97,30,0.20,50,0.07,0.08,0.81,85,0.27,0.32,55,3,1.00,1.19,2.78,2.33,92,7,0.32,83,64,20,96,0,95,96,0,0.00,99,11,0.00,4.36,13.08,11.00,33,16,82,84,6.34,5.33,48.48,0,0.00,99,0,50.00,0,0.00,99,1,0.33,0.40,68,94,78,61,0,0,0,0,0,72,83,91,87,0,99,40,96,73,1,33,86,21,0,0
Ryan Carmichael,24,996822000,2001/08/03,USL League One,2026,Midfielder,Forward Madison,156,0,156,Scotland,2,0,2,0,0,0,0,0,0,0,0,1,0,1,1,0,1,0,0,0,0,0,0,0,0,0.58,156,78,0,0,0,-1,-1,-1,8,0,6.51,0,84,20.19,17.50,23,35,10.50,21,10,12.12,15,0.00,0.00,0.50,1,0.00,0.00,1.15,1.00,2,0.00,1.00,0.00,0.00,0.00,0.00,0.50,0.50,0.00,0.58,0.50,1.50,0.00,0.00,0.03,0.00,2.50,0.00,0.00,0,0,,1,0.50,44,0,0.00,58,1,0.58,58,1,0,2,57,0.00,99,0,0,0.00,44,0,60,0.00,36,0,0.00,99,0,0.00,0,0,0.00,0,0.58,50,3,1.73,74,1,0.58,33.33,0,0.00,0,0,0,0.00,0,1,0.00,78,0.58,12,N/A,N/A,N/A,N/A,0.00,0,0.00,0,0.05,0.00,0,60.00,0.00,58,99,0.00,0.00,0,69,62,0,0,0,0.00,0.00,0,65,13.02,0.00,0.00,0,0,0.00,0.00,99,0.00,0,0,0,0.00,0.00,0,0.00,0.00,0.00,0.00,0,0,0.00,78,31,45,76,86,0.07,23,0.04,0.04,0.05,41,0.03,0.03,34,1,0.50,0.58,1.73,1.50,68,3,0.03,41,35,16,96,0,80,87,0,0.00,99,5,0.00,2.88,12.69,11.00,22,9,67,83,5.19,4.50,40.91,2,1.15,19,0,0.00,0,0.00,99,0,0.00,0.00,60,59,78,94,0,0,0,0,0,66,76,90,87,0,99,96,62,62,0,0,63,9,0,0
Ryen Jiba,24,988527600,2001/04/29,USL League One,2026,Forward,Union Omaha,115,25,90,USA,3,2,1,0,0,0,0,0,0,0,0,0,0,0,3,2,1,0,0,0,0,0,0,0,0,2.35,38,38,0,0,0,-1,-1,-1,10,0,6.50,0,84,43.04,18.33,77,55,15.00,45,60,35.22,76,0.00,0.00,0.00,0,0.00,1.00,3.13,1.33,4,0.00,0.33,0.00,0.00,0.00,1.00,0.00,1.00,0.00,0.78,0.33,0.00,0.00,0.00,0.02,0.00,1.33,0.00,0.00,0,0,,1,0.33,50,0,0.00,58,1,0.78,64,0,2,1,96,0.00,99,0,3,2.35,97,3,60,2.35,76,0,0.00,99,0,0.00,0,0,0.00,0,0.00,36,0,0.00,27,0,0.00,0.00,0,0.00,0,0,0,0.00,0,3,0.00,6,2.35,84,N/A,N/A,N/A,N/A,0.00,0,0.00,0,0.05,0.00,0,81.82,0.00,58,99,0.00,0.00,0,46,46,0,0,0,0.00,0.00,0,65,19.50,0.67,1.57,2,0,0.00,0.00,99,0.00,0,0,0,0.00,0.00,0,0.00,0.00,0.00,0.00,0,0,0.00,78,18,90,76,14,0.11,57,0.04,0.09,0.05,46,0.02,0.04,40,1,0.33,0.78,0.78,0.33,39,1,0.04,46,33,59,96,0,80,90,0,0.00,99,4,0.00,3.13,8.61,3.67,11,9,91,50,7.04,3.00,81.82,1,0.78,34,0,0.00,0,0.00,99,0,0.00,0.00,60,24,99,61,0,0,0,0,0,66,76,90,87,0,99,40,62,62,0,0,63,27,0,0
Sam Layton,26,937033200,1999/09/11,USL League One,2026,Midfielder,Richmond Kickers,270,90,180,USA,3,1,2,0,0,0,0,0,0,0,0,0,0,0,3,1,2,1,0,0,0,0,0,0,0,1,90,90,270,0,0.33,-1,-1,-1,5,0,6.70,0,84,20.67,20.67,24,62,14.67,44,27,14.67,25,0.00,0.00,0.00,0,0.00,0.00,2.00,2.00,6,0.00,0.00,0.00,0.00,0.00,1.00,0.33,1.00,0.00,0.33,0.33,0.33,0.00,0.00,0.01,0.00,1.33,0.00,0.00,0,0,,1,0.33,33,0,0.00,58,1,0.33,45,0,0,3,80,0.00,99,0,3,1.00,81,0,60,0.00,36,0,0.00,99,0,0.00,0,0,0.00,0,0.00,36,1,0.33,31,1,0.33,100.00,0,0.00,0,0,0,0.00,0,3,0.00,63,1.00,33,N/A,N/A,N/A,N/A,0.00,0,0.00,0,0.04,0.00,0,70.97,0.00,58,99,0.00,0.00,0,55,99,0,0,0,0.00,0.00,0,65,20.10,5.67,5.67,17,0,0.00,0.00,99,0.00,0,0,0,0.00,0.00,0,0.00,0.00,0.00,0.00,0,0,0.00,78,92,90,76,71,0.09,12,0.03,0.03,0.04,32,0.01,0.01,49,3,1.00,1.00,0.67,0.67,33,2,0.01,32,55,96,96,0,80,63,0,0.00,99,4,0.00,1.33,6.67,6.67,20,14,61,33,4.67,4.67,70.00,0,0.00,99,0,0.00,0,0.00,99,0,0.00,0.00,60,94,78,61,0,0,0,0,0,66,76,90,87,0,99,40,96,73,1,33,86,4,0,0
Sam Roscoe,27,897980400,1998/06/16,USL League One,2026,Defender,Corpus Christi,180,0,180,England,2,0,2,0,0,0,0,0,0,0,0,1,0,1,1,0,1,2,0,0,0,0,0,0,0,0.5,180,90,90,0,1,-1,-1,-1,13,0,4.54,0,84,27.00,18.00,43,54,11.67,35,15,17.50,33,0.00,0.00,0.00,0,0.00,0.00,0.50,0.33,1,0.00,0.00,0.00,0.00,0.00,0.00,0.00,0.67,0.00,0.00,0.00,0.00,0.00,0.00,0.00,0.00,3.67,0.00,0.00,0,0,,0,0.00,29,0,0.00,58,0,0.00,38,0,0,2,32,0.00,99,0,0,0.00,44,0,60,0.00,36,0,0.00,99,0,0.00,0,0,0.00,0,0.00,36,0,0.00,27,0,0.00,0.00,0,0.00,0,0,0,0.00,0,2,0.00,90,1.00,33,N/A,N/A,N/A,N/A,0.00,0,0.00,0,0.00,0.00,0,64.81,0.00,58,99,0.00,0.00,0,46,46,0,0,0,1.33,2.00,4,99,13.62,3.33,5.00,10,0,0.00,0.00,99,0.00,0,0,0,0.00,0.00,0,0.00,0.00,0.00,0.00,0,0,0.00,78,55,45,76,98,0.09,23,0.03,0.04,0.00,29,0.00,0.00,31,1,0.33,0.50,2.00,1.33,78,4,0.00,29,5,92,96,0,80,98,0,0.00,99,11,0.00,5.50,10.50,7.00,21,13,85,69,6.50,4.33,61.90,0,0.00,99,0,0.00,0,0.00,99,0,0.00,0.00,60,59,78,61,0,0,0,0,0,66,76,90,87,0,99,96,66,98,2,100,99,5,0,0
Sami Guediri,28,871887600,1997/08/18,USL League One,2026,Midfielder,Union Omaha,185,171,14,USA,3,2,1,0,0,0,0,0,0,0,0,0,0,0,2,2,0,1,0,0,0,0,0,0,0,0.97,93,62,185,0,0.49,-1,-1,-1,12,0,6.97,0,84,73.95,50.67,99,152,41.00,123,58,59.84,98,0.00,0.00,1.33,4,0.00,3.00,4.38,3.00,9,0.00,0.00,0.00,0.00,0.00,0.33,2.00,0.67,0.00,0.97,0.67,2.67,0.00,0.00,0.03,0.00,0.00,0.00,0.00,0,0,,2,0.67,54,0,0.00,58,2,0.97,68,1,1,2,99,0.00,99,0,1,0.49,54,9,68,4.38,91,0,0.00,99,0,0.00,0,0,0.00,0,1.95,86,8,3.89,96,6,2.92,75.00,0,0.00,0,0,0,0.00,0,2,0.00,64,0.97,26,N/A,N/A,N/A,N/A,0.00,0,0.00,0,0.09,0.00,0,80.92,0.00,58,99,0.00,0.00,0,99,86,0,0,0,0.00,0.00,0,65,20.91,0.33,0.49,1,0,0.00,0.00,99,0.00,0,0,0,0.00,0.00,0,0.00,0.00,0.00,0.00,0,0,0.00,78,56,90,76,72,0.39,83,0.13,0.19,0.09,46,0.03,0.04,43,2,0.67,0.97,2.43,1.67,86,5,0.04,46,80,23,96,0,80,21,0,0.00,99,0,0.00,0.00,13.14,9.00,27,17,95,85,8.27,5.67,62.96,0,0.00,99,0,22.22,0,0.00,99,2,0.67,0.97,85,59,93,94,0,0,0,0,0,66,76,90,87,0,99,40,82,81,1,33,86,6,0,0
Samory Powder,25,983952000,2001/03/07,USL League One,2026,Midfielder,Westchester SC,84,28,56,USA,2,1,1,0,0,0,0,0,0,0,0,0,0,0,3,0,3,0,0,0,0,0,0,0,0,3.21,28,42,0,0,0,-1,-1,-1,9,0,6.29,0,84,38.57,18.00,69,36,14.00,28,45,30.00,68,0.00,0.00,0.50,1,0.00,2.50,0.00,0.00,0,0.00,0.00,0.00,0.00,0.00,0.00,0.00,1.50,0.00,0.00,0.00,0.00,0.00,0.00,0.00,0.00,0.50,0.00,0.00,0,0,,0,0.00,29,0,0.00,58,0,0.00,38,0,0,1,25,0.00,99,0,0,0.00,44,5,82,5.36,94,0,0.00,99,0,0.00,0,0,0.00,0,1.07,68,0,0.00,27,0,0.00,0.00,0,0.00,0,0,0,0.00,0,3,0.00,2,3.21,93,N/A,N/A,N/A,N/A,0.00,0,0.00,0,0.00,0.00,0,77.78,0.00,58,99,0.00,0.00,0,46,46,0,0,0,0.00,0.00,0,65,12.59,0.50,1.07,1,0,0.00,0.00,99,0.00,0,0,0,0.00,0.00,0,0.00,0.00,0.00,0.00,0,0,0.00,78,4,45,76,10,0.11,69,0.06,0.12,0.00,29,0.00,0.00,52,1,0.50,1.07,1.07,0.50,47,1,0.00,29,15,44,96,0,80,54,0,0.00,99,1,0.00,1.07,3.21,1.50,3,2,19,11,2.14,1.00,66.67,0,0.00,99,0,40.00,0,0.00,99,2,1.00,2.14,95,24,78,61,0,0,0,0,0,66,76,90,87,0,99,40,62,62,0,0,63,7,0,0
Samuel Owusu,23,1043222400,2003/01/22,USL League One,2026,Midfielder,Union Omaha,270,180,90,Germany,3,2,1,1,1,0,0,0,0,0,0,0,0,0,4,3,1,0,0,0.33,0,0.33,0.5,0,270,1.33,68,90,0,0,0,-1,-1,-1,2,0,6.86,0,84,55.00,55.00,88,165,45.67,137,64,45.67,88,0.00,0.00,0.00,0,0.00,0.33,1.33,1.33,4,0.00,0.00,0.00,0.00,0.00,1.00,0.33,1.33,2.00,0.67,0.33,0.33,0.00,0.33,0.24,0.00,1.33,0.00,0.00,0,0,,2,0.67,47,1,0.33,62,1,0.33,45,0,0,3,61,0.00,99,0,3,1.00,81,1,60,0.33,39,0,0.00,99,0,0.00,0,0,0.00,0,0.00,36,1,0.33,31,1,0.33,100.00,0,0.00,0,0,0,0.00,0,4,0.00,44,1.33,46,N/A,N/A,N/A,N/A,0.00,0,0.00,0,0.73,0.00,0,83.03,50.00,84,99,0.00,0.00,0,55,99,0,0,0,0.00,0.00,0,65,20.58,6.00,6.00,18,0,0.00,0.00,99,0.00,0,0,0,0.00,0.00,0,0.00,0.00,0.00,0.00,0,0,50.00,99,92,90,97,52,0.27,57,0.09,0.09,0.73,77,0.24,0.24,86,8,2.67,2.67,1.67,1.67,68,5,0.24,76,72,98,96,0,80,63,0,0.00,99,4,0.00,1.33,8.33,8.33,25,17,73,49,5.67,5.67,68.00,0,0.00,99,0,0.00,0,0.00,99,0,0.00,0.00,60,94,78,61,0,0,0,0,0,72,83,90,94,0,99,40,62,62,0,0,63,4,0,0
Sander Røed,25,977990400,2000/12/28,USL League One,2026,Midfielder,Sarasota Paradise,90,90,0,Norway,1,1,0,1,1,0,1,1,0,0,0,0,0,0,2,2,0,0,0,2,1,1,1,0,90,2,45,90,0,90,0,-1,-1,-1,3,0,7.25,1,99,32.20,19.50,57,39,15.50,31,53,25.60,58,0.00,0.00,1.50,3,0.00,3.00,0.83,0.50,1,0.00,1.00,0.00,0.00,0.00,0.00,0.50,1.50,6.00,4.95,2.00,0.50,0.00,1.00,0.52,0.00,1.00,0.00,0.00,0,0,,6,3.00,99,2,1.65,96,4,3.30,99,0,0,1,46,0.00,99,0,0,0.00,44,6,80,4.95,92,0,0.00,99,0,0.00,0,0,0.00,0,2.48,95,1,0.83,47,1,0.83,100.00,0,0.00,0,0,0,0.00,0,3,0.00,22,2.48,86,N/A,N/A,N/A,N/A,0.00,0,0.00,0,1.04,0.00,0,79.49,33.33,69,99,0.00,0.00,0,77,99,0,0,0,0.00,0.00,0,65,14.49,0.00,0.00,0,0,0.00,0.00,99,0.00,0,0,0,0.00,0.00,0,0.00,0.00,0.00,0.00,0,0,16.67,83,12,9,81,30,0.72,99,0.36,0.59,1.04,99,0.52,0.86,42,1,0.50,0.83,0.00,0.00,17,0,0.86,99,94,16,96,0,80,71,0,0.00,99,2,0.00,1.65,8.26,5.00,10,5,50,47,4.13,2.50,50.00,2,1.65,11,0,33.33,0,0.00,99,2,1.00,1.65,94,24,78,61,0,0,0,0,0,99,98,90,99,0,99,40,62,62,0,0,63,46,0,0
Sean Karani,25,976780800,2000/12/14,USL League One,2026,Midfielder,Sarasota Paradise,139,139,0,USA,3,3,0,0,0,0,0,0,0,0,0,1,1,0,0,0,0,1,0,0,0,0,0,0,0,0,0,46,139,0,0.65,-1,-1,-1,13,0,6.41,0,84,22.50,9.00,29,27,6.33,19,26,15.83,30,0.00,0.00,1.00,3,0.00,0.00,0.00,0.00,0,0.00,0.67,0.00,0.00,0.00,0.00,0.00,0.00,0.00,1.67,0.67,0.67,0.00,0.00,0.03,0.00,0.00,0.00,0.00,0,0,,2,0.67,75,0,0.00,58,2,1.67,89,0,2,1,25,0.00,99,0,0,0.00,44,0,60,0.00,36,0,0.00,99,0,0.00,0,0,0.00,0,2.50,96,2,1.67,73,0,0.00,0.00,0,0.00,0,0,0,0.00,0,0,0.00,99,0.00,0,N/A,N/A,N/A,N/A,0.00,0,0.00,0,0.09,0.00,0,70.37,0.00,58,99,0.00,0.00,0,46,46,0,0,0,0.00,0.00,0,65,19.23,0.00,0.00,0,0,0.00,0.00,99,0.00,0,0,0,0.00,0.00,0,0.00,0.00,1.67,0.67,2,0,0.00,78,26,90,76,8,0.18,79,0.06,0.15,0.09,57,0.03,0.07,93,4,1.33,3.33,4.17,1.67,99,5,0.07,57,25,16,96,0,99,21,0,0.00,99,0,0.00,0.00,13.33,5.33,16,4,36,86,3.33,1.33,25.00,2,1.67,10,0,0.00,0,0.00,99,0,0.00,0.00,60,24,99,61,0,0,0,0,0,66,76,90,87,0,99,66,74,89,1,33,86,11,0,0
Sean Lewis,33,703494000,1992/04/17,USL League One,2026,Goalkeeper,Spokane Velocity,0,0,0,USA,0,0,0,0,0,0,0,0,0,0,0,0,0,0,0,0,0,0,0,0,0,0,0,0,0,0,0,0,0,0,0,-1,-1,-1,-1,N/A,N/A,N/A,N/A,N/A,N/A,N/A,N/A,N/A,N/A,N/A,N/A,N/A,N/A,N/A,N/A,N/A,N/A,N/A,N/A,N/A,N/A,N/A,N/A,N/A,N/A,N/A,N/A,N/A,N/A,N/A,N/A,N/A,N/A,N/A,N/A,N/A,N/A,N/A,N/A,N/A,N/A,N/A,N/A,N/A,N/A,N/A,N/A,N/A,N/A,N/A,N/A,N/A,N/A,N/A,N/A,N/A,N/A,N/A,N/A,N/A,N/A,N/A,N/A,N/A,N/A,N/A,N/A,N/A,N/A,N/A,N/A,N/A,N/A,N/A,N/A,N/A,N/A,N/A,N/A,N/A,N/A,N/A,N/A,N/A,N/A,N/A,N/A,N/A,N/A,N/A,N/A,N/A,N/A,N/A,N/A,N/A,N/A,N/A,N/A,N/A,N/A,N/A,N/A,N/A,N/A,N/A,N/A,N/A,N/A,N/A,N/A,N/A,N/A,N/A,N/A,N/A,N/A,N/A,N/A,N/A,N/A,N/A,N/A,N/A,N/A,N/A,N/A,N/A,N/A,N/A,N/A,N/A,N/A,N/A,N/A,N/A,N/A,N/A,N/A,N/A,N/A,N/A,N/A,N/A,N/A,N/A,N/A,N/A,N/A,N/A,N/A,N/A,N/A,N/A,N/A,N/A,N/A,N/A,N/A,N/A,N/A,N/A,N/A,N/A,N/A,N/A,N/A,N/A,N/A,N/A,N/A,N/A,N/A,N/A,N/A,N/A,N/A,N/A,N/A,N/A,N/A,N/A,N/A,N/A,N/A,N/A,N/A,N/A,N/A,N/A,N/A,N/A,N/A,N/A,N/A,N/A,N/A,N/A,N/A,N/A,N/A,N/A,N/A,N/A,N/A,N/A,N/A,N/A,N/A,N/A,N/A,N/A,N/A,N/A,N/A,N/A,N/A,N/A,N/A,N/A,N/A,N/A,N/A
Sean Paul Vinberg,31,780822000,1994/09/29,USL League One,2026,Defender,Richmond Kickers,270,90,180,USA,3,1,2,0,0,0,0,0,0,0,0,0,0,0,3,1,2,0,0,0,0,0,0,0,0,1,90,90,0,0,0,-1,-1,-1,9,0,6.54,0,84,21.00,21.00,25,63,14.67,44,24,14.67,25,0.00,0.00,0.33,1,0.00,0.00,3.00,3.00,9,0.00,0.00,0.00,0.00,0.00,0.00,0.33,1.00,0.00,0.00,0.00,0.33,0.00,0.00,0.00,0.00,1.00,0.00,0.00,0,0,,0,0.00,29,0,0.00,58,0,0.00,38,0,0,3,95,0.00,99,0,0,0.00,44,0,60,0.00,36,0,0.00,99,0,0.00,0,0,0.00,0,0.33,39,1,0.33,31,1,0.33,100.00,0,0.00,0,0,0,0.00,0,3,0.00,63,1.00,33,N/A,N/A,N/A,N/A,0.00,0,0.00,0,0.00,0.00,0,69.84,0.00,58,99,0.00,0.00,0,55,99,0,0,0,0.00,0.00,0,65,19.62,4.67,4.67,14,0,0.00,0.00,99,0.00,0,0,0,0.00,0.00,0,0.00,0.00,0.00,0.00,0,0,0.00,78,92,90,76,71,0.14,31,0.05,0.05,0.00,29,0.00,0.00,38,2,0.67,0.67,1.33,1.33,55,4,0.00,29,37,90,96,0,80,52,0,0.00,99,3,0.00,1.00,7.00,7.00,21,14,61,36,4.67,4.67,66.67,0,0.00,99,0,0.00,0,0.00,99,0,0.00,0.00,60,94,78,61,0,0,0,0,0,66,76,90,87,0,99,40,62,62,0,0,63,22,0,0
Sebastián Ignacio Guenzatti Varela,34,678956400,1991/07/08,USL League One,2026,Midfielder,NY Cosmos,360,180,180,Uruguay,4,2,2,1,1,0,0,0,0,0,0,1,1,0,9,3,6,1,0,0.25,0,0.25,0.5,0,360,2.25,40,90,360,0,0.25,6,8,-1,2,0,6.60,0,84,16.98,15.75,14,63,13.00,52,62,14.01,22,0.00,0.00,0.50,2,0.00,0.00,0.00,0.00,0,0.00,1.00,0.00,0.00,0.00,0.00,0.25,2.25,4.00,1.08,0.25,0.75,0.00,0.75,0.26,0.00,1.00,0.00,0.00,0,0,,4,1.00,62,3,0.81,80,1,0.27,39,0,0,4,25,0.00,99,0,0,0.00,44,0,60,0.00,36,0,0.00,99,0,0.00,0,0,0.00,0,0.54,46,3,0.81,46,1,0.27,33.33,0,0.00,0,0,0,0.00,0,9,0.00,9,2.43,85,N/A,N/A,N/A,N/A,0.00,0,0.00,0,1.03,0.00,0,82.54,75.00,90,99,0.00,0.00,0,47,62,0,0,0,0.00,0.00,0,65,26.42,0.50,0.54,2,0,0.00,0.00,99,0.00,0,0,0,0.00,0.00,0,0.00,0.00,0.81,0.75,3,0,25.00,89,99,99,99,17,0.16,23,0.04,0.04,1.03,82,0.26,0.28,60,5,1.25,1.35,1.08,1.00,48,4,0.28,80,42,26,96,0,95,55,0,0.00,99,4,0.00,1.08,7.28,6.75,27,10,27,38,2.69,2.50,37.04,4,1.08,22,0,0.00,0,0.00,99,0,0.00,0.00,60,99,78,61,0,0,0,0,0,68,78,90,94,0,99,42,99,64,1,25,68,13,0,0
Sega Coulibaly,29,834303600,1996/06/09,USL League One,2026,Defender,Charlotte Independence,0,0,0,France,0,0,0,0,0,0,0,0,0,0,0,0,0,0,0,0,0,0,0,0,0,0,0,0,0,0,0,0,0,0,0,-1,-1,-1,-1,N/A,N/A,N/A,N/A,N/A,N/A,N/A,N/A,N/A,N/A,N/A,N/A,N/A,N/A,N/A,N/A,N/A,N/A,N/A,N/A,N/A,N/A,N/A,N/A,N/A,N/A,N/A,N/A,N/A,N/A,N/A,N/A,N/A,N/A,N/A,N/A,N/A,N/A,N/A,N/A,N/A,N/A,N/A,N/A,N/A,N/A,N/A,N/A,N/A,N/A,N/A,N/A,N/A,N/A,N/A,N/A,N/A,N/A,N/A,N/A,N/A,N/A,N/A,N/A,N/A,N/A,N/A,N/A,N/A,N/A,N/A,N/A,N/A,N/A,N/A,N/A,N/A,N/A,N/A,N/A,N/A,N/A,N/A,N/A,N/A,N/A,N/A,N/A,N/A,N/A,N/A,N/A,N/A,N/A,N/A,N/A,N/A,N/A,N/A,N/A,N/A,N/A,N/A,N/A,N/A,N/A,N/A,N/A,N/A,N/A,N/A,N/A,N/A,N/A,N/A,N/A,N/A,N/A,N/A,N/A,N/A,N/A,N/A,N/A,N/A,N/A,N/A,N/A,N/A,N/A,N/A,N/A,N/A,N/A,N/A,N/A,N/A,N/A,N/A,N/A,N/A,N/A,N/A,N/A,N/A,N/A,N/A,N/A,N/A,N/A,N/A,N/A,N/A,N/A,N/A,N/A,N/A,N/A,N/A,N/A,N/A,N/A,N/A,N/A,N/A,N/A,N/A,N/A,N/A,N/A,N/A,N/A,N/A,N/A,N/A,N/A,N/A,N/A,N/A,N/A,N/A,N/A,N/A,N/A,N/A,N/A,N/A,N/A,N/A,N/A,N/A,N/A,N/A,N/A,N/A,N/A,N/A,N/A,N/A,N/A,N/A,N/A,N/A,N/A,N/A,N/A,N/A,N/A,N/A,N/A,N/A,N/A,N/A,N/A,N/A,N/A,N/A,N/A,N/A,N/A,N/A,N/A,N/A,N/A
Sergio Chavez,29,857116800,1997/02/28,USL League One,2026,Defender,NY Cosmos,90,90,0,USA,1,1,0,0,0,0,0,0,0,0,0,0,0,0,3,3,0,0,0,0,0,0,0,0,0,3,30,90,0,0,0,-1,-1,-1,8,0,5.87,0,84,39.00,39.00,70,39,34.00,34,87,34.00,74,0.00,0.00,0.00,0,0.00,0.00,0.00,0.00,0,0.00,0.00,0.00,0.00,0.00,0.00,0.00,3.00,0.00,0.00,0.00,1.00,0.00,0.00,0.00,0.00,0.00,0.00,0.00,0,0,,0,0.00,29,0,0.00,58,0,0.00,38,0,0,1,25,0.00,99,0,0,0.00,44,0,60,0.00,36,0,0.00,99,0,0.00,0,0,0.00,0,0.00,36,1,1.00,54,0,0.00,0.00,0,0.00,0,0,0,0.00,0,3,0.00,2,3.00,93,N/A,N/A,N/A,N/A,0.00,0,0.00,0,0.00,0.00,0,87.18,0.00,58,99,0.00,0.00,0,46,46,0,0,0,0.00,0.00,0,65,5.87,6.00,6.00,6,0,0.00,0.00,99,0.00,0,0,0,0.00,0.00,0,0.00,0.00,0.00,0.00,0,0,0.00,78,12,9,76,10,0.06,38,0.06,0.06,0.00,29,0.00,0.00,49,1,1.00,1.00,1.00,1.00,45,1,0.00,29,10,98,96,0,80,21,0,0.00,99,0,0.00,0.00,4.00,4.00,4,1,9,15,1.00,1.00,25.00,0,0.00,99,0,0.00,0,0.00,99,0,0.00,0.00,60,24,78,61,0,0,0,0,0,66,76,90,87,0,99,40,62,62,0,0,63,25,0,0
Sergio Ors Navarro,24,998290800,2001/08/20,USL League One,2026,Midfielder,Union Omaha,252,162,90,Spain,3,2,1,0,0,0,0,0,0,0,0,0,0,0,3,2,1,1,0,0,0,0,0,0,0,1.07,84,84,252,0,0.36,-1,-1,-1,8,0,6.62,0,84,26.79,25.00,42,75,21.00,63,67,22.50,51,0.00,0.00,1.00,3,0.00,0.33,0.71,0.67,2,0.00,1.00,0.00,0.00,0.00,0.67,0.33,1.00,0.00,2.86,2.33,2.00,0.00,0.33,0.19,0.00,1.00,0.00,0.00,0,0,,8,2.67,91,1,0.36,63,7,2.50,96,2,0,3,41,0.00,99,0,2,0.71,68,1,60,0.36,40,0,0.00,99,0,0.00,0,0,0.00,0,1.07,68,6,2.14,84,1,0.36,16.67,0,0.00,0,0,0,0.00,0,3,0.00,50,1.07,38,N/A,N/A,N/A,N/A,0.00,0,0.00,0,0.56,0.00,0,84.00,12.50,59,99,0.00,0.00,0,57,49,0,0,0,0.67,0.71,2,89,19.86,0.67,0.71,2,0,0.00,0.00,99,0.00,0,0,0,0.00,0.00,0,0.00,0.00,1.43,1.33,4,0,0.00,78,69,90,76,58,0.27,63,0.09,0.10,0.56,75,0.19,0.20,63,4,1.33,1.43,1.79,1.67,71,5,0.20,73,46,32,96,0,99,54,0,0.00,99,3,0.00,1.07,10.36,9.67,29,10,40,67,3.57,3.33,34.48,3,1.07,22,0,0.00,0,0.00,99,0,0.00,0.00,60,94,78,99,0,0,0,0,0,66,76,90,87,0,99,40,86,76,1,33,86,20,0,0
Serigne Cheikh Mbacké Faye,56,N/A,N/A,USL League One,2026,Defender,Portland Hearts of Pine,0,0,0,Senegal,1,0,1,0,0,0,0,0,0,0,0,1,0,1,0,0,0,0,0,0,0,0,0,0,0,0,0,0,0,0,0,-1,-1,-1,-1,0,0.00,0,84,0.00,0.00,0,0,0.00,0,0,0.00,0,0.00,0.00,0.00,0,0.00,0.00,0.00,0.00,0,0.00,0.00,0.00,0.00,0.00,0.00,0.00,0.00,0.00,0.00,0.00,0.00,0.00,0.00,0.00,0.00,0.00,0.00,0.00,0,0,,0,0.00,29,0,0.00,58,0,0.00,38,0,1,0,25,0.00,99,0,0,0.00,44,0,60,0.00,36,0,0.00,99,0,0.00,0,0,0.00,0,0.00,36,0,0.00,27,0,0.00,0.00,0,0.00,0,0,0,0.00,0,0,0.00,99,0.00,0,N/A,N/A,N/A,N/A,0.00,0,0.00,0,0.00,0.00,0,0.00,0.00,58,99,0.00,0.00,0,46,46,0,0,0,0.00,0.00,0,65,0.00,0.00,0.00,0,0,0.00,0.00,99,0.00,0,0,0,0.00,0.00,0,0.00,0.00,0.00,0.00,0,0,0.00,78,0,9,76,8,0.00,0,0.00,0.00,0.00,29,0.00,0.00,18,0,0.00,0.00,0.00,0.00,17,0,0.00,29,0,16,96,0,80,21,0,0.00,99,0,0.00,0.00,0.00,0.00,0,0,1,1,0.00,0.00,0.00,0,0.00,99,0,0.00,0,0.00,99,0,0.00,0.00,60,3,93,61,0,0,0,0,0,66,76,90,87,0,99,99,62,62,0,0,63,44,0,0
Seth Torman,27,919497600,1999/02/20,USL League One,2026,Goalkeeper,Greenville Triumph,180,180,0,USA,2,2,0,0,0,0,0,0,0,0,0,0,0,0,4,4,0,0,0,0,0,0,0,0,0,2,45,90,0,0,0,-1,-1,-1,15,0,4.44,0,84,18.00,12.00,18,36,8.00,24,18,12.00,14,0.00,0.00,0.00,0,0.00,0.00,0.00,0.00,0,0.00,0.00,0.00,0.00,2.00,0.00,0.00,3.33,0.00,0.00,0.00,0.00,0.00,0.00,0.00,0.00,0.00,0.00,0.00,0,0,,0,0.00,29,0,0.00,58,0,0.00,38,0,0,2,25,0.00,99,0,0,0.00,44,0,60,0.00,36,0,0.00,99,0,0.00,0,0,0.00,0,0.00,36,0,0.00,27,0,0.00,0.00,0,0.00,0,6,17,3.00,72,10,0.00,22,5.00,98,N/A,N/A,N/A,N/A,60.00,0,0.00,0,0.00,0.00,0,66.67,0.00,58,99,0.00,0.00,0,46,46,0,0,4,0.00,0.00,0,65,13.33,0.00,0.00,0,0,0.00,0.00,99,0.00,0,0,0,0.00,0.00,0,0.00,0.00,0.00,0.00,0,0,0.00,78,55,45,76,30,0.04,5,0.01,0.02,0.00,29,0.00,0.00,18,0,0.00,0.00,0.00,0.00,17,0,0.00,29,5,16,96,0,80,21,0,0.00,99,0,0.00,0.00,0.00,0.00,0,0,1,1,0.00,0.00,0.00,0,0.00,99,0,0.00,0,0.00,99,0,0.00,0.00,60,59,78,61,0,0,0,0,0,66,76,90,87,0,99,40,62,62,0,0,63,30,0,0
Shannon Gomez,29,844498800,1996/10/05,USL League One,2026,Defender,Corpus Christi,263,0,263,Trinidad and Tobago,3,0,3,0,0,0,0,0,0,0,0,1,0,1,2,0,2,0,0,0,0,0,0,0,0,0.68,132,88,0,0,0,-1,-1,-1,10,0,6.50,0,84,26.35,25.67,40,77,19.67,59,42,20.19,42,0.00,0.00,0.00,0,0.00,1.00,1.37,1.33,4,0.00,0.67,0.00,0.00,0.00,0.00,0.33,1.00,0.00,0.00,0.00,0.67,0.00,0.00,0.00,0.00,1.00,0.00,0.00,0,0,,0,0.00,29,0,0.00,58,0,0.00,38,1,0,3,63,0.00,99,0,0,0.00,44,3,60,1.03,60,0,0.00,99,0,0.00,0,0,0.00,0,0.00,36,2,0.68,41,1,0.34,50.00,0,0.00,0,0,0,0.00,0,3,0.00,73,1.03,36,N/A,N/A,N/A,N/A,0.00,0,0.00,0,0.00,0.00,0,76.62,0.00,58,99,0.00,0.00,0,55,78,0,0,0,0.00,0.00,0,65,19.50,1.00,1.03,3,0,0.00,0.00,99,0.00,0,0,0,0.00,0.00,0,0.00,0.00,0.00,0.00,0,0,0.00,78,74,90,76,80,0.14,31,0.05,0.05,0.00,29,0.00,0.00,82,7,2.33,2.40,0.68,0.67,34,2,0.00,29,33,44,96,0,80,53,0,0.00,99,3,0.00,1.03,7.87,7.67,23,15,65,42,5.13,5.00,65.22,2,0.68,40,0,0.00,0,0.00,99,0,0.00,0.00,60,94,78,94,0,0,0,0,0,66,76,90,87,0,99,66,62,62,0,0,63,22,0,0
Shavon Owner John-Brown,30,797756400,1995/04/13,USL League One,2026,Forward,Spokane Velocity,180,180,0,Grenada,2,2,0,0,0,0,1,1,0,0,0,1,1,0,1,1,0,0,0,0.5,0.5,0,0,0,0,0.5,180,90,0,180,0,-1,-1,-1,14,0,7.10,0.5,94,28.00,28.00,46,56,21.50,43,43,21.50,48,0.00,0.00,1.50,3,0.00,2.00,1.50,1.50,3,0.00,1.00,0.00,0.00,0.00,1.50,1.00,0.50,0.00,0.50,0.00,1.50,0.00,0.50,0.07,0.00,0.00,0.00,0.00,0,0,,1,0.50,40,1,0.50,68,0,0.00,38,0,0,2,68,0.00,99,0,3,1.50,90,4,60,2.00,72,0,0.00,99,0,0.00,0,0,0.00,0,1.50,80,3,1.50,67,2,1.00,66.67,0,0.00,0,0,0,0.00,0,1,0.00,90,0.50,6,N/A,N/A,N/A,N/A,0.00,0,0.00,0,0.15,0.00,0,76.79,100.00,99,99,0.00,0.00,0,82,85,0,0,0,0.00,0.00,0,65,14.20,1.50,1.50,3,0,0.00,0.00,99,0.00,0,0,0,0.00,0.00,0,0.00,0.00,0.00,0.00,0,0,0.00,78,55,45,76,98,0.81,94,0.41,0.41,0.15,57,0.07,0.07,95,7,3.50,3.50,2.00,2.00,78,4,0.07,57,89,56,96,0,80,21,0,0.00,99,0,0.00,0.00,12.00,12.00,24,12,77,77,6.00,6.00,50.00,2,1.00,28,0,0.00,0,0.00,99,0,0.00,0.00,60,59,78,61,0,0,0,0,0,82,76,90,87,0,99,96,62,62,0,0,63,11,0,0
Souaibou Marou,25,975830400,2000/12/03,USL League One,2026,Forward,Charlotte Independence,180,90,90,Cameroon,2,1,1,0,0,0,1,1,0,0,0,1,1,0,1,0,1,0,0,0.5,0.5,0,0,0,0,0.5,180,90,0,180,0,-1,-1,-1,9,0,7.12,0.5,94,11.50,11.50,5,23,6.50,13,7,6.50,3,0.00,0.00,1.50,3,0.00,0.00,0.00,0.00,0,0.00,0.00,0.00,0.00,0.00,0.00,1.00,0.50,0.00,4.00,2.50,1.50,0.00,1.50,0.34,0.00,2.50,0.00,0.00,0,0,,8,4.00,97,3,1.50,95,5,2.50,96,0,0,2,25,0.00,99,0,0,0.00,44,0,60,0.00,36,0,0.00,99,0,0.00,0,0,0.00,0,1.50,80,3,1.50,67,2,1.00,66.67,0,0.00,0,0,0,0.00,0,1,0.00,90,0.50,6,N/A,N/A,N/A,N/A,0.00,0,0.00,0,0.69,0.00,0,56.52,37.50,70,99,0.00,0.00,0,82,85,0,0,0,0.00,0.00,0,65,14.24,0.50,0.50,1,0,0.00,0.00,99,0.00,0,0,0,0.00,0.00,0,0.00,0.00,0.00,0.00,0,0,0.00,78,55,45,76,98,0.69,90,0.34,0.34,0.69,86,0.34,0.34,49,2,1.00,1.00,2.50,2.50,88,5,0.34,84,91,25,96,0,80,83,0,0.00,99,5,0.00,2.50,10.00,10.00,20,9,58,64,4.50,4.50,45.00,0,0.00,99,0,0.00,0,0.00,99,0,0.00,0.00,60,59,78,61,0,0,0,0,0,82,76,90,87,0,99,96,62,62,0,0,63,26,0,0
Stanislav Lapkes,20,1141372800,2006/03/03,USL League One,2026,Midfielder,Sarasota Paradise,0,0,0,USA,0,0,0,0,0,0,0,0,0,0,0,0,0,0,0,0,0,0,0,0,0,0,0,0,0,0,0,0,0,0,0,-1,-1,-1,-1,N/A,N/A,N/A,N/A,N/A,N/A,N/A,N/A,N/A,N/A,N/A,N/A,N/A,N/A,N/A,N/A,N/A,N/A,N/A,N/A,N/A,N/A,N/A,N/A,N/A,N/A,N/A,N/A,N/A,N/A,N/A,N/A,N/A,N/A,N/A,N/A,N/A,N/A,N/A,N/A,N/A,N/A,N/A,N/A,N/A,N/A,N/A,N/A,N/A,N/A,N/A,N/A,N/A,N/A,N/A,N/A,N/A,N/A,N/A,N/A,N/A,N/A,N/A,N/A,N/A,N/A,N/A,N/A,N/A,N/A,N/A,N/A,N/A,N/A,N/A,N/A,N/A,N/A,N/A,N/A,N/A,N/A,N/A,N/A,N/A,N/A,N/A,N/A,N/A,N/A,N/A,N/A,N/A,N/A,N/A,N/A,N/A,N/A,N/A,N/A,N/A,N/A,N/A,N/A,N/A,N/A,N/A,N/A,N/A,N/A,N/A,N/A,N/A,N/A,N/A,N/A,N/A,N/A,N/A,N/A,N/A,N/A,N/A,N/A,N/A,N/A,N/A,N/A,N/A,N/A,N/A,N/A,N/A,N/A,N/A,N/A,N/A,N/A,N/A,N/A,N/A,N/A,N/A,N/A,N/A,N/A,N/A,N/A,N/A,N/A,N/A,N/A,N/A,N/A,N/A,N/A,N/A,N/A,N/A,N/A,N/A,N/A,N/A,N/A,N/A,N/A,N/A,N/A,N/A,N/A,N/A,N/A,N/A,N/A,N/A,N/A,N/A,N/A,N/A,N/A,N/A,N/A,N/A,N/A,N/A,N/A,N/A,N/A,N/A,N/A,N/A,N/A,N/A,N/A,N/A,N/A,N/A,N/A,N/A,N/A,N/A,N/A,N/A,N/A,N/A,N/A,N/A,N/A,N/A,N/A,N/A,N/A,N/A,N/A,N/A,N/A,N/A,N/A,N/A,N/A,N/A,N/A,N/A,N/A
Stavros Zarokostas,28,878716800,1997/11/05,USL League One,2026,Forward,One Knoxville,207,161,46,Greece,4,3,1,0,0,0,1,0,1,0,0,2,2,0,3,2,1,2,0,0.43,0.43,0,0,0,0,1.3,69,52,104,207,0.87,-1,-1,-1,12,0,6.58,0.25,91,18.26,10.50,19,42,6.25,25,9,10.87,11,0.00,0.00,0.75,3,0.00,1.00,1.74,1.00,4,0.00,0.50,0.00,0.00,0.00,0.25,1.00,0.75,0.00,0.87,0.50,2.00,0.00,0.00,0.03,0.00,0.25,0.00,0.00,0,0,,2,0.50,53,0,0.00,58,2,0.87,67,1,1,3,76,0.00,99,0,1,0.43,53,4,71,1.74,69,0,0.00,99,0,0.00,0,0,0.00,0,1.30,75,8,3.48,93,4,1.74,50.00,0,0.00,0,0,0,0.00,0,3,0.00,44,1.30,43,N/A,N/A,N/A,N/A,0.00,0,0.00,0,0.10,0.00,0,59.52,0.00,58,99,0.00,0.00,0,96,78,0,0,0,0.00,0.00,0,65,26.33,0.25,0.43,1,0,0.00,0.00,99,0.00,0,0,0,0.00,0.00,0,0.00,0.00,0.43,0.25,1,0,0.00,78,58,99,76,52,0.75,89,0.19,0.33,0.10,46,0.03,0.04,99,12,3.00,5.22,4.35,2.50,99,10,0.04,46,40,21,96,0,87,30,0,0.00,99,1,0.00,0.43,16.52,9.50,38,17,92,96,7.39,4.25,44.74,2,0.87,31,0,25.00,0,0.00,99,1,0.25,0.43,69,94,93,94,0,0,0,0,0,78,76,90,87,0,99,96,69,93,2,50,95,21,0,0
Stephen Annor Gyamfi,22,1053327600,2003/05/19,USL League One,2026,Midfielder,Forward Madison,180,0,180,Ghana,2,0,2,2,0,2,0,0,0,0,0,1,0,1,1,0,1,0,0,1,0,1,0,1,90,0.5,180,90,0,0,0,-1,-1,-1,1,0,7.35,0,84,11.06,11.00,4,22,8.00,16,31,8.04,7,0.00,0.00,0.00,0,0.00,0.50,0.50,0.50,1,0.00,1.50,0.00,0.00,0.00,0.00,0.50,0.50,2.50,2.51,1.00,1.50,0.00,1.50,0.83,0.00,5.50,0.00,0.00,0,0,,5,2.50,87,3,1.51,96,2,1.01,71,0,0,2,32,0.00,99,0,0,0.00,44,1,60,0.50,44,0,0.00,99,0,0.00,0,0,0.00,0,0.00,36,3,1.51,67,1,0.50,33.33,0,0.00,0,0,0,0.00,0,1,0.00,90,0.50,6,N/A,N/A,N/A,N/A,0.00,0,0.00,0,1.67,0.00,0,72.73,60.00,86,99,0.00,0.00,0,65,62,0,0,0,0.50,0.50,1,79,14.69,3.00,3.02,6,0,0.00,0.00,99,0.00,0,0,0,0.00,0.00,0,0.00,0.00,1.01,1.00,2,0,40.00,95,55,45,81,98,0.03,5,0.01,0.02,1.67,98,0.83,0.84,18,0,0.00,0.00,1.01,1.00,46,2,0.84,98,97,76,96,0,97,99,0,0.00,99,11,0.00,5.53,16.59,16.50,33,13,86,97,6.54,6.50,39.39,3,1.51,13,0,0.00,0,0.00,99,0,0.00,0.00,60,59,78,61,0,0,0,0,0,97,98,99,87,0,99,96,62,62,0,0,63,14,0,0
Stephen Oyebolaji Payne,28,866444400,1997/06/16,USL League One,2026,Forward,Westchester SC,62,62,0,USA,1,1,0,0,0,0,0,0,0,0,0,0,0,0,3,3,0,0,0,0,0,0,0,0,0,4.35,21,62,0,0,0,-1,-1,-1,4,0,3.12,0,84,61.43,21.50,95,43,17.00,34,50,48.57,91,0.00,0.00,0.00,0,0.00,0.00,1.43,0.50,1,0.00,0.50,0.00,0.00,0.00,1.00,0.00,2.00,0.00,0.00,0.00,0.00,0.00,0.00,0.00,0.00,0.50,0.00,0.00,0,0,,0,0.00,29,0,0.00,58,0,0.00,38,0,0,1,65,0.00,99,0,2,2.86,99,0,60,0.00,36,0,0.00,99,0,0.00,0,0,0.00,0,0.00,36,0,0.00,27,0,0.00,0.00,0,0.00,0,0,0,0.00,0,4,0.00,0,5.71,99,N/A,N/A,N/A,N/A,0.00,0,0.00,0,0.00,0.00,0,79.07,0.00,58,99,0.00,0.00,0,46,46,0,0,0,0.50,1.43,1,99,6.23,1.50,4.29,3,0,0.00,0.00,99,0.00,0,0,0,0.00,0.00,0,0.00,0.00,0.00,0.00,0,0,0.00,78,0,9,76,8,0.07,63,0.04,0.10,0.00,29,0.00,0.00,99,4,2.00,5.71,0.00,0.00,17,0,0.00,29,2,88,96,0,80,67,0,0.00,99,1,0.00,1.43,10.00,3.50,7,6,96,64,8.57,3.00,85.71,1,1.43,14,0,0.00,0,0.00,99,0,0.00,0.00,60,24,78,61,0,0,0,0,0,66,76,90,87,0,99,40,62,62,0,0,63,22,0,0
Steven Ramos,19,1148454000,2006/05/24,USL League One,2026,Midfielder,Alta,97,97,0,USA,2,2,0,0,0,0,0,0,0,0,0,1,1,0,0,0,0,1,0,0,0,0,0,0,0,0,0,49,97,0,0.93,-1,-1,-1,14,0,4.31,0,84,52.11,14.67,85,44,12.33,37,68,43.82,86,0.00,0.00,0.33,1,0.00,0.33,0.00,0.00,0,0.00,0.00,0.00,0.00,0.00,0.00,0.00,0.00,0.00,0.00,0.00,0.00,0.00,0.00,0.00,0.00,0.00,0.00,0.00,0,0,,0,0.00,29,0,0.00,58,0,0.00,38,0,1,1,25,0.00,99,0,0,0.00,44,1,99,1.18,63,0,0.00,99,0,0.00,0,0,0.00,0,1.18,73,0,0.00,27,0,0.00,0.00,0,0.00,0,0,0,0.00,0,0,0.00,99,0.00,0,N/A,N/A,N/A,N/A,0.00,0,0.00,0,0.00,0.00,0,84.09,0.00,58,99,0.00,0.00,0,46,46,0,0,0,0.00,0.00,0,65,12.93,0.00,0.00,0,0,0.00,0.00,99,0.00,0,0,0,0.00,0.00,0,0.00,0.00,0.00,0.00,0,0,0.00,78,14,45,76,8,0.10,69,0.03,0.12,0.00,29,0.00,0.00,54,1,0.33,1.18,2.37,0.67,85,2,0.00,29,4,16,96,0,80,21,0,0.00,99,0,0.00,0.00,3.55,1.00,3,1,10,13,1.18,0.33,33.33,0,0.00,99,0,100.00,0,0.00,99,1,0.33,1.18,88,24,93,61,0,0,0,0,0,66,76,90,87,0,99,96,68,94,1,50,95,52,0,0
Taner Akin,56,N/A,N/A,USL League One,2026,Goalkeeper,Fort Wayne,0,0,0,,0,0,0,0,0,0,0,0,0,0,0,0,0,0,0,0,0,0,0,0,0,0,0,0,0,0,0,0,0,0,0,-1,-1,-1,-1,N/A,N/A,N/A,N/A,N/A,N/A,N/A,N/A,N/A,N/A,N/A,N/A,N/A,N/A,N/A,N/A,N/A,N/A,N/A,N/A,N/A,N/A,N/A,N/A,N/A,N/A,N/A,N/A,N/A,N/A,N/A,N/A,N/A,N/A,N/A,N/A,N/A,N/A,N/A,N/A,N/A,N/A,N/A,N/A,N/A,N/A,N/A,N/A,N/A,N/A,N/A,N/A,N/A,N/A,N/A,N/A,N/A,N/A,N/A,N/A,N/A,N/A,N/A,N/A,N/A,N/A,N/A,N/A,N/A,N/A,N/A,N/A,N/A,N/A,N/A,N/A,N/A,N/A,N/A,N/A,N/A,N/A,N/A,N/A,N/A,N/A,N/A,N/A,N/A,N/A,N/A,N/A,N/A,N/A,N/A,N/A,N/A,N/A,N/A,N/A,N/A,N/A,N/A,N/A,N/A,N/A,N/A,N/A,N/A,N/A,N/A,N/A,N/A,N/A,N/A,N/A,N/A,N/A,N/A,N/A,N/A,N/A,N/A,N/A,N/A,N/A,N/A,N/A,N/A,N/A,N/A,N/A,N/A,N/A,N/A,N/A,N/A,N/A,N/A,N/A,N/A,N/A,N/A,N/A,N/A,N/A,N/A,N/A,N/A,N/A,N/A,N/A,N/A,N/A,N/A,N/A,N/A,N/A,N/A,N/A,N/A,N/A,N/A,N/A,N/A,N/A,N/A,N/A,N/A,N/A,N/A,N/A,N/A,N/A,N/A,N/A,N/A,N/A,N/A,N/A,N/A,N/A,N/A,N/A,N/A,N/A,N/A,N/A,N/A,N/A,N/A,N/A,N/A,N/A,N/A,N/A,N/A,N/A,N/A,N/A,N/A,N/A,N/A,N/A,N/A,N/A,N/A,N/A,N/A,N/A,N/A,N/A,N/A,N/A,N/A,N/A,N/A,N/A,N/A,N/A,N/A,N/A,N/A,N/A
Taylor Gray,25,970470000,2000/10/02,USL League One,2026,Defender,Naples,270,180,90,England,3,2,1,0,0,0,0,0,0,0,0,2,1,1,1,1,0,0,0,0,0,0,0,0,0,0.33,270,90,0,0,0,-1,-1,-1,8,0,6.65,0,84,18.12,15.75,18,63,11.00,44,24,12.65,17,0.00,0.00,1.00,4,0.00,1.25,0.86,0.75,3,0.00,1.50,0.00,0.00,0.00,0.00,0.50,0.50,0.00,1.44,1.00,1.25,0.00,0.25,0.07,0.00,1.25,0.00,0.00,0,0,,5,1.25,70,1,0.29,59,4,1.15,77,0,0,3,47,0.00,99,0,0,0.00,44,5,60,1.44,66,0,0.00,99,0,0.00,0,0,0.00,0,1.15,71,5,1.44,64,2,0.58,40.00,0,0.00,0,0,0,0.00,0,2,0.00,90,0.58,12,N/A,N/A,N/A,N/A,0.00,0,0.00,0,0.30,0.00,0,69.84,20.00,60,99,0.00,0.00,0,69,64,0,0,0,0.00,0.00,0,65,26.61,1.00,1.15,4,0,0.00,0.00,99,0.00,0,0,0,0.00,0.00,0,0.00,0.00,0.29,0.25,1,0,0.00,78,92,90,76,98,0.22,38,0.06,0.06,0.30,62,0.07,0.09,75,7,1.75,2.01,2.88,2.50,93,10,0.09,62,50,47,96,0,81,67,0,0.00,99,5,0.00,1.44,14.09,12.25,49,17,62,91,4.89,4.25,34.69,6,1.73,9,0,0.00,0,0.00,99,0,0.00,0.00,60,94,78,61,0,0,0,0,0,66,76,90,87,0,99,98,62,62,0,0,63,7,0,0
Thabo Nare,23,1047542400,2003/03/13,USL League One,2026,Midfielder,Charlotte Independence,90,90,0,USA,1,1,0,0,0,0,0,0,0,0,0,1,1,0,0,0,0,0,0,0,0,0,0,0,0,0,0,90,0,0,0,-1,-1,-1,13,0,6.35,0,84,26.00,26.00,39,26,23.00,23,92,23.00,52,0.00,0.00,0.00,0,0.00,0.00,1.00,1.00,1,0.00,1.00,0.00,0.00,0.00,0.00,0.00,0.00,0.00,0.00,0.00,0.00,0.00,0.00,0.00,0.00,1.00,0.00,0.00,0,0,,0,0.00,29,0,0.00,58,0,0.00,38,0,0,1,52,0.00,99,0,0,0.00,44,0,60,0.00,36,0,0.00,99,0,0.00,0,0,0.00,0,0.00,36,0,0.00,27,0,0.00,0.00,0,0.00,0,0,0,0.00,0,0,0.00,99,0.00,0,N/A,N/A,N/A,N/A,0.00,0,0.00,0,0.00,0.00,0,88.46,0.00,58,99,0.00,0.00,0,46,46,0,0,0,0.00,0.00,0,65,6.35,0.00,0.00,0,0,0.00,0.00,99,0.00,0,0,0,0.00,0.00,0,0.00,0.00,1.00,1.00,1,0,0.00,78,12,9,76,8,0.05,31,0.05,0.05,0.00,29,0.00,0.00,18,0,0.00,0.00,2.00,2.00,78,2,0.00,29,18,16,96,0,97,52,0,0.00,99,1,0.00,1.00,6.00,6.00,6,2,18,27,2.00,2.00,33.33,1,1.00,28,0,0.00,0,0.00,99,0,0.00,0.00,60,24,78,61,0,0,0,0,0,66,76,90,87,0,99,99,62,62,0,0,63,21,0,0
Titus Washington,25,965804400,2000/08/09,USL League One,2026,Midfielder,Portland Hearts of Pine,90,0,90,USA,1,0,1,0,0,0,0,0,0,0,0,0,0,0,1,0,1,0,0,0,0,0,0,0,0,1,90,90,0,0,0,-1,-1,-1,15,0,6.38,0,84,9.86,4.00,2,8,2.50,5,12,6.16,2,0.00,0.00,0.00,0,0.00,0.00,0.00,0.00,0,0.00,0.50,0.00,0.00,0.00,0.00,0.00,0.00,0.00,1.23,0.50,0.50,0.00,0.00,0.03,0.00,1.50,0.00,0.00,0,0,,1,0.50,65,0,0.00,58,1,1.23,78,0,0,1,25,0.00,99,0,0,0.00,44,0,60,0.00,36,0,0.00,99,0,0.00,0,0,0.00,0,0.00,36,1,1.23,59,0,0.00,0.00,0,0.00,0,0,0,0.00,0,0,0.00,63,0.00,0,N/A,N/A,N/A,N/A,0.00,0,0.00,0,0.06,0.00,0,62.50,0.00,58,99,0.00,0.00,0,46,46,0,0,0,0.00,0.00,0,65,12.75,1.50,3.70,3,0,0.00,0.00,99,0.00,0,0,1,0.50,1.23,0,0.00,0.00,1.23,0.50,1,0,0.00,78,12,9,76,71,0.01,3,0.01,0.01,0.06,57,0.03,0.07,18,0,0.00,0.00,2.47,1.00,87,2,0.07,57,20,83,99,0,98,93,0,0.00,99,3,0.00,3.70,8.63,3.50,7,3,42,51,3.70,1.50,42.86,1,1.23,17,0,0.00,0,0.00,99,0,0.00,0.00,60,24,78,61,0,0,0,0,0,66,76,90,87,0,99,40,62,62,0,0,63,14,0,0
Tomas Pondeca,24,1002697200,2001/10/10,USL League One,2026,Midfielder,Corpus Christi,238,0,238,USA,3,0,3,1,0,1,0,0,0,0,0,1,0,1,3,0,3,0,0,0.38,0,0.38,0,0.38,238,1.13,79,79,0,0,0,-1,-1,-1,2,0,6.45,0,84,15.50,13.67,9,41,10.00,30,33,11.34,13,0.00,0.00,0.67,2,0.00,2.00,2.27,2.00,6,0.00,1.00,0.00,0.00,0.00,0.67,0.33,1.00,3.00,1.13,0.67,2.33,0.00,0.33,0.27,0.00,0.00,0.00,0.00,0,0,,3,1.00,63,1,0.38,65,2,0.76,63,1,0,3,83,0.00,99,0,2,0.76,69,6,80,2.27,75,0,0.00,99,0,0.00,0,0,0.00,0,0.76,59,7,2.65,88,1,0.38,14.29,0,0.00,0,0,0,0.00,0,3,0.00,48,1.13,40,N/A,N/A,N/A,N/A,0.00,0,0.00,0,0.81,0.00,0,73.17,33.33,69,99,0.00,0.00,0,59,46,0,0,0,0.00,0.00,0,65,19.36,1.00,1.13,3,0,0.00,0.00,99,0.00,0,0,0,0.00,0.00,0,0.00,0.00,0.76,0.67,2,0,33.33,93,65,90,90,56,0.12,31,0.04,0.05,0.81,84,0.27,0.31,80,6,2.00,2.27,2.27,2.00,83,6,0.31,82,28,46,96,0,94,21,0,0.00,99,0,0.00,0.00,12.48,11.00,33,13,63,82,4.92,4.33,39.39,3,1.13,20,0,33.33,0,0.00,99,2,0.67,0.76,82,94,78,94,0,0,0,0,0,76,86,92,87,0,99,66,62,62,0,0,63,27,0,0
Tomás Ritondale,23,1018940400,2002/04/16,USL League One,2026,Midfielder,Corpus Christi,7,0,7,USA,1,0,1,0,0,0,0,0,0,0,0,0,0,0,1,0,1,0,0,0,0,0,0,0,0,12.86,7,7,0,0,0,-1,-1,-1,12,0,2.10,0,84,77.14,2.00,99,6,1.33,4,18,51.43,93,0.00,0.00,0.00,0,0.00,0.00,12.86,0.33,1,0.00,0.00,0.00,0.00,0.00,0.00,0.00,0.33,0.00,0.00,0.00,0.00,0.00,0.00,0.00,0.00,0.00,0.00,0.00,0,0,,0,0.00,29,0,0.00,58,0,0.00,38,0,1,0,99,0.00,99,0,0,0.00,44,0,60,0.00,36,0,0.00,99,0,0.00,0,0,0.00,0,0.00,36,0,0.00,27,0,0.00,0.00,0,0.00,0,0,0,0.00,0,1,0.00,22,12.86,99,N/A,N/A,N/A,N/A,0.00,0,0.00,0,0.00,0.00,0,66.67,0.00,58,99,0.00,0.00,0,46,46,0,0,0,0.00,0.00,0,65,6.29,0.00,0.00,0,0,0.00,0.00,99,0.00,0,0,0,0.00,0.00,0,0.00,0.00,0.00,0.00,0,0,0.00,78,0,9,76,8,0.01,73,0.00,0.13,0.00,29,0.00,0.00,99,1,0.33,12.86,0.00,0.00,17,0,0.00,29,0,16,96,0,80,21,0,0.00,99,0,0.00,0.00,38.57,1.00,3,2,99,99,25.71,0.67,66.67,0,0.00,99,0,0.00,0,0.00,99,0,0.00,0.00,60,3,93,61,0,0,0,0,0,66,76,90,87,0,99,40,62,62,0,0,63,3,0,0
Tumi Moshobane,31,779785200,1994/09/17,USL League One,2026,Midfielder,Athletic Club Boise,90,0,90,South Africa,1,0,1,0,0,0,0,0,0,0,0,1,0,1,0,0,0,0,0,0,0,0,0,0,0,0,0,90,0,0,0,-1,-1,-1,7,0,6.88,0,84,24.00,24.00,33,24,20.00,20,65,20.00,42,0.00,0.00,1.00,1,0.00,0.00,0.00,0.00,0,0.00,0.00,0.00,0.00,0.00,0.00,1.00,0.00,0.00,1.00,0.00,2.00,0.00,1.00,0.13,0.00,1.00,0.00,0.00,0,0,,1,1.00,60,1,1.00,85,0,0.00,38,0,0,1,25,0.00,99,0,0,0.00,44,0,60,0.00,36,0,0.00,99,0,0.00,0,0,0.00,0,1.00,66,2,2.00,80,1,1.00,50.00,0,0.00,0,0,0,0.00,0,0,0.00,99,0.00,0,N/A,N/A,N/A,N/A,0.00,0,0.00,0,0.13,0.00,0,83.33,100.00,99,99,0.00,0.00,0,82,78,0,0,0,0.00,0.00,0,65,6.88,0.00,0.00,0,0,0.00,0.00,99,0.00,0,0,0,0.00,0.00,0,0.00,0.00,2.00,2.00,2,0,0.00,78,12,9,76,8,0.08,50,0.08,0.08,0.13,67,0.13,0.13,75,2,2.00,2.00,2.00,2.00,78,2,0.13,67,73,16,96,0,99,52,0,0.00,99,1,0.00,1.00,8.00,8.00,8,4,48,45,4.00,4.00,50.00,0,0.00,99,0,0.00,0,0.00,99,0,0.00,0.00,60,24,78,61,0,0,0,0,0,66,76,90,87,0,99,99,62,62,0,0,63,11,0,0
Tyler Freeman,23,1042099200,2003/01/09,USL League One,2026,Forward,Richmond Kickers,124,34,90,USA,2,1,1,0,0,0,0,0,0,0,0,0,0,0,2,1,1,0,0,0,0,0,0,0,0,1.45,62,62,0,0,0,-1,-1,-1,10,0,6.39,0,84,10.89,7.50,3,15,5.50,11,33,7.98,5,0.00,0.00,1.00,2,0.00,3.00,0.00,0.00,0,0.00,0.50,0.00,0.00,0.00,0.00,0.50,1.00,0.00,0.73,0.50,2.00,0.00,0.00,0.03,0.00,0.50,0.00,0.00,0,0,,1,0.50,49,0,0.00,58,1,0.73,62,1,0,2,25,0.00,99,0,0,0.00,44,6,90,4.35,90,0,0.00,99,0,0.00,0,0,0.00,0,1.45,79,4,2.90,91,1,0.73,25.00,0,0.00,0,0,0,0.00,0,2,0.00,40,1.45,49,N/A,N/A,N/A,N/A,0.00,0,0.00,0,0.05,0.00,0,73.33,0.00,58,99,0.00,0.00,0,75,52,0,0,0,0.00,0.00,0,65,12.79,0.50,0.73,1,0,0.00,0.00,99,0.00,0,0,0,0.00,0.00,0,0.00,0.00,0.00,0.00,0,0,0.00,78,21,45,76,48,0.09,44,0.04,0.07,0.05,46,0.03,0.04,40,1,0.50,0.73,0.73,0.50,36,1,0.04,46,22,33,96,0,80,44,0,0.00,99,1,0.00,0.73,8.71,6.00,12,3,20,54,2.18,1.50,25.00,1,0.73,36,0,50.00,0,0.00,99,3,1.50,2.18,96,59,78,94,0,0,0,0,0,66,76,90,87,0,99,40,62,62,0,0,63,23,0,0
Tyler Polak,33,705740400,1992/05/13,USL League One,2026,Defender,Greenville Triumph,22,22,0,USA,1,1,0,0,0,0,0,0,0,0,0,0,0,0,0,0,0,0,0,0,0,0,0,0,0,0,0,22,0,0,0,-1,-1,-1,12,0,2.10,0,84,24.55,2.00,36,6,1.67,5,65,20.45,44,0.00,0.00,0.00,0,0.00,0.00,0.00,0.00,0,0.00,0.00,0.00,0.00,0.00,0.00,0.00,0.00,0.00,0.00,0.00,0.00,0.00,0.00,0.00,0.00,0.00,0.00,0.00,0,0,,0,0.00,29,0,0.00,58,0,0.00,38,0,1,0,25,0.00,99,0,0,0.00,44,0,60,0.00,36,0,0.00,99,0,0.00,0,0,0.00,0,0.00,36,0,0.00,27,0,0.00,0.00,0,0.00,0,0,0,0.00,0,0,0.00,99,0.00,0,N/A,N/A,N/A,N/A,0.00,0,0.00,0,0.00,0.00,0,83.33,0.00,58,99,0.00,0.00,0,46,46,0,0,0,0.00,0.00,0,65,6.31,0.00,0.00,0,0,0.00,0.00,99,0.00,0,0,0,0.00,0.00,0,0.00,0.00,0.00,0.00,0,0,0.00,78,0,9,76,8,0.01,23,0.00,0.04,0.00,29,0.00,0.00,18,0,0.00,0.00,4.09,0.33,99,1,0.00,29,0,16,96,0,80,21,0,0.00,99,0,0.00,0.00,4.09,0.33,1,0,1,15,0.00,0.00,0.00,0,0.00,99,0,0.00,0,0.00,99,0,0.00,0.00,60,3,93,61,0,0,0,0,0,66,76,90,87,0,99,40,62,62,0,0,63,3,0,0
Viggo Ortiz Córdova,17,1211785200,2008/05/26,USL League One,2026,Midfielder,Charlotte Independence,90,90,0,Mexico,1,1,0,1,0,1,0,0,0,0,0,1,1,0,0,0,0,0,0,1,0,1,0,0,90,0,0,90,0,0,0,-1,-1,-1,3,0,7.05,0,84,17.03,10.50,15,21,9.00,18,80,14.59,24,0.00,0.00,1.50,3,0.00,1.50,0.00,0.00,0,0.00,0.00,0.00,0.00,0.00,0.00,1.00,0.00,5.00,4.05,2.00,1.00,0.00,0.50,0.46,0.00,0.00,0.00,0.00,0,0,,5,2.50,98,1,0.81,80,4,3.24,98,0,0,1,25,0.00,99,0,0,0.00,44,3,80,2.43,77,0,0.00,99,0,0.00,0,0,0.00,0,2.43,94,2,1.62,70,2,1.62,100.00,0,0.00,0,0,0,0.00,0,0,0.00,99,0.00,0,N/A,N/A,N/A,N/A,0.00,0,0.00,0,0.91,0.00,0,85.71,20.00,60,99,0.00,0.00,0,94,99,0,0,0,0.00,0.00,0,65,14.11,0.00,0.00,0,0,0.00,0.00,99,0.00,0,0,0,0.00,0.00,0,0.00,0.00,1.62,1.00,2,0,20.00,86,12,9,81,8,0.14,66,0.07,0.11,0.91,97,0.46,0.74,67,2,1.00,1.62,0.00,0.00,17,0,0.74,97,86,16,96,0,99,21,0,0.00,99,0,0.00,0.00,4.05,2.50,5,4,34,15,3.24,2.00,80.00,0,0.00,99,0,33.33,0,0.00,99,1,0.50,0.81,83,24,78,61,0,0,0,0,0,97,98,90,87,0,99,99,62,62,0,0,63,11,0,0
William Perkins,26,953107200,2000/03/15,USL League One,2026,Midfielder,One Knoxville,53,53,0,USA,2,2,0,0,0,0,0,0,0,0,0,2,2,0,0,0,0,0,0,0,0,0,0,0,0,0,0,27,0,0,0,-1,-1,-1,6,0,3.30,0,84,56.04,8.25,90,33,6.50,26,48,44.15,86,0.00,0.00,0.25,1,0.00,0.75,3.40,0.50,2,0.00,0.00,0.00,0.00,0.00,0.00,0.25,0.00,0.00,0.00,0.00,0.50,0.00,0.00,0.00,0.00,0.50,0.00,0.00,0,0,,0,0.00,29,0,0.00,58,0,0.00,38,1,1,1,96,0.00,99,0,0,0.00,44,3,80,5.09,93,0,0.00,99,0,0.00,0,0,0.00,0,1.70,83,2,3.40,92,1,1.70,50.00,0,0.00,0,0,0,0.00,0,0,0.00,99,0.00,0,N/A,N/A,N/A,N/A,0.00,0,0.00,0,0.00,0.00,0,78.79,0.00,58,99,0.00,0.00,0,96,78,0,0,0,0.25,1.70,1,99,13.22,0.50,3.40,2,0,0.00,0.00,99,0.00,0,0,0,0.00,0.00,0,0.00,0.00,0.00,0.00,0,0,0.00,78,0,45,76,8,0.11,83,0.03,0.19,0.00,29,0.00,0.00,98,3,0.75,5.09,3.40,0.50,96,2,0.00,29,2,80,96,0,80,92,0,0.00,99,2,0.00,3.40,22.08,3.25,13,8,99,99,13.58,2.00,61.54,0,0.00,99,0,33.33,0,0.00,99,1,0.25,1.70,94,24,93,94,0,0,0,0,0,66,76,90,87,0,99,99,62,62,0,0,63,22,0,0
Wynand Wessels,24,998550000,2001/08/23,USL League One,2026,Midfielder,Chattanooga Red Wolves,2,0,2,South Africa,1,0,1,0,0,0,0,0,0,0,0,0,0,0,0,0,0,0,0,0,0,0,0,0,0,0,0,2,0,0,0,-1,-1,-1,14,0,6.55,0,84,36.00,4.00,66,4,4.00,4,99,36.00,78,0.00,0.00,0.00,0,0.00,1.00,0.00,0.00,0,0.00,0.00,0.00,0.00,0.00,0.00,0.00,0.00,0.00,0.00,0.00,0.00,0.00,0.00,0.00,0.00,1.00,0.00,0.00,0,0,,0,0.00,29,0,0.00,58,0,0.00,38,0,1,0,25,0.00,99,0,0,0.00,44,1,60,9.00,99,0,0.00,99,0,0.00,0,0,0.00,0,0.00,36,0,0.00,27,0,0.00,0.00,0,0.00,0,0,0,0.00,0,0,0.00,99,0.00,0,N/A,N/A,N/A,N/A,0.00,0,0.00,0,0.00,0.00,0,100.00,0.00,58,99,0.00,0.00,0,46,46,0,0,0,0.00,0.00,0,65,6.55,0.00,0.00,0,0,0.00,0.00,99,0.00,0,0,0,0.00,0.00,0,0.00,0.00,0.00,0.00,0,0,0.00,78,0,9,76,8,0.01,57,0.01,0.09,0.00,29,0.00,0.00,18,0,0.00,0.00,0.00,0.00,17,0,0.00,29,37,16,96,0,80,99,0,0.00,99,1,0.00,9.00,9.00,1.00,1,1,97,57,9.00,1.00,100.00,0,0.00,99,0,0.00,0,0.00,99,0,0.00,0.00,60,3,93,61,0,0,0,0,0,66,76,90,87,0,99,40,62,62,0,0,63,6,0,0
Yanis Lelin Vegas,24,1014364800,2002/02/22,USL League One,2026,Midfielder,Chattanooga Red Wolves,24,0,24,USA,1,0,1,0,0,0,0,0,0,0,0,0,0,0,0,0,0,0,0,0,0,0,0,0,0,0,0,24,0,0,0,-1,-1,-1,12,0,6.61,0,84,7.50,2.00,1,2,0.00,0,0,0.00,0,0.00,0.00,0.00,0,0.00,0.00,3.75,1.00,1,0.00,0.00,0.00,0.00,0.00,0.00,0.00,0.00,0.00,0.00,0.00,0.00,0.00,0.00,0.00,0.00,0.00,0.00,0.00,0,0,,0,0.00,29,0,0.00,58,0,0.00,38,0,1,0,97,0.00,99,0,0,0.00,44,0,60,0.00,36,0,0.00,99,0,0.00,0,0,0.00,0,0.00,36,0,0.00,27,0,0.00,0.00,0,0.00,0,0,0,0.00,0,0,0.00,99,0.00,0,N/A,N/A,N/A,N/A,0.00,0,0.00,0,0.00,0.00,0,0.00,0.00,58,99,0.00,0.00,0,46,46,0,0,0,0.00,0.00,0,65,6.61,2.00,7.50,2,0,0.00,0.00,99,0.00,0,0,0,0.00,0.00,0,0.00,0.00,0.00,0.00,0,0,0.00,78,0,9,76,8,0.00,0,0.00,0.00,0.00,29,0.00,0.00,99,2,2.00,7.50,0.00,0.00,17,0,0.00,29,44,99,96,0,80,21,0,0.00,99,0,0.00,0.00,11.25,3.00,3,3,99,75,11.25,3.00,100.00,0,0.00,99,0,0.00,0,0.00,99,0,0.00,0.00,60,3,93,61,0,0,0,0,0,66,76,90,87,0,99,40,62,62,0,0,63,23,0,0
Yann Alexandre Fillion,30,824284800,1996/02/14,USL League One,2026,Goalkeeper,Richmond Kickers,270,90,180,Canada,3,1,2,0,0,0,0,0,0,0,0,0,0,0,3,1,2,0,0,0,0,0,0,0,0,1,90,90,0,0,0,-1,-1,-1,2,0,7.00,0,84,23.33,23.33,33,70,10.67,32,2,10.67,10,0.00,0.00,0.00,0,0.00,0.00,0.00,0.00,0,0.00,0.00,0.00,0.00,4.33,0.00,0.00,5.33,0.00,0.00,0.00,0.00,0.00,0.00,0.00,0.00,0.33,0.00,0.00,0,0,,0,0.00,29,0,0.00,58,0,0.00,38,0,0,3,25,0.00,99,0,0,0.00,44,0,60,0.00,36,0,0.00,99,0,0.00,0,0,0.00,0,0.00,36,0,0.00,27,0,0.00,0.00,0,0.00,0,13,56,4.33,89,16,0.00,63,5.33,98,N/A,N/A,N/A,N/A,81.25,0,0.00,0,0.00,0.00,0,45.71,0.00,58,99,0.00,0.00,0,46,46,0,0,6,0.00,0.00,0,65,21.01,1.33,1.33,4,0,0.00,0.00,99,0.00,0,0,0,0.00,0.00,3,1.00,1.00,0.00,0.00,0,0,0.00,78,92,90,76,71,0.08,12,0.03,0.03,0.00,29,0.00,0.00,18,0,0.00,0.00,0.00,0.00,17,0,0.00,29,83,54,96,92,80,26,0,0.00,99,1,0.00,0.33,0.33,0.33,1,1,3,3,0.33,0.33,100.00,0,0.00,99,0,0.00,0,0.00,99,0,0.00,0.00,60,94,78,61,0,0,0,0,0,66,76,90,87,0,99,40,62,62,0,0,63,1,0,0
Younes Boudadi,30,822384000,1996/01/23,USL League One,2026,Defender,Union Omaha,90,90,0,Morocco,1,1,0,0,0,0,1,1,0,0,0,0,0,0,2,2,0,0,0,1,1,0,0,0,0,2,45,90,0,90,0,-1,-1,-1,16,0,0.00,0,99,0.00,0.00,0,0,0.00,0,0,0.00,0,0.00,0.00,0.00,0,0.00,0.00,0.00,0.00,0,0.00,0.00,0.00,0.00,0.00,0.00,0.00,0.00,0.00,0.00,0.00,0.00,0.00,0.00,0.00,0.00,0.00,0.00,0.00,0,0,,0,0.00,29,0,0.00,58,0,0.00,38,0,0,1,25,0.00,99,0,0,0.00,44,0,60,0.00,36,0,0.00,99,0,0.00,0,0,0.00,0,0.00,36,0,0.00,27,0,0.00,0.00,0,0.00,0,0,0,0.00,0,0,0.00,22,0.00,0,N/A,N/A,N/A,N/A,0.00,0,0.00,0,0.00,0.00,0,0.00,0.00,58,99,0.00,0.00,0,46,46,0,0,0,0.00,0.00,0,65,0.00,0.00,0.00,0,0,0.00,0.00,99,0.00,0,0,0,0.00,0.00,0,0.00,0.00,0.00,0.00,0,0,0.00,78,12,9,76,30,0.00,0,0.00,0.00,0.00,29,0.00,0.00,18,0,0.00,0.00,0.00,0.00,17,0,0.00,29,0,16,96,0,80,21,0,0.00,99,0,0.00,0.00,0.00,0.00,0,0,1,1,0.00,0.00,0.00,0,0.00,99,0,0.00,0,0.00,99,0,0.00,0.00,60,24,78,61,0,0,0,0,0,97,76,90,87,0,99,40,62,62,0,0,63,23,0,0
Zane Bubb,26,947577600,2000/01/11,USL League One,2026,Midfielder,Greenville Triumph,0,0,0,USA,0,0,0,0,0,0,0,0,0,0,0,0,0,0,0,0,0,0,0,0,0,0,0,0,0,0,0,0,0,0,0,-1,-1,-1,-1,N/A,N/A,N/A,N/A,N/A,N/A,N/A,N/A,N/A,N/A,N/A,N/A,N/A,N/A,N/A,N/A,N/A,N/A,N/A,N/A,N/A,N/A,N/A,N/A,N/A,N/A,N/A,N/A,N/A,N/A,N/A,N/A,N/A,N/A,N/A,N/A,N/A,N/A,N/A,N/A,N/A,N/A,N/A,N/A,N/A,N/A,N/A,N/A,N/A,N/A,N/A,N/A,N/A,N/A,N/A,N/A,N/A,N/A,N/A,N/A,N/A,N/A,N/A,N/A,N/A,N/A,N/A,N/A,N/A,N/A,N/A,N/A,N/A,N/A,N/A,N/A,N/A,N/A,N/A,N/A,N/A,N/A,N/A,N/A,N/A,N/A,N/A,N/A,N/A,N/A,N/A,N/A,N/A,N/A,N/A,N/A,N/A,N/A,N/A,N/A,N/A,N/A,N/A,N/A,N/A,N/A,N/A,N/A,N/A,N/A,N/A,N/A,N/A,N/A,N/A,N/A,N/A,N/A,N/A,N/A,N/A,N/A,N/A,N/A,N/A,N/A,N/A,N/A,N/A,N/A,N/A,N/A,N/A,N/A,N/A,N/A,N/A,N/A,N/A,N/A,N/A,N/A,N/A,N/A,N/A,N/A,N/A,N/A,N/A,N/A,N/A,N/A,N/A,N/A,N/A,N/A,N/A,N/A,N/A,N/A,N/A,N/A,N/A,N/A,N/A,N/A,N/A,N/A,N/A,N/A,N/A,N/A,N/A,N/A,N/A,N/A,N/A,N/A,N/A,N/A,N/A,N/A,N/A,N/A,N/A,N/A,N/A,N/A,N/A,N/A,N/A,N/A,N/A,N/A,N/A,N/A,N/A,N/A,N/A,N/A,N/A,N/A,N/A,N/A,N/A,N/A,N/A,N/A,N/A,N/A,N/A,N/A,N/A,N/A,N/A,N/A,N/A,N/A,N/A,N/A,N/A,N/A,N/A,N/A
Zion Scarlett,21,1083740400,2004/05/05,USL League One,2026,Forward,Portland Hearts of Pine,73,0,73,USA,2,0,2,0,0,0,0,0,0,0,0,0,0,0,0,0,0,0,0,0,0,0,0,0,0,0,0,37,0,0,0,-1,-1,-1,13,0,4.31,0,84,40.68,11.00,73,33,9.67,29,90,35.75,78,0.00,0.00,0.00,0,0.00,0.67,1.23,0.33,1,0.00,0.00,0.00,0.00,0.00,0.33,0.00,0.00,0.00,0.00,0.00,0.00,0.00,0.00,0.00,0.00,0.33,0.00,0.00,0,0,,0,0.00,29,0,0.00,58,0,0.00,38,1,1,1,59,0.00,99,0,1,1.23,87,2,60,2.47,78,0,0.00,99,0,0.00,0,0,0.00,0,0.00,36,0,0.00,27,0,0.00,0.00,0,0.00,0,0,0,0.00,0,0,0.00,99,0.00,0,N/A,N/A,N/A,N/A,0.00,0,0.00,0,0.00,0.00,0,87.88,0.00,58,99,0.00,0.00,0,46,46,0,0,0,0.00,0.00,0,65,12.94,0.33,1.23,1,0,0.00,0.00,99,0.00,0,0,0,0.00,0.00,0,0.00,0.00,0.00,0.00,0,0,0.00,78,2,45,76,8,0.05,38,0.02,0.06,0.00,29,0.00,0.00,56,1,0.33,1.23,2.47,0.67,87,2,0.00,29,4,48,96,0,80,59,0,0.00,99,1,0.00,1.23,7.40,2.00,6,3,42,38,3.70,1.00,50.00,0,0.00,99,0,0.00,0,0.00,99,0,0.00,0.00,60,24,93,94,0,0,0,0,0,66,76,90,87,0,99,40,62,62,0,0,63,41,0,0
