full_name,age,birthday,birthday_GMT,league,season,position,Current Club,minutes_played_overall,minutes_played_home,minutes_played_away,nationality,appearances_overall,appearances_home,appearances_away,goals_overall,goals_home,goals_away,assists_overall,assists_home,assists_away,penalty_goals,penalty_misses,clean_sheets_overall,clean_sheets_home,clean_sheets_away,conceded_overall,conceded_home,conceded_away,yellow_cards_overall,red_cards_overall,goals_involved_per_90_overall,assists_per_90_overall,goals_per_90_overall,goals_per_90_home,goals_per_90_away,min_per_goal_overall,conceded_per_90_overall,min_per_conceded_overall,min_per_match,min_per_card_overall,min_per_assist_overall,cards_per_90_overall,rank_in_league_top_attackers,rank_in_league_top_midfielders,rank_in_league_top_defenders,rank_in_club_top_scorer,annual_salary_eur,average_rating_overall,assists_per_game_overall,assists_per90_percentile_overall,passes_per_90_overall,passes_per_game_overall,passes_per90_percentile_overall,passes_total_overall,passes_completed_per_game_overall,passes_completed_total_overall,pass_completion_rate_percentile_overall,passes_completed_per_90_overall,passes_completed_per90_percentile_overall,short_passes_per_game_overall,long_passes_per_game_overall,key_passes_per_game_overall,key_passes_total_overall,through_passes_per_game_overall,crosses_per_game_overall,tackles_per_90_overall,tackles_per_game_overall,tackles_total_overall,tackles_successful_per_game_overall,dispossesed_per_game_overall,possession_regained_per_game_overall,pressures_per_game_overall,saves_per_game_overall,interceptions_per_game_overall,dribbles_successful_per_game_overall,shots_faced_per_game_overall,shots_per_goal_scored_overall,shots_per_90_overall,shots_off_target_per_game_overall,dribbles_per_game_overall,distance_travelled_per_game_overall,shots_on_target_per_game_overall,xg_per_game_overall,chances_created_per_game_overall,aerial_duels_won_per_game_overall,aerial_duels_per_game_overall,possession_regained_per_90_overall,possession_regained_total_overall,possession_regained_per90_percentile_overall,additional_info,shots_total_overall,shots_per_game_overall,shots_per90_percentile_overall,shots_on_target_total_overall,shots_on_target_per_90_overall,shots_on_target_per90_percentile_overall,shots_off_target_total_overall,shots_off_target_per_90_overall,shots_off_target_per90_percentile_overall,games_subbed_out,games_subbed_in,games_started,tackles_per90_percentile_overall,tackles_successful_per_90_overall,tackles_successful_per90_percentile_overall,tackles_successful_total_overall,interceptions_total_overall,interceptions_per_90_overall,interceptions_per90_percentile_overall,crosses_total_overall,cross_completion_rate_percentile_overall,crosses_per_90_overall,crosses_per90_percentile_overall,through_passes_total_overall,through_passes_per_90_overall,through_passes_per90_percentile_overall,long_passes_total_overall,long_passes_per_90_overall,long_passes_per90_percentile_overall,short_passes_total_overall,short_passes_per_90_overall,short_passes_per90_percentile_overall,key_passes_per_90_overall,key_passes_per90_percentile_overall,dribbles_total_overall,dribbles_per_90_overall,dribbles_per90_percentile_overall,dribbles_successful_total_overall,dribbles_successful_per_90_overall,dribbles_successful_percentage_overall,chances_created_total_overall,chances_created_per_90_overall,chances_created_per90_percentile_overall,saves_total_overall,save_percentage_percentile_overall,saves_per_90_overall,saves_per90_percentile_overall,shots_faced_total_overall,shots_per_goal_conceded_overall,conceded_per90_percentile_overall,shots_faced_per_90_overall,shots_faced_per90_percentile_overall,xg_faced_per_90_overall,xg_faced_per90_percentile_overall,xg_faced_per_game_overall,xg_faced_total_overall,save_percentage_overall,pressures_total_overall,pressures_per_90_overall,pressures_per90_percentile_overall,xg_total_overall,market_value,market_value_percentile,pass_completion_rate_overall,shot_accuraccy_percentage_overall,shot_accuraccy_percentage_percentile_overall,dribbled_past_per90_percentile_overall,dribbled_past_per_game_overall,dribbled_past_per_90_overall,dribbled_past_total_overall,dribbles_successful_per90_percentile_overall,dribbles_successful_percentage_percentile_overall,pen_scored_total_overall,pen_missed_total_overall,inside_box_saves_total_overall,blocks_per_game_overall,blocks_per_90_overall,blocks_total_overall,blocks_per90_percentile_overall,ratings_total_overall,clearances_per_game_overall,clearances_per_90_overall,clearances_total_overall,pen_committed_total_overall,pen_save_percentage_overall,pen_committed_per_90_overall,pen_committed_per90_percentile_overall,pen_committed_per_game_overall,pens_saved_total_overall,pens_taken_total_overall,hit_woodwork_total_overall,hit_woodwork_per_game_overall,hit_woodwork_per_90_overall,punches_total_overall,punches_per_game_overall,punches_per_90_overall,offsides_per_90_overall,offsides_per_game_overall,offsides_total_overall,penalties_won_total_overall,shot_conversion_rate_overall,shot_conversion_rate_percentile_overall,minutes_played_percentile_overall,matches_played_percentile_overall,min_per_goal_percentile_overall,min_per_conceded_percentile_overall,xa_total_overall,xa_per90_percentile_overall,xa_per_game_overall,xa_per_90_overall,npxg_total_overall,npxg_per90_percentile_overall,npxg_per_game_overall,npxg_per_90_overall,fouls_drawn_per90_percentile_overall,fouls_drawn_total_overall,fouls_drawn_per_game_overall,fouls_drawn_per_90_overall,fouls_committed_per_90_overall,fouls_committed_per_game_overall,fouls_committed_per90_percentile_overall,fouls_committed_total_overall,xg_per_90_overall,xg_per90_percentile_overall,average_rating_percentile_overall,clearances_per90_percentile_overall,hit_woodwork_per90_percentile_overall,punches_per90_percentile_overall,offsides_per90_percentile_overall,aerial_duels_won_per90_percentile_overall,aerial_duels_total_overall,aerial_duels_per_90_overall,aerial_duels_per90_percentile_overall,aerial_duels_won_total_overall,aerial_duels_won_percentage_overall,aerial_duels_won_per_90_overall,duels_per_90_overall,duels_per_game_overall,duels_total_overall,duels_won_total_overall,duels_won_per90_percentile_overall,duels_per90_percentile_overall,duels_won_per_90_overall,duels_won_per_game_overall,duels_won_percentage_overall,dispossesed_total_overall,dispossesed_per_90_overall,dispossesed_per90_percentile_overall,progressive_passes_total_overall,cross_completion_rate_overall,distance_travelled_total_overall,distance_travelled_per_90_overall,distance_travelled_per90_percentile_overall,accurate_crosses_total_overall,accurate_crosses_per_game_overall,accurate_crosses_per_90_overall,accurate_crosses_per90_percentile_overall,games_started_percentile_overall,games_subbed_in_percentile_overall,games_subbed_out_percentile_overall,hattricks_total_overall,two_goals_in_a_game_total_overall,three_goals_in_a_game_total_overall,two_goals_in_a_game_percentage_overall,three_goals_in_a_game_percentage_overall,goals_involved_per90_percentile_overall,goals_per90_percentile_overall,goals_per90_percentile_away,goals_per90_percentile_home,man_of_the_match_total_overall,annual_salary_eur_percentile,clean_sheets_percentage_percentile_overall,min_per_card_percentile_overall,cards_per90_percentile_overall,booked_over05_overall,booked_over05_percentage_overall,booked_over05_percentage_percentile_overall,shirt_number,annual_salary_gbp,annual_salary_usd
,36,615884400,1989/07/08,MLS Next Pro,2026,Midfielder,Chicago Fire II,38566,16560,22006,,429,184,245,1051,489,562,0,0,0,0,0,125,65,60,110,0,110,0,0,2.45,0,2.45,2.66,2.3,37,0.26,351,90,0,0,0,1,86,-1,1,N/A,N/A,N/A,N/A,N/A,N/A,N/A,N/A,N/A,N/A,N/A,N/A,N/A,N/A,N/A,N/A,N/A,N/A,N/A,N/A,N/A,N/A,N/A,N/A,N/A,N/A,N/A,N/A,N/A,N/A,N/A,N/A,N/A,N/A,N/A,N/A,N/A,N/A,N/A,N/A,N/A,N/A,N/A,N/A,N/A,N/A,N/A,N/A,N/A,N/A,N/A,N/A,N/A,N/A,N/A,N/A,N/A,N/A,N/A,N/A,N/A,N/A,N/A,N/A,N/A,N/A,N/A,N/A,N/A,N/A,N/A,N/A,N/A,N/A,N/A,N/A,N/A,N/A,N/A,N/A,N/A,N/A,N/A,N/A,N/A,N/A,N/A,N/A,N/A,N/A,N/A,N/A,N/A,N/A,N/A,N/A,N/A,N/A,N/A,N/A,N/A,N/A,N/A,N/A,N/A,N/A,N/A,N/A,N/A,N/A,N/A,N/A,N/A,N/A,N/A,N/A,N/A,N/A,N/A,N/A,N/A,N/A,N/A,N/A,N/A,N/A,N/A,N/A,N/A,N/A,N/A,N/A,N/A,N/A,N/A,N/A,N/A,N/A,N/A,N/A,N/A,N/A,N/A,N/A,N/A,N/A,N/A,N/A,N/A,N/A,N/A,N/A,N/A,N/A,N/A,N/A,N/A,N/A,N/A,N/A,N/A,N/A,N/A,N/A,N/A,N/A,N/A,N/A,N/A,N/A,N/A,N/A,N/A,N/A,N/A,N/A,N/A,N/A,N/A,N/A,N/A,N/A,N/A,N/A,N/A,N/A,N/A,N/A,N/A,N/A,N/A,N/A,N/A,N/A,N/A,N/A,N/A,N/A,N/A,N/A,N/A,N/A,N/A,N/A,N/A,N/A,N/A,N/A,N/A,N/A,N/A,N/A,N/A,N/A,N/A,N/A,N/A,N/A,N/A,N/A,N/A,N/A,N/A,N/A
Abundance Salaou,21,1081148400,2004/04/05,MLS Next Pro,2026,Midfielder,Toronto II,0,0,0,Sweden,0,0,0,1,0,1,0,0,0,0,0,0,0,0,0,0,0,0,0,0,0,0,0,0,0,0,0,0,0,0,0,-1,-1,-1,-1,N/A,N/A,N/A,N/A,N/A,N/A,N/A,N/A,N/A,N/A,N/A,N/A,N/A,N/A,N/A,N/A,N/A,N/A,N/A,N/A,N/A,N/A,N/A,N/A,N/A,N/A,N/A,N/A,N/A,N/A,N/A,N/A,N/A,N/A,N/A,N/A,N/A,N/A,N/A,N/A,N/A,N/A,N/A,N/A,N/A,N/A,N/A,N/A,N/A,N/A,N/A,N/A,N/A,N/A,N/A,N/A,N/A,N/A,N/A,N/A,N/A,N/A,N/A,N/A,N/A,N/A,N/A,N/A,N/A,N/A,N/A,N/A,N/A,N/A,N/A,N/A,N/A,N/A,N/A,N/A,N/A,N/A,N/A,N/A,N/A,N/A,N/A,N/A,N/A,N/A,N/A,N/A,N/A,N/A,N/A,N/A,N/A,N/A,N/A,N/A,N/A,N/A,N/A,N/A,N/A,N/A,N/A,N/A,N/A,N/A,N/A,N/A,N/A,N/A,N/A,N/A,N/A,N/A,N/A,N/A,N/A,N/A,N/A,N/A,N/A,N/A,N/A,N/A,N/A,N/A,N/A,N/A,N/A,N/A,N/A,N/A,N/A,N/A,N/A,N/A,N/A,N/A,N/A,N/A,N/A,N/A,N/A,N/A,N/A,N/A,N/A,N/A,N/A,N/A,N/A,N/A,N/A,N/A,N/A,N/A,N/A,N/A,N/A,N/A,N/A,N/A,N/A,N/A,N/A,N/A,N/A,N/A,N/A,N/A,N/A,N/A,N/A,N/A,N/A,N/A,N/A,N/A,N/A,N/A,N/A,N/A,N/A,N/A,N/A,N/A,N/A,N/A,N/A,N/A,N/A,N/A,N/A,N/A,N/A,N/A,N/A,N/A,N/A,N/A,N/A,N/A,N/A,N/A,N/A,N/A,N/A,N/A,N/A,N/A,N/A,N/A,N/A,N/A,N/A,N/A,N/A,N/A,N/A,N/A
Ademar Chavez,17,1231747200,2009/01/12,MLS Next Pro,2026,Midfielder,FC Cincinnati II,216,0,216,USA,3,0,3,0,0,0,0,0,0,0,0,0,0,0,5,0,5,1,0,0,0,0,0,0,0,2.08,43,72,216,0,0.42,-1,-1,-1,13,0,6.19,0,69,19.58,15.67,15,47,12.33,37,38,15.42,17,0.00,0.00,0.33,1,0.00,0.67,0.42,0.33,1,0.00,1.67,0.00,0.00,0.00,0.00,0.00,1.67,0.00,1.67,1.00,2.33,0.00,0.33,0.10,0.00,0.00,0.00,0.00,0,0,,4,1.33,74,1,0.42,62,3,1.25,78,1,0,3,21,0.00,99,0,0,0.00,25,2,48,0.83,56,0,0.00,99,0,0.00,0,0,0.00,0,0.42,36,7,2.92,90,0,0.00,0.00,0,0.00,0,0,0,0.00,0,5,0.00,22,2.08,69,N/A,N/A,N/A,N/A,0.00,0,0.00,0,0.31,0.00,0,78.72,25.00,56,26,0.67,0.83,2,28,28,0,0,0,0.00,0.00,0,56,18.57,0.00,0.00,0,0,0.00,0.00,99,0.00,0,0,0,0.00,0.00,0,0.00,0.00,0.00,0.00,0,0,0.00,72,7,33,71,26,0.12,17,0.04,0.05,0.31,65,0.10,0.13,7,0,0.00,0.00,0.42,0.33,26,1,0.13,63,12,15,91,0,71,20,0,0.00,99,0,0.00,0.00,6.67,5.33,16,1,4,38,0.42,0.33,6.25,5,2.08,9,0,0.00,0,0.00,99,0,0.00,0.00,48,60,77,96,0,0,0,0,0,51,71,84,80,0,99,41,68,86,1,33,89,30,0,0
Adeteye Gbadehan,22,1068710400,2003/11/13,MLS Next Pro,2026,Midfielder,St. Louis City II,58,0,58,England,1,0,1,0,0,0,0,0,0,0,0,1,0,1,0,0,0,1,0,0,0,0,0,0,0,0,0,58,58,0,1.55,-1,-1,-1,9,0,4.34,0,69,2.90,0.67,0,2,0.67,2,99,2.90,0,0.00,0.00,0.00,0,0.00,0.00,1.45,0.33,1,0.00,0.00,0.00,0.00,0.00,0.00,0.00,0.00,0.00,0.00,0.00,0.00,0.00,0.00,0.00,0.00,0.00,0.00,0.00,0,0,,0,0.00,25,0,0.00,45,0,0.00,30,1,0,1,58,0.00,99,0,0,0.00,25,0,48,0.00,30,0,0.00,99,0,0.00,0,0,0.00,0,0.00,24,0,0.00,18,0,0.00,0.00,0,0.00,0,0,0,0.00,0,0,0.00,99,0.00,0,N/A,N/A,N/A,N/A,0.00,0,0.00,0,0.00,0.00,0,100.00,0.00,45,99,0.00,0.00,0,28,28,0,0,0,0.00,0.00,0,56,13.01,0.00,0.00,0,0,0.00,0.00,99,0.00,0,0,0,0.00,0.00,0,0.00,0.00,0.00,0.00,0,0,0.00,72,0,0,71,4,0.00,0,0.00,0.00,0.00,27,0.00,0.00,7,0,0.00,0.00,1.45,0.33,72,1,0.00,25,2,15,91,0,71,20,0,0.00,99,0,0.00,0.00,2.90,0.67,2,1,12,12,1.45,0.33,50.00,0,0.00,99,0,0.00,0,0.00,99,0,0.00,0.00,48,3,77,96,0,0,0,0,0,51,71,84,80,0,99,99,52,99,1,100,99,54,0,0
Adrian Gonzalez,22,1056265200,2003/06/22,MLS Next Pro,2026,Midfielder,Austin II,238,171,67,USA,3,2,1,0,0,0,0,0,0,0,0,2,1,1,4,4,0,1,1,0,0,0,0,0,0,1.51,60,79,119,0,0.76,-1,-1,-1,6,0,6.97,0,69,40.08,35.33,68,106,30.00,90,65,34.03,70,0.00,0.00,2.00,6,0.00,5.00,2.27,2.00,6,0.00,1.67,0.00,0.00,0.00,0.33,0.33,1.33,0.00,1.89,1.67,0.33,0.00,0.00,0.09,0.00,0.33,0.00,0.00,0,0,,5,1.67,77,0,0.00,45,5,1.89,91,0,0,3,82,0.00,99,0,1,0.38,41,15,78,5.67,98,0,0.00,99,0,0.00,0,0,0.00,0,2.27,94,1,0.38,25,1,0.38,100.00,0,0.00,0,0,0,0.00,0,4,0.00,44,1.51,49,N/A,N/A,N/A,N/A,0.00,0,0.00,0,0.28,0.00,0,84.91,0.00,45,6,1.33,1.51,4,45,99,0,0,0,0.33,0.38,1,79,20.91,0.67,0.76,2,0,0.00,0.00,99,0.00,0,0,0,0.00,0.00,0,0.00,0.00,0.00,0.00,0,0,0.00,72,17,33,71,51,0.35,63,0.12,0.13,0.28,61,0.09,0.11,88,6,2.00,2.27,2.65,2.33,97,7,0.11,60,66,44,91,0,71,40,0,0.00,99,1,0.00,0.38,12.48,11.00,33,14,77,90,5.29,4.67,42.42,5,1.89,11,0,33.33,0,0.00,99,5,1.67,1.89,98,60,77,73,0,0,0,0,0,51,71,84,80,0,99,97,55,98,0,0,59,8,0,0
Adrian Simons Gill,56,N/A,N/A,MLS Next Pro,2026,Midfielder,Atlanta United II,235,180,55,USA,3,2,1,0,0,0,0,0,0,0,0,0,0,0,2,2,0,2,1,0,0,0,0,0,0,0.77,118,78,118,0,0.77,-1,-1,-1,7,0,6.55,0,69,32.55,28.33,54,85,25.00,75,84,28.72,59,0.00,0.00,1.67,5,0.00,0.33,0.77,0.67,2,0.00,0.33,0.00,0.00,0.00,0.67,1.00,0.67,0.00,0.00,0.00,1.67,0.00,0.00,0.00,0.00,0.00,0.00,0.00,0,0,,0,0.00,25,0,0.00,45,0,0.00,30,0,0,3,31,0.00,99,0,2,0.77,58,1,48,0.38,39,0,0.00,99,0,0.00,0,0,0.00,0,1.91,89,5,1.91,76,3,1.15,60.00,0,0.00,0,0,0,0.00,0,2,0.00,79,0.77,15,N/A,N/A,N/A,N/A,0.00,0,0.00,0,0.00,0.00,0,88.24,0.00,45,29,0.67,0.77,2,82,70,0,0,0,0.00,0.00,0,56,19.64,1.00,1.15,3,0,0.00,0.00,99,0.00,0,0,0,0.00,0.00,0,0.00,0.00,0.00,0.00,0,0,0.00,72,15,33,71,83,0.34,63,0.11,0.13,0.00,27,0.00,0.00,37,2,0.67,0.77,1.15,1.00,57,3,0.00,25,24,61,91,0,71,20,0,0.00,99,0,0.00,0.00,5.74,5.00,15,7,28,27,2.68,2.33,46.67,1,0.38,66,0,0.00,0,0.00,99,0,0.00,0.00,48,60,77,73,0,0,0,0,0,51,71,84,80,0,99,41,54,99,1,33,89,16,0,0
Adrian Wibowo,20,1137484800,2006/01/17,MLS Next Pro,2026,Midfielder,Los Angeles II,76,0,76,USA,1,0,1,0,0,0,0,0,0,0,0,0,0,0,0,0,0,0,0,0,0,0,0,0,0,0,0,76,0,0,0,-1,-1,-1,8,0,6.82,0,69,32.81,17.50,54,35,17.00,34,99,31.88,64,0.00,0.00,1.00,2,0.00,1.00,0.94,0.50,1,0.00,1.50,0.00,0.00,0.00,0.00,0.50,0.00,0.00,3.75,1.00,1.50,0.00,1.00,0.17,0.00,0.00,0.00,0.00,0,0,,4,2.00,96,2,1.88,97,2,1.88,91,1,0,1,37,0.00,99,0,0,0.00,25,2,48,1.88,75,0,0.00,99,0,0.00,0,0,0.00,0,1.88,88,3,2.81,88,1,0.94,33.33,0,0.00,0,0,0,0.00,0,0,0.00,99,0.00,0,N/A,N/A,N/A,N/A,0.00,0,0.00,0,0.35,0.00,0,97.14,50.00,87,99,0.00,0.00,0,76,43,0,0,0,0.00,0.00,0,56,13.64,0.00,0.00,0,0,0.00,0.00,99,0.00,0,0,0,0.00,0.00,0,0.00,0.00,0.00,0.00,0,0,0.00,72,0,0,71,4,0.13,59,0.07,0.12,0.35,82,0.17,0.33,99,4,2.00,3.75,0.00,0.00,12,0,0.33,81,51,15,91,0,71,20,0,0.00,99,0,0.00,0.00,10.31,5.50,11,6,83,78,5.62,3.00,54.55,3,2.81,3,0,0.00,0,0.00,99,0,0.00,0.00,48,3,77,96,0,0,0,0,0,51,71,84,80,0,99,41,52,52,0,0,59,77,0,0
Adrián Zendejas Rodríguez,30,809766000,1995/08/30,MLS Next Pro,2026,Goalkeeper,Whitecaps II,90,90,0,USA,1,1,0,0,0,0,0,0,0,0,0,0,0,0,1,1,0,0,0,0,0,0,0,0,0,1,90,90,0,0,0,-1,-1,-1,12,0,7.31,0,69,30.00,30.00,49,30,20.00,20,8,20.00,38,0.00,0.00,0.00,0,0.00,0.00,0.00,0.00,0,0.00,0.00,0.00,0.00,3.00,0.00,0.00,4.00,0.00,0.00,0.00,0.00,0.00,0.00,0.00,0.00,1.00,0.00,0.00,0,0,,0,0.00,25,0,0.00,45,0,0.00,30,0,0,1,11,0.00,99,0,0,0.00,25,0,48,0.00,30,0,0.00,99,0,0.00,0,0,0.00,0,0.00,24,0,0.00,18,0,0.00,0.00,0,0.00,0,3,58,3.00,58,4,0.00,74,4.00,94,N/A,N/A,N/A,N/A,75.00,0,0.00,0,0.00,0.00,0,66.67,0.00,45,99,0.00,0.00,0,28,28,0,0,3,0.00,0.00,0,56,7.31,1.00,1.00,1,0,0.00,0.00,99,0.00,0,0,0,0.00,0.00,1,1.00,1.00,0.00,0.00,0,0,0.00,72,0,0,71,78,0.04,12,0.04,0.04,0.00,27,0.00,0.00,7,0,0.00,0.00,0.00,0.00,12,0,0.00,25,88,56,91,93,71,74,0,0.00,99,1,0.00,1.00,1.00,1.00,1,1,10,7,1.00,1.00,100.00,0,0.00,99,0,0.00,0,0.00,99,0,0.00,0.00,48,3,77,73,0,0,0,0,0,51,71,84,80,0,99,41,52,52,0,0,59,30,0,0
Adyn Torres,18,1194940800,2007/11/13,MLS Next Pro,2026,Midfielder,Atlanta United II,255,134,121,USA,4,2,2,0,0,0,0,0,0,0,0,0,0,0,4,1,3,1,0,0,0,0,0,0,0,1.41,64,64,255,0,0.35,-1,-1,-1,6,0,6.68,0,69,32.53,25.75,54,103,21.25,85,55,26.84,55,0.00,0.00,0.00,0,0.00,0.25,1.89,1.50,6,0.00,1.00,0.00,0.00,0.00,0.25,0.50,1.25,0.00,0.00,0.00,1.75,0.00,0.00,0.00,0.00,0.50,0.00,0.00,0,0,,0,0.00,25,0,0.00,45,0,0.00,30,0,2,2,73,0.00,99,0,1,0.32,36,1,99,0.32,36,0,0.00,99,0,0.00,0,0,0.00,0,0.00,24,7,2.21,81,2,0.63,28.57,0,0.00,0,0,0,0.00,0,5,0.00,49,1.58,51,N/A,N/A,N/A,N/A,0.00,0,0.00,0,0.00,0.00,0,82.52,0.00,45,60,0.25,0.32,1,61,37,0,0,0,1.00,1.26,4,96,26.71,0.75,0.95,3,0,0.00,0.00,99,0.00,0,0,0,0.00,0.00,0,0.00,0.00,0.00,0.00,0,0,0.00,72,23,85,71,56,0.20,24,0.05,0.06,0.00,27,0.00,0.00,94,8,2.00,2.53,1.58,1.25,77,5,0.00,25,36,56,91,0,71,57,0,0.00,99,2,0.00,0.63,9.79,7.75,31,18,85,74,5.68,4.50,58.06,4,1.26,27,0,100.00,0,0.00,99,1,0.25,0.32,60,24,99,73,0,0,0,0,0,51,71,84,80,0,99,41,75,77,1,25,81,23,0,0
Agustin Resch,56,N/A,N/A,MLS Next Pro,2026,Defender,Houston Dynamo FC II,60,60,0,Argentina,1,1,0,0,0,0,0,0,0,0,0,1,1,0,0,0,0,1,0,0,0,0,0,0,0,0,0,60,60,0,1.5,-1,-1,-1,15,0,6.47,0,69,96.00,64.00,99,64,55.00,55,68,82.50,99,0.00,0.00,0.00,0,0.00,1.00,0.00,0.00,0,0.00,0.00,0.00,0.00,0.00,1.00,0.00,0.00,0.00,0.00,0.00,0.00,0.00,0.00,0.00,0.00,1.00,0.00,0.00,0,0,,0,0.00,25,0,0.00,45,0,0.00,30,1,0,1,11,0.00,99,0,1,1.50,85,1,99,1.50,70,0,0.00,99,0,0.00,0,0,0.00,0,0.00,24,0,0.00,18,0,0.00,0.00,0,0.00,0,0,0,0.00,0,0,0.00,99,0.00,0,N/A,N/A,N/A,N/A,0.00,0,0.00,0,0.00,0.00,0,85.94,0.00,45,99,0.00,0.00,0,28,28,0,0,0,0.00,0.00,0,56,6.47,1.00,1.50,1,0,0.00,0.00,99,0.00,0,0,0,0.00,0.00,0,0.00,0.00,0.00,0.00,0,0,0.00,72,0,0,71,4,0.11,71,0.11,0.17,0.00,27,0.00,0.00,7,0,0.00,0.00,3.00,2.00,99,2,0.00,25,18,70,91,0,71,88,0,0.00,99,1,0.00,1.50,4.50,3.00,3,1,14,16,1.50,1.00,33.33,0,0.00,99,0,100.00,0,0.00,99,1,1.00,1.50,97,3,77,96,0,0,0,0,0,51,71,84,80,0,99,99,52,99,1,100,99,5,0,0
Aidan Stokes,18,1200297600,2008/01/14,MLS Next Pro,2026,Midfielder,New York RB II,180,180,0,USA,2,2,0,0,0,0,0,0,0,0,0,0,0,0,3,3,0,0,0,0,0,0,0,0,0,1.5,60,90,0,0,0,-1,-1,-1,7,0,7.00,0,69,38.57,45.00,65,90,38.50,77,67,33.00,67,0.00,0.00,0.00,0,0.00,0.00,0.00,0.00,0,0.00,0.00,0.00,0.00,3.00,0.00,0.00,4.50,0.00,0.00,0.00,0.50,0.00,0.00,0.00,0.00,0.50,0.00,0.00,0,0,,0,0.00,25,0,0.00,45,0,0.00,30,0,0,2,11,0.00,99,0,0,0.00,25,0,48,0.00,30,0,0.00,99,0,0.00,0,0,0.00,0,0.00,24,1,0.43,30,0,0.00,0.00,0,0.00,0,6,50,2.57,42,9,0.00,46,3.86,94,N/A,N/A,N/A,N/A,66.67,0,0.00,0,0.00,0.00,0,85.56,0.00,45,99,0.00,0.00,0,28,28,0,0,6,0.00,0.00,0,56,14.00,1.50,1.29,3,0,0.00,0.00,99,0.00,0,0,0,0.00,0.00,2,1.00,0.86,0.00,0.00,0,0,0.00,72,0,0,71,51,0.17,30,0.09,0.07,0.00,27,0.00,0.00,25,1,0.50,0.43,0.00,0.00,12,0,0.00,25,70,64,91,93,71,46,0,0.00,99,1,0.00,0.43,1.71,2.00,4,2,9,10,0.86,1.00,50.00,0,0.00,99,0,0.00,0,0.00,99,0,0.00,0.00,48,24,77,73,0,0,0,0,0,51,71,84,80,0,99,41,52,52,0,0,59,21,0,0
Aiden Jarvis,19,1163491200,2006/11/14,MLS Next Pro,2026,Midfielder,New York RB II,0,0,0,Antigua and Barbuda,0,0,0,0,0,0,0,0,0,0,0,0,0,0,0,0,0,0,0,0,0,0,0,0,0,0,0,0,0,0,0,-1,-1,-1,-1,N/A,N/A,N/A,N/A,N/A,N/A,N/A,N/A,N/A,N/A,N/A,N/A,N/A,N/A,N/A,N/A,N/A,N/A,N/A,N/A,N/A,N/A,N/A,N/A,N/A,N/A,N/A,N/A,N/A,N/A,N/A,N/A,N/A,N/A,N/A,N/A,N/A,N/A,N/A,N/A,N/A,N/A,N/A,N/A,N/A,N/A,N/A,N/A,N/A,N/A,N/A,N/A,N/A,N/A,N/A,N/A,N/A,N/A,N/A,N/A,N/A,N/A,N/A,N/A,N/A,N/A,N/A,N/A,N/A,N/A,N/A,N/A,N/A,N/A,N/A,N/A,N/A,N/A,N/A,N/A,N/A,N/A,N/A,N/A,N/A,N/A,N/A,N/A,N/A,N/A,N/A,N/A,N/A,N/A,N/A,N/A,N/A,N/A,N/A,N/A,N/A,N/A,N/A,N/A,N/A,N/A,N/A,N/A,N/A,N/A,N/A,N/A,N/A,N/A,N/A,N/A,N/A,N/A,N/A,N/A,N/A,N/A,N/A,N/A,N/A,N/A,N/A,N/A,N/A,N/A,N/A,N/A,N/A,N/A,N/A,N/A,N/A,N/A,N/A,N/A,N/A,N/A,N/A,N/A,N/A,N/A,N/A,N/A,N/A,N/A,N/A,N/A,N/A,N/A,N/A,N/A,N/A,N/A,N/A,N/A,N/A,N/A,N/A,N/A,N/A,N/A,N/A,N/A,N/A,N/A,N/A,N/A,N/A,N/A,N/A,N/A,N/A,N/A,N/A,N/A,N/A,N/A,N/A,N/A,N/A,N/A,N/A,N/A,N/A,N/A,N/A,N/A,N/A,N/A,N/A,N/A,N/A,N/A,N/A,N/A,N/A,N/A,N/A,N/A,N/A,N/A,N/A,N/A,N/A,N/A,N/A,N/A,N/A,N/A,N/A,N/A,N/A,N/A,N/A,N/A,N/A,N/A,N/A,N/A
Aimar Omar Sánchez Gómez,20,1130396400,2005/10/27,MLS Next Pro,2026,Midfielder,New York RB II,270,180,90,Panama,3,2,1,0,0,0,0,0,0,0,0,1,1,0,2,1,1,2,0,0,0,0,0,0,0,0.67,135,90,135,0,0.67,-1,-1,-1,15,0,7.02,0,69,59.18,72.33,94,217,62.67,188,73,51.27,92,0.00,0.00,0.00,0,0.00,0.33,1.09,1.33,4,0.00,0.00,0.00,0.00,0.00,1.00,0.00,0.67,0.00,0.27,0.00,0.00,0.00,0.33,0.04,0.00,2.33,0.00,0.00,0,0,,1,0.33,29,1,0.27,51,0,0.00,30,0,0,3,44,0.00,99,0,3,0.82,61,1,48,0.27,34,0,0.00,99,0,0.00,0,0,0.00,0,0.00,24,0,0.00,18,0,0.00,0.00,0,0.00,0,0,0,0.00,0,2,0.00,87,0.55,8,N/A,N/A,N/A,N/A,0.00,0,0.00,0,0.11,0.00,0,86.64,100.00,99,99,0.00,0.00,0,28,28,0,0,0,0.33,0.27,1,69,21.05,6.00,4.91,18,0,0.00,0.00,99,0.00,0,0,0,0.00,0.00,0,0.00,0.00,0.00,0.00,0,0,0.00,72,46,33,71,92,0.36,49,0.12,0.10,0.11,41,0.04,0.03,55,4,1.33,1.09,1.09,1.33,55,4,0.03,40,71,97,91,0,71,95,0,0.00,99,7,0.00,1.91,5.73,7.00,21,15,57,27,4.09,5.00,71.43,0,0.00,99,0,0.00,0,0.00,99,0,0.00,0.00,48,60,77,73,0,0,0,0,0,51,71,84,80,0,99,73,59,93,2,67,99,71,0,0
Ajani Fortune,23,1041235200,2002/12/30,MLS Next Pro,2026,Midfielder,Atlanta United II,136,46,90,Trinidad and Tobago,2,1,1,0,0,0,0,0,0,0,0,0,0,0,3,1,2,0,0,0,0,0,0,0,0,1.99,45,68,0,0,0,-1,-1,-1,8,0,6.54,0,69,48.31,36.50,82,73,32.50,65,88,43.01,84,0.00,0.00,0.50,1,0.00,0.00,0.66,0.50,1,0.00,0.50,0.00,0.00,0.00,0.00,0.50,2.00,0.00,0.66,0.50,1.50,0.00,0.00,0.03,0.00,0.50,0.00,0.00,0,0,,1,0.50,46,0,0.00,45,1,0.66,57,1,0,2,27,0.00,99,0,0,0.00,25,0,48,0.00,30,0,0.00,99,0,0.00,0,0,0.00,0,0.66,48,3,1.99,77,1,0.66,33.33,0,0.00,0,0,0,0.00,0,4,0.00,30,2.65,84,N/A,N/A,N/A,N/A,0.00,0,0.00,0,0.05,0.00,0,89.04,0.00,45,36,0.50,0.66,1,62,43,0,0,0,0.00,0.00,0,56,13.09,1.00,1.32,2,0,0.00,0.00,99,0.00,0,0,0,0.00,0.00,0,0.00,0.00,0.00,0.00,0,0,0.00,72,0,0,71,36,0.18,59,0.09,0.12,0.05,41,0.03,0.03,33,1,0.50,0.66,0.00,0.00,12,0,0.03,40,23,64,91,0,71,58,0,0.00,99,1,0.00,0.66,5.96,4.50,9,4,27,30,2.65,2.00,44.44,1,0.66,52,0,0.00,0,0.00,99,0,0.00,0.00,48,24,77,96,0,0,0,0,0,51,71,84,80,0,99,41,52,52,0,0,59,35,0,0
Alejandro Cano,21,1085122800,2004/05/21,MLS Next Pro,2026,Defender,San Jose Earthquakes II,180,90,90,USA,2,1,1,0,0,0,0,0,0,0,0,0,0,0,3,1,2,0,0,0,0,0,0,0,0,1.5,60,90,0,0,0,-1,-1,-1,9,0,6.80,0,69,51.00,51.00,85,102,44.00,88,70,44.00,85,0.00,0.00,2.00,4,0.00,4.00,1.00,1.00,2,0.00,0.50,0.00,0.00,0.00,2.00,0.50,1.50,0.00,1.50,1.00,0.50,0.00,0.50,0.14,0.00,0.00,0.00,0.00,0,0,,3,1.50,71,1,0.50,69,2,1.00,70,0,0,2,39,0.00,99,0,4,2.00,93,8,65,4.00,93,0,0.00,99,0,0.00,0,0,0.00,0,2.00,91,1,0.50,32,1,0.50,100.00,0,0.00,0,0,0,0.00,0,3,0.00,46,1.50,48,N/A,N/A,N/A,N/A,0.00,0,0.00,0,0.27,0.00,0,86.27,33.33,65,18,1.00,1.00,2,55,99,0,0,0,0.00,0.00,0,56,13.61,0.50,0.50,1,0,0.00,0.00,99,0.00,0,0,0,0.00,0.00,0,0.00,0.00,0.50,0.50,1,0,0.00,72,0,0,71,51,0.39,73,0.20,0.19,0.27,67,0.14,0.14,28,1,0.50,0.50,1.00,1.00,51,2,0.14,65,47,35,91,0,88,20,0,0.00,99,0,0.00,0.00,4.50,4.50,9,4,19,16,2.00,2.00,44.44,1,0.50,60,0,25.00,0,0.00,99,2,1.00,1.00,90,24,77,73,0,0,0,0,0,51,71,84,80,0,99,41,52,52,0,0,59,66,0,0
Alejandro Flores,19,1144220400,2006/04/05,MLS Next Pro,2026,Midfielder,Inter Miami II,328,90,238,USA,4,1,3,0,0,0,0,0,0,0,0,0,0,0,6,1,5,0,0,0,0,0,0,0,0,1.65,55,82,0,0,0,59,88,-1,10,0,5.20,0,69,21.60,14.40,22,72,10.60,53,24,15.90,20,0.00,0.00,0.20,1,0.00,0.60,0.90,0.60,3,0.00,0.60,0.00,0.00,0.00,0.20,0.20,0.80,0.00,0.60,0.40,0.20,0.00,0.00,0.02,0.00,0.00,0.00,0.00,0,0,,2,0.40,45,0,0.00,45,2,0.60,55,0,0,4,36,0.00,99,0,1,0.30,33,3,78,0.90,59,0,0.00,99,0,0.00,0,0,0.00,0,0.30,30,1,0.30,22,1,0.30,100.00,0,0.00,0,0,0,0.00,0,4,0.00,40,1.20,29,N/A,N/A,N/A,N/A,0.00,0,0.00,0,0.09,0.00,0,73.61,0.00,45,14,0.80,1.20,4,36,99,0,0,0,0.00,0.00,0,56,26.00,0.40,0.60,2,0,0.00,0.00,99,0.00,0,0,0,0.00,0.00,0,0.00,0.00,0.30,0.20,1,0,0.00,72,56,85,71,45,0.14,12,0.03,0.04,0.09,41,0.02,0.03,45,3,0.60,0.90,0.60,0.40,33,2,0.03,40,8,38,91,0,80,20,0,0.00,99,0,0.00,0.00,4.80,3.20,16,7,21,18,2.10,1.40,43.75,3,0.90,43,0,33.33,0,0.00,99,1,0.20,0.30,59,92,77,73,0,0,0,0,0,51,71,84,80,0,99,41,52,52,0,0,59,79,0,0
Alejo Ristano Castro,20,1113980400,2005/04/20,MLS Next Pro,2026,Midfielder,Inter Miami II,141,0,141,USA,3,0,3,0,0,0,0,0,0,0,0,0,0,0,2,0,2,1,0,0,0,0,0,0,0,1.28,71,47,141,0,0.64,-1,-1,-1,6,0,4.79,0,69,17.61,6.75,10,27,5.00,20,24,13.04,11,0.00,0.00,0.25,1,0.00,0.25,0.65,0.25,1,0.00,0.00,0.00,0.00,0.50,0.25,0.75,1.00,0.00,0.00,0.00,1.50,0.00,0.00,0.00,0.00,0.25,0.00,0.00,0,0,,0,0.00,25,0,0.00,45,0,0.00,30,0,1,1,27,0.00,99,0,1,0.65,52,1,48,0.65,48,0,0.00,99,0,0.00,0,0,0.00,0,0.65,48,6,3.91,95,3,1.96,50.00,0,0.00,0,2,17,1.30,8,4,0.00,58,2.61,83,N/A,N/A,N/A,N/A,50.00,0,0.00,0,0.00,0.00,0,74.07,0.00,45,0,1.00,2.61,4,95,64,0,0,0,0.00,0.00,0,56,19.17,1.75,4.57,7,0,0.00,0.00,99,0.00,0,0,0,0.00,0.00,0,0.00,0.00,0.00,0.00,0,0,0.00,72,0,33,71,63,0.09,24,0.02,0.06,0.00,27,0.00,0.00,62,2,0.50,1.30,1.30,0.50,66,2,0.00,25,4,95,91,0,71,58,0,0.00,99,1,0.00,0.65,11.09,4.25,17,7,65,83,4.57,1.75,41.18,0,0.00,99,0,0.00,0,0.00,99,0,0.00,0.00,48,3,93,73,0,0,0,0,0,51,71,84,80,0,99,41,59,93,1,33,89,53,0,0
Alex Ling,56,N/A,N/A,MLS Next Pro,2026,Defender,San Jose Earthquakes II,0,0,0,,0,0,0,0,0,0,0,0,0,0,0,0,0,0,0,0,0,0,0,0,0,0,0,0,0,0,0,0,0,0,0,-1,-1,-1,-1,N/A,N/A,N/A,N/A,N/A,N/A,N/A,N/A,N/A,N/A,N/A,N/A,N/A,N/A,N/A,N/A,N/A,N/A,N/A,N/A,N/A,N/A,N/A,N/A,N/A,N/A,N/A,N/A,N/A,N/A,N/A,N/A,N/A,N/A,N/A,N/A,N/A,N/A,N/A,N/A,N/A,N/A,N/A,N/A,N/A,N/A,N/A,N/A,N/A,N/A,N/A,N/A,N/A,N/A,N/A,N/A,N/A,N/A,N/A,N/A,N/A,N/A,N/A,N/A,N/A,N/A,N/A,N/A,N/A,N/A,N/A,N/A,N/A,N/A,N/A,N/A,N/A,N/A,N/A,N/A,N/A,N/A,N/A,N/A,N/A,N/A,N/A,N/A,N/A,N/A,N/A,N/A,N/A,N/A,N/A,N/A,N/A,N/A,N/A,N/A,N/A,N/A,N/A,N/A,N/A,N/A,N/A,N/A,N/A,N/A,N/A,N/A,N/A,N/A,N/A,N/A,N/A,N/A,N/A,N/A,N/A,N/A,N/A,N/A,N/A,N/A,N/A,N/A,N/A,N/A,N/A,N/A,N/A,N/A,N/A,N/A,N/A,N/A,N/A,N/A,N/A,N/A,N/A,N/A,N/A,N/A,N/A,N/A,N/A,N/A,N/A,N/A,N/A,N/A,N/A,N/A,N/A,N/A,N/A,N/A,N/A,N/A,N/A,N/A,N/A,N/A,N/A,N/A,N/A,N/A,N/A,N/A,N/A,N/A,N/A,N/A,N/A,N/A,N/A,N/A,N/A,N/A,N/A,N/A,N/A,N/A,N/A,N/A,N/A,N/A,N/A,N/A,N/A,N/A,N/A,N/A,N/A,N/A,N/A,N/A,N/A,N/A,N/A,N/A,N/A,N/A,N/A,N/A,N/A,N/A,N/A,N/A,N/A,N/A,N/A,N/A,N/A,N/A,N/A,N/A,N/A,N/A,N/A,N/A
Alex McGrath,28,863420400,1997/05/12,MLS Next Pro,2026,Midfielder,Chattanooga FC,310,146,164,England,4,2,2,3,2,1,0,0,0,0,0,1,1,0,5,1,4,0,0,0.87,0,0.87,1.23,0.55,103,1.45,62,78,0,0,0,5,80,-1,1,0,5.88,0,69,23.03,17.40,27,87,12.80,64,24,16.94,25,0.00,0.00,1.00,5,0.00,0.40,1.06,0.80,4,0.00,0.20,0.00,0.00,0.00,0.00,0.40,1.00,3.00,2.38,0.60,0.60,0.00,1.20,0.53,0.00,0.80,0.00,0.00,0,0,,9,1.80,83,6,1.59,95,3,0.79,63,1,0,4,42,0.00,99,0,0,0.00,25,2,92,0.53,45,0,0.00,99,0,0.00,0,0,0.00,0,1.32,76,3,0.79,44,2,0.53,66.67,0,0.00,0,0,0,0.00,0,5,0.00,48,1.32,35,N/A,N/A,N/A,N/A,0.00,0,0.00,0,2.67,0.00,0,73.56,66.67,95,41,0.40,0.53,2,56,81,0,0,0,0.40,0.53,2,87,29.42,0.80,1.06,4,0,0.00,0.00,99,0.00,0,0,0,0.00,0.00,0,0.00,0.00,0.00,0.00,0,0,33.33,95,53,85,75,52,0.29,37,0.06,0.08,2.67,96,0.53,0.71,12,1,0.20,0.26,0.26,0.20,16,1,0.71,95,10,57,91,0,71,76,0,0.00,99,4,0.00,1.06,4.76,3.60,18,11,31,17,2.91,2.20,61.11,1,0.26,76,0,50.00,0,0.00,99,1,0.20,0.26,56,92,77,96,0,0,0,0,0,92,97,91,98,0,99,62,52,52,0,0,59,33,0,0
Alex Monis,23,1048147200,2003/03/20,MLS Next Pro,2026,Forward,Connecticut United,331,0,331,USA,4,0,4,1,0,1,0,0,0,0,0,0,0,0,8,0,8,2,0,0.27,0,0.27,0,0.27,331,2.18,41,83,166,0,0.54,21,93,-1,2,0,7.22,0,69,30.73,28.25,50,113,18.00,72,4,19.58,36,0.00,0.00,3.50,14,0.00,8.25,1.90,1.75,7,0.00,2.25,0.00,0.00,0.00,0.00,0.75,2.00,10.00,2.72,1.75,1.75,0.00,0.75,0.33,0.00,0.50,0.00,0.00,0,0,,10,2.50,88,3,0.82,82,7,1.90,92,0,0,4,73,0.00,99,0,0,0.00,25,33,78,8.97,99,0,0.00,99,0,0.00,0,0,0.00,0,3.81,99,7,1.90,76,3,0.82,42.86,0,0.00,0,0,0,0.00,0,8,0.00,19,2.18,75,N/A,N/A,N/A,N/A,0.00,0,0.00,0,1.30,0.00,0,63.72,30.00,60,99,0.00,0.00,0,71,49,0,0,0,0.00,0.00,0,56,28.87,0.00,0.00,0,0,0.00,0.00,99,0.00,0,0,0,0.00,0.00,0,0.00,0.00,0.82,0.75,3,0,10.00,76,57,85,93,24,0.65,73,0.16,0.18,1.30,84,0.33,0.35,99,12,3.00,3.26,1.09,1.00,55,4,0.35,83,85,15,91,0,94,52,0,0.00,99,2,0.00,0.54,14.41,13.25,53,24,93,97,6.53,6.00,45.28,9,2.45,4,0,33.33,0,0.00,99,11,2.75,2.99,99,92,77,73,0,0,0,0,0,66,78,85,80,0,99,41,61,92,2,50,97,13,0,0
Alex Zochowski,17,1217746800,2008/08/03,MLS Next Pro,2026,Midfielder,Columbus Crew II,0,0,0,USA,0,0,0,0,0,0,0,0,0,0,0,0,0,0,0,0,0,0,0,0,0,0,0,0,0,0,0,0,0,0,0,-1,-1,-1,-1,N/A,N/A,N/A,N/A,N/A,N/A,N/A,N/A,N/A,N/A,N/A,N/A,N/A,N/A,N/A,N/A,N/A,N/A,N/A,N/A,N/A,N/A,N/A,N/A,N/A,N/A,N/A,N/A,N/A,N/A,N/A,N/A,N/A,N/A,N/A,N/A,N/A,N/A,N/A,N/A,N/A,N/A,N/A,N/A,N/A,N/A,N/A,N/A,N/A,N/A,N/A,N/A,N/A,N/A,N/A,N/A,N/A,N/A,N/A,N/A,N/A,N/A,N/A,N/A,N/A,N/A,N/A,N/A,N/A,N/A,N/A,N/A,N/A,N/A,N/A,N/A,N/A,N/A,N/A,N/A,N/A,N/A,N/A,N/A,N/A,N/A,N/A,N/A,N/A,N/A,N/A,N/A,N/A,N/A,N/A,N/A,N/A,N/A,N/A,N/A,N/A,N/A,N/A,N/A,N/A,N/A,N/A,N/A,N/A,N/A,N/A,N/A,N/A,N/A,N/A,N/A,N/A,N/A,N/A,N/A,N/A,N/A,N/A,N/A,N/A,N/A,N/A,N/A,N/A,N/A,N/A,N/A,N/A,N/A,N/A,N/A,N/A,N/A,N/A,N/A,N/A,N/A,N/A,N/A,N/A,N/A,N/A,N/A,N/A,N/A,N/A,N/A,N/A,N/A,N/A,N/A,N/A,N/A,N/A,N/A,N/A,N/A,N/A,N/A,N/A,N/A,N/A,N/A,N/A,N/A,N/A,N/A,N/A,N/A,N/A,N/A,N/A,N/A,N/A,N/A,N/A,N/A,N/A,N/A,N/A,N/A,N/A,N/A,N/A,N/A,N/A,N/A,N/A,N/A,N/A,N/A,N/A,N/A,N/A,N/A,N/A,N/A,N/A,N/A,N/A,N/A,N/A,N/A,N/A,N/A,N/A,N/A,N/A,N/A,N/A,N/A,N/A,N/A,N/A,N/A,N/A,N/A,N/A,N/A
Alexander Gimple,17,1222758000,2008/09/30,MLS Next Pro,2026,Midfielder,Columbus Crew II,145,0,145,USA,2,0,2,0,0,0,0,0,0,0,0,0,0,0,5,0,5,0,0,0,0,0,0,0,0,3.1,29,73,0,0,0,-1,-1,-1,11,0,4.75,0,69,19.51,11.00,14,44,7.00,28,3,12.41,10,0.00,0.00,1.00,4,0.00,0.00,2.66,1.50,6,0.00,0.75,0.00,0.00,0.00,1.00,0.25,1.50,0.00,0.00,0.00,1.50,0.00,0.00,0.00,0.00,0.00,0.00,0.00,0,0,,0,0.00,25,0,0.00,45,0,0.00,30,1,0,2,88,0.00,99,0,4,1.77,89,0,48,0.00,30,0,0.00,99,0,0.00,0,0,0.00,0,1.77,85,6,2.66,86,1,0.44,16.67,0,0.00,0,0,0,0.00,0,6,0.00,3,2.66,84,N/A,N/A,N/A,N/A,0.00,0,0.00,0,0.00,0.00,0,63.64,0.00,45,3,1.00,1.77,4,51,30,0,0,0,0.50,0.89,2,93,19.01,0.75,1.33,3,0,0.00,0.00,99,0.00,0,0,0,0.00,0.00,0,0.00,0.00,0.00,0.00,0,0,0.00,72,0,0,71,8,0.24,54,0.06,0.11,0.00,27,0.00,0.00,25,1,0.25,0.44,0.44,0.25,27,1,0.00,25,4,65,91,0,71,20,0,0.00,99,0,0.00,0.00,10.20,5.75,23,8,41,77,3.55,2.00,34.78,3,1.33,25,0,0.00,0,0.00,99,0,0.00,0.00,48,24,77,96,0,0,0,0,0,51,71,84,80,0,99,41,52,52,0,0,59,66,0,0
Ali Fadal,22,1074067200,2004/01/14,MLS Next Pro,2026,Midfielder,Colorado Rapids II,0,0,0,Ghana,0,0,0,0,0,0,0,0,0,0,0,0,0,0,0,0,0,0,0,0,0,0,0,0,0,0,0,0,0,0,0,-1,-1,-1,-1,N/A,N/A,N/A,N/A,N/A,N/A,N/A,N/A,N/A,N/A,N/A,N/A,N/A,N/A,N/A,N/A,N/A,N/A,N/A,N/A,N/A,N/A,N/A,N/A,N/A,N/A,N/A,N/A,N/A,N/A,N/A,N/A,N/A,N/A,N/A,N/A,N/A,N/A,N/A,N/A,N/A,N/A,N/A,N/A,N/A,N/A,N/A,N/A,N/A,N/A,N/A,N/A,N/A,N/A,N/A,N/A,N/A,N/A,N/A,N/A,N/A,N/A,N/A,N/A,N/A,N/A,N/A,N/A,N/A,N/A,N/A,N/A,N/A,N/A,N/A,N/A,N/A,N/A,N/A,N/A,N/A,N/A,N/A,N/A,N/A,N/A,N/A,N/A,N/A,N/A,N/A,N/A,N/A,N/A,N/A,N/A,N/A,N/A,N/A,N/A,N/A,N/A,N/A,N/A,N/A,N/A,N/A,N/A,N/A,N/A,N/A,N/A,N/A,N/A,N/A,N/A,N/A,N/A,N/A,N/A,N/A,N/A,N/A,N/A,N/A,N/A,N/A,N/A,N/A,N/A,N/A,N/A,N/A,N/A,N/A,N/A,N/A,N/A,N/A,N/A,N/A,N/A,N/A,N/A,N/A,N/A,N/A,N/A,N/A,N/A,N/A,N/A,N/A,N/A,N/A,N/A,N/A,N/A,N/A,N/A,N/A,N/A,N/A,N/A,N/A,N/A,N/A,N/A,N/A,N/A,N/A,N/A,N/A,N/A,N/A,N/A,N/A,N/A,N/A,N/A,N/A,N/A,N/A,N/A,N/A,N/A,N/A,N/A,N/A,N/A,N/A,N/A,N/A,N/A,N/A,N/A,N/A,N/A,N/A,N/A,N/A,N/A,N/A,N/A,N/A,N/A,N/A,N/A,N/A,N/A,N/A,N/A,N/A,N/A,N/A,N/A,N/A,N/A,N/A,N/A,N/A,N/A,N/A,N/A
Alisa Randell,18,1188025200,2007/08/25,MLS Next Pro,2026,Midfielder,Minnesota United II,259,0,259,USA,3,0,3,2,0,2,0,0,0,0,0,1,0,1,4,0,4,0,0,0.69,0,0.69,0,0.69,130,1.39,65,86,0,0,0,-1,-1,-1,1,0,6.90,0,69,18.89,12.75,13,51,9.25,37,21,13.70,12,0.00,0.00,0.50,2,0.00,0.50,1.48,1.00,4,0.00,0.50,0.00,0.00,0.00,0.00,1.00,1.00,4.00,2.96,1.50,3.25,0.00,0.50,0.43,0.00,0.25,0.00,0.00,0,0,,8,2.00,90,2,0.74,78,6,2.22,95,0,0,3,60,0.00,99,0,0,0.00,25,2,48,0.74,52,0,0.00,99,0,0.00,0,0,0.00,0,0.74,53,13,4.81,99,4,1.48,30.77,0,0.00,0,0,0,0.00,0,4,0.00,52,1.48,44,N/A,N/A,N/A,N/A,0.00,0,0.00,0,1.74,0.00,0,72.55,25.00,56,99,0.00,0.00,0,91,38,0,0,0,0.00,0.00,0,56,27.60,0.25,0.37,1,0,0.00,0.00,99,0.00,0,0,0,0.00,0.00,0,0.00,0.00,0.00,0.00,0,1,25.00,90,25,33,79,57,0.14,17,0.04,0.05,1.74,94,0.43,0.64,68,4,1.00,1.48,1.85,1.25,82,5,0.64,93,58,26,91,0,71,38,0,0.00,99,1,0.00,0.37,10.74,7.25,29,12,63,81,4.44,3.00,41.38,2,0.74,48,0,0.00,0,0.00,99,0,0.00,0.00,48,60,77,73,0,0,0,0,0,88,93,92,80,0,99,73,52,52,0,0,59,17,0,0
Alpha Kabia,20,1132646400,2005/11/22,MLS Next Pro,2026,Midfielder,Minnesota United II,360,0,360,Sierra Leone,4,0,4,0,0,0,0,0,0,0,0,1,0,1,7,0,7,2,0,0,0,0,0,0,0,1.75,51,90,180,0,0.5,63,66,-1,6,0,6.90,0,69,43.50,43.50,75,174,35.00,140,43,35.00,72,0.00,0.00,0.50,2,0.00,0.00,2.50,2.50,10,0.00,0.25,0.00,0.00,0.00,0.75,0.00,1.75,0.00,0.50,0.50,0.25,0.00,0.00,0.02,0.00,1.00,0.00,0.00,0,0,,2,0.50,42,0,0.00,45,2,0.50,52,0,0,4,86,0.00,99,0,3,0.75,58,0,48,0.00,30,0,0.00,99,0,0.00,0,0,0.00,0,0.50,42,1,0.25,20,0,0.00,0.00,0,0.00,0,0,0,0.00,0,7,0.00,36,1.75,56,N/A,N/A,N/A,N/A,0.00,0,0.00,0,0.09,0.00,0,80.46,0.00,45,68,0.25,0.25,1,28,28,0,0,0,2.00,2.00,8,99,27.59,7.25,7.25,29,1,0.00,0.25,3,0.25,0,0,0,0.00,0.00,0,0.00,0.00,0.00,0.00,0,0,0.00,72,88,85,71,41,0.41,49,0.10,0.10,0.09,38,0.02,0.02,12,1,0.25,0.25,1.00,1.00,51,4,0.02,36,58,99,91,0,71,74,0,0.00,99,4,0.00,1.00,7.50,7.50,30,15,45,48,3.75,3.75,50.00,1,0.25,76,0,0.00,0,0.00,99,0,0.00,0.00,48,92,77,73,0,0,0,0,0,51,71,84,80,0,99,62,65,91,2,50,97,92,0,0
Alvaro Ribeiro de Brito Augusto,20,1113721200,2005/04/17,MLS Next Pro,2026,Midfielder,North Texas,90,0,90,Portugal,1,0,1,0,0,0,0,0,0,0,0,0,0,0,2,0,2,0,0,0,0,0,0,0,0,2,45,90,0,0,0,-1,-1,-1,15,0,7.21,0,69,62.00,62.00,95,62,52.00,52,61,52.00,93,0.00,0.00,0.00,0,0.00,0.00,4.00,4.00,4,0.00,0.00,0.00,0.00,0.00,0.00,3.00,2.00,0.00,1.00,1.00,3.00,0.00,0.00,0.05,0.00,0.00,0.00,0.00,0,0,,1,1.00,57,0,0.00,45,1,1.00,70,0,0,1,97,0.00,99,0,0,0.00,25,0,48,0.00,30,0,0.00,99,0,0.00,0,0,0.00,0,0.00,24,3,3.00,91,3,3.00,100.00,0,0.00,0,0,0,0.00,0,2,0.00,30,2.00,66,N/A,N/A,N/A,N/A,0.00,0,0.00,0,0.05,0.00,0,83.87,0.00,45,99,0.00,0.00,0,99,99,0,0,0,3.00,3.00,3,99,7.21,5.00,5.00,5,0,0.00,0.00,99,0.00,0,0,0,0.00,0.00,0,0.00,0.00,1.00,1.00,1,0,0.00,72,0,0,71,36,0.09,42,0.09,0.09,0.05,47,0.05,0.05,7,0,0.00,0.00,1.00,1.00,51,1,0.05,45,85,97,91,0,96,20,0,0.00,99,0,0.00,0.00,8.00,8.00,8,7,97,53,7.00,7.00,87.50,0,0.00,99,0,0.00,0,0.00,99,0,0.00,0.00,48,3,77,73,0,0,0,0,0,51,71,84,80,0,99,41,52,52,0,0,59,22,0,0
Ameziane Sid Mohand,22,1069574400,2003/11/23,MLS Next Pro,2026,Midfielder,Chattanooga FC,22,22,0,Algeria,2,2,0,0,0,0,0,0,0,0,0,1,1,0,1,1,0,0,0,0,0,0,0,0,0,4.09,22,11,0,0,0,-1,-1,-1,10,0,4.02,0,69,35.00,2.80,57,14,2.40,12,67,30.00,61,0.00,0.00,0.20,1,0.00,0.00,7.50,0.60,3,0.00,0.00,0.00,0.00,0.00,0.00,0.40,0.20,0.00,5.00,0.00,0.60,0.00,0.40,0.06,0.00,0.00,0.00,0.00,0,0,,2,0.40,99,2,5.00,99,0,0.00,30,0,1,0,99,0.00,99,0,0,0.00,25,0,48,0.00,30,0,0.00,99,0,0.00,0,0,0.00,0,2.50,95,3,7.50,99,2,5.00,66.67,0,0.00,0,0,0,0.00,0,1,0.00,0,2.50,81,N/A,N/A,N/A,N/A,0.00,0,0.00,0,0.31,0.00,0,85.71,100.00,99,99,0.00,0.00,0,99,81,0,0,0,0.00,0.00,0,56,20.11,0.20,2.50,1,0,0.00,0.00,99,0.00,0,0,0,0.00,0.00,0,0.00,0.00,0.00,0.00,0,0,0.00,72,0,0,71,5,0.07,73,0.01,0.18,0.31,97,0.06,0.78,7,0,0.00,0.00,0.00,0.00,12,0,0.78,97,1,83,91,0,71,20,0,0.00,99,0,0.00,0.00,20.00,1.60,8,5,99,99,12.50,1.00,62.50,0,0.00,99,0,0.00,0,0.00,99,0,0.00,0.00,48,0,93,73,0,0,0,0,0,51,71,84,80,0,99,90,52,52,0,0,59,11,0,0
Amin Ibrahim,21,1098169200,2004/10/19,MLS Next Pro,2026,Midfielder,FC Cincinnati II,0,0,0,USA,0,0,0,0,0,0,0,0,0,0,0,0,0,0,0,0,0,0,0,0,0,0,0,0,0,0,0,0,0,0,0,-1,-1,-1,-1,N/A,N/A,N/A,N/A,N/A,N/A,N/A,N/A,N/A,N/A,N/A,N/A,N/A,N/A,N/A,N/A,N/A,N/A,N/A,N/A,N/A,N/A,N/A,N/A,N/A,N/A,N/A,N/A,N/A,N/A,N/A,N/A,N/A,N/A,N/A,N/A,N/A,N/A,N/A,N/A,N/A,N/A,N/A,N/A,N/A,N/A,N/A,N/A,N/A,N/A,N/A,N/A,N/A,N/A,N/A,N/A,N/A,N/A,N/A,N/A,N/A,N/A,N/A,N/A,N/A,N/A,N/A,N/A,N/A,N/A,N/A,N/A,N/A,N/A,N/A,N/A,N/A,N/A,N/A,N/A,N/A,N/A,N/A,N/A,N/A,N/A,N/A,N/A,N/A,N/A,N/A,N/A,N/A,N/A,N/A,N/A,N/A,N/A,N/A,N/A,N/A,N/A,N/A,N/A,N/A,N/A,N/A,N/A,N/A,N/A,N/A,N/A,N/A,N/A,N/A,N/A,N/A,N/A,N/A,N/A,N/A,N/A,N/A,N/A,N/A,N/A,N/A,N/A,N/A,N/A,N/A,N/A,N/A,N/A,N/A,N/A,N/A,N/A,N/A,N/A,N/A,N/A,N/A,N/A,N/A,N/A,N/A,N/A,N/A,N/A,N/A,N/A,N/A,N/A,N/A,N/A,N/A,N/A,N/A,N/A,N/A,N/A,N/A,N/A,N/A,N/A,N/A,N/A,N/A,N/A,N/A,N/A,N/A,N/A,N/A,N/A,N/A,N/A,N/A,N/A,N/A,N/A,N/A,N/A,N/A,N/A,N/A,N/A,N/A,N/A,N/A,N/A,N/A,N/A,N/A,N/A,N/A,N/A,N/A,N/A,N/A,N/A,N/A,N/A,N/A,N/A,N/A,N/A,N/A,N/A,N/A,N/A,N/A,N/A,N/A,N/A,N/A,N/A,N/A,N/A,N/A,N/A,N/A,N/A
Ammar Delic,18,1182409200,2007/06/21,MLS Next Pro,2026,Midfielder,Huntsville City,0,0,0,USA,0,0,0,0,0,0,0,0,0,0,0,0,0,0,0,0,0,0,0,0,0,0,0,0,0,0,0,0,0,0,0,-1,-1,-1,-1,N/A,N/A,N/A,N/A,N/A,N/A,N/A,N/A,N/A,N/A,N/A,N/A,N/A,N/A,N/A,N/A,N/A,N/A,N/A,N/A,N/A,N/A,N/A,N/A,N/A,N/A,N/A,N/A,N/A,N/A,N/A,N/A,N/A,N/A,N/A,N/A,N/A,N/A,N/A,N/A,N/A,N/A,N/A,N/A,N/A,N/A,N/A,N/A,N/A,N/A,N/A,N/A,N/A,N/A,N/A,N/A,N/A,N/A,N/A,N/A,N/A,N/A,N/A,N/A,N/A,N/A,N/A,N/A,N/A,N/A,N/A,N/A,N/A,N/A,N/A,N/A,N/A,N/A,N/A,N/A,N/A,N/A,N/A,N/A,N/A,N/A,N/A,N/A,N/A,N/A,N/A,N/A,N/A,N/A,N/A,N/A,N/A,N/A,N/A,N/A,N/A,N/A,N/A,N/A,N/A,N/A,N/A,N/A,N/A,N/A,N/A,N/A,N/A,N/A,N/A,N/A,N/A,N/A,N/A,N/A,N/A,N/A,N/A,N/A,N/A,N/A,N/A,N/A,N/A,N/A,N/A,N/A,N/A,N/A,N/A,N/A,N/A,N/A,N/A,N/A,N/A,N/A,N/A,N/A,N/A,N/A,N/A,N/A,N/A,N/A,N/A,N/A,N/A,N/A,N/A,N/A,N/A,N/A,N/A,N/A,N/A,N/A,N/A,N/A,N/A,N/A,N/A,N/A,N/A,N/A,N/A,N/A,N/A,N/A,N/A,N/A,N/A,N/A,N/A,N/A,N/A,N/A,N/A,N/A,N/A,N/A,N/A,N/A,N/A,N/A,N/A,N/A,N/A,N/A,N/A,N/A,N/A,N/A,N/A,N/A,N/A,N/A,N/A,N/A,N/A,N/A,N/A,N/A,N/A,N/A,N/A,N/A,N/A,N/A,N/A,N/A,N/A,N/A,N/A,N/A,N/A,N/A,N/A,N/A
Andre Erickson,18,1199865600,2008/01/09,MLS Next Pro,2026,Midfielder,Colorado Rapids II,237,151,86,USA,4,2,2,0,0,0,0,0,0,0,0,0,0,0,7,6,1,0,0,0,0,0,0,0,0,2.66,34,59,0,0,0,-1,-1,-1,13,0,4.85,0,69,42.73,28.25,74,113,24.25,97,68,36.68,75,0.00,0.00,0.00,0,0.00,0.00,1.89,1.25,5,0.00,0.75,0.00,0.00,0.00,1.50,0.00,1.75,0.00,0.00,0.00,0.75,0.00,0.00,0.00,0.00,0.75,0.00,0.00,0,0,,0,0.00,25,0,0.00,45,0,0.00,30,1,2,2,73,0.00,99,0,6,2.27,96,0,48,0.00,30,0,0.00,99,0,0.00,0,0,0.00,0,0.00,24,3,1.13,55,0,0.00,0.00,0,0.00,0,0,0,0.00,0,7,0.00,8,2.65,84,N/A,N/A,N/A,N/A,0.00,0,0.00,0,0.00,0.00,0,85.84,0.00,45,30,0.50,0.76,2,28,28,0,0,0,0.50,0.76,2,91,19.39,1.75,2.65,7,1,0.00,0.38,0,0.25,0,0,0,0.00,0.00,0,0.00,0.00,0.00,0.00,0,0,0.00,72,16,85,71,12,0.18,30,0.04,0.07,0.00,27,0.00,0.00,88,6,1.50,2.27,2.27,1.50,91,6,0.00,25,4,85,91,0,71,79,0,0.00,99,3,0.00,1.13,10.97,7.25,29,14,77,82,5.29,3.50,48.28,3,1.13,31,0,0.00,0,0.00,99,0,0.00,0.00,48,24,99,96,0,0,0,0,0,51,71,84,80,0,99,41,52,52,0,0,59,67,0,0
Andreas Applewhaite,23,1023087600,2002/06/03,MLS Next Pro,2026,Defender,Connecticut United,350,0,350,Barbados,4,0,4,0,0,0,1,0,1,0,0,0,0,0,8,0,8,1,0,0.26,0.26,0,0,0,0,2.06,44,88,350,350,0.26,98,18,7,6,0,6.58,0.25,82,37.94,30.25,63,121,21.50,86,17,26.97,55,0.00,0.00,1.75,7,0.00,4.00,1.57,1.25,5,0.00,0.50,0.00,0.00,0.00,1.25,0.25,1.75,0.00,2.20,1.50,1.25,0.00,0.25,0.11,0.00,1.00,0.00,0.00,0,0,,7,1.75,81,1,0.31,57,6,1.88,91,0,0,4,62,0.00,99,0,5,1.57,85,16,70,5.02,97,0,0.00,99,0,0.00,0,0,0.00,0,2.20,93,5,1.57,69,1,0.31,20.00,0,0.00,0,0,0,0.00,0,7,0.00,22,2.20,76,N/A,N/A,N/A,N/A,0.00,0,0.00,0,0.43,0.00,0,71.07,14.29,46,99,0.00,0.00,0,37,31,0,0,0,0.00,0.00,0,56,26.34,1.25,1.57,5,0,0.00,0.00,99,0.00,0,0,0,0.00,0.00,0,0.00,0.00,0.00,0.00,0,0,0.00,72,63,85,71,27,1.02,88,0.26,0.32,0.43,65,0.11,0.13,32,2,0.50,0.63,1.88,1.50,84,6,0.13,63,27,71,91,0,71,83,0,0.00,99,4,0.00,1.25,9.41,7.50,30,12,46,71,3.76,3.00,40.00,2,0.63,53,0,31.25,0,0.00,99,5,1.25,1.57,97,92,77,73,0,0,0,0,0,65,71,84,80,0,99,41,87,66,1,25,81,22,0,0
Andrei Chirila,17,1218783600,2008/08/15,MLS Next Pro,2026,Midfielder,FC Cincinnati II,270,90,180,USA,3,1,2,0,0,0,0,0,0,0,0,0,0,0,5,2,3,0,0,0,0,0,0,0,0,1.67,54,90,0,0,0,-1,-1,-1,7,0,6.97,0,69,65.33,65.33,98,196,52.67,158,45,52.67,94,0.00,0.00,0.00,0,0.00,0.00,2.67,2.67,8,0.00,0.33,0.00,0.00,0.00,2.00,1.00,2.00,0.00,0.00,0.00,1.00,0.00,0.00,0.00,0.00,2.67,0.00,0.00,0,0,,0,0.00,25,0,0.00,45,0,0.00,30,0,0,3,88,0.00,99,0,6,2.00,93,0,48,0.00,30,0,0.00,99,0,0.00,0,0,0.00,0,0.00,24,3,1.00,51,3,1.00,100.00,0,0.00,0,0,0,0.00,0,6,0.00,40,2.00,66,N/A,N/A,N/A,N/A,0.00,0,0.00,0,0.00,0.00,0,80.61,0.00,45,99,0.00,0.00,0,79,99,0,0,0,1.33,1.33,4,97,20.92,6.00,6.00,18,0,0.00,0.00,99,0.00,0,0,0,0.00,0.00,0,0.00,0.00,0.00,0.00,0,0,0.00,72,46,33,71,44,0.31,49,0.10,0.10,0.00,27,0.00,0.00,33,2,0.67,0.67,0.33,0.33,23,1,0.00,25,66,99,91,0,71,99,0,0.00,99,8,0.00,2.67,8.67,8.67,26,20,94,60,6.67,6.67,76.92,1,0.33,70,0,0.00,0,0.00,99,0,0.00,0.00,48,60,77,73,0,0,0,0,0,51,71,84,80,0,99,41,52,52,0,0,59,88,0,0
Andrej Subotić,19,1156921200,2006/08/30,MLS Next Pro,2026,Midfielder,Crown Legacy,293,203,90,Serbia,4,3,1,0,0,0,3,1,2,0,0,2,2,0,3,2,1,0,0,0.92,0.92,0,0,0,0,0.92,98,73,0,98,0,90,2,-1,10,0,6.75,0.75,99,19.91,13.00,15,52,10.50,42,46,16.09,21,0.00,0.00,1.50,6,0.00,0.25,0.38,0.25,1,0.00,0.25,0.00,0.00,0.00,0.00,0.25,0.75,0.00,0.38,0.00,0.50,0.00,0.25,0.03,0.00,0.00,0.00,0.00,0,0,,1,0.25,36,1,0.38,60,0,0.00,30,1,0,4,19,0.00,99,0,0,0.00,25,1,48,0.38,39,0,0.00,99,0,0.00,0,0,0.00,0,2.30,94,2,0.77,43,1,0.38,50.00,0,0.00,0,0,0,0.00,0,3,0.00,75,1.15,27,N/A,N/A,N/A,N/A,0.00,0,0.00,0,0.13,0.00,0,80.77,100.00,99,15,0.75,1.15,3,45,64,0,0,0,0.00,0.00,0,56,27.00,0.25,0.38,1,0,0.00,0.00,99,0.00,0,0,0,0.00,0.00,0,0.00,0.00,0.00,0.00,0,0,0.00,72,50,85,71,80,1.89,99,0.47,0.72,0.13,47,0.03,0.05,37,2,0.50,0.77,0.38,0.25,24,1,0.05,45,43,27,91,0,71,20,0,0.00,99,0,0.00,0.00,4.60,3.00,12,4,14,16,1.53,1.00,33.33,1,0.38,66,0,0.00,0,0.00,99,0,0.00,0.00,48,92,77,96,0,0,0,0,0,93,71,84,80,0,99,90,52,52,0,0,59,60,0,0
Andrew Baiera,19,1172649600,2007/02/28,MLS Next Pro,2026,Midfielder,New York City II,90,90,0,USA,1,1,0,0,0,0,0,0,0,0,0,0,0,0,1,1,0,0,0,0,0,0,0,0,0,1,90,90,0,0,0,-1,-1,-1,12,0,6.55,0,69,21.00,28.00,20,28,21.00,21,27,15.75,19,0.00,0.00,0.00,0,0.00,0.00,2.25,3.00,3,0.00,3.00,0.00,0.00,0.00,2.00,0.00,1.00,0.00,0.00,0.00,1.00,0.00,0.00,0.00,0.00,0.00,0.00,0.00,0,0,,0,0.00,25,0,0.00,45,0,0.00,30,0,0,1,81,0.00,99,0,2,1.50,85,0,48,0.00,30,0,0.00,99,0,0.00,0,0,0.00,0,0.00,24,1,0.75,42,0,0.00,0.00,0,0.00,0,0,0,0.00,0,1,0.00,74,0.75,15,N/A,N/A,N/A,N/A,0.00,0,0.00,0,0.00,0.00,0,75.00,0.00,45,99,0.00,0.00,0,28,28,0,0,0,0.00,0.00,0,56,6.55,0.00,0.00,0,0,0.00,0.00,99,0.00,0,0,0,0.00,0.00,0,0.00,0.00,0.00,0.00,0,0,0.00,72,0,0,71,78,0.05,12,0.05,0.04,0.00,27,0.00,0.00,98,4,4.00,3.00,0.75,1.00,40,1,0.00,25,24,15,91,0,71,20,0,0.00,99,0,0.00,0.00,9.00,12.00,12,7,76,65,5.25,7.00,58.33,3,2.25,7,0,0.00,0,0.00,99,0,0.00,0.00,48,3,77,73,0,0,0,0,0,51,71,84,80,0,99,41,52,52,0,0,59,38,0,0
Anthony Alaouieh,19,1153724400,2006/07/24,MLS Next Pro,2026,Midfielder,Columbus Crew II,106,16,90,USA,2,1,1,0,0,0,0,0,0,0,0,0,0,0,1,0,1,1,0,0,0,0,0,0,0,0.85,106,53,106,0,0.85,-1,-1,-1,17,0,6.64,0,69,36.00,13.33,59,40,10.00,30,27,27.00,55,0.00,0.00,0.00,0,0.00,0.33,3.60,1.33,4,0.00,0.33,0.00,0.00,0.00,0.33,0.67,0.00,0.00,0.00,0.00,1.67,0.00,0.00,0.00,0.00,0.33,0.00,0.00,0,0,,0,0.00,25,0,0.00,45,0,0.00,30,0,1,1,97,0.00,99,0,1,0.90,65,1,99,0.90,59,0,0.00,99,0,0.00,0,0,0.00,0,0.00,24,5,4.50,97,2,1.80,40.00,0,0.00,0,0,0,0.00,0,0,0.00,76,0.00,0,N/A,N/A,N/A,N/A,0.00,0,0.00,0,0.00,0.00,0,75.00,0.00,45,99,0.00,0.00,0,93,46,0,0,0,0.00,0.00,0,56,19.91,0.33,0.90,1,0,0.00,0.00,99,0.00,0,0,0,0.00,0.00,0,0.00,0.00,0.00,0.00,0,0,0.00,72,0,0,71,80,0.06,17,0.02,0.05,0.00,27,0.00,0.00,99,4,1.33,3.60,0.90,0.33,48,1,0.00,25,29,54,91,0,71,70,0,0.00,99,1,0.00,0.90,17.10,6.33,19,10,99,99,9.00,3.33,52.63,1,0.90,43,0,100.00,0,0.00,99,1,0.33,0.90,88,3,93,73,0,0,0,0,0,51,71,84,80,0,99,41,53,99,0,0,59,44,0,0
Anthony García Espinoza,22,1057647600,2003/07/08,MLS Next Pro,2026,Midfielder,Chattanooga FC,346,199,147,USA,5,3,2,0,0,0,0,0,0,0,0,1,1,0,9,5,4,0,0,0,0,0,0,0,0,2.34,38,69,0,0,0,87,71,-1,7,0,6.39,0,69,14.61,11.20,5,56,7.60,38,9,9.91,4,0.00,0.00,0.40,2,0.00,0.40,2.09,1.60,8,0.00,2.20,0.00,0.00,0.00,0.60,0.60,1.80,0.00,1.83,1.40,3.20,0.00,0.00,0.07,0.00,0.20,0.00,0.00,0,0,,7,1.40,75,0,0.00,45,7,1.83,90,1,0,5,77,0.00,99,0,3,0.78,59,2,48,0.52,45,0,0.00,99,0,0.00,0,0,0.00,0,0.52,43,16,4.17,96,3,0.78,18.75,0,0.00,0,0,0,0.00,0,9,0.00,11,2.35,79,N/A,N/A,N/A,N/A,0.00,0,0.00,0,0.34,0.00,0,67.86,0.00,45,42,0.40,0.52,2,67,30,0,0,0,0.20,0.26,1,67,31.95,0.20,0.26,1,0,0.00,0.00,99,0.00,0,0,0,0.00,0.00,0,0.00,0.00,0.52,0.40,2,0,0.00,72,62,99,71,15,0.16,12,0.03,0.04,0.34,58,0.07,0.09,91,9,1.80,2.35,1.30,1.00,66,5,0.09,56,16,18,91,0,88,28,0,0.00,99,1,0.00,0.26,14.61,11.20,56,21,81,97,5.48,4.20,37.50,11,2.87,3,0,0.00,0,0.00,99,0,0.00,0.00,48,99,77,96,0,0,0,0,0,51,71,84,80,0,99,47,52,52,0,0,59,7,0,0
Anthony Ramos,23,1044432000,2003/02/05,MLS Next Pro,2026,Goalkeeper,Connecticut United,270,0,270,USA,3,0,3,0,0,0,0,0,0,0,0,0,0,0,7,0,7,0,0,0,0,0,0,0,0,2.33,39,90,0,0,0,-1,-1,-1,8,0,4.68,0,69,30.00,22.50,49,90,19.50,78,73,26.00,54,0.00,0.00,0.00,0,0.00,0.00,0.33,0.25,1,0.00,0.25,0.00,0.00,1.00,0.00,0.00,2.75,0.00,0.00,0.00,0.00,0.00,0.00,0.00,0.00,0.00,0.00,0.00,0,0,,0,0.00,25,0,0.00,45,0,0.00,30,0,0,3,17,0.00,99,0,0,0.00,25,0,48,0.00,30,0,0.00,99,0,0.00,0,0,0.00,0,0.00,24,0,0.00,18,0,0.00,0.00,0,0.00,0,4,8,1.33,12,11,0.00,15,3.67,93,N/A,N/A,N/A,N/A,36.36,0,0.00,0,0.00,0.00,0,86.67,0.00,45,99,0.00,0.00,0,28,28,0,0,3,0.00,0.00,0,56,18.71,0.00,0.00,0,0,0.00,0.00,99,0.00,1,0,0,0.00,0.00,0,0.00,0.00,0.00,0.00,0,0,0.00,72,46,33,71,20,0.18,24,0.04,0.06,0.00,27,0.00,0.00,52,3,0.75,1.00,0.33,0.25,23,1,0.00,25,3,15,91,0,71,20,0,0.00,99,0,0.00,0.00,1.67,1.25,5,4,12,9,1.33,1.00,80.00,1,0.33,70,0,0.00,0,0.00,99,0,0.00,0.00,48,60,77,73,0,0,0,0,0,51,71,84,80,0,99,41,52,52,0,0,59,1,0,0
Anthony Sorenson,23,1043481600,2003/01/25,MLS Next Pro,2026,Midfielder,Chattanooga FC,446,270,176,USA,5,3,2,0,0,0,0,0,0,0,0,1,1,0,10,6,4,1,0,0,0,0,0,0,0,2.02,45,89,446,0,0.2,36,89,-1,9,0,6.73,0,69,36.87,39.00,62,195,28.00,140,20,26.47,54,0.00,0.00,0.40,2,0.00,2.00,3.03,3.20,16,0.00,0.80,0.00,0.00,0.00,1.80,0.80,2.00,0.00,0.57,0.60,1.20,0.00,0.00,0.03,0.00,1.00,0.00,0.00,0,0,,3,0.60,43,0,0.00,45,3,0.57,55,2,0,5,94,0.00,99,0,9,1.70,88,10,70,1.89,76,0,0.00,99,0,0.00,0,0,0.00,0,0.38,33,6,1.13,55,4,0.76,66.67,0,0.00,0,0,0,0.00,0,10,0.00,23,1.89,60,N/A,N/A,N/A,N/A,0.00,0,0.00,0,0.17,0.00,0,71.79,0.00,45,55,0.40,0.38,2,66,81,0,0,0,0.40,0.38,2,79,33.67,2.40,2.27,12,0,0.00,0.00,99,0.00,0,0,1,0.20,0.19,0,0.00,0.00,0.19,0.20,1,0,0.00,72,92,99,71,36,0.32,24,0.06,0.06,0.17,41,0.03,0.03,49,5,1.00,0.95,1.51,1.60,75,8,0.03,40,41,80,92,0,73,72,0,0.00,99,5,0.00,0.95,9.08,9.60,48,30,85,66,5.67,6.00,62.50,4,0.76,47,0,30.00,0,0.00,99,3,0.60,0.57,80,99,77,99,0,0,0,0,0,51,71,84,80,0,99,47,98,55,1,20,63,13,0,0
Anthony Sumo Jr.,26,925110000,1999/04/26,MLS Next Pro,2026,Midfielder,Carolina Core,224,96,128,Liberia,4,2,2,1,1,0,0,0,0,0,0,1,0,1,2,0,2,3,0,0.4,0,0.4,0.94,0,224,0.8,112,56,75,0,1.21,-1,-1,-1,2,0,6.77,0,69,9.92,7.00,2,28,5.00,20,19,7.09,2,0.00,0.00,0.50,2,0.00,0.50,1.77,1.25,5,0.00,0.50,0.00,0.00,0.00,0.25,1.00,0.50,7.00,2.48,0.75,2.00,0.00,1.00,0.30,0.00,0.25,0.00,0.00,0,0,,7,1.75,85,4,1.42,93,3,1.06,73,1,2,2,67,0.00,99,0,1,0.35,38,2,48,0.71,51,0,0.00,99,0,0.00,0,0,0.00,0,0.71,51,8,2.83,88,4,1.42,50.00,0,0.00,0,0,0,0.00,0,2,0.00,77,0.71,13,N/A,N/A,N/A,N/A,0.00,0,0.00,0,1.22,0.00,0,71.43,57.14,89,99,0.00,0.00,0,89,64,0,0,0,0.00,0.00,0,56,27.10,0.00,0.00,0,0,0.00,0.00,99,0.00,0,0,0,0.00,0.00,0,0.00,0.00,1.77,1.25,5,0,14.29,79,11,85,84,81,0.11,12,0.03,0.04,1.22,88,0.30,0.43,85,6,1.50,2.13,2.48,1.75,95,7,0.43,87,45,15,91,0,99,37,0,0.00,99,1,0.00,0.35,11.34,8.00,32,16,85,85,5.67,4.00,50.00,2,0.71,50,0,0.00,0,0.00,99,0,0.00,0.00,48,24,99,96,0,0,0,0,0,75,88,84,93,0,99,62,52,99,3,75,99,11,0,0
Antino Lopez,23,1021964400,2002/05/21,MLS Next Pro,2026,Midfielder,Tacoma Defiance,90,0,90,USA,1,0,1,0,0,0,0,0,0,0,0,0,0,0,4,0,4,0,0,0,0,0,0,0,0,4,23,90,0,0,0,-1,-1,-1,7,0,6.22,0,69,63.00,63.00,95,63,57.00,57,92,57.00,97,0.00,0.00,0.00,0,0.00,0.00,0.00,0.00,0,0.00,0.00,0.00,0.00,0.00,0.00,0.00,4.00,0.00,0.00,0.00,0.00,0.00,0.00,0.00,0.00,1.00,0.00,0.00,0,0,,0,0.00,25,0,0.00,45,0,0.00,30,0,0,1,11,0.00,99,0,0,0.00,25,0,48,0.00,30,0,0.00,99,0,0.00,0,0,0.00,0,0.00,24,0,0.00,18,0,0.00,0.00,0,0.00,0,0,0,0.00,0,4,0.00,0,4.00,94,N/A,N/A,N/A,N/A,0.00,0,0.00,0,0.00,0.00,0,90.48,0.00,45,99,0.00,0.00,0,28,28,0,0,0,2.00,2.00,2,99,6.22,5.00,5.00,5,0,0.00,0.00,99,0.00,0,0,0,0.00,0.00,0,0.00,0.00,0.00,0.00,0,0,0.00,72,0,0,71,5,0.12,59,0.12,0.12,0.00,27,0.00,0.00,83,2,2.00,2.00,0.00,0.00,12,0,0.00,25,12,97,91,0,71,74,0,0.00,99,1,0.00,1.00,5.00,5.00,5,3,33,18,3.00,3.00,60.00,0,0.00,99,0,0.00,0,0.00,99,0,0.00,0.00,48,3,77,73,0,0,0,0,0,51,71,84,80,0,99,41,52,52,0,0,59,35,0,0
Antonio Riquelme,17,1218178800,2008/08/08,MLS Next Pro,2026,Midfielder,Real Monarchs,258,186,72,USA,4,3,1,2,1,1,1,1,0,0,0,1,0,1,3,3,0,1,0,1.05,0.35,0.7,0.48,1.25,129,1.05,86,65,258,258,0.35,-1,-1,-1,2,0,7.39,0.25,86,27.74,24.50,43,98,21.75,87,86,24.62,50,0.00,0.00,1.00,4,0.00,2.75,1.13,1.00,4,0.00,0.75,0.00,0.00,0.00,0.25,0.75,0.75,5.00,2.83,1.75,0.75,0.00,0.75,0.47,0.00,0.25,0.00,0.00,0,0,,10,2.50,89,3,0.85,82,7,1.98,93,1,1,3,45,0.00,99,0,1,0.28,32,11,83,3.11,88,0,0.00,99,0,0.00,0,0,0.00,0,1.13,67,3,0.85,46,3,0.85,100.00,0,0.00,0,0,0,0.00,0,3,0.00,69,0.85,20,N/A,N/A,N/A,N/A,0.00,0,0.00,0,1.90,0.00,0,88.78,30.00,60,65,0.25,0.28,1,72,99,0,0,0,0.00,0.00,0,56,29.56,0.25,0.28,1,0,0.00,0.00,99,0.00,0,0,0,0.00,0.00,0,0.00,0.00,0.00,0.00,0,0,20.00,84,25,85,78,73,0.93,82,0.23,0.26,1.90,92,0.47,0.54,87,8,2.00,2.26,0.85,0.75,44,3,0.54,91,91,19,91,0,71,30,0,0.00,99,1,0.00,0.28,6.79,6.00,24,16,64,39,4.53,4.00,66.67,3,0.85,45,0,45.45,0,0.00,99,5,1.25,1.42,96,60,93,96,0,0,0,0,0,95,93,99,87,0,99,62,76,77,1,25,81,38,0,0
Arif Kovac,19,1157698800,2006/09/08,MLS Next Pro,2026,Midfielder,Atlanta United II,41,21,20,USA,2,1,1,0,0,0,1,1,0,0,0,0,0,0,1,0,1,0,0,2.2,2.2,0,0,0,0,2.2,41,21,0,41,0,-1,-1,-1,14,0,6.51,0.5,99,8.89,2.67,0,8,1.67,5,2,5.56,0,0.00,0.00,0.67,2,0.00,0.00,0.00,0.00,0,0.00,0.00,0.00,0.00,0.00,0.33,0.00,0.67,0.00,1.11,0.33,0.00,0.00,0.00,0.02,0.00,0.00,0.00,0.00,0,0,,1,0.33,60,0,0.00,45,1,1.11,74,0,2,0,11,0.00,99,0,1,1.11,75,0,48,0.00,30,0,0.00,99,0,0.00,0,0,0.00,0,2.22,93,0,0.00,18,0,0.00,0.00,0,0.00,0,0,0,0.00,0,2,0.00,18,2.22,76,N/A,N/A,N/A,N/A,0.00,0,0.00,0,0.05,0.00,0,62.50,0.00,45,15,0.33,1.11,1,28,28,0,0,0,0.00,0.00,0,56,19.52,0.00,0.00,0,0,0.00,0.00,99,0.00,0,0,0,0.00,0.00,0,0.00,0.00,1.11,0.33,1,0,0.00,72,0,0,71,24,0.64,99,0.21,0.71,0.05,52,0.02,0.06,55,1,0.33,1.11,4.44,1.33,99,4,0.06,50,20,15,91,0,97,20,0,0.00,99,0,0.00,0.00,7.78,2.33,7,1,10,50,1.11,0.33,14.29,0,0.00,99,0,0.00,0,0.00,99,0,0.00,0.00,48,0,99,73,0,0,0,0,0,99,71,84,80,0,99,41,52,52,0,0,59,39,0,0
Aron John,19,1144047600,2006/04/03,MLS Next Pro,2026,Midfielder,Crown Legacy,90,0,90,USA,1,0,1,0,0,0,1,0,1,0,0,0,0,0,1,0,1,0,0,1,1,0,0,0,0,1,90,90,0,90,0,-1,-1,-1,9,0,7.11,1,99,48.00,48.00,82,48,31.00,31,6,31.00,63,0.00,0.00,4.00,4,0.00,6.00,1.00,1.00,1,0.00,1.00,0.00,0.00,0.00,2.00,1.00,1.00,0.00,0.00,0.00,1.00,0.00,0.00,0.00,0.00,0.00,0.00,0.00,0,0,,0,0.00,25,0,0.00,45,0,0.00,30,0,0,1,39,0.00,99,0,2,2.00,93,6,92,6.00,98,0,0.00,99,0,0.00,0,0,0.00,0,4.00,99,1,1.00,51,1,1.00,100.00,0,0.00,0,0,0,0.00,0,1,0.00,74,1.00,25,N/A,N/A,N/A,N/A,0.00,0,0.00,0,0.00,0.00,0,64.58,0.00,45,2,2.00,2.00,2,79,99,0,0,0,0.00,0.00,0,56,7.11,0.00,0.00,0,0,0.00,0.00,99,0.00,0,0,0,0.00,0.00,0,0.00,0.00,0.00,0.00,0,0,0.00,72,0,0,71,78,0.82,99,0.82,0.82,0.00,27,0.00,0.00,7,0,0.00,0.00,0.00,0.00,12,0,0.00,25,78,15,91,0,71,20,0,0.00,99,0,0.00,0.00,5.00,5.00,5,2,19,18,2.00,2.00,40.00,1,1.00,37,0,50.00,0,0.00,99,3,3.00,3.00,99,3,77,73,0,0,0,0,0,95,71,84,80,0,99,41,52,52,0,0,59,48,0,0
Arthur Sousa Araújo,23,1047456000,2003/03/12,MLS Next Pro,2026,Midfielder,Houston Dynamo FC II,200,200,0,Brazil,4,4,0,1,1,0,2,2,0,0,0,4,4,0,0,0,0,0,0,1.35,0.9,0.45,0.45,0,200,0,0,50,0,100,0,-1,-1,-1,5,0,6.85,0.5,98,10.53,5.00,2,20,3.75,15,27,7.89,2,0.00,0.00,0.75,3,0.00,0.00,1.58,0.75,3,0.00,0.75,0.00,0.00,0.00,0.25,0.25,0.00,6.00,3.16,1.00,0.75,0.00,0.50,0.26,0.00,0.25,0.00,0.00,0,0,,6,1.50,91,2,1.05,87,4,2.11,94,1,1,3,62,0.00,99,0,1,0.53,49,0,48,0.00,30,0,0.00,99,0,0.00,0,0,0.00,0,1.58,80,3,1.58,69,1,0.53,33.33,0,0.00,0,0,0,0.00,0,0,0.00,99,0.00,0,N/A,N/A,N/A,N/A,0.00,0,0.00,0,1.04,0.00,0,75.00,33.33,65,41,0.25,0.53,1,56,43,0,0,0,0.00,0.00,0,56,27.41,0.00,0.00,0,0,0.00,0.00,99,0.00,0,0,0,0.00,0.00,0,0.00,0.00,2.63,1.25,5,0,16.67,81,4,85,82,4,1.37,99,0.34,0.72,1.04,92,0.26,0.55,98,6,1.50,3.16,1.58,0.75,77,3,0.55,91,54,15,91,0,99,52,0,0.00,99,1,0.00,0.53,11.05,5.25,21,10,76,83,5.26,2.50,47.62,3,1.58,18,0,0.00,0,0.00,99,0,0.00,0.00,48,60,93,96,0,0,0,0,0,99,90,84,87,0,99,99,52,52,0,0,59,9,0,0
Ashton J'Kingston Gordon,18,1176534000,2007/04/14,MLS Next Pro,2026,Midfielder,Chattanooga FC,130,61,69,USA,4,2,2,0,0,0,2,2,0,0,0,0,0,0,3,2,1,0,0,1.38,1.38,0,0,0,0,2.08,43,33,0,65,0,-1,-1,-1,11,0,6.74,0.5,99,17.40,7.00,9,35,4.40,22,3,10.94,6,0.00,0.00,0.80,4,0.00,2.40,0.50,0.20,1,0.00,0.20,0.00,0.00,0.00,0.20,0.00,0.60,0.00,2.49,0.80,0.00,0.00,0.20,0.06,0.00,0.20,0.00,0.00,0,0,,5,1.00,86,1,0.50,69,4,1.99,94,0,2,0,23,0.00,99,0,1,0.50,48,12,49,5.97,98,0,0.00,99,0,0.00,0,0,0.00,0,1.99,91,0,0.00,18,0,0.00,0.00,0,0.00,0,0,0,0.00,0,3,0.00,22,1.49,46,N/A,N/A,N/A,N/A,0.00,0,0.00,0,0.28,0.00,0,62.86,20.00,51,7,0.60,1.49,3,28,28,0,0,0,0.00,0.00,0,56,33.68,0.00,0.00,0,0,0.00,0.00,99,0.00,0,0,0,0.00,0.00,0,0.00,0.00,0.00,0.00,0,0,0.00,72,0,85,71,26,1.36,99,0.27,0.68,0.28,67,0.06,0.14,28,1,0.20,0.50,1.49,0.60,73,3,0.14,65,42,15,91,0,71,50,0,0.00,99,1,0.00,0.50,6.46,2.60,13,3,13,36,1.49,0.60,23.08,1,0.50,60,0,8.33,0,0.00,99,1,0.20,0.50,77,0,99,73,0,0,0,0,0,99,71,84,80,0,99,41,52,52,0,0,59,19,0,0
Assane Souleymane Ouedraogo,20,1129791600,2005/10/20,MLS Next Pro,2026,Midfielder,Crown Legacy,90,90,0,Ivory Coast,2,1,1,1,1,0,0,0,0,0,0,0,0,0,2,2,0,0,0,1,0,1,1,0,90,2,45,45,0,0,0,-1,-1,-1,4,0,1.85,0,69,55.38,14.00,90,56,12.50,50,89,49.45,90,0.00,0.00,0.25,1,0.00,0.00,0.99,0.25,1,0.00,0.00,0.00,0.00,0.00,0.75,0.00,0.50,1.00,0.99,0.00,0.00,0.00,0.25,0.17,0.00,0.50,0.00,0.00,0,0,,1,0.25,57,1,0.99,86,0,0.00,30,0,0,1,39,0.00,99,0,3,2.97,99,0,48,0.00,30,0,0.00,99,0,0.00,0,0,0.00,0,0.99,63,0,0.00,18,0,0.00,0.00,0,0.00,0,0,0,0.00,0,2,0.00,30,1.98,64,N/A,N/A,N/A,N/A,0.00,0,0.00,0,0.69,0.00,0,89.29,100.00,99,99,0.00,0.00,0,28,28,0,0,0,0.25,0.99,1,94,7.40,0.50,1.98,2,0,0.00,0.00,99,0.00,0,0,0,0.00,0.00,0,0.00,0.00,0.00,0.00,0,0,100.00,99,0,0,74,36,0.14,67,0.04,0.14,0.69,96,0.17,0.68,7,0,0.00,0.00,2.97,0.75,99,3,0.68,95,0,76,91,0,71,96,0,0.00,99,2,0.00,1.98,5.93,1.50,6,3,31,29,2.97,0.75,50.00,0,0.00,99,0,0.00,0,0.00,99,0,0.00,0.00,48,3,77,73,0,0,0,0,0,95,99,84,96,0,99,41,52,52,0,0,59,54,0,0
Austin Brummett,22,1076745600,2004/02/14,MLS Next Pro,2026,Midfielder,Houston Dynamo FC II,160,160,0,USA,3,3,0,1,1,0,0,0,0,0,0,3,3,0,0,0,0,1,0,0.56,0,0.56,0.56,0,160,0,0,53,160,0,0.56,-1,-1,-1,6,0,6.82,0,69,22.86,12.00,27,48,9.00,36,27,17.14,27,0.00,0.00,1.00,4,0.00,0.50,0.95,0.50,2,0.00,0.25,0.00,0.00,0.00,0.25,0.00,0.00,2.00,0.95,0.25,0.25,0.00,0.25,0.18,0.00,1.25,0.00,0.00,0,0,,2,0.50,55,1,0.48,67,1,0.48,51,2,1,1,37,0.00,99,0,1,0.48,47,2,48,0.95,62,0,0.00,99,0,0.00,0,0,0.00,0,1.90,88,1,0.48,32,0,0.00,0.00,0,0.00,0,0,0,0.00,0,0,0.00,99,0.00,0,N/A,N/A,N/A,N/A,0.00,0,0.00,0,0.74,0.00,0,75.00,50.00,87,1,1.25,2.38,5,28,28,0,0,0,0.00,0.00,0,56,27.29,0.00,0.00,0,0,0.00,0.00,99,0.00,0,0,0,0.00,0.00,0,0.00,0.00,0.00,0.00,0,0,50.00,99,0,33,79,4,0.24,54,0.06,0.11,0.74,84,0.18,0.35,81,4,1.00,1.90,2.38,1.25,93,5,0.35,83,51,15,91,0,71,99,0,0.00,99,5,0.00,2.38,12.86,6.75,27,11,76,92,5.24,2.75,40.74,1,0.48,61,0,0.00,0,0.00,99,0,0.00,0.00,48,3,93,99,0,0,0,0,0,82,92,84,90,0,99,99,60,92,0,0,59,7,0,0
Austin Causey,24,998290800,2001/08/20,MLS Next Pro,2026,Goalkeeper,New York RB II,0,0,0,USA,0,0,0,0,0,0,0,0,0,0,0,0,0,0,0,0,0,0,0,0,0,0,0,0,0,0,0,0,0,0,0,-1,-1,-1,-1,N/A,N/A,N/A,N/A,N/A,N/A,N/A,N/A,N/A,N/A,N/A,N/A,N/A,N/A,N/A,N/A,N/A,N/A,N/A,N/A,N/A,N/A,N/A,N/A,N/A,N/A,N/A,N/A,N/A,N/A,N/A,N/A,N/A,N/A,N/A,N/A,N/A,N/A,N/A,N/A,N/A,N/A,N/A,N/A,N/A,N/A,N/A,N/A,N/A,N/A,N/A,N/A,N/A,N/A,N/A,N/A,N/A,N/A,N/A,N/A,N/A,N/A,N/A,N/A,N/A,N/A,N/A,N/A,N/A,N/A,N/A,N/A,N/A,N/A,N/A,N/A,N/A,N/A,N/A,N/A,N/A,N/A,N/A,N/A,N/A,N/A,N/A,N/A,N/A,N/A,N/A,N/A,N/A,N/A,N/A,N/A,N/A,N/A,N/A,N/A,N/A,N/A,N/A,N/A,N/A,N/A,N/A,N/A,N/A,N/A,N/A,N/A,N/A,N/A,N/A,N/A,N/A,N/A,N/A,N/A,N/A,N/A,N/A,N/A,N/A,N/A,N/A,N/A,N/A,N/A,N/A,N/A,N/A,N/A,N/A,N/A,N/A,N/A,N/A,N/A,N/A,N/A,N/A,N/A,N/A,N/A,N/A,N/A,N/A,N/A,N/A,N/A,N/A,N/A,N/A,N/A,N/A,N/A,N/A,N/A,N/A,N/A,N/A,N/A,N/A,N/A,N/A,N/A,N/A,N/A,N/A,N/A,N/A,N/A,N/A,N/A,N/A,N/A,N/A,N/A,N/A,N/A,N/A,N/A,N/A,N/A,N/A,N/A,N/A,N/A,N/A,N/A,N/A,N/A,N/A,N/A,N/A,N/A,N/A,N/A,N/A,N/A,N/A,N/A,N/A,N/A,N/A,N/A,N/A,N/A,N/A,N/A,N/A,N/A,N/A,N/A,N/A,N/A,N/A,N/A,N/A,N/A,N/A,N/A
Ben Lundt,30,811926000,1995/09/24,MLS Next Pro,2026,Goalkeeper,St. Louis City II,90,90,0,Germany,1,1,0,0,0,0,0,0,0,0,0,0,0,0,2,2,0,0,0,0,0,0,0,0,0,2,45,90,0,0,0,-1,-1,-1,7,0,6.67,0,69,28.80,40.00,47,40,33.00,33,54,23.76,49,0.00,0.00,0.00,0,0.00,0.00,0.00,0.00,0,0.00,0.00,0.00,0.00,4.00,0.00,0.00,6.00,0.00,0.00,0.00,0.00,0.00,0.00,0.00,0.00,0.00,0.00,0.00,0,0,,0,0.00,25,0,0.00,45,0,0.00,30,0,0,1,11,0.00,99,0,0,0.00,25,0,48,0.00,30,0,0.00,99,0,0.00,0,0,0.00,0,0.00,24,0,0.00,18,0,0.00,0.00,0,0.00,0,4,50,2.88,54,6,0.00,30,4.32,95,N/A,N/A,N/A,N/A,66.67,0,0.00,0,0.00,0.00,0,82.50,0.00,45,32,1.00,0.72,1,28,28,0,0,2,0.00,0.00,0,56,6.67,0.00,0.00,0,0,0.00,0.00,99,0.00,0,0,0,0.00,0.00,0,0.00,0.00,0.00,0.00,0,0,0.00,72,0,0,71,36,0.08,24,0.08,0.06,0.00,27,0.00,0.00,7,0,0.00,0.00,0.00,0.00,12,0,0.00,25,33,15,91,0,71,20,0,0.00,99,0,0.00,0.00,0.72,1.00,1,0,2,7,0.00,0.00,0.00,0,0.00,99,0,0.00,0,0.00,99,0,0.00,0.00,48,3,77,73,0,0,0,0,0,51,71,84,80,0,99,41,52,52,0,0,59,39,0,0
Benjamin Barjolo,19,1171699200,2007/02/17,MLS Next Pro,2026,Midfielder,Portland Timbers II,329,239,90,USA,4,3,1,0,0,0,0,0,0,0,0,2,2,0,5,1,4,0,0,0,0,0,0,0,0,1.37,66,82,0,0,0,84,107,-1,8,0,6.39,0,69,13.57,9.50,4,38,6.75,27,17,9.64,3,0.00,0.00,0.00,0,0.00,1.00,1.43,1.00,4,0.00,0.50,0.00,0.00,0.00,0.25,0.25,1.00,0.00,1.79,0.75,2.00,0.00,0.50,0.09,0.00,0.50,0.00,0.00,0,0,,5,1.25,75,2,0.71,77,3,1.07,74,1,0,4,58,0.00,99,0,1,0.36,39,4,92,1.43,69,0,0.00,99,0,0.00,0,0,0.00,0,0.00,24,8,2.86,89,1,0.36,12.50,0,0.00,0,0,0,0.00,0,4,0.00,53,1.43,41,N/A,N/A,N/A,N/A,0.00,0,0.00,0,0.36,0.00,0,71.05,40.00,70,58,0.25,0.36,1,43,29,0,0,0,0.25,0.36,1,76,25.58,0.50,0.71,2,0,0.00,0.00,99,0.00,0,0,0,0.00,0.00,0,0.00,0.00,0.71,0.50,2,0,0.00,72,57,85,71,58,0.07,6,0.02,0.03,0.36,65,0.09,0.13,19,1,0.25,0.36,2.14,1.50,90,6,0.13,63,16,42,91,0,93,62,0,0.00,99,2,0.00,0.71,9.64,6.75,27,8,31,73,2.86,2.00,29.63,2,0.71,50,0,50.00,0,0.00,99,2,0.50,0.71,84,92,77,96,0,0,0,0,0,51,71,84,80,0,99,90,52,52,0,0,59,77,0,0
Blake Gillingham,23,1034319600,2002/10/11,MLS Next Pro,2026,Midfielder,Houston Dynamo FC II,90,90,0,USA,1,1,0,0,0,0,0,0,0,0,0,1,1,0,0,0,0,0,0,0,0,0,0,0,0,0,0,90,0,0,0,-1,-1,-1,16,0,6.92,0,69,36.00,36.00,59,36,34.00,34,99,34.00,69,0.00,0.00,0.00,0,0.00,0.00,0.00,0.00,0,0.00,0.00,0.00,0.00,1.00,0.00,0.00,1.00,0.00,0.00,0.00,0.00,0.00,0.00,0.00,0.00,0.00,0.00,0.00,0,0,,0,0.00,25,0,0.00,45,0,0.00,30,0,0,1,11,0.00,99,0,0,0.00,25,0,48,0.00,30,0,0.00,99,0,0.00,0,0,0.00,0,0.00,24,0,0.00,18,0,0.00,0.00,0,0.00,0,1,99,1.00,0,1,0.00,99,1.00,25,N/A,N/A,N/A,N/A,100.00,0,0.00,0,0.00,0.00,0,94.44,0.00,45,99,0.00,0.00,0,28,28,0,0,0,0.00,0.00,0,56,6.92,0.00,0.00,0,0,0.00,0.00,99,0.00,0,0,0,0.00,0.00,0,0.00,0.00,0.00,0.00,0,0,0.00,72,0,0,71,4,0.07,30,0.07,0.07,0.00,27,0.00,0.00,7,0,0.00,0.00,0.00,0.00,12,0,0.00,25,61,15,91,0,71,20,0,0.00,99,0,0.00,0.00,0.00,0.00,0,0,2,1,0.00,0.00,0.00,0,0.00,99,0,0.00,0,0.00,99,0,0.00,0.00,48,3,77,73,0,0,0,0,0,51,71,84,80,0,99,99,52,52,0,0,59,26,0,0
Brendan McSorley,24,1012550400,2002/02/01,MLS Next Pro,2026,Midfielder,St. Louis City II,90,90,0,USA,1,1,0,1,1,0,0,0,0,0,0,0,0,0,2,2,0,0,0,1,0,1,1,0,90,2,45,90,0,0,0,-1,-1,-1,3,0,7.75,0,69,14.40,20.00,4,20,16.00,16,42,11.52,7,0.00,0.00,2.00,2,0.00,1.00,0.00,0.00,0,0.00,2.00,0.00,0.00,0.00,0.00,1.00,2.00,8.00,5.76,3.00,2.00,0.00,5.00,1.43,0.00,1.00,0.00,0.00,0,0,,8,8.00,99,5,3.60,99,3,2.16,95,0,0,1,11,0.00,99,0,0,0.00,25,1,48,0.72,51,0,0.00,99,0,0.00,0,0,0.00,0,1.44,78,2,1.44,64,1,0.72,50.00,0,0.00,0,0,0,0.00,0,2,0.00,30,1.44,42,N/A,N/A,N/A,N/A,0.00,0,0.00,0,1.43,0.00,0,80.00,62.50,91,99,0.00,0.00,0,64,64,0,0,0,0.00,0.00,0,56,7.75,0.00,0.00,0,0,0.00,0.00,99,0.00,0,0,0,0.00,0.00,0,0.00,0.00,0.00,0.00,0,0,12.50,77,0,0,74,36,0.13,42,0.13,0.09,1.43,99,1.43,1.03,7,0,0.00,0.00,0.72,1.00,38,1,1.03,99,98,15,91,0,71,62,0,0.00,99,1,0.00,0.72,5.76,8.00,8,2,12,28,1.44,2.00,25.00,2,1.44,22,0,0.00,0,0.00,99,0,0.00,0.00,48,3,77,73,0,0,0,0,0,95,99,84,96,0,99,41,52,52,0,0,59,80,0,0
Brennan Klein,24,1010822400,2002/01/12,MLS Next Pro,2026,Midfielder,New York City II,0,0,0,USA,0,0,0,0,0,0,0,0,0,0,0,0,0,0,0,0,0,0,0,0,0,0,0,0,0,0,0,0,0,0,0,-1,-1,-1,-1,N/A,N/A,N/A,N/A,N/A,N/A,N/A,N/A,N/A,N/A,N/A,N/A,N/A,N/A,N/A,N/A,N/A,N/A,N/A,N/A,N/A,N/A,N/A,N/A,N/A,N/A,N/A,N/A,N/A,N/A,N/A,N/A,N/A,N/A,N/A,N/A,N/A,N/A,N/A,N/A,N/A,N/A,N/A,N/A,N/A,N/A,N/A,N/A,N/A,N/A,N/A,N/A,N/A,N/A,N/A,N/A,N/A,N/A,N/A,N/A,N/A,N/A,N/A,N/A,N/A,N/A,N/A,N/A,N/A,N/A,N/A,N/A,N/A,N/A,N/A,N/A,N/A,N/A,N/A,N/A,N/A,N/A,N/A,N/A,N/A,N/A,N/A,N/A,N/A,N/A,N/A,N/A,N/A,N/A,N/A,N/A,N/A,N/A,N/A,N/A,N/A,N/A,N/A,N/A,N/A,N/A,N/A,N/A,N/A,N/A,N/A,N/A,N/A,N/A,N/A,N/A,N/A,N/A,N/A,N/A,N/A,N/A,N/A,N/A,N/A,N/A,N/A,N/A,N/A,N/A,N/A,N/A,N/A,N/A,N/A,N/A,N/A,N/A,N/A,N/A,N/A,N/A,N/A,N/A,N/A,N/A,N/A,N/A,N/A,N/A,N/A,N/A,N/A,N/A,N/A,N/A,N/A,N/A,N/A,N/A,N/A,N/A,N/A,N/A,N/A,N/A,N/A,N/A,N/A,N/A,N/A,N/A,N/A,N/A,N/A,N/A,N/A,N/A,N/A,N/A,N/A,N/A,N/A,N/A,N/A,N/A,N/A,N/A,N/A,N/A,N/A,N/A,N/A,N/A,N/A,N/A,N/A,N/A,N/A,N/A,N/A,N/A,N/A,N/A,N/A,N/A,N/A,N/A,N/A,N/A,N/A,N/A,N/A,N/A,N/A,N/A,N/A,N/A,N/A,N/A,N/A,N/A,N/A,N/A
Brent Adu-Gyamfi,20,1142150400,2006/03/12,MLS Next Pro,2026,Midfielder,Columbus Crew II,315,135,180,USA,5,3,2,0,0,0,4,3,1,0,0,2,2,0,7,2,5,0,0,1.14,1.14,0,0,0,0,2,45,63,0,79,0,91,1,-1,15,0,7.01,0.8,99,40.33,30.20,69,151,22.40,112,24,29.91,60,0.00,0.00,1.20,6,0.00,1.20,1.87,1.40,7,0.00,0.20,0.00,0.00,0.00,1.00,1.00,1.60,0.00,0.27,0.20,2.00,0.00,0.00,0.01,0.00,1.00,0.00,0.00,0,0,,1,0.20,29,0,0.00,45,1,0.27,37,0,2,3,71,0.00,99,0,5,1.34,81,6,78,1.60,72,0,0.00,99,0,0.00,0,0,0.00,0,1.60,82,10,2.67,87,5,1.34,50.00,0,0.00,0,0,0,0.00,0,8,0.00,30,2.14,73,N/A,N/A,N/A,N/A,0.00,0,0.00,0,0.05,0.00,0,74.17,0.00,45,66,0.20,0.27,1,87,64,0,0,0,0.20,0.27,1,69,35.07,2.20,2.94,11,0,0.00,0.00,99,0.00,0,0,0,0.00,0.00,0,0.00,0.00,0.27,0.20,1,0,0.00,72,54,99,71,36,2.56,99,0.51,0.68,0.05,32,0.01,0.01,13,1,0.20,0.27,0.80,0.60,42,3,0.01,30,71,87,91,0,80,85,0,0.00,99,5,0.00,1.34,8.81,6.60,33,18,70,62,4.81,3.60,54.55,1,0.27,75,0,33.33,0,0.00,99,2,0.40,0.53,79,60,99,73,0,0,0,0,0,96,71,84,80,0,99,76,52,52,0,0,59,42,0,0
Bryan Dowd,24,1015574400,2002/03/08,MLS Next Pro,2026,Midfielder,FC Cincinnati II,270,90,180,USA,3,1,2,0,0,0,0,0,0,0,0,0,0,0,5,2,3,0,0,0,0,0,0,0,0,1.67,54,90,0,0,0,-1,-1,-1,2,0,5.10,0,69,27.00,20.25,42,81,13.75,55,10,18.33,31,0.00,0.00,0.00,0,0.00,0.00,0.00,0.00,0,0.00,0.00,0.00,0.00,2.50,0.00,0.00,4.00,0.00,0.00,0.00,0.00,0.00,0.00,0.00,0.00,0.25,0.00,0.00,0,0,,0,0.00,25,0,0.00,45,0,0.00,30,0,0,3,11,0.00,99,0,0,0.00,25,0,48,0.00,30,0,0.00,99,0,0.00,0,0,0.00,0,0.00,24,0,0.00,18,0,0.00,0.00,0,0.00,0,10,38,3.33,71,16,0.00,40,5.33,99,N/A,N/A,N/A,N/A,62.50,0,0.00,0,0.00,0.00,0,67.90,0.00,45,99,0.00,0.00,0,28,28,0,0,8,0.00,0.00,0,56,20.39,1.25,1.67,5,0,0.00,0.00,99,0.00,0,0,0,0.00,0.00,2,0.50,0.67,0.00,0.00,0,0,0.00,72,46,33,71,44,0.11,12,0.03,0.04,0.00,27,0.00,0.00,7,0,0.00,0.00,0.00,0.00,12,0,0.00,25,7,74,91,71,71,36,0,0.00,99,1,0.00,0.33,0.33,0.25,1,1,4,3,0.33,0.25,100.00,0,0.00,99,0,0.00,0,0.00,99,0,0.00,0.00,48,60,77,73,0,0,0,0,0,51,71,84,80,0,99,41,52,52,0,0,59,31,0,0
Bryan Moyado,20,1123484400,2005/08/08,MLS Next Pro,2026,Midfielder,Los Angeles II,152,0,152,USA,3,0,3,0,0,0,0,0,0,0,0,0,0,0,4,0,4,0,0,0,0,0,0,0,0,2.37,38,51,0,0,0,-1,-1,-1,14,0,6.85,0,69,59.72,48.00,94,144,44.00,132,94,54.75,96,0.00,0.00,0.33,1,0.00,0.00,2.07,1.67,5,0.00,0.67,0.00,0.00,0.00,0.33,1.00,1.67,0.00,0.83,0.67,1.33,0.00,0.00,0.03,0.00,0.67,0.00,0.00,0,0,,2,0.67,51,0,0.00,45,2,0.83,65,1,2,1,76,0.00,99,0,1,0.41,43,0,48,0.00,30,0,0.00,99,0,0.00,0,0,0.00,0,0.41,35,4,1.66,70,3,1.24,75.00,0,0.00,0,0,0,0.00,0,5,0.00,10,2.07,69,N/A,N/A,N/A,N/A,0.00,0,0.00,0,0.09,0.00,0,91.67,0.00,45,26,0.67,0.83,2,84,85,0,0,0,0.00,0.00,0,56,20.56,1.33,1.66,4,0,0.00,0.00,99,0.00,0,0,0,0.00,0.00,0,0.00,0.00,0.41,0.33,1,0,0.00,72,0,33,71,15,0.29,59,0.10,0.12,0.09,45,0.03,0.04,40,2,0.67,0.83,0.00,0.00,12,0,0.04,43,54,74,91,0,86,66,0,0.00,99,2,0.00,0.83,7.88,6.33,19,12,72,52,4.98,4.00,63.16,2,0.83,45,0,0.00,0,0.00,99,0,0.00,0.00,48,3,99,96,0,0,0,0,0,51,71,84,80,0,99,41,52,52,0,0,59,66,0,0
Bryce Jamison,20,1136534400,2006/01/06,MLS Next Pro,2026,Forward,Colorado Rapids II,226,138,88,USA,4,2,2,1,1,0,0,0,0,0,0,0,0,0,6,5,1,0,0,0.4,0,0.4,0.65,0,226,2.39,38,57,0,0,0,-1,-1,-1,2,0,6.79,0,69,19.51,12.25,14,49,8.75,35,19,13.94,13,0.00,0.00,0.75,3,0.00,1.50,3.19,2.00,8,0.00,1.50,0.00,0.00,0.00,0.00,0.25,1.50,3.00,1.19,0.25,1.00,0.00,0.50,0.22,0.00,0.75,0.00,0.00,0,0,,3,0.75,61,2,0.80,81,1,0.40,46,1,1,3,95,0.00,99,0,0,0.00,25,6,78,2.39,82,0,0.00,99,0,0.00,0,0,0.00,0,1.19,70,4,1.59,70,1,0.40,25.00,0,0.00,0,0,0,0.00,0,6,0.00,10,2.39,80,N/A,N/A,N/A,N/A,0.00,0,0.00,0,0.89,0.00,0,71.43,66.67,95,27,0.50,0.80,2,46,35,0,0,0,0.25,0.40,1,81,27.18,0.00,0.00,0,0,0.00,0.00,99,0.00,0,0,0,0.00,0.00,0,0.00,0.00,0.00,0.00,0,0,33.33,95,12,85,86,15,0.18,30,0.04,0.07,0.89,84,0.22,0.35,83,5,1.25,1.99,1.19,0.75,59,3,0.35,83,47,15,91,0,71,81,0,0.00,99,3,0.00,1.19,12.35,7.75,31,17,95,89,6.77,4.25,54.84,6,2.39,5,0,33.33,0,0.00,99,2,0.50,0.80,87,60,93,96,0,0,0,0,0,75,88,84,91,0,99,41,52,52,0,0,59,18,0,0
Bryce Richard Boneau,56,N/A,N/A,MLS Next Pro,2026,Midfielder,Toronto II,180,0,180,,2,0,2,0,0,0,0,0,0,0,0,1,0,1,1,0,1,1,0,0,0,0,0,0,0,0.5,180,90,180,0,0.5,-1,-1,-1,5,0,6.85,0,69,27.64,19.50,43,39,16.50,33,63,23.39,48,0.00,0.00,1.00,2,0.00,1.50,4.25,3.00,6,0.00,0.50,0.00,0.00,0.00,1.50,0.00,0.50,0.00,0.00,0.00,0.50,0.00,0.00,0.00,0.00,0.50,0.00,0.00,0,0,,0,0.00,25,0,0.00,45,0,0.00,30,0,0,2,99,0.00,99,0,3,2.13,94,3,78,2.13,78,0,0.00,99,0,0.00,0,0,0.00,0,1.42,78,1,0.71,42,0,0.00,0.00,0,0.00,0,0,0,0.00,0,1,0.00,91,0.71,13,N/A,N/A,N/A,N/A,0.00,0,0.00,0,0.00,0.00,0,84.62,0.00,45,33,0.50,0.71,1,28,28,0,0,0,0.50,0.71,1,89,13.69,0.50,0.71,1,0,0.00,0.00,99,0.00,0,0,0,0.00,0.00,0,0.00,0.00,0.00,0.00,0,0,0.00,72,0,0,71,96,0.14,49,0.07,0.10,0.00,27,0.00,0.00,65,2,1.00,1.42,2.13,1.50,89,3,0.00,25,54,42,91,0,71,62,0,0.00,99,1,0.00,0.71,12.76,9.00,18,9,91,91,6.38,4.50,50.00,1,0.71,50,0,33.33,0,0.00,99,1,0.50,0.71,84,24,77,73,0,0,0,0,0,51,71,84,80,0,99,90,65,91,1,50,97,82,0,0
Cabral Carter,21,1089010800,2004/07/05,MLS Next Pro,2026,Goalkeeper,Los Angeles II,180,0,180,USA,2,0,2,0,0,0,0,0,0,0,0,0,0,0,4,0,4,0,0,0,0,0,0,0,0,2,45,90,0,0,0,-1,-1,-1,5,0,7.03,0,69,26.14,30.50,39,61,25.00,50,52,21.43,43,0.00,0.00,0.00,0,0.00,0.00,0.00,0.00,0,0.00,0.00,0.00,0.00,4.50,0.00,0.00,5.50,0.00,0.00,0.00,0.00,0.00,0.00,0.00,0.00,0.00,0.00,0.00,0,0,,0,0.00,25,0,0.00,45,0,0.00,30,0,0,2,11,0.00,99,0,0,0.00,25,0,48,0.00,30,0,0.00,99,0,0.00,0,0,0.00,0,0.00,24,0,0.00,18,0,0.00,0.00,0,0.00,0,9,71,3.86,88,11,0.00,30,4.71,97,N/A,N/A,N/A,N/A,81.82,0,0.00,0,0.00,0.00,0,81.97,0.00,45,51,0.50,0.43,1,28,28,0,0,6,0.00,0.00,0,56,14.06,1.00,0.86,2,0,0.00,0.00,99,0.00,0,0,0,0.00,0.00,0,0.00,0.00,0.00,0.00,0,0,0.00,72,0,0,71,36,0.10,12,0.05,0.04,0.00,27,0.00,0.00,7,0,0.00,0.00,0.00,0.00,12,0,0.00,25,73,51,91,0,71,20,0,0.00,99,0,0.00,0.00,0.43,0.50,1,0,2,6,0.00,0.00,0.00,0,0.00,99,0,0.00,0,0.00,99,0,0.00,0.00,48,24,77,73,0,0,0,0,0,51,71,84,80,0,99,41,52,52,0,0,59,31,0,0
Caleb Swann,19,1170576000,2007/02/04,MLS Next Pro,2026,Midfielder,North Texas,68,68,0,USA,1,1,0,0,0,0,0,0,0,0,0,0,0,0,1,1,0,0,0,0,0,0,0,0,0,1.32,68,68,0,0,0,-1,-1,-1,11,0,6.73,0,69,19.85,15.00,15,15,14.00,14,98,18.53,31,0.00,0.00,2.00,2,0.00,0.00,3.97,3.00,3,0.00,1.00,0.00,0.00,0.00,0.00,0.00,1.00,0.00,0.00,0.00,0.00,0.00,0.00,0.00,0.00,0.00,0.00,0.00,0,0,,0,0.00,25,0,0.00,45,0,0.00,30,0,0,1,97,0.00,99,0,0,0.00,25,0,48,0.00,30,0,0.00,99,0,0.00,0,0,0.00,0,2.65,97,0,0.00,18,0,0.00,0.00,0,0.00,0,0,0,0.00,0,1,0.00,58,1.32,35,N/A,N/A,N/A,N/A,0.00,0,0.00,0,0.00,0.00,0,93.33,0.00,45,10,1.00,1.32,1,28,28,0,0,0,0.00,0.00,0,56,6.73,0.00,0.00,0,0,0.00,0.00,99,0.00,0,0,0,0.00,0.00,0,0.00,0.00,0.00,0.00,0,0,0.00,72,0,0,71,62,0.11,67,0.11,0.15,0.00,27,0.00,0.00,95,2,2.00,2.65,2.65,2.00,97,2,0.00,25,41,15,91,0,71,20,0,0.00,99,0,0.00,0.00,11.91,9.00,9,5,93,87,6.62,5.00,55.56,1,1.32,25,0,0.00,0,0.00,99,0,0.00,0.00,48,3,77,73,0,0,0,0,0,51,71,84,80,0,99,41,52,52,0,0,59,27,0,0
Cameron Dunbar,23,1035270000,2002/10/22,MLS Next Pro,2026,Forward,Atlanta United II,332,172,160,USA,4,2,2,0,0,0,2,2,0,0,0,0,0,0,4,2,2,1,0,0.54,0.54,0,0,0,0,1.08,83,83,332,166,0.27,42,5,-1,17,0,7.01,0.5,95,20.26,19.25,16,77,16.25,65,63,17.11,26,0.00,0.00,1.75,7,0.00,3.50,0.26,0.25,1,0.00,1.50,0.00,0.00,0.00,0.50,0.75,1.00,0.00,3.16,2.00,1.50,0.00,1.00,0.19,0.00,0.25,0.00,0.00,0,0,,12,3.00,91,4,1.05,87,8,2.11,94,1,0,4,14,0.00,99,0,2,0.53,49,14,53,3.68,90,0,0.00,99,0,0.00,0,0,0.00,0,1.84,86,6,1.58,69,3,0.79,50.00,0,0.00,0,0,0,0.00,0,4,0.00,68,1.05,26,N/A,N/A,N/A,N/A,0.00,0,0.00,0,0.77,0.00,0,84.42,33.33,65,10,1.25,1.32,5,69,64,0,0,0,0.00,0.00,0,56,28.06,0.00,0.00,0,0,0.00,0.00,99,0.00,0,0,0,0.00,0.00,0,0.00,0.00,0.00,0.00,0,0,0.00,72,58,85,71,72,1.52,94,0.38,0.40,0.77,71,0.19,0.20,95,10,2.50,2.63,0.53,0.50,31,2,0.20,70,71,15,91,0,71,28,0,0.00,99,1,0.00,0.26,7.89,7.50,30,15,52,52,3.95,3.75,50.00,6,1.58,18,0,14.29,0,0.00,99,2,0.50,0.53,79,92,77,96,0,0,0,0,0,82,71,84,80,0,99,41,85,68,1,25,81,70,0,0
Cameron Harper,24,1006156800,2001/11/19,MLS Next Pro,2026,Midfielder,New York RB II,13,13,0,USA,1,1,0,0,0,0,0,0,0,0,0,0,0,0,0,0,0,0,0,0,0,0,0,0,0,0,0,13,0,0,0,-1,-1,-1,16,0,6.50,0,69,16.74,8.00,7,8,5.00,5,2,10.47,5,0.00,0.00,0.00,0,0.00,0.00,0.00,0.00,0,0.00,1.00,0.00,0.00,0.00,0.00,1.00,0.00,0.00,0.00,0.00,1.00,0.00,0.00,0.00,0.00,0.00,0.00,0.00,0,0,,0,0.00,25,0,0.00,45,0,0.00,30,0,0,0,11,0.00,99,0,0,0.00,25,0,48,0.00,30,0,0.00,99,0,0.00,0,0,0.00,0,0.00,24,1,2.09,79,1,2.09,100.00,0,0.00,0,0,0,0.00,0,0,0.00,99,0.00,0,N/A,N/A,N/A,N/A,0.00,0,0.00,0,0.00,0.00,0,62.50,0.00,45,99,0.00,0.00,0,96,99,0,0,0,0.00,0.00,0,56,6.50,1.00,2.09,1,0,0.00,0.00,99,0.00,0,0,0,0.00,0.00,0,0.00,0.00,0.00,0.00,0,0,0.00,72,0,0,71,4,0.01,2,0.01,0.02,0.00,27,0.00,0.00,7,0,0.00,0.00,0.00,0.00,12,0,0.00,25,20,77,91,0,71,20,0,0.00,99,0,0.00,0.00,4.19,2.00,2,1,19,15,2.09,1.00,50.00,1,2.09,8,0,0.00,0,0.00,99,0,0.00,0.00,48,0,77,73,0,0,0,0,0,51,71,84,80,0,99,41,52,52,0,0,59,17,0,0
Camilo Ponce,22,1070611200,2003/12/05,MLS Next Pro,2026,Midfielder,New York City II,152,134,18,USA,3,2,1,0,0,0,0,0,0,0,0,1,0,1,5,5,0,1,0,0,0,0,0,0,0,2.96,30,51,152,0,0.59,-1,-1,-1,9,0,6.69,0,69,17.14,10.67,8,32,7.67,23,20,12.32,9,0.00,0.00,0.67,2,0.00,0.67,2.68,1.67,5,0.00,0.67,0.00,0.00,0.00,0.33,1.33,0.67,0.00,1.07,0.67,1.67,0.00,0.00,0.03,0.00,0.00,0.00,0.00,0,0,,2,0.67,58,0,0.00,45,2,1.07,74,0,2,1,88,0.00,99,0,1,0.54,49,2,92,1.07,64,0,0.00,99,0,0.00,0,0,0.00,0,1.07,66,5,2.68,87,4,2.14,80.00,0,0.00,0,0,0,0.00,0,2,0.00,4,1.07,26,N/A,N/A,N/A,N/A,0.00,0,0.00,0,0.09,0.00,0,71.88,0.00,45,40,0.33,0.54,1,97,85,0,0,0,0.00,0.00,0,56,20.07,0.33,0.54,1,0,0.00,0.00,99,0.00,0,0,0,0.00,0.00,0,0.00,0.00,0.54,0.33,1,0,0.00,72,0,33,71,8,0.13,30,0.04,0.07,0.09,47,0.03,0.05,72,3,1.00,1.61,2.14,1.33,90,4,0.05,45,36,36,91,0,89,20,0,0.00,99,0,0.00,0.00,10.71,6.67,20,12,92,81,6.43,4.00,60.00,2,1.07,34,0,50.00,0,0.00,99,1,0.33,0.54,79,3,99,73,0,0,0,0,0,51,71,84,80,0,99,73,60,92,1,33,89,83,0,0
Cayman Togashi,32,744966000,1993/08/10,MLS Next Pro,2026,Forward,Atlanta United II,76,76,0,Japan,1,1,0,1,1,0,0,0,0,0,0,0,0,0,1,1,0,0,0,1.18,0,1.18,1.18,0,76,1.18,76,76,0,0,0,-1,-1,-1,3,0,7.27,0,69,14.21,12.00,4,12,10.00,10,59,11.84,8,0.00,0.00,1.00,1,0.00,1.00,0.00,0.00,0,0.00,1.00,0.00,0.00,0.00,0.00,0.00,1.00,3.00,3.55,0.00,0.00,0.00,3.00,0.97,0.00,2.00,0.00,0.00,0,0,,3,3.00,95,3,3.55,99,0,0.00,30,2,0,1,11,0.00,99,0,0,0.00,25,1,99,1.18,65,0,0.00,99,0,0.00,0,0,0.00,0,1.18,69,0,0.00,18,0,0.00,0.00,0,0.00,0,0,0,0.00,0,1,0.00,65,1.18,28,N/A,N/A,N/A,N/A,0.00,0,0.00,0,0.97,0.00,0,83.33,100.00,99,99,0.00,0.00,0,28,28,0,0,0,0.00,0.00,0,56,7.27,0.00,0.00,0,0,0.00,0.00,99,0.00,0,0,0,0.00,0.00,0,0.00,0.00,0.00,0.00,0,0,33.33,95,0,0,73,70,0.07,37,0.07,0.08,0.97,99,0.97,1.15,91,2,2.00,2.37,2.37,2.00,93,2,1.15,99,87,15,91,0,71,98,0,0.00,99,2,0.00,2.37,7.11,6.00,6,4,68,42,4.74,4.00,66.67,1,1.18,28,0,100.00,0,0.00,99,1,1.00,1.18,93,3,77,99,0,0,0,0,0,96,99,84,97,0,99,41,52,52,0,0,59,30,0,0
Cesar Ruvalcaba Perez,24,995007600,2001/07/13,MLS Next Pro,2026,Midfielder,Columbus Crew II,180,180,0,USA,2,2,0,0,0,0,0,0,0,0,0,1,1,0,2,2,0,0,0,0,0,0,0,0,0,1,90,90,0,0,0,-1,-1,-1,5,0,6.83,0,69,83.50,83.50,99,167,78.50,157,99,78.50,99,0.00,0.00,0.00,0,0.00,0.00,1.00,1.00,2,0.00,0.00,0.00,0.00,0.00,0.00,0.00,1.00,0.00,0.00,0.00,0.50,0.00,0.00,0.00,0.00,1.00,0.00,0.00,0,0,,0,0.00,25,0,0.00,45,0,0.00,30,0,0,2,39,0.00,99,0,0,0.00,25,0,48,0.00,30,0,0.00,99,0,0.00,0,0,0.00,0,0.00,24,1,0.50,32,0,0.00,0.00,0,0.00,0,0,0,0.00,0,2,0.00,74,1.00,25,N/A,N/A,N/A,N/A,0.00,0,0.00,0,0.00,0.00,0,94.01,0.00,45,44,0.50,0.50,1,28,28,0,0,0,1.00,1.00,2,94,13.66,3.00,3.00,6,0,0.00,0.00,99,0.00,0,0,0,0.00,0.00,0,0.00,0.00,0.00,0.00,0,0,0.00,72,0,0,71,78,0.38,73,0.19,0.19,0.00,27,0.00,0.00,28,1,0.50,0.50,2.00,2.00,86,4,0.00,25,52,87,91,0,71,74,0,0.00,99,2,0.00,1.00,8.00,8.00,16,5,24,53,2.50,2.50,31.25,0,0.00,99,0,0.00,0,0.00,99,0,0.00,0.00,48,24,77,73,0,0,0,0,0,51,71,84,80,0,99,90,52,52,0,0,59,12,0,0
Chadwick Zachary Booth,22,1077004800,2004/02/17,MLS Next Pro,2026,Midfielder,Real Monarchs,64,64,0,USA,1,1,0,0,0,0,0,0,0,0,0,0,0,0,1,1,0,0,0,0,0,0,0,0,0,1.41,64,64,0,0,0,-1,-1,-1,17,0,6.55,0,69,42.19,30.00,73,30,26.00,26,73,36.56,75,0.00,0.00,1.00,1,0.00,0.00,0.00,0.00,0,0.00,0.00,0.00,0.00,0.00,0.00,1.00,1.00,0.00,1.41,1.00,3.00,0.00,0.00,0.05,0.00,0.00,0.00,0.00,0,0,,1,1.00,67,0,0.00,45,1,1.41,81,4,0,1,11,0.00,99,0,0,0.00,25,0,48,0.00,30,0,0.00,99,0,0.00,0,0,0.00,0,1.41,77,3,4.22,96,1,1.41,33.33,0,0.00,0,0,0,0.00,0,1,0.00,49,1.41,40,N/A,N/A,N/A,N/A,0.00,0,0.00,0,0.05,0.00,0,86.67,0.00,45,99,0.00,0.00,0,88,43,0,0,0,0.00,0.00,0,56,6.55,1.00,1.41,1,0,0.00,0.00,99,0.00,0,0,0,0.00,0.00,0,0.00,0.00,0.00,0.00,0,0,0.00,72,0,0,71,56,0.11,67,0.11,0.15,0.05,53,0.05,0.07,65,1,1.00,1.41,0.00,0.00,12,0,0.07,52,24,67,91,0,71,20,0,0.00,99,0,0.00,0.00,5.62,4.00,4,2,30,26,2.81,2.00,50.00,0,0.00,99,0,0.00,0,0.00,99,0,0.00,0.00,48,3,77,99,0,0,0,0,0,51,71,84,80,0,99,41,52,52,0,0,59,23,0,0
Charles Gaffney,22,1059462000,2003/07/29,MLS Next Pro,2026,Midfielder,Tacoma Defiance,129,85,44,USA,3,2,1,0,0,0,0,0,0,0,0,1,1,0,4,2,2,0,0,0,0,0,0,0,0,2.79,32,43,0,0,0,-1,-1,-1,13,0,4.93,0,69,27.00,12.00,42,48,9.25,37,33,20.81,42,0.00,0.00,0.75,3,0.00,1.75,1.12,0.50,2,0.00,0.00,0.00,0.00,0.00,0.75,0.75,1.00,0.00,0.56,0.25,1.00,0.00,0.00,0.01,0.00,0.00,0.00,0.00,0,0,,1,0.25,43,0,0.00,45,1,0.56,53,1,2,1,45,0.00,99,0,3,1.69,87,7,69,3.94,92,0,0.00,99,0,0.00,0,0,0.00,0,1.69,83,4,2.25,81,3,1.69,75.00,0,0.00,0,0,0,0.00,0,4,0.00,6,2.25,77,N/A,N/A,N/A,N/A,0.00,0,0.00,0,0.04,0.00,0,77.08,0.00,45,4,0.75,1.69,3,92,85,0,0,0,0.00,0.00,0,56,19.70,1.00,2.25,4,0,0.00,0.00,99,0.00,0,0,0,0.00,0.00,0,0.00,0.00,0.00,0.00,0,0,0.00,72,0,33,71,10,0.19,54,0.05,0.11,0.04,38,0.01,0.02,29,1,0.25,0.56,0.56,0.25,31,1,0.02,36,4,79,91,0,71,20,0,0.00,99,0,0.00,0.00,6.19,2.75,11,6,36,32,3.38,1.50,54.55,0,0.00,99,0,28.57,0,0.00,99,2,0.50,1.12,91,3,99,96,0,0,0,0,0,51,71,84,80,0,99,73,52,52,0,0,59,84,0,0
Charles Nduwuisi-Ondo,22,1066806000,2003/10/22,MLS Next Pro,2026,Defender,Portland Timbers II,270,180,90,Spain,3,2,1,0,0,0,0,0,0,0,0,1,1,0,5,1,4,0,0,0,0,0,0,0,0,1.67,54,90,0,0,0,-1,-1,-1,9,0,6.92,0,69,40.97,42.33,71,127,35.67,107,61,34.52,70,0.00,0.00,0.67,2,0.00,1.00,2.26,2.33,7,0.00,1.00,0.00,0.00,0.00,1.33,0.33,1.33,0.00,0.97,0.33,0.67,0.00,0.67,0.09,0.00,0.33,0.00,0.00,0,0,,3,1.00,56,2,0.65,74,1,0.32,41,0,0,3,81,0.00,99,0,4,1.29,79,3,48,0.97,62,0,0.00,99,0,0.00,0,0,0.00,0,0.65,48,2,0.65,37,1,0.32,50.00,0,0.00,0,0,0,0.00,0,4,0.00,40,1.29,32,N/A,N/A,N/A,N/A,0.00,0,0.00,0,0.27,0.00,0,84.25,66.67,95,37,0.67,0.65,2,39,64,0,0,0,0.00,0.00,0,56,20.75,4.00,3.87,12,0,0.00,0.00,99,0.00,0,0,0,0.00,0.00,0,0.00,0.00,0.00,0.00,0,0,0.00,72,46,33,71,44,0.28,42,0.09,0.09,0.27,58,0.09,0.09,17,1,0.33,0.32,0.00,0.00,12,0,0.09,56,61,93,91,0,71,33,0,0.00,99,1,0.00,0.32,5.48,5.67,17,10,35,25,3.23,3.33,58.82,3,0.97,38,0,0.00,0,0.00,99,0,0.00,0.00,48,60,77,73,0,0,0,0,0,51,71,84,80,0,99,73,52,52,0,0,59,94,0,0
Charlie Hayato Harper,22,1054882800,2003/06/06,MLS Next Pro,2026,Midfielder,Colorado Rapids II,273,93,180,Australia,4,2,2,0,0,0,0,0,0,0,0,0,0,0,9,4,5,1,0,0,0,0,0,0,0,2.97,30,68,273,0,0.33,72,49,-1,17,0,6.51,0,69,63.56,53.50,96,214,46.25,185,71,54.95,97,0.00,0.00,0.50,2,0.00,0.25,0.59,0.50,2,0.00,0.00,0.00,0.00,0.00,0.75,0.50,2.25,0.00,0.30,0.25,0.50,0.00,0.00,0.01,0.00,1.00,0.00,0.00,0,0,,1,0.25,31,0,0.00,45,1,0.30,40,0,1,3,24,0.00,99,0,3,0.89,65,1,99,0.30,35,0,0.00,99,0,0.00,0,0,0.00,0,0.59,45,2,0.59,34,2,0.59,100.00,0,0.00,0,0,0,0.00,0,9,0.00,4,2.67,85,N/A,N/A,N/A,N/A,0.00,0,0.00,0,0.04,0.00,0,86.45,0.00,45,99,0.00,0.00,0,58,99,0,0,0,1.25,1.49,5,98,26.04,2.75,3.27,11,0,0.00,0.00,99,0.00,0,0,0,0.00,0.00,0,0.00,0.00,0.00,0.00,0,0,0.00,72,46,85,71,8,0.46,67,0.12,0.14,0.04,32,0.01,0.01,15,1,0.25,0.30,0.30,0.25,20,1,0.01,30,20,88,91,0,71,81,0,0.00,99,4,0.00,1.19,3.56,3.00,12,9,28,14,2.67,2.25,75.00,0,0.00,99,0,100.00,0,0.00,99,1,0.25,0.30,59,60,93,73,0,0,0,0,0,51,71,84,80,0,99,41,81,75,1,25,81,37,0,0
Charlie Kosakoff,21,1092121200,2004/08/10,MLS Next Pro,2026,Midfielder,Los Angeles II,424,0,424,USA,5,0,5,0,0,0,1,0,1,0,0,0,0,0,10,0,10,0,0,0.21,0.21,0,0,0,0,2.12,42,85,0,424,0,65,35,-1,7,0,6.82,0.2,74,20.63,20.40,18,102,15.40,77,27,15.57,18,0.00,0.00,1.40,7,0.00,0.00,0.40,0.40,2,0.00,0.80,0.00,0.00,0.00,0.00,0.80,2.00,0.00,1.62,0.80,1.40,0.00,0.80,0.14,0.00,1.00,0.00,0.00,0,0,,8,1.60,72,4,0.81,82,4,0.81,64,1,0,5,19,0.00,99,0,0,0.00,25,0,48,0.00,30,0,0.00,99,0,0.00,0,0,0.00,0,1.42,78,7,1.42,63,4,0.81,57.14,0,0.00,0,0,0,0.00,0,10,0.00,20,2.02,67,N/A,N/A,N/A,N/A,0.00,0,0.00,0,0.68,0.00,0,75.49,50.00,87,53,0.40,0.40,2,71,66,0,0,0,0.00,0.00,0,56,34.09,0.40,0.40,2,0,0.00,0.00,99,0.00,0,0,0,0.00,0.00,0,0.00,0.00,1.21,1.20,6,0,0.00,72,90,99,71,25,1.01,73,0.20,0.20,0.68,67,0.14,0.14,77,9,1.80,1.82,1.21,1.20,61,6,0.14,65,51,29,91,0,98,74,0,0.00,99,5,0.00,1.01,8.70,8.60,43,18,42,61,3.64,3.60,41.86,4,0.81,46,0,0.00,0,0.00,99,0,0.00,0.00,48,99,77,96,0,0,0,0,0,54,71,84,80,0,99,41,52,52,0,0,59,49,0,0
Chase Adams,17,1208415600,2008/04/17,MLS Next Pro,2026,Midfielder,Columbus Crew II,360,270,90,USA,4,3,1,4,3,1,0,0,0,0,0,2,2,0,6,2,4,0,0,1,0,1,1,1,90,1.5,60,90,0,0,0,3,92,-1,1,0,7.73,0,69,24.89,26.00,36,104,20.00,80,32,19.15,34,0.00,0.00,0.75,3,0.00,0.25,2.15,2.25,9,0.00,1.75,0.00,0.00,0.00,1.00,1.50,1.50,4.25,4.07,2.25,2.50,0.00,2.00,0.95,0.00,1.25,0.00,0.00,0,0,,17,4.25,98,8,1.91,98,9,2.15,95,0,0,4,79,0.00,99,0,4,0.96,69,1,99,0.24,31,0,0.00,99,0,0.00,0,0,0.00,0,0.72,52,10,2.39,83,6,1.44,60.00,0,0.00,0,0,0,0.00,0,6,0.00,46,1.44,42,N/A,N/A,N/A,N/A,0.00,0,0.00,0,3.81,0.00,0,76.92,47.06,75,68,0.25,0.24,1,90,70,0,0,0,0.25,0.24,1,63,30.93,0.25,0.24,1,0,0.00,0.00,99,0.00,0,0,1,0.25,0.24,0,0.00,0.00,0.00,0.00,0,0,23.53,86,88,85,74,51,0.29,30,0.07,0.07,3.81,98,0.95,0.91,60,5,1.25,1.20,0.24,0.25,15,1,0.91,98,98,18,94,0,71,81,0,0.00,99,5,0.00,1.20,11.49,12.00,48,25,90,85,5.98,6.25,52.08,7,1.68,17,0,100.00,0,0.00,99,1,0.25,0.24,52,92,77,73,0,1,0,25,0,95,99,98,96,0,99,90,52,52,0,0,59,46,0,0
Chase Gozdieski,19,1161068400,2006/10/17,MLS Next Pro,2026,Midfielder,LA Galaxy II,0,0,0,USA,0,0,0,0,0,0,0,0,0,0,0,0,0,0,0,0,0,0,0,0,0,0,0,0,0,0,0,0,0,0,0,-1,-1,-1,-1,N/A,N/A,N/A,N/A,N/A,N/A,N/A,N/A,N/A,N/A,N/A,N/A,N/A,N/A,N/A,N/A,N/A,N/A,N/A,N/A,N/A,N/A,N/A,N/A,N/A,N/A,N/A,N/A,N/A,N/A,N/A,N/A,N/A,N/A,N/A,N/A,N/A,N/A,N/A,N/A,N/A,N/A,N/A,N/A,N/A,N/A,N/A,N/A,N/A,N/A,N/A,N/A,N/A,N/A,N/A,N/A,N/A,N/A,N/A,N/A,N/A,N/A,N/A,N/A,N/A,N/A,N/A,N/A,N/A,N/A,N/A,N/A,N/A,N/A,N/A,N/A,N/A,N/A,N/A,N/A,N/A,N/A,N/A,N/A,N/A,N/A,N/A,N/A,N/A,N/A,N/A,N/A,N/A,N/A,N/A,N/A,N/A,N/A,N/A,N/A,N/A,N/A,N/A,N/A,N/A,N/A,N/A,N/A,N/A,N/A,N/A,N/A,N/A,N/A,N/A,N/A,N/A,N/A,N/A,N/A,N/A,N/A,N/A,N/A,N/A,N/A,N/A,N/A,N/A,N/A,N/A,N/A,N/A,N/A,N/A,N/A,N/A,N/A,N/A,N/A,N/A,N/A,N/A,N/A,N/A,N/A,N/A,N/A,N/A,N/A,N/A,N/A,N/A,N/A,N/A,N/A,N/A,N/A,N/A,N/A,N/A,N/A,N/A,N/A,N/A,N/A,N/A,N/A,N/A,N/A,N/A,N/A,N/A,N/A,N/A,N/A,N/A,N/A,N/A,N/A,N/A,N/A,N/A,N/A,N/A,N/A,N/A,N/A,N/A,N/A,N/A,N/A,N/A,N/A,N/A,N/A,N/A,N/A,N/A,N/A,N/A,N/A,N/A,N/A,N/A,N/A,N/A,N/A,N/A,N/A,N/A,N/A,N/A,N/A,N/A,N/A,N/A,N/A,N/A,N/A,N/A,N/A,N/A,N/A
Chase Nagle,17,1221980400,2008/09/21,MLS Next Pro,2026,Midfielder,Chicago Fire II,278,98,180,USA,4,2,2,0,0,0,0,0,0,0,0,1,1,0,3,0,3,0,0,0,0,0,0,0,0,0.97,93,70,0,0,0,54,84,-1,14,0,6.54,0,69,29.64,27.75,48,111,25.00,100,92,26.71,55,0.00,0.00,0.50,2,0.00,0.25,1.60,1.50,6,0.00,0.75,0.00,0.00,0.00,0.25,0.50,0.75,0.00,0.00,0.00,1.00,0.00,0.00,0.00,0.00,0.25,0.00,0.00,0,0,,0,0.00,25,0,0.00,45,0,0.00,30,0,1,3,62,0.00,99,0,1,0.27,31,1,99,0.27,34,0,0.00,99,0,0.00,0,0,0.00,0,0.53,43,4,1.07,52,2,0.53,50.00,0,0.00,0,0,0,0.00,0,3,0.00,74,0.80,16,N/A,N/A,N/A,N/A,0.00,0,0.00,0,0.00,0.00,0,90.09,0.00,45,6,1.50,1.60,6,56,64,0,0,0,0.00,0.00,0,56,26.18,0.75,0.80,3,0,0.00,0.00,99,0.00,0,0,0,0.00,0.00,0,0.00,0.00,0.00,0.00,0,0,0.00,72,47,85,71,78,0.31,37,0.08,0.08,0.00,27,0.00,0.00,80,7,1.75,1.87,0.53,0.50,31,2,0.00,25,23,45,91,0,71,30,0,0.00,99,1,0.00,0.27,7.74,7.25,29,15,54,50,4.01,3.75,51.72,3,0.80,46,0,100.00,0,0.00,99,1,0.25,0.27,57,60,93,73,0,0,0,0,0,51,71,84,80,0,99,62,52,52,0,0,59,66,0,0
Chris Applewhite,18,1187852400,2007/08/23,MLS Next Pro,2026,Midfielder,Huntsville City,90,0,90,USA,1,0,1,0,0,0,0,0,0,0,0,0,0,0,1,0,1,1,0,0,0,0,0,0,0,1,90,90,90,0,1,-1,-1,-1,8,0,6.44,0,69,83.33,25.00,99,25,25.00,25,99,83.33,99,0.00,0.00,0.00,0,0.00,0.00,0.00,0.00,0,0.00,0.00,0.00,0.00,0.00,0.00,0.00,0.00,0.00,0.00,0.00,0.00,0.00,0.00,0.00,0.00,0.00,0.00,0.00,0,0,,0,0.00,25,0,0.00,45,0,0.00,30,0,0,1,11,0.00,99,0,0,0.00,25,0,48,0.00,30,0,0.00,99,0,0.00,0,0,0.00,0,0.00,24,0,0.00,18,0,0.00,0.00,0,0.00,0,0,0,0.00,0,0,0.00,74,0.00,0,N/A,N/A,N/A,N/A,0.00,0,0.00,0,0.00,0.00,0,100.00,0.00,45,99,0.00,0.00,0,28,28,0,0,0,0.00,0.00,0,56,6.44,0.00,0.00,0,0,0.00,0.00,99,0.00,0,0,0,0.00,0.00,0,0.00,0.00,0.00,0.00,0,0,0.00,72,0,0,71,78,0.05,71,0.05,0.17,0.00,27,0.00,0.00,7,0,0.00,0.00,3.33,1.00,99,1,0.00,25,18,15,91,0,71,20,0,0.00,99,0,0.00,0.00,3.33,1.00,1,0,2,13,0.00,0.00,0.00,0,0.00,99,0,0.00,0,0.00,99,0,0.00,0.00,48,3,77,73,0,0,0,0,0,51,71,84,80,0,99,41,52,99,1,100,99,33,0,0
Christopher Cupps,17,1211785200,2008/05/26,MLS Next Pro,2026,Midfielder,Chicago Fire II,180,180,0,USA,2,2,0,0,0,0,0,0,0,0,0,1,1,0,1,1,0,0,0,0,0,0,0,0,0,0.5,180,90,0,0,0,-1,-1,-1,19,0,7.27,0,69,66.43,77.50,98,155,73.00,146,99,62.57,99,0.00,0.00,0.50,1,0.00,0.00,1.71,2.00,4,0.00,0.00,0.00,0.00,0.00,1.00,0.50,0.50,0.00,1.29,1.50,0.50,0.00,0.00,0.07,0.00,1.00,0.00,0.00,0,0,,3,1.50,63,0,0.00,45,3,1.29,79,0,0,2,65,0.00,99,0,2,0.86,63,0,48,0.00,30,0,0.00,99,0,0.00,0,0,0.00,0,0.43,39,1,0.43,30,1,0.43,100.00,0,0.00,0,0,0,0.00,0,1,0.00,91,0.43,7,N/A,N/A,N/A,N/A,0.00,0,0.00,0,0.15,0.00,0,94.19,0.00,45,51,0.50,0.43,1,50,99,0,0,0,0.50,0.43,1,84,14.54,3.00,2.57,6,0,0.00,0.00,99,0.00,0,0,0,0.00,0.00,0,0.00,0.00,0.00,0.00,0,0,0.00,72,0,0,71,96,0.39,71,0.20,0.17,0.15,52,0.07,0.06,42,2,1.00,0.86,1.29,1.50,65,3,0.06,50,87,83,91,0,71,68,0,0.00,99,2,0.00,0.86,6.43,7.50,15,9,49,35,3.86,4.50,60.00,0,0.00,99,0,0.00,0,0.00,99,0,0.00,0.00,48,24,77,73,0,0,0,0,0,51,71,84,80,0,99,90,52,52,0,0,59,38,0,0
Christopher Jesús Aquino Valverde,19,1143792000,2006/03/31,MLS Next Pro,2026,Midfielder,Colorado Rapids II,241,138,103,USA,4,2,2,1,0,1,1,1,0,0,0,0,0,0,9,5,4,0,0,0.75,0.37,0.37,0,0.87,241,3.36,27,60,0,241,0,-1,-1,-1,1,0,6.79,0.25,89,24.65,16.50,35,66,12.75,51,33,19.05,33,0.00,0.00,1.25,5,0.00,1.75,0.37,0.25,1,0.00,0.75,0.00,0.00,0.00,0.25,0.00,2.25,4.00,1.49,0.50,0.25,0.00,0.50,0.23,0.00,0.50,0.00,0.00,0,0,,4,1.00,69,2,0.75,79,2,0.75,62,1,1,3,18,0.00,99,0,1,0.37,39,7,69,2.61,84,0,0.00,99,0,0.00,0,0,0.00,0,1.87,87,1,0.37,25,0,0.00,0.00,0,0.00,0,0,0,0.00,0,9,0.00,3,3.36,91,N/A,N/A,N/A,N/A,0.00,0,0.00,0,0.93,0.00,0,77.27,50.00,87,99,0.00,0.00,0,28,28,0,0,0,0.00,0.00,0,56,27.18,0.00,0.00,0,0,0.00,0.00,99,0.00,0,0,0,0.00,0.00,0,0.00,0.00,0.00,0.00,0,0,25.00,90,20,85,87,8,0.89,90,0.22,0.33,0.93,84,0.23,0.35,94,7,1.75,2.61,2.61,1.75,97,7,0.35,83,47,15,91,0,71,63,0,0.00,99,2,0.00,0.75,7.10,4.75,19,9,36,42,3.36,2.25,47.37,3,1.12,33,0,28.57,0,0.00,99,2,0.50,0.75,85,60,93,96,0,0,0,0,0,89,85,94,80,0,99,41,52,52,0,0,59,44,0,0
Christopher Rogers,20,1136102400,2006/01/01,MLS Next Pro,2026,Midfielder,Columbus Crew II,360,270,90,USA,4,3,1,0,0,0,1,0,1,0,0,2,2,0,6,2,4,2,0,0.25,0.25,0,0,0,0,1.5,60,90,180,360,0.5,111,24,-1,12,0,6.99,0.25,81,60.97,54.60,95,273,47.40,237,73,52.93,94,0.00,0.00,0.40,2,0.00,0.40,2.23,2.00,10,0.00,0.00,0.00,0.00,0.00,1.00,1.20,1.60,0.00,0.67,0.40,1.80,0.00,0.20,0.05,0.00,1.60,0.00,0.00,0,0,,3,0.60,47,1,0.22,48,2,0.45,48,0,0,4,81,0.00,99,0,5,1.12,75,2,92,0.45,42,0,0.00,99,0,0.00,0,0,0.00,0,0.45,40,9,2.01,78,6,1.34,66.67,0,0.00,0,0,0,0.00,0,8,0.00,46,1.79,56,N/A,N/A,N/A,N/A,0.00,0,0.00,0,0.27,0.00,0,86.81,33.33,65,48,0.40,0.45,2,87,81,0,0,0,0.60,0.67,3,88,34.96,3.20,3.57,16,0,0.00,0.00,99,0.00,0,0,0,0.00,0.00,0,0.00,0.00,0.00,0.00,0,0,0.00,72,88,85,71,51,1.15,82,0.23,0.26,0.27,52,0.05,0.06,26,2,0.40,0.45,1.34,1.20,68,6,0.06,50,68,91,91,0,71,92,0,0.00,99,8,0.00,1.79,8.71,7.80,39,26,88,61,5.81,5.20,66.67,0,0.00,99,0,50.00,0,0.00,99,1,0.20,0.22,50,92,77,73,0,0,0,0,0,64,71,84,80,0,99,90,65,91,2,50,97,55,0,0
Christopher Salazar,18,1190617200,2007/09/24,MLS Next Pro,2026,Midfielder,North Texas,30,0,30,USA,1,0,1,0,0,0,0,0,0,0,0,0,0,0,0,0,0,0,0,0,0,0,0,0,0,0,0,30,0,0,0,-1,-1,-1,10,0,2.29,0,69,30.00,3.33,49,10,2.33,7,15,21.00,42,0.00,0.00,0.00,0,0.00,0.00,0.00,0.00,0,0.00,0.00,0.00,0.00,0.00,0.00,0.33,0.00,0.00,0.00,0.00,0.33,0.00,0.00,0.00,0.00,0.33,0.00,0.00,0,0,,0,0.00,25,0,0.00,45,0,0.00,30,0,1,0,11,0.00,99,0,0,0.00,25,0,48,0.00,30,0,0.00,99,0,0.00,0,0,0.00,0,0.00,24,1,3.00,91,1,3.00,100.00,0,0.00,0,0,0,0.00,0,0,0.00,99,0.00,0,N/A,N/A,N/A,N/A,0.00,0,0.00,0,0.00,0.00,0,70.00,0.00,45,99,0.00,0.00,0,99,99,0,0,0,0.00,0.00,0,56,6.88,0.00,0.00,0,0,0.00,0.00,99,0.00,0,0,0,0.00,0.00,0,0.00,0.00,0.00,0.00,0,0,0.00,72,0,0,71,4,0.02,24,0.01,0.06,0.00,27,0.00,0.00,99,4,1.33,12.00,0.00,0.00,12,0,0.00,25,0,15,91,0,71,99,0,0.00,99,1,0.00,3.00,18.00,2.00,6,6,99,99,18.00,2.00,100.00,0,0.00,99,0,0.00,0,0.00,99,0,0.00,0.00,48,0,93,73,0,0,0,0,0,51,71,84,80,0,99,41,52,52,0,0,59,59,0,0
Codey Phoenix,21,1093935600,2004/08/31,MLS Next Pro,2026,Defender,Tacoma Defiance,0,0,0,New Zealand,0,0,0,0,0,0,1,1,0,0,0,0,0,0,0,0,0,0,0,0,0,0,0,0,0,0,0,0,0,0,0,-1,-1,-1,-1,N/A,N/A,N/A,N/A,N/A,N/A,N/A,N/A,N/A,N/A,N/A,N/A,N/A,N/A,N/A,N/A,N/A,N/A,N/A,N/A,N/A,N/A,N/A,N/A,N/A,N/A,N/A,N/A,N/A,N/A,N/A,N/A,N/A,N/A,N/A,N/A,N/A,N/A,N/A,N/A,N/A,N/A,N/A,N/A,N/A,N/A,N/A,N/A,N/A,N/A,N/A,N/A,N/A,N/A,N/A,N/A,N/A,N/A,N/A,N/A,N/A,N/A,N/A,N/A,N/A,N/A,N/A,N/A,N/A,N/A,N/A,N/A,N/A,N/A,N/A,N/A,N/A,N/A,N/A,N/A,N/A,N/A,N/A,N/A,N/A,N/A,N/A,N/A,N/A,N/A,N/A,N/A,N/A,N/A,N/A,N/A,N/A,N/A,N/A,N/A,N/A,N/A,N/A,N/A,N/A,N/A,N/A,N/A,N/A,N/A,N/A,N/A,N/A,N/A,N/A,N/A,N/A,N/A,N/A,N/A,N/A,N/A,N/A,N/A,N/A,N/A,N/A,N/A,N/A,N/A,N/A,N/A,N/A,N/A,N/A,N/A,N/A,N/A,N/A,N/A,N/A,N/A,N/A,N/A,N/A,N/A,N/A,N/A,N/A,N/A,N/A,N/A,N/A,N/A,N/A,N/A,N/A,N/A,N/A,N/A,N/A,N/A,N/A,N/A,N/A,N/A,N/A,N/A,N/A,N/A,N/A,N/A,N/A,N/A,N/A,N/A,N/A,N/A,N/A,N/A,N/A,N/A,N/A,N/A,N/A,N/A,N/A,N/A,N/A,N/A,N/A,N/A,N/A,N/A,N/A,N/A,N/A,N/A,N/A,N/A,N/A,N/A,N/A,N/A,N/A,N/A,N/A,N/A,N/A,N/A,N/A,N/A,N/A,N/A,N/A,N/A,N/A,N/A,N/A,N/A,N/A,N/A,N/A,N/A
Cody Baker,22,1073462400,2004/01/07,MLS Next Pro,2026,Defender,Tacoma Defiance,180,180,0,USA,2,2,0,0,0,0,0,0,0,0,0,0,0,0,3,3,0,0,0,0,0,0,0,0,0,1.5,60,90,0,0,0,-1,-1,-1,17,0,6.68,0,69,47.21,32.00,81,32,29.00,29,92,42.79,84,0.00,0.00,2.00,2,0.00,1.00,1.48,1.00,1,0.00,0.00,0.00,0.00,0.00,1.00,0.00,1.00,0.00,0.00,0.00,1.00,0.00,0.00,0.00,0.00,0.00,0.00,0.00,0,0,,0,0.00,25,0,0.00,45,0,0.00,30,0,0,1,60,0.00,99,0,1,1.48,83,1,48,1.48,70,0,0.00,99,0,0.00,0,0,0.00,0,2.95,98,1,1.48,65,0,0.00,0.00,0,0.00,0,0,0,0.00,0,1,0.00,46,1.48,44,N/A,N/A,N/A,N/A,0.00,0,0.00,0,0.00,0.00,0,90.62,0.00,45,99,0.00,0.00,0,28,28,0,0,0,0.00,0.00,0,56,6.68,2.00,2.95,2,0,0.00,0.00,99,0.00,0,0,0,0.00,0.00,0,0.00,0.00,0.00,0.00,0,0,0.00,72,0,0,71,51,0.13,73,0.13,0.19,0.00,27,0.00,0.00,68,1,1.00,1.48,2.95,2.00,99,2,0.00,25,36,87,91,0,71,20,0,0.00,99,0,0.00,0.00,8.85,6.00,6,2,31,63,2.95,2.00,33.33,0,0.00,99,0,0.00,0,0.00,99,0,0.00,0.00,48,3,77,73,0,0,0,0,0,51,71,84,80,0,99,41,52,52,0,0,59,33,0,0
Colin Thomas,24,1013068800,2002/02/07,MLS Next Pro,2026,Midfielder,Chattanooga FC,0,0,0,USA,0,0,0,0,0,0,0,0,0,0,0,0,0,0,0,0,0,0,0,0,0,0,0,0,0,0,0,0,0,0,0,-1,-1,-1,-1,N/A,N/A,N/A,N/A,N/A,N/A,N/A,N/A,N/A,N/A,N/A,N/A,N/A,N/A,N/A,N/A,N/A,N/A,N/A,N/A,N/A,N/A,N/A,N/A,N/A,N/A,N/A,N/A,N/A,N/A,N/A,N/A,N/A,N/A,N/A,N/A,N/A,N/A,N/A,N/A,N/A,N/A,N/A,N/A,N/A,N/A,N/A,N/A,N/A,N/A,N/A,N/A,N/A,N/A,N/A,N/A,N/A,N/A,N/A,N/A,N/A,N/A,N/A,N/A,N/A,N/A,N/A,N/A,N/A,N/A,N/A,N/A,N/A,N/A,N/A,N/A,N/A,N/A,N/A,N/A,N/A,N/A,N/A,N/A,N/A,N/A,N/A,N/A,N/A,N/A,N/A,N/A,N/A,N/A,N/A,N/A,N/A,N/A,N/A,N/A,N/A,N/A,N/A,N/A,N/A,N/A,N/A,N/A,N/A,N/A,N/A,N/A,N/A,N/A,N/A,N/A,N/A,N/A,N/A,N/A,N/A,N/A,N/A,N/A,N/A,N/A,N/A,N/A,N/A,N/A,N/A,N/A,N/A,N/A,N/A,N/A,N/A,N/A,N/A,N/A,N/A,N/A,N/A,N/A,N/A,N/A,N/A,N/A,N/A,N/A,N/A,N/A,N/A,N/A,N/A,N/A,N/A,N/A,N/A,N/A,N/A,N/A,N/A,N/A,N/A,N/A,N/A,N/A,N/A,N/A,N/A,N/A,N/A,N/A,N/A,N/A,N/A,N/A,N/A,N/A,N/A,N/A,N/A,N/A,N/A,N/A,N/A,N/A,N/A,N/A,N/A,N/A,N/A,N/A,N/A,N/A,N/A,N/A,N/A,N/A,N/A,N/A,N/A,N/A,N/A,N/A,N/A,N/A,N/A,N/A,N/A,N/A,N/A,N/A,N/A,N/A,N/A,N/A,N/A,N/A,N/A,N/A,N/A,N/A
Colin Welsh,22,1050130800,2003/04/12,MLS Next Pro,2026,Midfielder,St. Louis City II,180,0,180,USA,2,0,2,0,0,0,0,0,0,0,0,1,0,1,2,0,2,0,0,0,0,0,0,0,0,1,90,90,0,0,0,-1,-1,-1,14,0,2.72,0,69,14.50,5.80,4,29,3.80,19,7,9.50,3,0.00,0.00,0.00,0,0.00,0.00,0.00,0.00,0,0.00,0.00,0.00,0.00,1.00,0.00,0.00,1.40,0.00,0.00,0.00,0.00,0.00,0.00,0.00,0.00,0.00,0.00,0.00,0,0,,0,0.00,25,0,0.00,45,0,0.00,30,0,0,2,11,0.00,99,0,0,0.00,25,0,48,0.00,30,0,0.00,99,0,0.00,0,0,0.00,0,0.00,24,0,0.00,18,0,0.00,0.00,0,0.00,0,5,54,2.50,21,7,0.00,74,3.50,91,N/A,N/A,N/A,N/A,71.43,0,0.00,0,0.00,0.00,0,65.52,0.00,45,44,0.20,0.50,1,28,28,0,0,5,0.00,0.00,0,56,13.62,0.40,1.00,2,0,0.00,0.00,99,0.00,0,0,0,0.00,0.00,0,0.00,0.00,0.00,0.00,0,0,0.00,72,0,0,71,78,0.03,0,0.01,0.01,0.00,27,0.00,0.00,7,0,0.00,0.00,0.00,0.00,12,0,0.00,25,0,56,91,0,71,20,0,0.00,99,0,0.00,0.00,0.50,0.20,1,0,2,6,0.00,0.00,0.00,0,0.00,99,0,0.00,0,0.00,99,0,0.00,0.00,48,24,77,73,0,0,0,0,0,51,71,84,80,0,99,90,52,52,0,0,59,34,0,0
Corey Lundeen,25,964854000,2000/07/29,MLS Next Pro,2026,Midfielder,Carolina Core,0,0,0,USA,0,0,0,0,0,0,0,0,0,0,0,0,0,0,0,0,0,0,0,0,0,0,0,0,0,0,0,0,0,0,0,-1,-1,-1,-1,N/A,N/A,N/A,N/A,N/A,N/A,N/A,N/A,N/A,N/A,N/A,N/A,N/A,N/A,N/A,N/A,N/A,N/A,N/A,N/A,N/A,N/A,N/A,N/A,N/A,N/A,N/A,N/A,N/A,N/A,N/A,N/A,N/A,N/A,N/A,N/A,N/A,N/A,N/A,N/A,N/A,N/A,N/A,N/A,N/A,N/A,N/A,N/A,N/A,N/A,N/A,N/A,N/A,N/A,N/A,N/A,N/A,N/A,N/A,N/A,N/A,N/A,N/A,N/A,N/A,N/A,N/A,N/A,N/A,N/A,N/A,N/A,N/A,N/A,N/A,N/A,N/A,N/A,N/A,N/A,N/A,N/A,N/A,N/A,N/A,N/A,N/A,N/A,N/A,N/A,N/A,N/A,N/A,N/A,N/A,N/A,N/A,N/A,N/A,N/A,N/A,N/A,N/A,N/A,N/A,N/A,N/A,N/A,N/A,N/A,N/A,N/A,N/A,N/A,N/A,N/A,N/A,N/A,N/A,N/A,N/A,N/A,N/A,N/A,N/A,N/A,N/A,N/A,N/A,N/A,N/A,N/A,N/A,N/A,N/A,N/A,N/A,N/A,N/A,N/A,N/A,N/A,N/A,N/A,N/A,N/A,N/A,N/A,N/A,N/A,N/A,N/A,N/A,N/A,N/A,N/A,N/A,N/A,N/A,N/A,N/A,N/A,N/A,N/A,N/A,N/A,N/A,N/A,N/A,N/A,N/A,N/A,N/A,N/A,N/A,N/A,N/A,N/A,N/A,N/A,N/A,N/A,N/A,N/A,N/A,N/A,N/A,N/A,N/A,N/A,N/A,N/A,N/A,N/A,N/A,N/A,N/A,N/A,N/A,N/A,N/A,N/A,N/A,N/A,N/A,N/A,N/A,N/A,N/A,N/A,N/A,N/A,N/A,N/A,N/A,N/A,N/A,N/A,N/A,N/A,N/A,N/A,N/A,N/A
Cristiano Carlos,18,1199174400,2008/01/01,MLS Next Pro,2026,Midfielder,New England II,0,0,0,USA,0,0,0,0,0,0,0,0,0,0,0,0,0,0,0,0,0,0,0,0,0,0,0,0,0,0,0,0,0,0,0,-1,-1,-1,-1,N/A,N/A,N/A,N/A,N/A,N/A,N/A,N/A,N/A,N/A,N/A,N/A,N/A,N/A,N/A,N/A,N/A,N/A,N/A,N/A,N/A,N/A,N/A,N/A,N/A,N/A,N/A,N/A,N/A,N/A,N/A,N/A,N/A,N/A,N/A,N/A,N/A,N/A,N/A,N/A,N/A,N/A,N/A,N/A,N/A,N/A,N/A,N/A,N/A,N/A,N/A,N/A,N/A,N/A,N/A,N/A,N/A,N/A,N/A,N/A,N/A,N/A,N/A,N/A,N/A,N/A,N/A,N/A,N/A,N/A,N/A,N/A,N/A,N/A,N/A,N/A,N/A,N/A,N/A,N/A,N/A,N/A,N/A,N/A,N/A,N/A,N/A,N/A,N/A,N/A,N/A,N/A,N/A,N/A,N/A,N/A,N/A,N/A,N/A,N/A,N/A,N/A,N/A,N/A,N/A,N/A,N/A,N/A,N/A,N/A,N/A,N/A,N/A,N/A,N/A,N/A,N/A,N/A,N/A,N/A,N/A,N/A,N/A,N/A,N/A,N/A,N/A,N/A,N/A,N/A,N/A,N/A,N/A,N/A,N/A,N/A,N/A,N/A,N/A,N/A,N/A,N/A,N/A,N/A,N/A,N/A,N/A,N/A,N/A,N/A,N/A,N/A,N/A,N/A,N/A,N/A,N/A,N/A,N/A,N/A,N/A,N/A,N/A,N/A,N/A,N/A,N/A,N/A,N/A,N/A,N/A,N/A,N/A,N/A,N/A,N/A,N/A,N/A,N/A,N/A,N/A,N/A,N/A,N/A,N/A,N/A,N/A,N/A,N/A,N/A,N/A,N/A,N/A,N/A,N/A,N/A,N/A,N/A,N/A,N/A,N/A,N/A,N/A,N/A,N/A,N/A,N/A,N/A,N/A,N/A,N/A,N/A,N/A,N/A,N/A,N/A,N/A,N/A,N/A,N/A,N/A,N/A,N/A,N/A
Cristiano Oliveira,17,1206860400,2008/03/30,MLS Next Pro,2026,Midfielder,New England II,350,350,0,USA,4,4,0,0,0,0,2,2,0,0,0,2,2,0,2,2,0,1,0,0.51,0.51,0,0,0,0,0.51,175,88,350,175,0.26,47,6,-1,10,0,7.58,0.5,95,40.29,47.00,69,188,41.00,164,78,35.14,73,0.00,0.00,2.25,9,0.00,4.50,1.50,1.75,7,0.00,0.50,0.00,0.00,0.00,0.25,2.25,0.50,0.00,2.36,2.00,3.25,0.00,0.75,0.23,0.00,0.00,0.00,0.00,0,0,,11,2.75,83,3,0.64,73,8,1.71,88,0,0,4,61,0.00,99,0,1,0.21,27,18,55,3.86,92,0,0.00,99,0,0.00,0,0,0.00,0,1.93,89,13,2.79,88,9,1.93,69.23,0,0.00,0,0,0,0.00,0,2,0.00,89,0.43,7,N/A,N/A,N/A,N/A,0.00,0,0.00,0,0.92,0.00,0,87.23,27.27,57,99,0.00,0.00,0,95,81,0,0,0,0.00,0.00,0,56,30.30,0.00,0.00,0,0,0.00,0.00,99,0.00,0,0,2,0.50,0.43,0,0.00,0.00,1.07,1.25,5,0,0.00,72,63,85,71,93,1.85,94,0.46,0.40,0.92,71,0.23,0.20,7,0,0.00,0.00,2.14,2.50,90,10,0.20,70,97,15,99,0,97,20,0,0.00,99,0,0.00,0.00,6.64,7.75,31,16,38,37,3.43,4.00,51.61,2,0.43,64,0,16.67,0,0.00,99,3,0.75,0.64,82,92,77,73,0,0,0,0,0,81,71,84,80,0,99,90,87,66,1,25,81,35,0,0
Damar Dixon O'Neill,21,1083567600,2004/05/03,MLS Next Pro,2026,Midfielder,Toronto II,360,0,360,Canada,4,0,4,1,0,1,0,0,0,0,0,2,0,2,3,0,3,0,0,0.25,0,0.25,0,0.25,360,0.75,120,90,0,0,0,33,70,-1,2,0,6.69,0,69,20.71,18.75,19,75,13.75,55,22,15.18,16,0.00,0.00,0.50,2,0.00,0.00,0.83,0.75,3,0.00,1.25,0.00,0.00,0.00,0.50,2.00,0.75,6.00,1.66,1.25,4.25,0.00,0.25,0.24,0.00,1.00,0.00,0.00,0,0,,6,1.50,73,1,0.28,52,5,1.38,80,0,0,4,34,0.00,99,0,2,0.55,49,0,48,0.00,30,0,0.00,99,0,0.00,0,0,0.00,0,0.55,44,17,4.69,98,8,2.21,47.06,0,0.00,0,0,0,0.00,0,3,0.00,82,0.83,18,N/A,N/A,N/A,N/A,0.00,0,0.00,0,0.96,0.00,0,73.33,16.67,48,40,0.50,0.55,2,97,51,0,0,0,0.00,0.00,0,56,26.75,0.50,0.55,2,0,0.00,0.00,99,0.00,0,0,0,0.00,0.00,0,0.00,0.00,0.00,0.00,0,0,16.67,81,88,85,99,86,0.20,24,0.05,0.06,0.96,79,0.24,0.27,73,6,1.50,1.66,1.93,1.75,85,7,0.27,78,36,36,91,0,71,78,0,0.00,99,4,0.00,1.10,13.25,12.00,48,21,87,94,5.80,5.25,43.75,5,1.38,24,0,0.00,0,0.00,99,0,0.00,0.00,48,92,77,73,0,0,0,0,0,64,77,84,80,0,99,90,52,52,0,0,59,93,0,0
Damario McIntosh,18,1187334000,2007/08/17,MLS Next Pro,2026,Defender,New England II,360,360,0,Jamaica,4,4,0,0,0,0,1,1,0,0,0,2,2,0,2,2,0,1,0,0.25,0.25,0,0,0,0,0.5,180,90,360,360,0.25,49,25,2,8,0,7.17,0.25,81,39.21,45.75,67,183,37.25,149,48,31.93,64,0.00,0.00,2.00,8,0.00,4.50,1.07,1.25,5,0.00,0.50,0.00,0.00,0.00,1.00,1.00,0.50,0.00,1.29,1.25,1.75,0.00,0.25,0.10,0.00,0.75,0.00,0.00,0,0,,6,1.50,63,1,0.21,47,5,1.07,74,0,0,4,42,0.00,99,0,4,0.86,63,18,67,3.86,92,0,0.00,99,0,0.00,0,0,0.00,0,1.71,84,7,1.50,67,4,0.86,57.14,0,0.00,0,0,0,0.00,0,2,0.00,91,0.43,7,N/A,N/A,N/A,N/A,0.00,0,0.00,0,0.40,0.00,0,81.42,16.67,48,38,0.75,0.64,3,73,66,0,0,0,0.00,0.00,0,56,28.66,1.75,1.50,7,0,0.00,0.00,99,0.00,0,0,0,0.00,0.00,0,0.00,0.00,0.00,0.00,0,0,0.00,72,88,85,71,96,1.22,82,0.30,0.26,0.40,58,0.10,0.09,61,6,1.50,1.29,0.21,0.25,14,1,0.09,56,82,70,91,0,71,58,0,0.00,99,3,0.00,0.64,6.21,7.25,29,17,42,33,3.64,4.25,58.62,2,0.43,64,0,27.78,0,0.00,99,5,1.25,1.07,91,92,77,73,0,0,0,0,0,64,71,84,80,0,99,90,97,65,1,25,81,19,0,0
Damian Nigg,20,1113289200,2005/04/12,MLS Next Pro,2026,Midfielder,Chicago Fire II,241,180,61,Switzerland,3,2,1,0,0,0,0,0,0,0,0,1,1,0,2,1,1,1,0,0,0,0,0,0,0,0.75,121,80,241,0,0.37,-1,-1,-1,9,0,6.68,0,69,20.59,20.67,18,62,15.67,47,29,15.61,18,0.00,0.00,3.00,9,0.00,8.33,0.33,0.33,1,0.00,2.33,0.00,0.00,0.00,0.00,1.00,0.67,0.00,2.66,2.00,4.67,0.00,0.67,0.20,0.00,0.00,0.00,0.00,0,0,,8,2.67,87,2,0.66,75,6,1.99,94,1,0,3,17,0.00,99,0,0,0.00,25,25,79,8.30,99,0,0.00,99,0,0.00,0,0,0.00,0,2.99,99,14,4.65,97,3,1.00,21.43,0,0.00,0,0,0,0.00,0,2,0.00,82,0.66,11,N/A,N/A,N/A,N/A,0.00,0,0.00,0,0.60,0.00,0,75.81,25.00,56,5,1.67,1.66,5,79,32,0,0,0,0.00,0.00,0,56,20.04,0.33,0.33,1,0,0.00,0.00,99,0.00,0,0,0,0.00,0.00,0,0.00,0.00,0.00,0.00,0,0,0.00,72,20,33,71,87,0.40,63,0.13,0.13,0.60,71,0.20,0.20,33,2,0.67,0.66,2.32,2.33,92,7,0.20,70,36,24,91,0,71,20,0,0.00,99,0,0.00,0.00,12.29,12.33,37,6,19,88,1.99,2.00,16.22,7,2.32,6,0,36.00,0,0.00,99,9,3.00,2.99,99,60,77,96,0,0,0,0,0,51,71,84,80,0,99,73,75,78,1,33,89,55,0,0
Damien Barker John,21,1102406400,2004/12/07,MLS Next Pro,2026,Midfielder,Chattanooga FC,227,158,69,USA,4,2,2,1,1,0,0,0,0,0,0,1,1,0,5,3,2,0,0,0.4,0,0.4,0.57,0,227,1.98,45,57,0,0,0,-1,-1,-1,3,0,4.13,0,69,24.58,12.40,34,62,10.80,54,76,21.41,42,0.00,0.00,0.20,1,0.00,1.20,0.79,0.40,2,0.00,0.20,0.00,0.00,0.00,0.00,0.40,1.00,10.00,3.96,0.80,1.60,0.00,1.20,0.33,0.00,0.20,0.00,0.00,0,0,,10,2.00,97,6,2.38,99,4,1.59,85,1,1,3,32,0.00,99,0,0,0.00,25,6,55,2.38,82,0,0.00,99,0,0.00,0,0,0.00,0,0.40,34,8,3.17,92,2,0.79,25.00,0,0.00,0,0,0,0.00,0,5,0.00,31,1.98,64,N/A,N/A,N/A,N/A,0.00,0,0.00,0,1.63,0.00,0,87.10,60.00,91,53,0.20,0.40,1,69,35,0,0,0,0.20,0.40,1,81,20.64,0.20,0.40,1,0,0.00,0.00,99,0.00,0,0,1,0.20,0.40,0,0.00,0.00,0.40,0.20,1,0,10.00,76,13,85,86,36,0.14,24,0.03,0.06,1.63,94,0.33,0.65,7,0,0.00,0.00,0.40,0.20,25,1,0.65,94,2,29,98,0,85,42,0,0.00,99,1,0.00,0.40,7.14,3.60,18,5,18,43,1.98,1.00,27.78,1,0.40,65,0,16.67,0,0.00,99,1,0.20,0.40,69,60,93,96,0,0,0,0,0,75,88,84,91,0,99,62,52,52,0,0,59,9,0,0
Damyan Villanueva,17,1219388400,2008/08/22,MLS Next Pro,2026,Midfielder,Chicago Fire II,115,5,110,USA,3,1,2,0,0,0,1,0,1,0,0,1,1,0,2,0,2,1,0,0.78,0.78,0,0,0,0,1.57,58,38,115,115,0.78,-1,-1,-1,10,0,6.59,0.33,98,18.00,9.67,10,29,5.67,17,1,10.55,5,0.00,0.00,1.00,3,0.00,1.00,2.48,1.33,4,0.00,0.67,0.00,0.00,0.00,0.33,0.67,0.67,0.00,0.62,0.33,1.00,0.00,0.00,0.02,0.00,0.00,0.00,0.00,0,0,,1,0.33,46,0,0.00,45,1,0.62,56,1,2,1,85,0.00,99,0,1,0.62,52,3,78,1.86,75,0,0.00,99,0,0.00,0,0,0.00,0,1.86,86,3,1.86,75,2,1.24,66.67,0,0.00,0,0,0,0.00,0,2,0.00,43,1.24,30,N/A,N/A,N/A,N/A,0.00,0,0.00,0,0.06,0.00,0,58.62,0.00,45,1,1.33,2.48,4,84,81,0,0,0,0.00,0.00,0,56,19.78,0.33,0.62,1,0,0.00,0.00,99,0.00,0,0,0,0.00,0.00,0,0.00,0.00,0.00,0.00,0,0,0.00,72,0,33,71,47,0.70,95,0.23,0.43,0.06,45,0.02,0.04,61,2,0.67,1.24,1.86,1.00,83,3,0.04,43,27,38,91,0,71,20,0,0.00,99,0,0.00,0.00,11.17,6.00,18,8,71,84,4.97,2.67,44.44,2,1.24,27,0,33.33,0,0.00,99,1,0.33,0.62,81,3,99,96,0,0,0,0,0,90,71,84,80,0,99,73,53,99,1,33,89,72,0,0
Daniel Baran,19,1158390000,2006/09/16,MLS Next Pro,2026,Midfielder,North Texas,24,0,24,USA,2,0,2,0,0,0,1,0,1,0,0,0,0,0,1,0,1,0,0,3.75,3.75,0,0,0,0,3.75,24,12,0,24,0,-1,-1,-1,9,0,4.53,0.5,99,16.67,3.33,7,10,3.33,10,99,16.67,24,0.00,0.00,0.33,1,0.00,1.33,0.00,0.00,0,0.00,0.67,0.00,0.00,0.00,0.00,0.33,0.33,0.00,0.00,0.00,0.33,0.00,0.00,0.00,0.00,0.00,0.00,0.00,0,0,,0,0.00,25,0,0.00,45,0,0.00,30,0,2,0,11,0.00,99,0,0,0.00,25,4,65,6.67,98,0,0.00,99,0,0.00,0,0,0.00,0,1.67,83,1,1.67,71,1,1.67,100.00,0,0.00,0,0,0,0.00,0,1,0.00,1,1.67,52,N/A,N/A,N/A,N/A,0.00,0,0.00,0,0.00,0.00,0,100.00,0.00,45,99,0.00,0.00,0,92,99,0,0,0,0.33,1.67,1,98,13.59,0.00,0.00,0,0,0.00,0.00,99,0.00,0,0,0,0.00,0.00,0,0.00,0.00,0.00,0.00,0,0,0.00,72,0,0,71,5,0.66,99,0.22,1.10,0.00,27,0.00,0.00,74,1,0.33,1.67,0.00,0.00,12,0,0.00,25,3,15,91,0,71,20,0,0.00,99,0,0.00,0.00,8.33,1.67,5,2,36,57,3.33,0.67,40.00,2,3.33,2,0,25.00,0,0.00,99,1,0.33,1.67,97,0,99,73,0,0,0,0,0,99,71,84,80,0,99,41,52,52,0,0,59,36,0,0
Daniel Barrett,16,1240210800,2009/04/20,MLS Next Pro,2026,Midfielder,Houston Dynamo FC II,360,360,0,USA,4,4,0,0,0,0,0,0,0,0,0,4,4,0,0,0,0,1,0,0,0,0,0,0,0,0,0,90,360,0,0.25,96,69,-1,12,0,7.04,0,69,54.75,54.75,89,219,47.00,188,68,47.00,88,0.00,0.00,0.25,1,0.00,0.00,2.75,2.75,11,0.00,0.50,0.00,0.00,0.00,1.75,0.75,0.00,0.00,0.00,0.00,1.25,0.00,0.00,0.00,0.00,1.00,0.00,0.00,0,0,,0,0.00,25,0,0.00,45,0,0.00,30,0,0,4,89,0.00,99,0,7,1.75,88,0,48,0.00,30,0,0.00,99,0,0.00,0,0,0.00,0,0.25,27,5,1.25,59,3,0.75,60.00,0,0.00,0,0,0,0.00,0,0,0.00,99,0.00,0,N/A,N/A,N/A,N/A,0.00,0,0.00,0,0.00,0.00,0,85.84,0.00,45,31,0.75,0.75,3,66,70,0,0,0,0.00,0.00,0,56,28.18,4.00,4.00,16,0,0.00,0.00,99,0.00,0,0,0,0.00,0.00,0,0.00,0.00,0.00,0.00,0,0,0.00,72,88,85,71,4,0.43,54,0.11,0.11,0.00,27,0.00,0.00,52,4,1.00,1.00,1.25,1.25,63,5,0.00,25,74,94,91,0,71,74,0,0.00,99,4,0.00,1.00,9.00,9.00,36,22,82,65,5.50,5.50,61.11,2,0.50,60,0,0.00,0,0.00,99,0,0.00,0.00,48,92,77,73,0,0,0,0,0,51,71,84,80,0,99,99,97,65,1,25,81,23,0,0
Daniel Cervantes,22,1060758000,2003/08/13,MLS Next Pro,2026,Forward,Portland Timbers II,360,270,90,USA,4,3,1,1,1,0,0,0,0,0,0,2,2,0,5,1,4,1,0,0.25,0,0.25,0.33,0,360,1.25,72,90,360,0,0.25,28,110,-1,1,0,6.67,0,69,15.64,16.25,6,65,12.25,49,27,11.79,8,0.00,0.00,1.00,4,0.00,0.00,0.24,0.25,1,0.00,1.00,0.00,0.00,0.00,0.00,0.75,1.50,0.00,1.93,0.75,3.00,0.00,1.25,0.23,0.00,1.75,0.00,0.00,0,0,,8,2.00,78,5,1.20,90,3,0.72,61,0,0,4,12,0.00,99,0,0,0.00,25,0,48,0.00,30,0,0.00,99,0,0.00,0,0,0.00,0,0.96,61,12,2.89,89,3,0.72,25.00,0,0.00,0,0,0,0.00,0,6,0.00,64,1.44,42,N/A,N/A,N/A,N/A,0.00,0,0.00,0,0.91,0.00,0,75.38,62.50,91,46,0.50,0.48,2,64,35,0,0,0,0.25,0.24,1,63,26.66,0.25,0.24,1,0,0.00,0.00,99,0.00,0,0,0,0.00,0.00,0,0.00,0.00,0.00,0.00,0,0,0.00,72,88,85,99,69,0.23,24,0.06,0.06,0.91,75,0.23,0.22,67,6,1.50,1.44,2.89,3.00,98,12,0.22,74,33,18,91,0,71,91,0,0.00,99,7,0.00,1.68,11.79,12.25,49,17,57,87,4.09,4.25,34.69,4,0.96,40,0,0.00,0,0.00,99,0,0.00,0.00,48,92,77,73,0,0,0,0,0,64,77,84,84,0,99,90,97,65,1,25,81,47,0,0
Daniel Chica,24,1014019200,2002/02/18,MLS Next Pro,2026,Defender,Atlanta United II,360,180,180,USA,4,2,2,1,1,0,0,0,0,0,0,0,0,0,5,2,3,0,0,0.25,0,0.25,0.5,0,360,1.25,72,90,0,0,0,30,63,5,2,0,6.87,0,69,41.19,40.50,71,162,33.25,133,53,33.81,69,0.00,0.00,0.00,0,0.00,0.50,2.03,2.00,8,0.00,1.00,0.00,0.00,0.00,1.00,2.50,1.50,2.00,0.51,0.25,3.50,0.00,0.25,0.19,0.00,0.50,0.00,0.00,0,0,,2,0.50,42,1,0.25,49,1,0.25,36,0,0,4,75,0.00,99,0,4,1.02,71,2,48,0.51,44,0,0.00,99,0,0.00,0,0,0.00,0,0.00,24,14,3.56,94,10,2.54,71.43,0,0.00,0,0,0,0.00,0,6,0.00,64,1.53,50,N/A,N/A,N/A,N/A,0.00,0,0.00,0,0.76,0.00,0,82.10,50.00,87,30,0.75,0.76,3,98,82,0,0,0,0.25,0.25,1,65,27.46,3.50,3.56,14,0,0.00,0.00,99,0.00,0,0,0,0.00,0.00,0,0.00,0.00,0.00,0.00,0,0,50.00,99,88,85,99,69,0.32,37,0.08,0.08,0.76,70,0.19,0.19,36,3,0.75,0.76,0.51,0.50,30,2,0.19,69,56,91,91,0,71,51,0,0.00,99,2,0.00,0.51,9.92,9.75,39,23,88,75,5.85,5.75,58.97,4,1.02,36,0,0.00,0,0.00,99,0,0.00,0.00,48,92,77,73,0,0,0,0,0,64,77,84,90,0,99,41,52,52,0,0,59,44,0,0
Daniel Ciesla,21,1105084800,2005/01/07,MLS Next Pro,2026,Midfielder,Austin II,118,63,55,Poland,3,2,1,0,0,0,0,0,0,0,0,1,0,1,3,3,0,2,0,0,0,0,0,0,0,2.29,39,39,59,0,1.53,-1,-1,-1,12,0,4.80,0,69,28.39,11.75,45,47,10.25,41,78,24.77,51,0.00,0.00,0.25,1,0.00,1.00,2.42,1.00,4,0.00,0.25,0.00,0.00,0.00,0.25,0.00,0.75,0.00,0.60,0.25,0.25,0.00,0.00,0.01,0.00,0.50,0.00,0.00,0,0,,1,0.25,45,0,0.00,45,1,0.60,55,0,1,0,84,0.00,99,0,1,0.60,52,4,48,2.42,82,0,0.00,99,0,0.00,0,0,0.00,0,0.60,48,1,0.60,34,0,0.00,0.00,0,0.00,0,0,0,0.00,0,3,0.00,15,1.81,57,N/A,N/A,N/A,N/A,0.00,0,0.00,0,0.05,0.00,0,87.23,0.00,45,38,0.25,0.60,1,28,28,0,0,0,0.00,0.00,0,56,19.22,1.50,3.62,6,0,0.00,0.00,99,0.00,0,0,0,0.00,0.00,0,0.00,0.00,0.00,0.00,0,0,0.00,72,0,33,71,20,0.11,30,0.03,0.07,0.05,41,0.01,0.03,7,0,0.00,0.00,0.60,0.25,33,1,0.03,40,4,91,91,0,71,81,0,0.00,99,2,0.00,1.21,7.25,3.00,12,6,41,44,3.62,1.50,50.00,1,0.60,56,0,0.00,0,0.00,99,0,0.00,0.00,48,0,93,73,0,0,0,0,0,51,71,84,80,0,99,73,52,99,1,33,89,14,0,0
Daniel Mangarov,24,1015747200,2002/03/10,MLS Next Pro,2026,Midfielder,Chattanooga FC,259,180,79,USA,4,2,2,0,0,0,0,0,0,0,0,0,0,0,7,6,1,1,0,0,0,0,0,0,0,2.43,37,65,259,0,0.35,-1,-1,-1,8,0,6.71,0,69,24.10,16.60,32,83,11.80,59,18,17.13,27,0.00,0.00,0.60,3,0.00,1.60,1.45,1.00,5,0.00,1.00,0.00,0.00,0.00,0.60,0.20,1.40,0.00,0.87,0.20,0.40,0.00,0.40,0.06,0.00,0.60,0.00,0.00,0,0,,3,0.60,52,2,0.58,71,1,0.29,38,1,1,3,58,0.00,99,0,3,0.87,64,8,65,2.32,81,0,0.00,99,0,0.00,0,0,0.00,0,0.87,58,2,0.58,33,1,0.29,50.00,0,0.00,0,0,0,0.00,0,7,0.00,9,2.03,68,N/A,N/A,N/A,N/A,0.00,0,0.00,0,0.28,0.00,0,71.08,66.67,95,64,0.20,0.29,1,34,64,0,0,0,0.20,0.29,1,70,33.56,0.20,0.29,1,0,0.00,0.00,99,0.00,0,0,0,0.00,0.00,0,0.00,0.00,0.58,0.40,2,0,0.00,72,25,85,71,14,0.23,30,0.05,0.07,0.28,55,0.06,0.08,98,10,2.00,2.90,0.87,0.60,47,3,0.08,54,38,20,91,0,90,69,0,0.00,99,3,0.00,0.87,9.87,6.80,34,19,83,75,5.52,3.80,55.88,5,1.45,21,0,25.00,0,0.00,99,2,0.40,0.58,80,60,93,96,0,0,0,0,0,51,71,84,80,0,99,41,76,77,1,25,81,10,0,0
Daniel Nunez,17,1228377600,2008/12/04,MLS Next Pro,2026,Midfielder,Portland Timbers II,336,246,90,USA,4,3,1,0,0,0,0,0,0,0,0,2,2,0,5,1,4,0,0,0,0,0,0,0,0,1.34,67,84,0,0,0,85,108,-1,6,0,7.15,0,69,24.59,25.00,35,100,22.50,90,92,22.13,45,0.00,0.00,1.50,6,0.00,1.25,2.46,2.50,10,0.00,1.75,0.00,0.00,0.00,0.75,1.50,1.50,0.00,2.21,1.25,2.25,0.00,1.00,0.17,0.00,0.50,0.00,0.00,0,0,,9,2.25,82,4,0.98,86,5,1.23,77,1,0,4,85,0.00,99,0,3,0.74,56,5,60,1.23,66,0,0.00,99,0,0.00,0,0,0.00,0,1.48,79,9,2.21,81,6,1.48,66.67,0,0.00,0,0,0,0.00,0,6,0.00,56,1.48,44,N/A,N/A,N/A,N/A,0.00,0,0.00,0,0.68,0.00,0,90.00,44.44,73,45,0.50,0.49,2,91,81,0,0,0,0.25,0.25,1,65,28.59,0.50,0.49,2,0,0.00,0.00,99,0.00,0,0,0,0.00,0.00,0,0.00,0.00,0.25,0.25,1,0,0.00,72,60,85,71,61,0.49,59,0.12,0.12,0.68,69,0.17,0.17,96,11,2.75,2.70,1.23,1.25,62,5,0.17,68,80,35,91,0,76,50,0,0.00,99,2,0.00,0.49,12.05,12.25,49,28,96,88,6.89,7.00,57.14,7,1.72,15,0,20.00,0,0.00,99,1,0.25,0.25,55,92,77,96,0,0,0,0,0,51,71,84,80,0,99,90,52,52,0,0,59,63,0,0
Daniel Robles,24,1010131200,2002/01/04,MLS Next Pro,2026,Forward,Tacoma Defiance,90,90,0,USA,1,1,0,0,0,0,0,0,0,0,0,1,1,0,0,0,0,0,0,0,0,0,0,0,0,0,0,90,0,0,0,-1,-1,-1,10,0,3.25,0,69,41.82,11.50,72,46,10.00,40,75,36.36,74,0.00,0.00,0.00,0,0.00,0.00,1.82,0.50,2,0.00,0.25,0.00,0.00,0.00,0.00,0.25,0.25,0.00,0.00,0.00,0.25,0.00,0.00,0.00,0.00,0.00,0.00,0.00,0,0,,0,0.00,25,0,0.00,45,0,0.00,30,0,0,1,68,0.00,99,0,0,0.00,25,0,48,0.00,30,0,0.00,99,0,0.00,0,0,0.00,0,0.00,24,1,0.91,48,1,0.91,100.00,0,0.00,0,0,0,0.00,0,1,0.00,99,0.91,22,N/A,N/A,N/A,N/A,0.00,0,0.00,0,0.00,0.00,0,86.96,0.00,45,22,0.25,0.91,1,74,99,0,0,0,0.00,0.00,0,56,12.98,0.00,0.00,0,0,0.00,0.00,99,0.00,0,0,0,0.00,0.00,0,0.00,0.00,0.00,0.00,0,0,0.00,72,0,0,71,4,0.09,37,0.02,0.08,0.00,27,0.00,0.00,46,1,0.25,0.91,0.00,0.00,12,0,0.00,25,0,15,91,0,71,20,0,0.00,99,0,0.00,0.00,8.18,2.25,9,4,42,55,3.64,1.00,44.44,1,0.91,42,0,0.00,0,0.00,99,0,0.00,0.00,48,3,77,73,0,0,0,0,0,51,71,84,80,0,99,99,52,52,0,0,59,34,0,0
Daniel Sumalla,18,1182754800,2007/06/25,MLS Next Pro,2026,Midfielder,Inter Miami II,174,90,84,USA,2,1,1,0,0,0,0,0,0,0,0,0,0,0,3,1,2,1,1,0,0,0,0,0,0,1.55,58,87,87,0,1.03,-1,-1,-1,12,0,6.30,0,69,48.97,55.50,83,111,49.00,98,84,43.24,85,0.00,0.00,0.00,0,0.00,0.00,0.44,0.50,1,0.00,0.00,0.00,0.00,0.00,1.50,0.00,1.50,0.00,0.00,0.00,0.00,0.00,0.00,0.00,0.00,0.00,0.00,0.00,0,0,,0,0.00,25,0,0.00,45,0,0.00,30,0,0,2,21,0.00,99,0,3,1.32,80,0,48,0.00,30,0,0.00,99,0,0.00,0,0,0.00,0,0.00,24,0,0.00,18,0,0.00,0.00,0,0.00,0,0,0,0.00,0,3,0.00,43,1.32,35,N/A,N/A,N/A,N/A,0.00,0,0.00,0,0.00,0.00,0,88.29,0.00,45,10,1.50,1.32,3,28,28,0,0,0,0.50,0.44,1,85,12.61,3.00,2.65,6,0,0.00,0.00,99,0.00,0,0,0,0.00,0.00,0,0.00,0.00,0.00,0.00,0,0,0.00,72,0,0,71,47,0.23,49,0.12,0.10,0.00,27,0.00,0.00,45,2,1.00,0.88,1.76,2.00,82,4,0.00,25,15,85,91,0,71,20,0,0.00,99,0,0.00,0.00,5.29,6.00,12,3,11,22,1.32,1.50,25.00,0,0.00,99,0,0.00,0,0.00,99,0,0.00,0.00,48,24,77,73,0,0,0,0,0,51,71,84,80,0,99,41,52,99,0,0,59,70,0,0
Dario White,17,1208847600,2008/04/22,MLS Next Pro,2026,Midfielder,Portland Timbers II,5,5,0,USA,1,1,0,0,0,0,1,1,0,0,0,0,0,0,0,0,0,0,0,18,18,0,0,0,0,0,0,5,0,5,0,-1,-1,-1,10,0,3.35,1,99,5.14,0.50,0,2,0.50,2,99,5.14,0,0.00,0.00,0.25,1,0.00,0.00,0.00,0.00,0,0.00,0.00,0.00,0.00,0.00,0.00,0.00,0.00,0.00,0.00,0.00,0.00,0.00,0.00,0.00,0.00,0.00,0.00,0.00,0,0,,0,0.00,25,0,0.00,45,0,0.00,30,0,1,0,11,0.00,99,0,0,0.00,25,0,48,0.00,30,0,0.00,99,0,0.00,0,0,0.00,0,2.57,97,0,0.00,18,0,0.00,0.00,0,0.00,0,0,0,0.00,0,0,0.00,99,0.00,0,N/A,N/A,N/A,N/A,0.00,0,0.00,0,0.00,0.00,0,100.00,0.00,45,99,0.00,0.00,0,28,28,0,0,0,0.00,0.00,0,56,13.41,0.00,0.00,0,0,0.00,0.00,99,0.00,0,0,0,0.00,0.00,0,0.00,0.00,0.00,0.00,0,0,0.00,72,0,0,71,4,0.59,99,0.15,1.52,0.00,27,0.00,0.00,7,0,0.00,0.00,0.00,0.00,12,0,0.00,25,0,15,91,0,71,20,0,0.00,99,0,0.00,0.00,0.00,0.00,0,0,2,1,0.00,0.00,0.00,0,0.00,99,0,0.00,0,0.00,99,0,0.00,0.00,48,0,93,73,0,0,0,0,0,99,71,84,80,0,99,41,52,52,0,0,59,59,0,0
Darwin Ortiz,20,1141372800,2006/03/03,MLS Next Pro,2026,Midfielder,Chattanooga FC,0,0,0,USA,0,0,0,0,0,0,0,0,0,0,0,0,0,0,0,0,0,0,0,0,0,0,0,0,0,0,0,0,0,0,0,-1,-1,-1,-1,N/A,N/A,N/A,N/A,N/A,N/A,N/A,N/A,N/A,N/A,N/A,N/A,N/A,N/A,N/A,N/A,N/A,N/A,N/A,N/A,N/A,N/A,N/A,N/A,N/A,N/A,N/A,N/A,N/A,N/A,N/A,N/A,N/A,N/A,N/A,N/A,N/A,N/A,N/A,N/A,N/A,N/A,N/A,N/A,N/A,N/A,N/A,N/A,N/A,N/A,N/A,N/A,N/A,N/A,N/A,N/A,N/A,N/A,N/A,N/A,N/A,N/A,N/A,N/A,N/A,N/A,N/A,N/A,N/A,N/A,N/A,N/A,N/A,N/A,N/A,N/A,N/A,N/A,N/A,N/A,N/A,N/A,N/A,N/A,N/A,N/A,N/A,N/A,N/A,N/A,N/A,N/A,N/A,N/A,N/A,N/A,N/A,N/A,N/A,N/A,N/A,N/A,N/A,N/A,N/A,N/A,N/A,N/A,N/A,N/A,N/A,N/A,N/A,N/A,N/A,N/A,N/A,N/A,N/A,N/A,N/A,N/A,N/A,N/A,N/A,N/A,N/A,N/A,N/A,N/A,N/A,N/A,N/A,N/A,N/A,N/A,N/A,N/A,N/A,N/A,N/A,N/A,N/A,N/A,N/A,N/A,N/A,N/A,N/A,N/A,N/A,N/A,N/A,N/A,N/A,N/A,N/A,N/A,N/A,N/A,N/A,N/A,N/A,N/A,N/A,N/A,N/A,N/A,N/A,N/A,N/A,N/A,N/A,N/A,N/A,N/A,N/A,N/A,N/A,N/A,N/A,N/A,N/A,N/A,N/A,N/A,N/A,N/A,N/A,N/A,N/A,N/A,N/A,N/A,N/A,N/A,N/A,N/A,N/A,N/A,N/A,N/A,N/A,N/A,N/A,N/A,N/A,N/A,N/A,N/A,N/A,N/A,N/A,N/A,N/A,N/A,N/A,N/A,N/A,N/A,N/A,N/A,N/A,N/A
David Diaz,22,1070784000,2003/12/07,MLS Next Pro,2026,Midfielder,Carolina Core,333,172,161,USA,4,2,2,0,0,0,0,0,0,0,0,1,0,1,5,3,2,0,0,0,0,0,0,0,0,1.35,67,83,0,0,0,56,57,-1,7,0,6.97,0,69,22.07,22.25,24,89,17.75,71,41,17.60,29,0.00,0.00,1.00,4,0.00,2.25,1.74,1.75,7,0.00,1.00,0.00,0.00,0.00,0.50,3.00,1.50,0.00,3.47,2.75,4.75,0.00,0.75,0.23,0.00,0.25,0.00,0.00,0,0,,14,3.50,95,3,0.74,78,11,2.73,98,1,0,4,66,0.00,99,0,2,0.50,48,9,51,2.23,79,0,0.00,99,0,0.00,0,0,0.00,0,0.99,63,19,4.71,98,12,2.98,63.16,0,0.00,0,0,0,0.00,0,6,0.00,55,1.49,46,N/A,N/A,N/A,N/A,0.00,0,0.00,0,0.90,0.00,0,79.78,21.43,51,12,1.25,1.24,5,99,72,0,0,0,0.25,0.25,1,65,27.89,0.00,0.00,0,0,0.00,0.00,99,0.00,0,0,0,0.00,0.00,0,0.00,0.00,0.74,0.75,3,0,0.00,72,58,85,71,61,0.31,37,0.08,0.08,0.90,75,0.23,0.22,12,1,0.25,0.25,1.24,1.25,62,5,0.22,74,66,15,91,0,94,27,0,0.00,99,1,0.00,0.25,10.66,10.75,43,21,75,80,5.21,5.25,48.84,4,0.99,38,0,11.11,0,0.00,99,1,0.25,0.25,55,92,77,96,0,0,0,0,0,51,71,84,80,0,99,62,52,52,0,0,59,58,0,0
David Poręba,23,1038729600,2002/12/01,MLS Next Pro,2026,Midfielder,Chicago Fire II,257,167,90,USA,3,2,1,1,1,0,0,0,0,0,0,1,1,0,3,1,2,0,0,0.35,0,0.35,0.54,0,257,1.05,86,86,0,0,0,-1,-1,-1,4,0,7.54,0,69,36.69,39.00,61,117,35.67,107,94,33.55,68,0.00,0.00,2.67,8,0.00,0.67,0.31,0.33,1,0.00,2.33,0.00,0.00,0.00,0.33,1.00,1.00,11.00,3.45,2.67,1.67,0.00,1.00,0.45,0.00,1.33,0.00,0.00,0,0,,11,3.67,94,3,0.94,85,8,2.51,97,1,0,3,16,0.00,99,0,1,0.31,34,2,48,0.63,48,0,0.00,99,0,0.00,0,0,0.00,0,2.51,95,5,1.57,69,3,0.94,60.00,0,0.00,0,0,0,0.00,0,3,0.00,69,0.94,25,N/A,N/A,N/A,N/A,0.00,0,0.00,0,1.34,0.00,0,91.45,27.27,57,62,0.33,0.31,1,76,70,0,0,0,0.33,0.31,1,73,22.62,0.00,0.00,0,0,0.00,0.00,99,0.00,0,0,1,0.33,0.31,0,0.00,0.00,0.31,0.33,1,0,9.09,75,24,33,88,73,0.45,67,0.15,0.14,1.34,88,0.45,0.42,70,5,1.67,1.57,0.31,0.33,21,1,0.42,87,96,15,95,0,81,83,0,0.00,99,4,0.00,1.25,8.78,9.33,28,13,56,61,4.08,4.33,46.43,7,2.20,7,0,0.00,0,0.00,99,0,0.00,0.00,48,60,77,96,0,0,0,0,0,71,84,84,90,0,99,73,52,52,0,0,59,29,0,0
David Sibrian,16,1257408000,2009/11/05,MLS Next Pro,2026,Midfielder,Atlanta United II,98,8,90,USA,2,1,1,0,0,0,0,0,0,0,0,0,0,0,1,0,1,0,0,0,0,0,0,0,0,0.92,98,49,0,0,0,-1,-1,-1,15,0,4.99,0,69,16.53,6.75,7,27,5.00,20,24,12.24,9,0.00,0.00,0.00,0,0.00,0.00,2.45,1.00,4,0.00,0.00,0.00,0.00,0.00,0.50,0.25,0.25,0.00,0.00,0.00,0.50,0.00,0.00,0.00,0.00,0.50,0.00,0.00,0,0,,0,0.00,25,0,0.00,45,0,0.00,30,0,1,1,84,0.00,99,0,2,1.22,78,0,48,0.00,30,0,0.00,99,0,0.00,0,0,0.00,0,0.00,24,2,1.22,58,1,0.61,50.00,0,0.00,0,0,0,0.00,0,1,0.00,75,0.61,9,N/A,N/A,N/A,N/A,0.00,0,0.00,0,0.00,0.00,0,74.07,0.00,45,99,0.00,0.00,0,60,64,0,0,0,0.50,1.22,2,95,19.97,1.25,3.06,5,0,0.00,0.00,99,0.00,0,0,0,0.00,0.00,0,0.00,0.00,0.00,0.00,0,0,0.00,72,0,0,71,80,0.04,2,0.01,0.02,0.00,27,0.00,0.00,7,0,0.00,0.00,1.84,0.75,82,3,0.00,25,5,87,91,0,71,81,0,0.00,99,2,0.00,1.22,7.35,3.00,12,7,60,45,4.29,1.75,58.33,0,0.00,99,0,0.00,0,0.00,99,0,0.00,0.00,48,3,93,73,0,0,0,0,0,51,71,84,80,0,99,41,52,52,0,0,59,81,0,0
Dean Boltz,19,1149663600,2006/06/07,MLS Next Pro,2026,Midfielder,Chicago Fire II,137,18,119,USA,3,1,2,0,0,0,0,0,0,0,0,1,1,0,2,0,2,0,0,0,0,0,0,0,0,1.31,69,46,0,0,0,-1,-1,-1,18,0,4.95,0,69,9.59,5.25,1,21,3.50,14,8,6.40,1,0.00,0.00,0.25,1,0.00,0.25,1.83,1.00,4,0.00,0.25,0.00,0.00,0.00,0.00,0.00,0.50,0.00,2.28,0.75,0.25,0.00,0.50,0.12,0.00,1.00,0.00,0.00,0,0,,5,1.25,82,2,0.91,84,3,1.37,80,0,2,1,69,0.00,99,0,0,0.00,25,1,48,0.46,43,0,0.00,99,0,0.00,0,0,0.00,0,0.46,41,1,0.46,31,0,0.00,0.00,0,0.00,0,0,0,0.00,0,2,0.00,58,0.91,22,N/A,N/A,N/A,N/A,0.00,0,0.00,0,0.47,0.00,0,66.67,40.00,70,99,0.00,0.00,0,28,28,0,0,0,0.00,0.00,0,56,19.79,0.00,0.00,0,0,0.00,0.00,99,0.00,0,0,1,0.25,0.46,0,0.00,0.00,0.00,0.00,0,0,0.00,72,0,33,71,62,0.06,6,0.01,0.03,0.47,73,0.12,0.21,46,2,0.50,0.91,1.37,0.75,69,3,0.21,73,5,15,99,0,71,93,0,0.00,99,4,0.00,1.83,8.68,4.75,19,10,65,60,4.57,2.50,52.63,1,0.46,62,0,0.00,0,0.00,99,0,0.00,0.00,48,3,99,73,0,0,0,0,0,51,71,84,80,0,99,73,52,52,0,0,59,28,0,0
Decarlo Guerra,18,1201852800,2008/02/01,MLS Next Pro,2026,Midfielder,Los Angeles II,264,0,264,USA,4,0,4,0,0,0,1,0,1,0,0,0,0,0,5,0,5,0,0,0.34,0.34,0,0,0,0,1.7,53,66,0,264,0,-1,-1,-1,10,0,6.83,0.25,86,35.84,26.20,59,131,23.00,115,82,31.46,64,0.00,0.00,0.60,3,0.00,0.60,1.64,1.20,6,0.00,0.20,0.00,0.00,0.00,0.80,0.20,1.60,0.00,1.09,0.60,0.20,0.00,0.20,0.05,0.00,0.20,0.00,0.00,0,0,,4,0.80,59,1,0.27,51,3,0.82,64,2,1,3,64,0.00,99,0,4,1.09,75,3,48,0.82,55,0,0.00,99,0,0.00,0,0,0.00,0,0.82,56,1,0.27,21,1,0.27,100.00,0,0.00,0,0,0,0.00,0,8,0.00,37,2.19,76,N/A,N/A,N/A,N/A,0.00,0,0.00,0,0.23,0.00,0,87.79,25.00,56,40,0.40,0.55,2,33,99,0,0,0,0.20,0.27,1,69,34.14,0.80,1.09,4,0,0.00,0.00,99,0.00,0,0,0,0.00,0.00,0,0.00,0.00,0.27,0.20,1,0,0.00,72,28,85,71,42,0.92,79,0.18,0.25,0.23,52,0.05,0.06,86,8,1.60,2.19,0.27,0.20,16,1,0.06,50,52,58,91,0,80,30,0,0.00,99,1,0.00,0.27,5.47,4.00,20,16,62,24,4.38,3.20,80.00,1,0.27,75,0,0.00,0,0.00,99,0,0.00,0.00,48,60,93,99,0,0,0,0,0,70,71,84,80,0,99,41,52,52,0,0,59,36,0,0
Dekwon Barrow,22,1074240000,2004/01/16,MLS Next Pro,2026,Midfielder,Toronto II,0,0,0,Canada,0,0,0,0,0,0,0,0,0,0,0,0,0,0,0,0,0,0,0,0,0,0,0,0,0,0,0,0,0,0,0,-1,-1,-1,-1,N/A,N/A,N/A,N/A,N/A,N/A,N/A,N/A,N/A,N/A,N/A,N/A,N/A,N/A,N/A,N/A,N/A,N/A,N/A,N/A,N/A,N/A,N/A,N/A,N/A,N/A,N/A,N/A,N/A,N/A,N/A,N/A,N/A,N/A,N/A,N/A,N/A,N/A,N/A,N/A,N/A,N/A,N/A,N/A,N/A,N/A,N/A,N/A,N/A,N/A,N/A,N/A,N/A,N/A,N/A,N/A,N/A,N/A,N/A,N/A,N/A,N/A,N/A,N/A,N/A,N/A,N/A,N/A,N/A,N/A,N/A,N/A,N/A,N/A,N/A,N/A,N/A,N/A,N/A,N/A,N/A,N/A,N/A,N/A,N/A,N/A,N/A,N/A,N/A,N/A,N/A,N/A,N/A,N/A,N/A,N/A,N/A,N/A,N/A,N/A,N/A,N/A,N/A,N/A,N/A,N/A,N/A,N/A,N/A,N/A,N/A,N/A,N/A,N/A,N/A,N/A,N/A,N/A,N/A,N/A,N/A,N/A,N/A,N/A,N/A,N/A,N/A,N/A,N/A,N/A,N/A,N/A,N/A,N/A,N/A,N/A,N/A,N/A,N/A,N/A,N/A,N/A,N/A,N/A,N/A,N/A,N/A,N/A,N/A,N/A,N/A,N/A,N/A,N/A,N/A,N/A,N/A,N/A,N/A,N/A,N/A,N/A,N/A,N/A,N/A,N/A,N/A,N/A,N/A,N/A,N/A,N/A,N/A,N/A,N/A,N/A,N/A,N/A,N/A,N/A,N/A,N/A,N/A,N/A,N/A,N/A,N/A,N/A,N/A,N/A,N/A,N/A,N/A,N/A,N/A,N/A,N/A,N/A,N/A,N/A,N/A,N/A,N/A,N/A,N/A,N/A,N/A,N/A,N/A,N/A,N/A,N/A,N/A,N/A,N/A,N/A,N/A,N/A,N/A,N/A,N/A,N/A,N/A,N/A
Dempsey Resich,18,1193036400,2007/10/22,MLS Next Pro,2026,Midfielder,Los Angeles II,11,0,11,USA,1,0,1,0,0,0,0,0,0,0,0,0,0,0,0,0,0,0,0,0,0,0,0,0,0,0,0,11,0,0,0,-1,-1,-1,12,0,1.60,0,69,3.91,0.50,0,2,0.50,2,99,3.91,0,0.00,0.00,0.00,0,0.00,0.00,0.00,0.00,0,0.00,0.00,0.00,0.00,0.00,0.00,0.00,0.25,0.00,0.00,0.00,0.00,0.00,0.00,0.00,0.00,0.00,0.00,0.00,0,0,,0,0.00,25,0,0.00,45,0,0.00,30,0,1,0,11,0.00,99,0,0,0.00,25,0,48,0.00,30,0,0.00,99,0,0.00,0,0,0.00,0,0.00,24,0,0.00,18,0,0.00,0.00,0,0.00,0,0,0,0.00,0,1,0.00,99,1.96,63,N/A,N/A,N/A,N/A,0.00,0,0.00,0,0.00,0.00,0,100.00,0.00,45,99,0.00,0.00,0,28,28,0,0,0,0.00,0.00,0,56,6.40,0.00,0.00,0,0,0.00,0.00,99,0.00,0,0,0,0.00,0.00,0,0.00,0.00,0.00,0.00,0,0,0.00,72,0,0,71,4,0.00,0,0.00,0.00,0.00,27,0.00,0.00,7,0,0.00,0.00,0.00,0.00,12,0,0.00,25,0,15,91,0,71,20,0,0.00,99,0,0.00,0.00,3.91,0.50,2,0,2,15,0.00,0.00,0.00,0,0.00,99,0,0.00,0,0.00,99,0,0.00,0.00,48,0,93,73,0,0,0,0,0,51,71,84,80,0,99,41,52,52,0,0,59,63,0,0
Dennis Gjengaar,22,1077609600,2004/02/24,MLS Next Pro,2026,Defender,New York RB II,221,206,15,Norway,4,3,1,0,0,0,0,0,0,0,0,1,1,0,1,1,0,1,0,0,0,0,0,0,0,0.41,221,55,221,0,0.41,-1,-1,-1,12,0,6.57,0,69,34.91,27.25,57,109,21.25,85,35,27.22,56,0.00,0.00,0.00,0,0.00,0.50,1.92,1.50,6,0.00,0.75,0.00,0.00,0.00,0.25,0.25,0.25,0.00,0.00,0.00,0.50,0.00,0.00,0.00,0.00,0.75,0.00,0.00,0,0,,0,0.00,25,0,0.00,45,0,0.00,30,0,2,2,74,0.00,99,0,1,0.32,36,2,48,0.64,48,0,0.00,99,0,0.00,0,0,0.00,0,0.00,24,2,0.64,36,1,0.32,50.00,0,0.00,0,0,0,0.00,0,1,0.00,93,0.32,2,N/A,N/A,N/A,N/A,0.00,0,0.00,0,0.00,0.00,0,77.98,0.00,45,19,0.75,0.96,3,39,64,0,0,0,0.00,0.00,0,56,26.28,1.00,1.28,4,0,0.00,0.00,99,0.00,0,0,0,0.00,0.00,0,0.00,0.00,0.00,0.00,0,0,0.00,72,9,85,71,98,0.20,24,0.05,0.06,0.00,27,0.00,0.00,17,1,0.25,0.32,1.60,1.25,77,5,0.00,25,26,63,91,0,71,72,0,0.00,99,3,0.00,0.96,7.69,6.00,24,11,39,48,3.52,2.75,45.83,3,0.96,40,0,0.00,0,0.00,99,0,0.00,0.00,48,24,99,73,0,0,0,0,0,51,71,84,80,0,99,62,69,84,1,25,81,22,0,0
Dennis Nelich,18,1204531200,2008/03/03,MLS Next Pro,2026,Midfielder,New York RB II,221,193,28,USA,4,3,1,0,0,0,1,1,0,0,0,1,1,0,1,1,0,0,0,0.41,0.41,0,0,0,0,0.41,221,55,0,221,0,-1,-1,-1,14,0,6.94,0.25,92,38.57,26.25,65,105,17.00,68,6,24.98,52,0.00,0.00,0.75,3,0.00,0.50,2.20,1.50,6,0.00,0.25,0.00,0.00,0.00,0.50,1.25,0.25,0.00,1.84,1.00,1.50,0.00,0.25,0.08,0.00,0.25,0.00,0.00,0,0,,5,1.25,76,1,0.37,59,4,1.47,83,0,2,2,80,0.00,99,0,2,0.73,56,2,92,0.73,52,0,0.00,99,0,0.00,0,0,0.00,0,1.10,66,6,2.20,80,5,1.84,83.33,0,0.00,0,0,0,0.00,0,1,0.00,93,0.37,3,N/A,N/A,N/A,N/A,0.00,0,0.00,0,0.32,0.00,0,64.76,20.00,51,56,0.25,0.37,1,94,86,0,0,0,0.00,0.00,0,56,27.75,0.75,1.10,3,0,0.00,0.00,99,0.00,0,0,0,0.00,0.00,0,0.00,0.00,0.00,0.00,0,0,0.00,72,9,85,71,98,0.82,85,0.20,0.30,0.32,63,0.08,0.12,34,2,0.50,0.73,2.94,2.00,99,8,0.12,61,63,59,91,0,71,38,0,0.00,99,1,0.00,0.37,10.29,7.00,28,14,73,78,5.14,3.50,50.00,1,0.37,67,0,50.00,0,0.00,99,1,0.25,0.37,66,24,99,73,0,0,0,0,0,77,71,84,80,0,99,62,52,52,0,0,59,92,0,0
Diego Abarca,20,1119164400,2005/06/19,MLS Next Pro,2026,Midfielder,Austin II,165,165,0,USA,3,3,0,0,0,0,0,0,0,0,0,1,1,0,3,3,0,1,0,0,0,0,0,0,0,1.64,55,55,165,0,0.55,-1,-1,-1,11,0,6.65,0,69,12.94,7.33,3,22,7.00,21,99,12.35,9,0.00,0.00,1.00,3,0.00,2.67,2.35,1.33,4,0.00,0.00,0.00,0.00,0.00,0.00,0.00,1.00,0.00,2.94,1.67,1.67,0.00,0.00,0.10,0.00,0.00,0.00,0.00,0,0,,5,1.67,89,0,0.00,45,5,2.94,99,0,1,1,83,0.00,99,0,0,0.00,25,8,79,4.71,96,0,0.00,99,0,0.00,0,0,0.00,0,1.76,85,5,2.94,90,0,0.00,0.00,0,0.00,0,0,0,0.00,0,3,0.00,40,1.76,56,N/A,N/A,N/A,N/A,0.00,0,0.00,0,0.29,0.00,0,95.45,0.00,45,99,0.00,0.00,0,28,28,0,0,0,0.00,0.00,0,56,19.95,0.00,0.00,0,0,0.00,0.00,99,0.00,0,0,0,0.00,0.00,0,0.00,0.00,1.18,0.67,2,0,0.00,72,0,33,71,45,0.17,49,0.06,0.10,0.29,69,0.10,0.17,99,8,2.67,4.71,0.00,0.00,12,0,0.17,68,30,15,91,0,97,20,0,0.00,99,0,0.00,0.00,9.41,5.33,16,11,92,71,6.47,3.67,68.75,0,0.00,99,0,37.50,0,0.00,99,3,1.00,1.76,97,3,93,73,0,0,0,0,0,51,71,84,80,0,99,73,60,92,1,33,89,7,0,0
Diego García Murillo,19,1161068400,2006/10/17,MLS Next Pro,2026,Midfielder,North Texas,261,22,239,USA,4,1,3,0,0,0,0,0,0,0,0,0,0,0,4,0,4,1,0,0,0,0,0,0,0,1.38,65,65,261,0,0.34,-1,-1,-1,6,0,6.65,0,69,40.69,29.50,70,118,26.00,104,83,35.86,74,0.00,0.00,0.50,2,0.00,0.50,1.38,1.00,4,0.00,1.00,0.00,0.00,0.00,0.50,0.25,1.25,0.00,1.03,0.75,0.50,0.00,0.00,0.04,0.00,0.25,0.00,0.00,0,0,,3,0.75,58,0,0.00,45,3,1.03,72,1,0,3,56,0.00,99,0,2,0.69,55,2,48,0.69,50,0,0.00,99,0,0.00,0,0,0.00,0,0.69,51,2,0.69,41,1,0.34,50.00,0,0.00,0,0,0,0.00,0,5,0.00,52,1.72,54,N/A,N/A,N/A,N/A,0.00,0,0.00,0,0.15,0.00,0,88.14,0.00,45,36,0.50,0.69,2,41,64,0,0,0,0.25,0.34,1,75,26.61,0.00,0.00,0,0,0.00,0.00,99,0.00,0,0,0,0.00,0.00,0,0.00,0.00,0.00,0.00,0,0,0.00,72,26,85,71,57,0.28,49,0.07,0.10,0.15,47,0.04,0.05,97,8,2.00,2.76,1.38,1.00,70,4,0.05,45,30,15,91,0,71,36,0,0.00,99,1,0.00,0.34,8.97,6.50,26,14,70,64,4.83,3.50,53.85,4,1.38,24,0,0.00,0,0.00,99,0,0.00,0.00,48,60,77,96,0,0,0,0,0,51,71,84,80,0,99,41,77,75,1,25,81,50,0,0
Diego Gonzalez,23,1034751600,2002/10/16,MLS Next Pro,2026,Midfielder,Houston Dynamo FC II,142,142,0,USA,3,3,0,1,1,0,2,2,0,0,0,3,3,0,0,0,0,1,0,1.9,1.27,0.63,0.63,0,142,0,0,47,142,71,0.63,-1,-1,-1,4,0,7.04,0.67,99,41.76,17.75,72,71,15.75,63,85,37.06,76,0.00,0.00,1.00,4,0.00,3.00,0.00,0.00,0,0.00,0.00,0.00,0.00,0.00,0.50,0.00,0.00,5.00,2.94,0.75,0.50,0.00,0.50,0.25,0.00,0.00,0.00,0.00,0,0,,5,1.25,89,2,1.18,89,3,1.76,88,0,1,1,11,0.00,99,0,2,1.18,77,12,82,7.06,98,0,0.00,99,0,0.00,0,0,0.00,0,2.35,94,2,1.18,57,0,0.00,0.00,0,0.00,0,0,0,0.00,0,0,0.00,99,0.00,0,N/A,N/A,N/A,N/A,0.00,0,0.00,0,0.99,0.00,0,88.73,40.00,70,38,0.25,0.59,1,28,28,0,0,0,0.00,0.00,0,56,28.14,0.50,1.18,2,0,0.00,0.00,99,0.00,0,0,0,0.00,0.00,0,0.00,0.00,1.18,0.50,2,0,20.00,84,0,33,79,4,1.43,99,0.36,0.84,0.99,92,0.25,0.58,76,3,0.75,1.76,2.94,1.25,99,5,0.58,91,74,61,91,0,97,20,0,0.00,99,0,0.00,0.00,7.06,3.00,12,3,16,41,1.76,0.75,25.00,0,0.00,99,0,41.67,0,0.00,99,5,1.25,2.94,99,3,93,73,0,0,0,0,0,99,92,84,91,0,99,99,59,93,1,33,89,18,0,0
Diego Rey,19,1145343600,2006/04/18,MLS Next Pro,2026,Midfielder,Inter Miami II,450,90,360,USA,5,1,4,0,0,0,1,0,1,0,0,0,0,0,10,1,9,1,0,0.2,0.2,0,0,0,0,2,45,90,450,450,0.2,108,39,-1,16,0,6.67,0.2,73,18.32,18.40,12,92,12.60,63,12,12.54,11,0.00,0.00,0.60,3,0.00,0.80,0.80,0.80,4,0.00,0.60,0.00,0.00,0.00,0.20,1.00,2.40,0.00,1.39,0.80,2.40,0.00,0.60,0.14,0.00,2.20,0.00,0.00,0,0,,7,1.40,66,3,0.60,73,4,0.80,64,2,0,5,33,0.00,99,0,1,0.20,26,4,92,0.80,54,0,0.00,99,0,0.00,0,0,0.00,0,0.60,48,12,2.39,83,5,1.00,41.67,0,0.00,0,0,0,0.00,0,12,0.00,30,2.39,80,N/A,N/A,N/A,N/A,0.00,0,0.00,0,0.68,0.00,0,68.48,42.86,73,18,1.00,1.00,5,79,47,0,0,0,0.00,0.00,0,56,33.37,1.40,1.39,7,0,0.00,0.00,99,0.00,0,0,0,0.00,0.00,0,0.00,0.00,1.19,1.20,6,0,0.00,72,99,99,71,36,0.80,69,0.16,0.16,0.68,67,0.14,0.14,65,7,1.40,1.39,2.59,2.60,96,13,0.14,65,33,66,91,0,98,97,0,0.00,99,11,0.00,2.19,12.54,12.60,63,27,79,90,5.38,5.40,42.86,3,0.60,56,0,50.00,0,0.00,99,2,0.40,0.40,69,99,77,99,0,0,0,0,0,53,71,84,80,0,99,41,99,55,1,20,63,52,0,0
Dilan Hurtado,19,1170057600,2007/01/29,MLS Next Pro,2026,Midfielder,FC Cincinnati II,171,0,171,Colombia,2,0,2,0,0,0,0,0,0,0,0,0,0,0,4,0,4,0,0,0,0,0,0,0,0,2.11,43,86,0,0,0,-1,-1,-1,8,0,6.24,0,69,21.83,14.25,23,57,8.00,32,1,12.26,9,0.00,0.00,0.25,1,0.00,1.75,2.68,1.75,7,0.00,1.50,0.00,0.00,0.00,0.25,0.00,1.50,0.00,0.00,0.00,0.75,0.00,0.00,0.00,0.00,1.00,0.00,0.00,0,0,,0,0.00,25,0,0.00,45,0,0.00,30,1,0,2,88,0.00,99,0,1,0.38,41,7,69,2.68,84,0,0.00,99,0,0.00,0,0,0.00,0,0.38,33,3,1.15,56,0,0.00,0.00,0,0.00,0,0,0,0.00,0,6,0.00,21,2.30,77,N/A,N/A,N/A,N/A,0.00,0,0.00,0,0.00,0.00,0,56.14,0.00,45,15,0.75,1.15,3,28,28,0,0,0,0.00,0.00,0,56,24.97,1.50,2.30,6,0,0.00,0.00,99,0.00,0,0,0,0.00,0.00,0,0.00,0.00,0.00,0.00,0,1,0.00,72,0,0,71,26,0.09,6,0.02,0.03,0.00,27,0.00,0.00,57,3,0.75,1.15,2.30,1.50,91,6,0.00,25,14,81,91,0,71,88,0,0.00,99,4,0.00,1.53,13.02,8.50,34,14,79,93,5.36,3.50,41.18,6,2.30,6,0,28.57,0,0.00,99,2,0.50,0.77,85,24,77,96,0,0,0,0,0,51,71,84,80,0,99,41,52,52,0,0,59,40,0,0
Diogo Baptista,21,1095922800,2004/09/23,MLS Next Pro,2026,Midfielder,San Jose Earthquakes II,16,7,9,USA,2,1,1,0,0,0,0,0,0,0,0,0,0,0,1,0,1,0,0,0,0,0,0,0,0,5.63,16,8,0,0,0,-1,-1,-1,12,0,6.47,0,69,54.00,4.50,88,9,3.50,7,35,42.00,83,0.00,0.00,0.00,0,0.00,0.50,0.00,0.00,0,0.00,0.00,0.00,0.00,0.00,0.00,0.00,0.50,0.00,0.00,0.00,0.00,0.00,0.00,0.00,0.00,0.00,0.00,0.00,0,0,,0,0.00,25,0,0.00,45,0,0.00,30,0,0,0,11,0.00,99,0,0,0.00,25,1,48,6.00,98,0,0.00,99,0,0.00,0,0,0.00,0,0.00,24,0,0.00,18,0,0.00,0.00,0,0.00,0,0,0,0.00,0,1,0.00,0,6.00,99,N/A,N/A,N/A,N/A,0.00,0,0.00,0,0.00,0.00,0,77.78,0.00,45,0,0.50,6.00,1,28,28,0,0,0,0.00,0.00,0,56,12.95,0.50,6.00,1,0,0.00,0.00,99,0.00,0,0,0,0.00,0.00,0,0.00,0.00,0.00,0.00,0,0,0.00,72,0,0,71,4,0.01,24,0.01,0.06,0.00,27,0.00,0.00,7,0,0.00,0.00,0.00,0.00,12,0,0.00,25,18,99,91,0,71,20,0,0.00,99,0,0.00,0.00,6.00,0.50,1,0,2,32,0.00,0.00,0.00,0,0.00,99,0,0.00,0,0.00,99,0,0.00,0.00,48,0,77,73,0,0,0,0,0,51,71,84,80,0,99,41,52,52,0,0,59,88,0,0
Dominik Chong Qui,18,1198915200,2007/12/29,MLS Next Pro,2026,Midfielder,Atlanta United II,264,180,84,USA,3,2,1,0,0,0,2,2,0,0,0,0,0,0,3,2,1,0,0,0.68,0.68,0,0,0,0,1.02,88,88,0,132,0,-1,-1,-1,9,0,6.96,0.67,97,23.73,19.33,31,58,16.00,48,56,19.64,36,0.00,0.00,1.00,3,0.00,1.33,0.41,0.33,1,0.00,0.00,0.00,0.00,0.00,1.33,0.00,1.33,0.00,1.64,0.00,0.00,0.00,1.33,0.19,0.00,1.33,0.00,0.00,0,0,,4,1.33,73,4,1.64,96,0,0.00,30,1,0,3,20,0.00,99,0,4,1.64,86,4,92,1.64,73,0,0.00,99,0,0.00,0,0,0.00,0,1.23,71,0,0.00,18,0,0.00,0.00,0,0.00,0,0,0,0.00,0,4,0.00,70,1.64,52,N/A,N/A,N/A,N/A,0.00,0,0.00,0,0.58,0.00,0,82.76,100.00,99,99,0.00,0.00,0,28,28,0,0,0,0.00,0.00,0,56,20.89,0.33,0.41,1,0,0.00,0.00,99,0.00,0,0,0,0.00,0.00,0,0.00,0.00,0.41,0.33,1,0,0.00,72,28,33,71,74,1.44,98,0.48,0.59,0.58,77,0.19,0.24,39,2,0.67,0.82,1.23,1.00,62,3,0.24,76,64,30,91,0,86,91,0,0.00,99,4,0.00,1.64,4.91,4.00,12,7,31,18,2.86,2.33,58.33,0,0.00,99,0,50.00,0,0.00,99,2,0.67,0.82,87,60,77,96,0,0,0,0,0,87,71,84,80,0,99,41,52,52,0,0,59,50,0,0
Dominik Fitz,26,929516400,1999/06/16,MLS Next Pro,2026,Forward,Minnesota United II,90,0,90,Austria,1,0,1,0,0,0,1,0,1,0,0,0,0,0,2,0,2,0,0,1,1,0,0,0,0,2,45,90,0,90,0,-1,-1,-1,11,0,7.54,1,99,65.00,65.00,97,65,48.00,48,24,48.00,88,0.00,0.00,2.00,2,0.00,7.00,2.00,2.00,2,0.00,1.00,0.00,0.00,0.00,2.00,1.00,2.00,0.00,0.00,0.00,2.00,0.00,0.00,0.00,0.00,0.00,0.00,0.00,0,0,,0,0.00,25,0,0.00,45,0,0.00,30,0,0,1,75,0.00,99,0,2,2.00,93,7,48,7.00,98,0,0.00,99,0,0.00,0,0,0.00,0,2.00,91,2,2.00,77,1,1.00,50.00,0,0.00,0,0,0,0.00,0,2,0.00,30,2.00,66,N/A,N/A,N/A,N/A,0.00,0,0.00,0,0.00,0.00,0,73.85,0.00,45,99,0.00,0.00,0,79,64,0,0,0,0.00,0.00,0,56,7.54,0.00,0.00,0,0,0.00,0.00,99,0.00,0,0,0,0.00,0.00,0,0.00,0.00,0.00,0.00,0,0,0.00,72,0,0,71,36,0.77,99,0.77,0.77,0.00,27,0.00,0.00,83,2,2.00,2.00,1.00,1.00,51,1,0.00,25,96,15,91,0,71,20,0,0.00,99,0,0.00,0.00,8.00,8.00,8,5,72,53,5.00,5.00,62.50,1,1.00,37,0,0.00,0,0.00,99,0,0.00,0.00,48,3,77,73,0,0,0,0,0,95,71,84,80,0,99,41,52,52,0,0,59,7,0,0
Donovan Parisian,21,1096268400,2004/09/27,MLS Next Pro,2026,Midfielder,New England II,180,180,0,USA,2,2,0,1,1,0,0,0,0,0,0,1,1,0,1,1,0,0,0,0.5,0,0.5,0.5,0,180,0.5,180,90,0,0,0,-1,-1,-1,3,0,6.96,0,69,22.29,26.00,25,52,17.00,34,7,14.57,15,0.00,0.00,0.50,1,0.00,0.00,0.00,0.00,0,0.00,0.00,0.00,0.00,3.00,0.00,0.00,3.50,0.00,0.00,0.00,0.00,0.00,0.00,0.00,0.00,0.50,0.00,0.00,0,0,,0,0.00,25,0,0.00,45,0,0.00,30,0,0,2,11,0.00,99,0,0,0.00,25,0,48,0.00,30,0,0.00,99,0,0.00,0,0,0.00,0,0.43,39,0,0.00,18,0,0.00,0.00,0,0.00,0,6,88,2.57,42,7,0.00,91,3.00,89,N/A,N/A,N/A,N/A,85.71,0,0.00,0,0.00,0.00,0,65.38,0.00,45,99,0.00,0.00,0,28,28,0,0,4,0.00,0.00,0,56,13.93,1.00,0.86,2,0,0.00,0.00,99,0.00,0,0,0,0.00,0.00,1,0.50,0.43,0.00,0.00,0,0,0.00,72,0,0,81,96,0.12,17,0.06,0.05,0.00,27,0.00,0.00,61,3,1.50,1.29,0.00,0.00,12,0,0.00,25,64,51,91,50,71,46,0,0.00,99,1,0.00,0.43,1.29,1.50,3,3,11,9,1.29,1.50,100.00,0,0.00,99,0,0.00,0,0.00,99,0,0.00,0.00,48,24,77,73,0,0,0,0,0,80,91,84,90,0,99,90,52,52,0,0,59,33,0,0
Dylan Borso,19,1149231600,2006/06/02,MLS Next Pro,2026,Midfielder,Chicago Fire II,262,172,90,USA,3,2,1,0,0,0,2,2,0,0,0,1,1,0,2,1,1,0,0,0.69,0.69,0,0,0,0,0.69,131,87,0,131,0,-1,-1,-1,12,0,7.48,0.67,97,43.70,44.67,75,134,37.33,112,60,36.52,75,0.00,0.00,1.33,4,0.00,2.67,2.93,3.00,9,0.00,0.67,0.00,0.00,0.00,0.33,1.33,0.67,0.00,1.30,1.00,2.00,0.00,0.33,0.11,0.00,0.33,0.00,0.00,0,0,,4,1.33,64,1,0.33,58,3,0.98,69,1,0,3,91,0.00,99,0,1,0.33,37,8,51,2.61,84,0,0.00,99,0,0.00,0,0,0.00,0,1.30,74,6,1.96,76,4,1.30,66.67,0,0.00,0,0,0,0.00,0,2,0.00,84,0.65,10,N/A,N/A,N/A,N/A,0.00,0,0.00,0,0.32,0.00,0,83.58,25.00,56,59,0.33,0.33,1,85,81,0,0,0,0.00,0.00,0,56,22.45,2.33,2.28,7,0,0.00,0.00,99,0.00,0,0,1,0.33,0.33,0,0.00,0.00,0.00,0.00,0,0,0.00,72,27,33,71,88,1.49,97,0.50,0.49,0.32,60,0.11,0.10,88,7,2.33,2.28,0.98,1.00,50,3,0.10,58,94,80,96,0,71,36,0,0.00,99,1,0.00,0.33,9.46,9.67,29,21,96,72,6.85,7.00,72.41,2,0.65,52,0,12.50,0,0.00,99,1,0.33,0.33,62,60,77,96,0,0,0,0,0,88,71,84,80,0,99,73,52,52,0,0,59,27,0,0
Dylan Judelson,17,1212649200,2008/06/05,MLS Next Pro,2026,Midfielder,Orlando City II,270,180,90,Canada,3,2,1,0,0,0,0,0,0,0,0,0,0,0,7,5,2,0,0,0,0,0,0,0,0,2.33,39,90,0,0,0,-1,-1,-1,9,0,6.75,0,69,35.70,39.67,58,119,34.33,103,72,30.90,63,0.00,0.00,0.33,1,0.00,0.00,1.20,1.33,4,0.00,0.67,0.00,0.00,0.00,0.00,0.00,2.33,5.00,1.50,1.00,0.00,0.00,0.67,0.33,0.00,0.33,0.00,0.00,0,0,,5,1.67,71,2,0.60,73,3,0.90,67,0,0,3,51,0.00,99,0,0,0.00,25,0,48,0.00,30,0,0.00,99,0,0.00,0,0,0.00,0,0.30,30,0,0.00,18,0,0.00,0.00,0,0.00,0,0,0,0.00,0,7,0.00,15,2.10,71,N/A,N/A,N/A,N/A,0.00,0,0.00,0,0.99,0.00,0,86.55,40.00,70,23,1.00,0.90,3,28,28,0,0,0,0.33,0.30,1,72,20.25,0.33,0.30,1,0,0.00,0.00,99,0.00,0,0,0,0.00,0.00,0,0.00,0.00,0.00,0.00,0,0,20.00,84,46,33,71,20,0.28,37,0.09,0.08,0.99,80,0.33,0.30,60,4,1.33,1.20,0.60,0.67,33,2,0.30,79,43,20,91,0,71,32,0,0.00,99,1,0.00,0.30,5.10,5.67,17,9,29,19,2.70,3.00,52.94,2,0.60,56,0,0.00,0,0.00,99,0,0.00,0.00,48,60,77,73,0,0,0,0,0,51,71,84,80,0,99,41,52,52,0,0,59,41,0,0
Dylan Lacy,20,1118818800,2005/06/15,MLS Next Pro,2026,Midfielder,Connecticut United,77,0,77,USA,1,0,1,1,0,1,1,0,1,0,0,0,0,0,4,0,4,0,0,2.34,1.17,1.17,0,1.17,77,4.68,19,77,0,77,0,-1,-1,-1,3,0,6.75,1,99,50.90,27.33,85,82,21.33,64,36,39.72,80,0.00,0.00,0.67,2,0.00,1.00,0.62,0.33,1,0.00,0.33,0.00,0.00,0.00,0.33,0.00,1.67,2.00,1.24,0.33,0.00,0.00,0.33,0.27,0.00,0.00,0.00,0.00,0,0,,2,0.67,61,1,0.62,73,1,0.62,56,0,0,1,26,0.00,99,0,1,0.62,52,3,93,1.86,75,0,0.00,99,0,0.00,0,0,0.00,0,1.24,71,0,0.00,18,0,0.00,0.00,0,0.00,0,0,0,0.00,0,5,0.00,0,3.10,89,N/A,N/A,N/A,N/A,0.00,0,0.00,0,0.80,0.00,0,78.05,50.00,87,99,0.00,0.00,0,28,28,0,0,0,0.00,0.00,0,56,20.26,0.33,0.62,1,0,0.00,0.00,99,0.00,0,0,0,0.00,0.00,0,0.00,0.00,0.00,0.00,0,0,50.00,99,0,0,73,4,0.76,97,0.25,0.47,0.80,91,0.27,0.50,32,1,0.33,0.62,3.10,1.67,99,5,0.50,90,43,38,91,0,71,20,0,0.00,99,0,0.00,0.00,8.69,4.67,14,2,10,60,1.24,0.67,14.29,1,0.62,53,0,66.67,0,0.00,99,2,0.67,1.24,94,3,77,73,0,0,0,0,0,99,99,98,80,0,99,41,52,52,0,0,59,14,0,0
Dylan Vanney,18,1196323200,2007/11/29,MLS Next Pro,2026,Midfielder,LA Galaxy II,450,180,270,USA,5,2,3,4,2,2,1,1,0,0,0,2,0,2,7,5,2,1,0,1,0.2,0.8,1,0.67,113,1.4,64,90,450,450,0.2,8,41,-1,1,0,7.39,0.2,73,33.00,38.50,55,154,29.25,117,30,25.07,52,0.00,0.00,1.50,6,0.00,4.25,0.64,0.75,3,0.00,0.50,0.00,0.00,0.00,0.50,0.50,1.75,4.33,2.79,2.00,0.75,0.00,1.25,0.70,0.00,0.50,0.00,0.00,0,0,,13,3.25,89,5,1.07,88,8,1.71,88,0,0,4,27,0.00,99,0,2,0.43,45,17,69,3.64,89,0,0.00,99,0,0.00,0,0,0.00,0,1.29,73,3,0.64,36,2,0.43,66.67,0,0.00,0,0,0,0.00,0,7,0.00,51,1.50,48,N/A,N/A,N/A,N/A,0.00,0,0.00,0,2.80,0.00,0,75.97,38.46,67,51,0.50,0.43,2,50,81,0,0,0,0.00,0.00,0,56,29.55,0.75,0.64,3,0,0.00,0.00,99,0.00,0,0,0,0.00,0.00,0,0.00,0.00,0.21,0.25,1,0,23.08,86,99,99,76,56,1.06,75,0.27,0.23,2.80,93,0.70,0.60,55,5,1.25,1.07,1.71,2.00,81,8,0.60,92,91,39,91,0,74,46,0,0.00,99,2,0.00,0.43,5.36,6.25,25,12,26,23,2.57,3.00,48.00,2,0.43,64,0,29.41,0,0.00,99,5,1.25,1.07,91,92,77,73,0,0,0,0,0,95,96,92,96,0,99,76,99,55,0,0,59,49,0,0
Dyllan Jameer John,56,N/A,N/A,MLS Next Pro,2026,Midfielder,Carolina Core,114,62,52,Jamaica,3,1,2,0,0,0,0,0,0,0,0,1,0,1,1,1,0,1,0,0,0,0,0,0,0,0.79,114,38,114,0,0.79,-1,-1,-1,15,0,6.49,0,69,27.77,14.50,44,58,10.00,40,13,19.15,34,0.00,0.00,1.75,7,0.00,2.00,2.87,1.50,6,0.00,0.50,0.00,0.00,0.00,0.25,0.00,1.00,0.00,1.44,0.75,0.75,0.00,0.00,0.03,0.00,0.00,0.00,0.00,0,0,,3,0.75,67,0,0.00,45,3,1.44,82,2,1,2,91,0.00,99,0,1,0.48,47,8,92,3.83,91,0,0.00,99,0,0.00,0,0,0.00,0,3.35,99,3,1.44,64,0,0.00,0.00,0,0.00,0,0,0,0.00,0,4,0.00,77,1.91,62,N/A,N/A,N/A,N/A,0.00,0,0.00,0,0.13,0.00,0,68.97,0.00,45,0,1.50,2.87,6,28,28,0,0,0,0.00,0.00,0,56,25.96,0.00,0.00,0,0,0.00,0.00,99,0.00,0,0,0,0.00,0.00,0,0.00,0.00,0.00,0.00,0,0,0.00,72,0,33,71,82,0.38,73,0.10,0.18,0.13,52,0.03,0.06,97,6,1.50,2.87,4.79,2.50,99,10,0.06,50,18,15,91,0,71,20,0,0.00,99,0,0.00,0.00,15.80,8.25,33,12,86,99,5.74,3.00,36.36,2,0.96,40,0,50.00,0,0.00,99,4,1.00,1.91,99,24,93,99,0,0,0,0,0,51,71,84,80,0,99,73,53,99,0,0,59,80,0,0
Eddie Niles,56,N/A,N/A,MLS Next Pro,2026,Midfielder,St. Louis City II,0,0,0,,0,0,0,0,0,0,0,0,0,0,0,0,0,0,0,0,0,0,0,0,0,0,0,0,0,0,0,0,0,0,0,-1,-1,-1,-1,N/A,N/A,N/A,N/A,N/A,N/A,N/A,N/A,N/A,N/A,N/A,N/A,N/A,N/A,N/A,N/A,N/A,N/A,N/A,N/A,N/A,N/A,N/A,N/A,N/A,N/A,N/A,N/A,N/A,N/A,N/A,N/A,N/A,N/A,N/A,N/A,N/A,N/A,N/A,N/A,N/A,N/A,N/A,N/A,N/A,N/A,N/A,N/A,N/A,N/A,N/A,N/A,N/A,N/A,N/A,N/A,N/A,N/A,N/A,N/A,N/A,N/A,N/A,N/A,N/A,N/A,N/A,N/A,N/A,N/A,N/A,N/A,N/A,N/A,N/A,N/A,N/A,N/A,N/A,N/A,N/A,N/A,N/A,N/A,N/A,N/A,N/A,N/A,N/A,N/A,N/A,N/A,N/A,N/A,N/A,N/A,N/A,N/A,N/A,N/A,N/A,N/A,N/A,N/A,N/A,N/A,N/A,N/A,N/A,N/A,N/A,N/A,N/A,N/A,N/A,N/A,N/A,N/A,N/A,N/A,N/A,N/A,N/A,N/A,N/A,N/A,N/A,N/A,N/A,N/A,N/A,N/A,N/A,N/A,N/A,N/A,N/A,N/A,N/A,N/A,N/A,N/A,N/A,N/A,N/A,N/A,N/A,N/A,N/A,N/A,N/A,N/A,N/A,N/A,N/A,N/A,N/A,N/A,N/A,N/A,N/A,N/A,N/A,N/A,N/A,N/A,N/A,N/A,N/A,N/A,N/A,N/A,N/A,N/A,N/A,N/A,N/A,N/A,N/A,N/A,N/A,N/A,N/A,N/A,N/A,N/A,N/A,N/A,N/A,N/A,N/A,N/A,N/A,N/A,N/A,N/A,N/A,N/A,N/A,N/A,N/A,N/A,N/A,N/A,N/A,N/A,N/A,N/A,N/A,N/A,N/A,N/A,N/A,N/A,N/A,N/A,N/A,N/A,N/A,N/A,N/A,N/A,N/A,N/A
Edson Carli,18,1187852400,2007/08/23,MLS Next Pro,2026,Midfielder,Tacoma Defiance,371,281,90,USA,5,4,1,0,0,0,0,0,0,0,0,1,1,0,8,4,4,0,0,0,0,0,0,0,0,1.94,46,74,0,0,0,70,61,-1,3,0,6.55,0,69,23.56,20.75,29,83,15.25,61,23,17.32,28,0.00,0.00,1.00,4,0.00,2.25,1.14,1.00,4,0.00,1.25,0.00,0.00,0.00,0.00,0.75,1.75,0.00,1.70,1.25,2.00,0.00,0.25,0.10,0.00,1.25,0.00,0.00,0,0,,6,1.50,74,1,0.28,52,5,1.42,81,1,1,3,47,0.00,99,0,0,0.00,25,9,51,2.56,83,0,0.00,99,0,0.00,0,0,0.00,0,1.14,67,8,2.27,82,3,0.85,37.50,0,0.00,0,0,0,0.00,0,7,0.00,32,1.99,65,N/A,N/A,N/A,N/A,0.00,0,0.00,0,0.41,0.00,0,73.49,16.67,48,65,0.25,0.28,1,72,45,0,0,0,0.00,0.00,0,56,26.19,0.75,0.85,3,0,0.00,0.00,99,0.00,0,0,0,0.00,0.00,0,0.00,0.00,0.00,0.00,0,0,0.00,72,89,99,71,37,0.31,42,0.08,0.09,0.41,63,0.10,0.12,41,3,0.75,0.85,1.14,1.00,56,4,0.12,61,24,47,91,0,71,86,0,0.00,99,5,0.00,1.42,9.09,8.00,32,14,53,67,3.97,3.50,43.75,5,1.42,22,0,11.11,0,0.00,99,1,0.25,0.28,57,60,93,96,0,0,0,0,0,51,71,84,80,0,99,47,52,52,0,0,59,30,0,0
Edwyn Mendoza Magana,19,1146639600,2006/05/03,MLS Next Pro,2026,Midfielder,San Jose Earthquakes II,90,0,90,USA,1,0,1,0,0,0,0,0,0,0,0,0,0,0,1,0,1,0,0,0,0,0,0,0,0,1,90,90,0,0,0,-1,-1,-1,13,0,6.85,0,69,24.55,16.50,34,33,14.00,28,64,20.83,42,0.00,0.00,1.50,3,0.00,3.00,1.49,1.00,2,0.00,0.00,0.00,0.00,0.00,0.00,0.00,0.50,0.00,1.49,0.50,0.50,0.00,0.50,0.10,0.00,0.00,0.00,0.00,0,0,,2,1.00,69,1,0.74,78,1,0.74,61,0,0,1,60,0.00,99,0,0,0.00,25,6,78,4.46,94,0,0.00,99,0,0.00,0,0,0.00,0,2.23,93,1,0.74,42,0,0.00,0.00,0,0.00,0,0,0,0.00,0,1,0.00,74,0.74,14,N/A,N/A,N/A,N/A,0.00,0,0.00,0,0.19,0.00,0,84.85,50.00,87,99,0.00,0.00,0,28,28,0,0,0,0.00,0.00,0,56,13.70,0.50,0.74,1,0,0.00,0.00,99,0.00,0,0,0,0.00,0.00,0,0.00,0.00,0.00,0.00,0,0,0.00,72,0,0,71,78,0.15,54,0.07,0.11,0.19,67,0.10,0.14,86,3,1.50,2.23,0.74,0.50,39,1,0.14,65,54,42,91,0,71,20,0,0.00,99,0,0.00,0.00,5.95,4.00,8,5,44,30,3.72,2.50,62.50,0,0.00,99,0,33.33,0,0.00,99,2,1.00,1.49,97,3,77,73,0,0,0,0,0,51,71,84,80,0,99,41,52,52,0,0,59,38,0,0
Eldin Jakupovic,41,465548400,1984/10/02,MLS Next Pro,2026,Goalkeeper,Chattanooga FC,450,270,180,Switzerland,5,3,2,0,0,0,0,0,0,0,0,1,1,0,10,6,4,0,0,0,0,0,0,0,0,2,45,90,0,0,0,81,72,6,5,0,6.54,0,69,39.94,42.60,68,213,34.40,172,45,32.25,65,0.00,0.00,0.00,0,0.00,0.00,0.00,0.00,0,0.00,0.00,0.00,0.00,1.20,0.00,0.00,3.20,0.00,0.00,0.00,0.00,0.00,0.00,0.00,0.00,0.00,0.00,0.00,0,0,,0,0.00,25,0,0.00,45,0,0.00,30,0,0,5,11,0.00,99,0,0,0.00,25,0,48,0.00,30,0,0.00,99,0,0.00,0,0,0.00,0,0.00,24,0,0.00,18,0,0.00,0.00,0,0.00,0,6,12,1.12,4,16,0.00,30,3.00,89,N/A,N/A,N/A,N/A,37.50,0,0.00,0,0.00,0.00,0,80.75,0.00,45,99,0.00,0.00,0,28,28,0,0,3,0.00,0.00,0,56,32.70,1.00,0.94,5,0,0.00,0.00,99,0.00,0,0,0,0.00,0.00,3,0.60,0.56,0.00,0.00,0,0,0.00,72,99,99,71,36,0.33,24,0.07,0.06,0.00,27,0.00,0.00,7,0,0.00,0.00,0.19,0.20,13,1,0.00,25,23,55,91,64,71,20,0,0.00,99,0,0.00,0.00,0.00,0.00,0,0,2,1,0.00,0.00,0.00,0,0.00,99,0,0.00,0,0.00,99,0,0.00,0.00,48,99,77,73,0,0,0,0,0,51,71,84,80,0,99,47,52,52,0,0,59,1,0,0
Emiliano Chavez,17,1221375600,2008/09/14,MLS Next Pro,2026,Midfielder,St. Louis City II,0,0,0,USA,0,0,0,0,0,0,0,0,0,0,0,0,0,0,0,0,0,0,0,0,0,0,0,0,0,0,0,0,0,0,0,-1,-1,-1,-1,N/A,N/A,N/A,N/A,N/A,N/A,N/A,N/A,N/A,N/A,N/A,N/A,N/A,N/A,N/A,N/A,N/A,N/A,N/A,N/A,N/A,N/A,N/A,N/A,N/A,N/A,N/A,N/A,N/A,N/A,N/A,N/A,N/A,N/A,N/A,N/A,N/A,N/A,N/A,N/A,N/A,N/A,N/A,N/A,N/A,N/A,N/A,N/A,N/A,N/A,N/A,N/A,N/A,N/A,N/A,N/A,N/A,N/A,N/A,N/A,N/A,N/A,N/A,N/A,N/A,N/A,N/A,N/A,N/A,N/A,N/A,N/A,N/A,N/A,N/A,N/A,N/A,N/A,N/A,N/A,N/A,N/A,N/A,N/A,N/A,N/A,N/A,N/A,N/A,N/A,N/A,N/A,N/A,N/A,N/A,N/A,N/A,N/A,N/A,N/A,N/A,N/A,N/A,N/A,N/A,N/A,N/A,N/A,N/A,N/A,N/A,N/A,N/A,N/A,N/A,N/A,N/A,N/A,N/A,N/A,N/A,N/A,N/A,N/A,N/A,N/A,N/A,N/A,N/A,N/A,N/A,N/A,N/A,N/A,N/A,N/A,N/A,N/A,N/A,N/A,N/A,N/A,N/A,N/A,N/A,N/A,N/A,N/A,N/A,N/A,N/A,N/A,N/A,N/A,N/A,N/A,N/A,N/A,N/A,N/A,N/A,N/A,N/A,N/A,N/A,N/A,N/A,N/A,N/A,N/A,N/A,N/A,N/A,N/A,N/A,N/A,N/A,N/A,N/A,N/A,N/A,N/A,N/A,N/A,N/A,N/A,N/A,N/A,N/A,N/A,N/A,N/A,N/A,N/A,N/A,N/A,N/A,N/A,N/A,N/A,N/A,N/A,N/A,N/A,N/A,N/A,N/A,N/A,N/A,N/A,N/A,N/A,N/A,N/A,N/A,N/A,N/A,N/A,N/A,N/A,N/A,N/A,N/A,N/A
Emir Herrera,17,1219906800,2008/08/28,MLS Next Pro,2026,Midfielder,Chicago Fire II,8,0,8,USA,1,0,1,0,0,0,0,0,0,0,0,0,0,0,0,0,0,0,0,0,0,0,0,0,0,0,0,8,0,0,0,-1,-1,-1,5,0,3.25,0,69,4.74,1.00,0,2,1.00,2,99,4.74,0,0.00,0.00,0.00,0,0.00,0.00,0.00,0.00,0,0.00,0.00,0.00,0.00,0.00,0.00,0.00,0.00,0.00,0.00,0.00,0.00,0.00,0.00,0.00,0.00,0.00,0.00,0.00,0,0,,0,0.00,25,0,0.00,45,0,0.00,30,0,1,0,11,0.00,99,0,0,0.00,25,0,48,0.00,30,0,0.00,99,0,0.00,0,0,0.00,0,0.00,24,0,0.00,18,0,0.00,0.00,0,0.00,0,0,0,0.00,0,0,0.00,99,0.00,0,N/A,N/A,N/A,N/A,0.00,0,0.00,0,0.00,0.00,0,100.00,0.00,45,99,0.00,0.00,0,28,28,0,0,0,0.00,0.00,0,56,6.49,0.00,0.00,0,0,0.00,0.00,99,0.00,0,0,0,0.00,0.00,0,0.00,0.00,0.00,0.00,0,0,0.00,72,0,0,71,4,0.00,0,0.00,0.00,0.00,27,0.00,0.00,7,0,0.00,0.00,0.00,0.00,12,0,0.00,25,0,15,91,0,71,20,0,0.00,99,0,0.00,0.00,2.37,0.50,1,0,2,11,0.00,0.00,0.00,0,0.00,99,0,0.00,0,0.00,99,0,0.00,0.00,48,0,93,73,0,0,0,0,0,51,71,84,80,0,99,41,52,52,0,0,59,64,0,0
Emir Ponciano,19,1172131200,2007/02/22,MLS Next Pro,2026,Midfielder,Los Angeles II,357,0,357,USA,4,0,4,0,0,0,0,0,0,0,0,0,0,0,9,0,9,2,0,0,0,0,0,0,0,2.27,40,89,179,0,0.5,62,48,-1,9,0,6.34,0,69,51.47,42.75,87,171,35.50,142,58,42.74,84,0.00,0.00,0.50,2,0.00,0.75,1.81,1.50,6,0.00,0.25,0.00,0.00,0.00,0.75,0.50,1.25,0.00,0.00,0.00,1.25,0.00,0.00,0.00,0.00,0.00,0.00,0.00,0,0,,0,0.00,25,0,0.00,45,0,0.00,30,1,0,4,68,0.00,99,0,3,0.90,65,3,48,0.90,59,0,0.00,99,0,0.00,0,0,0.00,0,0.60,48,5,1.51,67,2,0.60,40.00,0,0.00,0,0,0,0.00,0,5,0.00,16,1.51,49,N/A,N/A,N/A,N/A,0.00,0,0.00,0,0.00,0.00,0,83.04,0.00,45,3,1.50,1.81,6,60,46,0,0,0,0.00,0.00,0,56,25.35,1.75,2.11,7,0,0.00,0.00,99,0.00,0,0,0,0.00,0.00,0,0.00,0.00,0.00,0.00,0,0,0.00,72,65,85,71,21,0.37,54,0.09,0.11,0.00,27,0.00,0.00,31,2,0.50,0.60,3.31,2.75,99,11,0.00,25,15,79,91,0,71,20,0,0.00,99,0,0.00,0.00,9.33,7.75,31,9,29,70,2.71,2.25,29.03,1,0.30,72,0,0.00,0,0.00,99,0,0.00,0.00,48,92,77,96,0,0,0,0,0,51,71,84,80,0,99,41,62,91,2,50,97,92,0,0
Enrique Martinez,17,1213254000,2008/06/12,MLS Next Pro,2026,Midfielder,LA Galaxy II,188,8,180,USA,3,1,2,0,0,0,0,0,0,0,0,2,0,2,0,0,0,0,0,0,0,0,0,0,0,0,0,63,0,0,0,-1,-1,-1,8,0,3.42,0,69,73.83,26.25,99,105,24.25,97,96,68.20,99,0.00,0.00,0.00,0,0.00,0.00,0.70,0.25,1,0.00,0.00,0.00,0.00,0.00,0.00,0.00,0.00,0.00,0.70,0.00,0.00,0.00,0.25,0.03,0.00,0.50,0.00,0.00,0,0,,1,0.25,48,1,0.70,76,0,0.00,30,0,1,1,29,0.00,99,0,0,0.00,25,0,48,0.00,30,0,0.00,99,0,0.00,0,0,0.00,0,0.00,24,0,0.00,18,0,0.00,0.00,0,0.00,0,0,0,0.00,0,0,0.00,99,0.00,0,N/A,N/A,N/A,N/A,0.00,0,0.00,0,0.11,0.00,0,92.38,100.00,99,33,0.25,0.70,1,28,28,0,0,0,0.00,0.00,0,56,13.67,0.25,0.70,1,0,0.00,0.00,99,0.00,0,0,0,0.00,0.00,0,0.00,0.00,0.00,0.00,0,0,0.00,72,2,33,71,4,0.23,69,0.06,0.16,0.11,55,0.03,0.08,34,1,0.25,0.70,0.70,0.25,38,1,0.08,54,0,42,91,0,71,86,0,0.00,99,2,0.00,1.41,6.33,2.25,9,4,30,33,2.81,1.00,44.44,0,0.00,99,0,0.00,0,0.00,99,0,0.00,0.00,48,3,93,73,0,0,0,0,0,51,71,84,80,0,99,97,52,52,0,0,59,73,0,0
Enzo Newman,20,1134028800,2005/12/08,MLS Next Pro,2026,Midfielder,North Texas,60,0,60,USA,1,0,1,0,0,0,0,0,0,0,0,0,0,0,2,0,2,0,0,0,0,0,0,0,0,3,30,60,0,0,0,-1,-1,-1,12,0,6.40,0,69,38.27,18.00,64,54,13.67,41,30,29.06,59,0.00,0.00,0.00,0,0.00,0.00,2.13,1.00,3,0.00,0.33,0.00,0.00,0.00,0.67,0.33,0.67,0.00,0.71,0.33,1.00,0.00,0.00,0.02,0.00,0.00,0.00,0.00,0,0,,1,0.33,48,0,0.00,45,1,0.71,60,1,0,1,78,0.00,99,0,2,1.42,83,0,48,0.00,30,0,0.00,99,0,0.00,0,0,0.00,0,0.00,24,3,2.13,79,1,0.71,33.33,0,0.00,0,0,0,0.00,0,2,0.00,3,1.42,40,N/A,N/A,N/A,N/A,0.00,0,0.00,0,0.06,0.00,0,75.93,0.00,45,99,0.00,0.00,0,64,43,0,0,0,0.00,0.00,0,56,19.19,1.00,2.13,3,0,0.00,0.00,99,0.00,0,0,0,0.00,0.00,0,0.00,0.00,0.00,0.00,0,0,0.00,72,0,0,71,8,0.10,30,0.03,0.07,0.06,45,0.02,0.04,7,0,0.00,0.00,0.71,0.33,38,1,0.04,43,16,79,91,0,71,20,0,0.00,99,0,0.00,0.00,6.38,3.00,9,4,30,34,2.83,1.33,44.44,1,0.71,50,0,0.00,0,0.00,99,0,0.00,0.00,48,3,77,96,0,0,0,0,0,51,71,84,80,0,99,41,52,52,0,0,59,29,0,0
Eóin Martin,24,1012896000,2002/02/05,MLS Next Pro,2026,Midfielder,New York City II,46,46,0,USA,1,1,0,0,0,0,0,0,0,0,0,0,0,0,2,2,0,0,0,0,0,0,0,0,0,3.91,23,46,0,0,0,-1,-1,-1,13,0,2.97,0,69,60.65,15.50,94,31,9.50,19,1,37.17,76,0.00,0.00,0.00,0,0.00,0.00,1.96,0.50,1,0.00,0.50,0.00,0.00,0.00,1.00,0.00,1.00,0.00,0.00,0.00,0.00,0.00,0.00,0.00,0.00,0.50,0.00,0.00,0,0,,0,0.00,25,0,0.00,45,0,0.00,30,1,0,1,75,0.00,99,0,2,3.91,99,0,48,0.00,30,0,0.00,99,0,0.00,0,0,0.00,0,0.00,24,0,0.00,18,0,0.00,0.00,0,0.00,0,0,0,0.00,0,2,0.00,0,3.91,94,N/A,N/A,N/A,N/A,0.00,0,0.00,0,0.00,0.00,0,61.29,0.00,45,0,1.00,3.91,2,28,28,0,0,0,0.00,0.00,0,56,5.94,0.00,0.00,0,0,0.00,0.00,99,0.00,0,0,0,0.00,0.00,0,0.00,0.00,0.00,0.00,0,0,0.00,72,0,0,71,5,0.04,37,0.02,0.08,0.00,27,0.00,0.00,7,0,0.00,0.00,3.91,1.00,99,2,0.00,25,0,15,91,0,71,96,0,0.00,99,1,0.00,1.96,15.65,4.00,8,2,51,99,3.91,1.00,25.00,1,1.96,10,0,0.00,0,0.00,99,0,0.00,0.00,48,3,77,96,0,0,0,0,0,51,71,84,80,0,99,41,52,52,0,0,59,58,0,0
Eric Izoita,18,1189234800,2007/09/08,MLS Next Pro,2026,Midfielder,Portland Timbers II,270,180,90,USA,3,2,1,0,0,0,0,0,0,0,0,1,1,0,5,1,4,0,0,0,0,0,0,0,0,1.67,54,90,0,0,0,-1,-1,-1,7,0,6.81,0,69,38.70,43.00,65,129,37.67,113,81,33.90,69,0.00,0.00,1.67,5,0.00,2.33,2.10,2.33,7,0.00,0.33,0.00,0.00,0.00,0.33,1.00,2.00,0.00,0.30,0.33,1.67,0.00,0.00,0.02,0.00,0.00,0.00,0.00,0,0,,1,0.33,31,0,0.00,45,1,0.30,40,0,0,3,78,0.00,99,0,1,0.30,33,7,53,2.10,78,0,0.00,99,0,0.00,0,0,0.00,0,1.50,80,5,1.50,67,3,0.90,60.00,0,0.00,0,0,0,0.00,0,6,0.00,40,1.80,57,N/A,N/A,N/A,N/A,0.00,0,0.00,0,0.05,0.00,0,87.60,0.00,45,64,0.33,0.30,1,74,70,0,0,0,0.00,0.00,0,56,20.43,0.00,0.00,0,0,0.00,0.00,99,0.00,0,0,0,0.00,0.00,0,0.00,0.00,0.00,0.00,0,0,0.00,72,46,33,71,44,0.37,54,0.12,0.11,0.05,38,0.02,0.02,15,1,0.33,0.30,1.20,1.33,60,4,0.02,36,49,15,91,0,71,20,0,0.00,99,0,0.00,0.00,6.00,6.67,20,11,36,32,3.30,3.67,55.00,1,0.30,72,0,14.29,0,0.00,99,1,0.33,0.30,59,60,77,73,0,0,0,0,0,51,71,84,80,0,99,73,52,52,0,0,59,73,0,0
Eric Klein,19,1164009600,2006/11/20,MLS Next Pro,2026,Midfielder,New England II,270,270,0,USA,3,3,0,0,0,0,0,0,0,0,0,1,1,0,2,2,0,0,0,0,0,0,0,0,0,0.67,135,90,0,0,0,-1,-1,-1,11,0,7.38,0,69,57.00,63.33,91,190,55.00,165,74,49.50,90,0.00,0.00,1.00,3,0.00,0.00,3.00,3.33,10,0.00,1.00,0.00,0.00,0.00,2.33,0.33,0.67,0.00,0.60,0.33,0.33,0.00,0.33,0.07,0.00,0.33,0.00,0.00,0,0,,2,0.67,45,1,0.30,55,1,0.30,40,0,0,3,93,0.00,99,0,7,2.10,94,0,48,0.00,30,0,0.00,99,0,0.00,0,0,0.00,0,0.90,58,1,0.30,22,1,0.30,100.00,0,0.00,0,0,0,0.00,0,2,0.00,87,0.60,9,N/A,N/A,N/A,N/A,0.00,0,0.00,0,0.20,0.00,0,86.84,50.00,87,64,0.33,0.30,1,36,99,0,0,0,0.33,0.30,1,72,22.14,3.00,2.70,9,0,0.00,0.00,99,0.00,0,0,0,0.00,0.00,0,0.00,0.00,0.00,0.00,0,0,0.00,72,46,33,71,92,0.55,71,0.18,0.17,0.20,52,0.07,0.06,15,1,0.33,0.30,0.30,0.33,20,1,0.06,50,91,85,91,0,71,32,0,0.00,99,1,0.00,0.30,7.50,8.33,25,13,51,48,3.90,4.33,52.00,3,0.90,43,0,0.00,0,0.00,99,0,0.00,0.00,48,60,77,73,0,0,0,0,0,51,71,84,80,0,99,73,52,52,0,0,59,38,0,0
Érick Manuel Díaz González,20,1141459200,2006/03/04,MLS Next Pro,2026,Midfielder,Los Angeles II,180,0,180,Panama,2,0,2,0,0,0,0,0,0,0,0,0,0,0,3,0,3,1,0,0,0,0,0,0,0,1.5,60,90,180,0,0.5,-1,-1,-1,13,0,0.00,0,69,0.00,0.00,0,0,0.00,0,0,0.00,0,0.00,0.00,0.00,0,0.00,0.00,0.00,0.00,0,0.00,0.00,0.00,0.00,0.00,0.00,0.00,0.00,0.00,0.00,0.00,0.00,0.00,0.00,0.00,0.00,0.00,0.00,0.00,0,0,,0,0.00,25,0,0.00,45,0,0.00,30,0,0,2,11,0.00,99,0,0,0.00,25,0,48,0.00,30,0,0.00,99,0,0.00,0,0,0.00,0,0.00,24,0,0.00,18,0,0.00,0.00,0,0.00,0,0,0,0.00,0,0,0.00,46,0.00,0,N/A,N/A,N/A,N/A,0.00,0,0.00,0,0.00,0.00,0,0.00,0.00,45,99,0.00,0.00,0,28,28,0,0,0,0.00,0.00,0,56,0.00,0.00,0.00,0,0,0.00,0.00,99,0.00,0,0,0,0.00,0.00,0,0.00,0.00,0.00,0.00,0,0,0.00,72,0,0,71,51,0.00,0,0.00,0.00,0.00,27,0.00,0.00,7,0,0.00,0.00,0.00,0.00,12,0,0.00,25,0,15,91,0,71,20,0,0.00,99,0,0.00,0.00,0.00,0.00,0,0,2,1,0.00,0.00,0.00,0,0.00,99,0,0.00,0,0.00,99,0,0.00,0.00,48,24,77,73,0,0,0,0,0,51,71,84,80,0,99,41,65,91,1,0,59,55,0,0
Erik Lauta,22,1059202800,2003/07/26,MLS Next Pro,2026,Midfielder,Austin II,90,90,0,USA,1,1,0,0,0,0,0,0,0,0,0,0,0,0,4,4,0,0,0,0,0,0,0,0,0,4,23,90,0,0,0,-1,-1,-1,7,0,1.46,0,69,30.00,7.50,49,30,6.50,26,73,26.00,54,0.00,0.00,0.00,0,0.00,0.00,0.00,0.00,0,0.00,0.00,0.00,0.00,0.50,0.00,0.00,1.50,0.00,0.00,0.00,0.00,0.00,0.00,0.00,0.00,0.00,0.00,0.00,0,0,,0,0.00,25,0,0.00,45,0,0.00,30,0,0,1,11,0.00,99,0,0,0.00,25,0,48,0.00,30,0,0.00,99,0,0.00,0,0,0.00,0,0.00,24,0,0.00,18,0,0.00,0.00,0,0.00,0,2,0,2.00,17,6,0.00,0,6.00,99,N/A,N/A,N/A,N/A,33.33,0,0.00,0,0.00,0.00,0,86.67,0.00,45,99,0.00,0.00,0,28,28,0,0,0,0.00,0.00,0,56,5.85,0.00,0.00,0,0,0.00,0.00,99,0.00,0,0,0,0.00,0.00,0,0.00,0.00,0.00,0.00,0,0,0.00,72,0,0,71,5,0.05,17,0.01,0.05,0.00,27,0.00,0.00,52,1,0.25,1.00,0.00,0.00,12,0,0.00,25,0,15,91,0,71,20,0,0.00,99,0,0.00,0.00,1.00,0.25,1,1,10,7,1.00,0.25,100.00,0,0.00,99,0,0.00,0,0.00,99,0,0.00,0.00,48,3,77,73,0,0,0,0,0,51,71,84,80,0,99,41,52,52,0,0,59,13,0,0
Erik Pena-Boardman,20,1117609200,2005/06/01,MLS Next Pro,2026,Midfielder,Crown Legacy,0,0,0,USA,0,0,0,0,0,0,0,0,0,0,0,0,0,0,0,0,0,0,0,0,0,0,0,0,0,0,0,0,0,0,0,-1,-1,-1,-1,N/A,N/A,N/A,N/A,N/A,N/A,N/A,N/A,N/A,N/A,N/A,N/A,N/A,N/A,N/A,N/A,N/A,N/A,N/A,N/A,N/A,N/A,N/A,N/A,N/A,N/A,N/A,N/A,N/A,N/A,N/A,N/A,N/A,N/A,N/A,N/A,N/A,N/A,N/A,N/A,N/A,N/A,N/A,N/A,N/A,N/A,N/A,N/A,N/A,N/A,N/A,N/A,N/A,N/A,N/A,N/A,N/A,N/A,N/A,N/A,N/A,N/A,N/A,N/A,N/A,N/A,N/A,N/A,N/A,N/A,N/A,N/A,N/A,N/A,N/A,N/A,N/A,N/A,N/A,N/A,N/A,N/A,N/A,N/A,N/A,N/A,N/A,N/A,N/A,N/A,N/A,N/A,N/A,N/A,N/A,N/A,N/A,N/A,N/A,N/A,N/A,N/A,N/A,N/A,N/A,N/A,N/A,N/A,N/A,N/A,N/A,N/A,N/A,N/A,N/A,N/A,N/A,N/A,N/A,N/A,N/A,N/A,N/A,N/A,N/A,N/A,N/A,N/A,N/A,N/A,N/A,N/A,N/A,N/A,N/A,N/A,N/A,N/A,N/A,N/A,N/A,N/A,N/A,N/A,N/A,N/A,N/A,N/A,N/A,N/A,N/A,N/A,N/A,N/A,N/A,N/A,N/A,N/A,N/A,N/A,N/A,N/A,N/A,N/A,N/A,N/A,N/A,N/A,N/A,N/A,N/A,N/A,N/A,N/A,N/A,N/A,N/A,N/A,N/A,N/A,N/A,N/A,N/A,N/A,N/A,N/A,N/A,N/A,N/A,N/A,N/A,N/A,N/A,N/A,N/A,N/A,N/A,N/A,N/A,N/A,N/A,N/A,N/A,N/A,N/A,N/A,N/A,N/A,N/A,N/A,N/A,N/A,N/A,N/A,N/A,N/A,N/A,N/A,N/A,N/A,N/A,N/A,N/A,N/A
Ervin Torres,18,1195027200,2007/11/14,MLS Next Pro,2026,Midfielder,Austin II,59,59,0,USA,1,1,0,0,0,0,0,0,0,0,0,0,0,0,3,3,0,0,0,0,0,0,0,0,0,4.58,20,59,0,0,0,-1,-1,-1,10,0,6.30,0,69,54.92,36.00,90,36,33.00,33,94,50.34,91,0.00,0.00,0.00,0,0.00,1.00,1.53,1.00,1,0.00,0.00,0.00,0.00,0.00,1.00,0.00,3.00,0.00,1.53,1.00,2.00,0.00,0.00,0.04,0.00,0.00,0.00,0.00,0,0,,1,1.00,71,0,0.00,45,1,1.53,83,1,0,1,61,0.00,99,0,1,1.53,85,1,99,1.53,71,0,0.00,99,0,0.00,0,0,0.00,0,0.00,24,2,3.05,91,0,0.00,0.00,0,0.00,0,0,0,0.00,0,3,0.00,0,4.58,95,N/A,N/A,N/A,N/A,0.00,0,0.00,0,0.04,0.00,0,91.67,0.00,45,6,1.00,1.53,1,28,28,0,0,0,0.00,0.00,0,56,6.30,0.00,0.00,0,0,0.00,0.00,99,0.00,0,0,0,0.00,0.00,0,0.00,0.00,0.00,0.00,0,0,0.00,72,0,0,71,4,0.08,59,0.08,0.12,0.04,52,0.04,0.06,68,1,1.00,1.53,1.53,1.00,75,1,0.06,50,15,15,91,0,71,20,0,0.00,99,0,0.00,0.00,10.68,7.00,7,2,33,80,3.05,2.00,28.57,0,0.00,99,0,100.00,0,0.00,99,1,1.00,1.53,97,3,77,96,0,0,0,0,0,51,71,84,80,0,99,41,52,52,0,0,59,38,0,0
Eryk Dymora,23,1034665200,2002/10/15,MLS Next Pro,2026,Midfielder,North Texas,180,0,180,USA,2,0,2,0,0,0,0,0,0,0,0,0,0,0,3,0,3,1,0,0,0,0,0,0,0,1.5,60,90,180,0,0.5,-1,-1,-1,13,0,6.66,0,69,23.00,23.00,27,46,15.50,31,9,15.50,17,0.00,0.00,0.50,1,0.00,0.00,0.00,0.00,0,0.00,0.00,0.00,0.00,3.50,0.00,0.00,5.00,0.00,0.00,0.00,0.00,0.00,0.00,0.00,0.00,0.00,0.00,0.00,0,0,,0,0.00,25,0,0.00,45,0,0.00,30,0,0,2,11,0.00,99,0,0,0.00,25,0,48,0.00,30,0,0.00,99,0,0.00,0,0,0.00,0,0.50,42,0,0.00,18,0,0.00,0.00,0,0.00,0,7,54,3.50,79,10,0.00,46,5.00,97,N/A,N/A,N/A,N/A,70.00,0,0.00,0,0.00,0.00,0,67.39,0.00,45,44,0.50,0.50,1,28,28,0,0,5,0.00,0.00,0,56,13.32,1.00,1.00,2,1,0.00,0.50,0,0.50,1,0,0,0.00,0.00,1,0.50,0.50,0.00,0.00,0,0,0.00,72,0,0,71,51,0.10,17,0.05,0.05,0.00,27,0.00,0.00,7,0,0.00,0.00,0.50,0.50,29,1,0.00,25,30,56,91,57,71,20,0,0.00,99,0,0.00,0.00,1.00,1.00,2,0,2,7,0.00,0.00,0.00,0,0.00,99,0,0.00,0,0.00,99,0,0.00,0.00,48,24,77,73,0,0,0,0,0,51,71,84,80,0,99,41,65,91,1,50,97,13,0,0
Fabian Mrozek,22,1064732400,2003/09/28,MLS Next Pro,2026,Goalkeeper,FC Cincinnati II,90,0,90,Poland,1,0,1,0,0,0,0,0,0,0,0,0,0,0,2,0,2,0,0,0,0,0,0,0,0,2,45,90,0,0,0,-1,-1,-1,15,0,7.09,0,69,25.00,25.00,36,25,22.00,22,82,22.00,44,0.00,0.00,0.00,0,0.00,0.00,0.00,0.00,0,0.00,0.00,0.00,0.00,4.00,0.00,0.00,6.00,0.00,0.00,0.00,0.00,0.00,0.00,0.00,0.00,0.00,0.00,0.00,0,0,,0,0.00,25,0,0.00,45,0,0.00,30,0,0,1,11,0.00,99,0,0,0.00,25,0,48,0.00,30,0,0.00,99,0,0.00,0,0,0.00,0,0.00,24,0,0.00,18,0,0.00,0.00,0,0.00,0,4,50,4.00,92,6,0.00,30,6.00,99,N/A,N/A,N/A,N/A,66.67,0,0.00,0,0.00,0.00,0,88.00,0.00,45,99,0.00,0.00,0,28,28,0,0,3,0.00,0.00,0,56,7.09,0.00,0.00,0,0,0.00,0.00,99,0.00,0,0,0,0.00,0.00,0,0.00,0.00,0.00,0.00,0,0,0.00,72,0,0,71,36,0.05,17,0.05,0.05,0.00,27,0.00,0.00,7,0,0.00,0.00,0.00,0.00,12,0,0.00,25,77,15,91,0,71,20,0,0.00,99,0,0.00,0.00,0.00,0.00,0,0,2,1,0.00,0.00,0.00,0,0.00,99,0,0.00,0,0.00,99,0,0.00,0.00,48,3,77,73,0,0,0,0,0,51,71,84,80,0,99,41,52,52,0,0,59,93,0,0
Favour Aroyameh,56,N/A,N/A,MLS Next Pro,2026,Midfielder,North Texas,0,0,0,,0,0,0,0,0,0,0,0,0,0,0,0,0,0,0,0,0,0,0,0,0,0,0,0,0,0,0,0,0,0,0,-1,-1,-1,-1,N/A,N/A,N/A,N/A,N/A,N/A,N/A,N/A,N/A,N/A,N/A,N/A,N/A,N/A,N/A,N/A,N/A,N/A,N/A,N/A,N/A,N/A,N/A,N/A,N/A,N/A,N/A,N/A,N/A,N/A,N/A,N/A,N/A,N/A,N/A,N/A,N/A,N/A,N/A,N/A,N/A,N/A,N/A,N/A,N/A,N/A,N/A,N/A,N/A,N/A,N/A,N/A,N/A,N/A,N/A,N/A,N/A,N/A,N/A,N/A,N/A,N/A,N/A,N/A,N/A,N/A,N/A,N/A,N/A,N/A,N/A,N/A,N/A,N/A,N/A,N/A,N/A,N/A,N/A,N/A,N/A,N/A,N/A,N/A,N/A,N/A,N/A,N/A,N/A,N/A,N/A,N/A,N/A,N/A,N/A,N/A,N/A,N/A,N/A,N/A,N/A,N/A,N/A,N/A,N/A,N/A,N/A,N/A,N/A,N/A,N/A,N/A,N/A,N/A,N/A,N/A,N/A,N/A,N/A,N/A,N/A,N/A,N/A,N/A,N/A,N/A,N/A,N/A,N/A,N/A,N/A,N/A,N/A,N/A,N/A,N/A,N/A,N/A,N/A,N/A,N/A,N/A,N/A,N/A,N/A,N/A,N/A,N/A,N/A,N/A,N/A,N/A,N/A,N/A,N/A,N/A,N/A,N/A,N/A,N/A,N/A,N/A,N/A,N/A,N/A,N/A,N/A,N/A,N/A,N/A,N/A,N/A,N/A,N/A,N/A,N/A,N/A,N/A,N/A,N/A,N/A,N/A,N/A,N/A,N/A,N/A,N/A,N/A,N/A,N/A,N/A,N/A,N/A,N/A,N/A,N/A,N/A,N/A,N/A,N/A,N/A,N/A,N/A,N/A,N/A,N/A,N/A,N/A,N/A,N/A,N/A,N/A,N/A,N/A,N/A,N/A,N/A,N/A,N/A,N/A,N/A,N/A,N/A,N/A
Finn Sundstrom,19,1163923200,2006/11/19,MLS Next Pro,2026,Midfielder,Philadelphia Union II,270,180,90,USA,3,2,1,1,1,0,0,0,0,0,0,1,1,0,2,2,0,1,0,0.33,0,0.33,0.5,0,270,0.67,135,90,270,0,0.33,-1,-1,-1,2,0,7.05,0,69,30.49,26.00,49,104,21.25,85,52,24.92,52,0.00,0.00,0.00,0,0.00,0.00,1.47,1.25,5,0.00,0.25,0.00,0.00,0.00,1.25,0.00,0.50,2.00,0.59,0.25,0.00,0.00,0.25,0.19,0.00,1.25,0.00,0.00,0,0,,2,0.50,44,1,0.29,54,1,0.29,38,0,0,3,59,0.00,99,0,5,1.47,83,0,48,0.00,30,0,0.00,99,0,0.00,0,0,0.00,0,0.00,24,0,0.00,18,0,0.00,0.00,0,0.00,0,0,0,0.00,0,2,0.00,87,0.59,8,N/A,N/A,N/A,N/A,0.00,0,0.00,0,0.76,0.00,0,81.73,50.00,87,23,0.75,0.88,3,28,28,0,0,0,1.00,1.17,4,95,28.19,3.00,3.52,12,0,0.00,0.00,99,0.00,0,0,0,0.00,0.00,0,0.00,0.00,0.00,0.00,0,0,50.00,99,46,33,91,92,0.19,24,0.05,0.06,0.76,75,0.19,0.22,45,3,0.75,0.88,1.76,1.50,82,6,0.22,74,75,90,91,0,71,87,0,0.00,99,5,0.00,1.47,7.04,6.00,24,13,47,41,3.81,3.25,54.17,1,0.29,73,0,0.00,0,0.00,99,0,0.00,0.00,48,60,77,73,0,0,0,0,0,69,82,84,90,0,99,73,81,75,1,33,89,66,0,0
Gabriel Alonso,18,1193727600,2007/10/30,MLS Next Pro,2026,Midfielder,Huntsville City,180,0,180,USA,2,0,2,0,0,0,0,0,0,0,0,0,0,0,8,0,8,1,0,0,0,0,0,0,0,4,23,90,180,0,0.5,-1,-1,-1,6,0,6.60,0,69,38.41,35.00,64,70,29.50,59,62,32.38,65,0.00,0.00,1.00,2,0.00,2.00,2.74,2.50,5,0.00,1.50,0.00,0.00,0.00,0.50,2.50,3.50,0.00,1.10,1.00,2.50,0.00,0.00,0.05,0.00,0.50,0.00,0.00,0,0,,2,1.00,59,0,0.00,45,2,1.10,74,0,0,2,89,0.00,99,0,1,0.55,49,4,48,2.20,78,0,0.00,99,0,0.00,0,0,0.00,0,1.10,66,5,2.74,87,5,2.74,100.00,0,0.00,0,0,0,0.00,0,7,0.00,0,3.84,93,N/A,N/A,N/A,N/A,0.00,0,0.00,0,0.10,0.00,0,84.29,0.00,45,5,1.50,1.65,3,99,99,0,0,0,0.50,0.55,1,87,13.20,0.50,0.55,1,0,0.00,0.00,99,0.00,0,0,0,0.00,0.00,0,0.00,0.00,0.00,0.00,0,0,0.00,72,0,0,71,5,0.18,49,0.09,0.10,0.10,47,0.05,0.05,73,3,1.50,1.65,1.10,1.00,55,2,0.05,45,28,36,91,0,71,52,0,0.00,99,1,0.00,0.55,13.17,12.00,24,13,97,94,7.13,6.50,54.17,3,1.65,17,0,0.00,0,0.00,99,0,0.00,0.00,48,24,77,73,0,0,0,0,0,51,71,84,80,0,99,41,65,91,1,50,97,3,0,0
Gabriel Arnold,19,1170316800,2007/02/01,MLS Next Pro,2026,Midfielder,LA Galaxy II,137,18,119,USA,3,1,2,0,0,0,0,0,0,0,0,1,0,1,1,1,0,0,0,0,0,0,0,0,0,0.66,137,46,0,0,0,-1,-1,-1,11,0,6.71,0,69,85.69,53.00,99,159,49.00,147,96,79.22,99,0.00,0.00,0.00,0,0.00,0.67,2.16,1.33,4,0.00,1.33,0.00,0.00,0.00,0.00,0.67,0.33,0.00,0.00,0.00,0.67,0.00,0.00,0.00,0.00,0.00,0.00,0.00,0,0,,0,0.00,25,0,0.00,45,0,0.00,30,0,2,1,80,0.00,99,0,0,0.00,25,2,48,1.08,64,0,0.00,99,0,0.00,0,0,0.00,0,0.00,24,2,1.08,52,2,1.08,100.00,0,0.00,0,0,0,0.00,0,1,0.00,87,0.54,8,N/A,N/A,N/A,N/A,0.00,0,0.00,0,0.00,0.00,0,92.45,0.00,45,40,0.33,0.54,1,82,99,0,0,0,0.00,0.00,0,56,20.13,0.00,0.00,0,0,0.00,0.00,99,0.00,0,0,0,0.00,0.00,0,0.00,0.00,0.00,0.00,0,0,0.00,72,0,33,71,92,0.28,67,0.09,0.15,0.00,27,0.00,0.00,7,0,0.00,0.00,1.08,0.67,54,2,0.00,25,38,15,91,0,71,20,0,0.00,99,0,0.00,0.00,7.01,4.33,13,6,35,40,3.23,2.00,46.15,4,2.16,7,0,0.00,0,0.00,99,0,0.00,0.00,48,3,99,73,0,0,0,0,0,51,71,84,80,0,99,73,52,52,0,0,59,87,0,0
Gabriel Walter Christopher Dahlin,22,1061190000,2003/08/18,MLS Next Pro,2026,Midfielder,New England II,90,90,0,Sweden,1,1,0,0,0,0,0,0,0,0,0,0,0,0,1,1,0,0,0,0,0,0,0,0,0,1,90,90,0,0,0,-1,-1,-1,6,0,7.13,0,69,64.50,86.00,96,86,77.00,77,89,57.75,98,0.00,0.00,0.00,0,0.00,0.00,0.75,1.00,1,0.00,0.00,0.00,0.00,0.00,1.00,1.00,1.00,0.00,0.75,1.00,2.00,0.00,0.00,0.04,0.00,1.00,0.00,0.00,0,0,,1,1.00,49,0,0.00,45,1,0.75,62,0,0,1,30,0.00,99,0,1,0.75,58,0,48,0.00,30,0,0.00,99,0,0.00,0,0,0.00,0,0.00,24,2,1.50,67,1,0.75,50.00,0,0.00,0,0,0,0.00,0,1,0.00,74,0.75,15,N/A,N/A,N/A,N/A,0.00,0,0.00,0,0.04,0.00,0,89.53,0.00,45,99,0.00,0.00,0,66,64,0,0,0,2.00,1.50,2,98,7.13,0.00,0.00,0,0,0.00,0.00,99,0.00,0,0,0,0.00,0.00,0,0.00,0.00,0.00,0.00,0,0,0.00,72,0,0,71,78,0.16,59,0.16,0.12,0.04,41,0.04,0.03,7,0,0.00,0.00,0.00,0.00,12,0,0.03,40,79,15,91,0,71,63,0,0.00,99,1,0.00,0.75,3.75,5.00,5,3,21,15,2.25,3.00,60.00,0,0.00,99,0,0.00,0,0.00,99,0,0.00,0.00,48,3,77,73,0,0,0,0,0,51,71,84,80,0,99,41,52,52,0,0,59,6,0,0
Gael Quintero,22,1050130800,2003/04/12,MLS Next Pro,2026,Midfielder,Sporting KC II,256,90,166,USA,3,1,2,0,0,0,0,0,0,0,0,0,0,0,8,2,6,2,0,0,0,0,0,0,0,2.81,32,85,128,0,0.7,-1,-1,-1,5,0,5.10,0,69,23.20,13.20,28,66,11.00,55,59,19.34,35,0.00,0.00,0.00,0,0.00,0.00,2.46,1.40,7,0.00,0.80,0.00,0.00,0.00,0.00,0.20,1.60,0.00,0.70,0.40,0.40,0.00,0.00,0.02,0.00,0.40,0.00,0.00,0,0,,2,0.40,48,0,0.00,45,2,0.70,59,0,0,3,85,0.00,99,0,0,0.00,25,0,48,0.00,30,0,0.00,99,0,0.00,0,0,0.00,0,0.00,24,2,0.70,42,1,0.35,50.00,0,0.00,0,0,0,0.00,0,8,0.00,4,2.81,87,N/A,N/A,N/A,N/A,0.00,0,0.00,0,0.11,0.00,0,83.33,0.00,45,58,0.20,0.35,1,42,64,0,0,0,0.00,0.00,0,56,25.50,0.40,0.70,2,0,0.00,0.00,99,0.00,0,0,0,0.00,0.00,0,0.00,0.00,0.00,0.00,0,0,0.00,72,24,33,71,10,0.11,12,0.02,0.04,0.11,45,0.02,0.04,53,3,0.60,1.05,2.46,1.40,95,7,0.04,43,7,42,91,0,71,61,0,0.00,99,2,0.00,0.70,9.49,5.40,27,13,65,73,4.57,2.60,48.15,4,1.41,23,0,0.00,0,0.00,99,0,0.00,0.00,48,60,77,73,0,0,0,0,0,51,71,84,80,0,99,41,58,95,2,67,99,44,0,0
Gallatin Sandnes,17,1212476400,2008/06/03,MLS Next Pro,2026,Midfielder,Tacoma Defiance,270,270,0,USA,3,3,0,0,0,0,0,0,0,0,0,1,1,0,2,2,0,0,0,0,0,0,0,0,0,0.67,135,90,0,0,0,-1,-1,-1,5,0,6.94,0,69,58.71,68.50,93,137,56.50,113,54,48.43,89,0.00,0.00,0.00,0,0.00,1.00,0.00,0.00,0,0.00,0.00,0.00,0.00,0.00,0.50,0.50,0.50,0.00,0.43,0.50,0.50,0.00,0.00,0.03,0.00,1.50,0.00,0.00,0,0,,1,0.50,39,0,0.00,45,1,0.43,48,0,0,2,11,0.00,99,0,1,0.43,45,2,48,0.86,57,0,0.00,99,0,0.00,0,0,0.00,0,0.00,24,1,0.43,30,1,0.43,100.00,0,0.00,0,0,0,0.00,0,1,0.00,87,0.43,7,N/A,N/A,N/A,N/A,0.00,0,0.00,0,0.05,0.00,0,82.48,0.00,45,99,0.00,0.00,0,50,99,0,0,0,0.50,0.43,1,84,13.87,5.00,4.29,10,0,0.00,0.00,99,0.00,0,0,0,0.00,0.00,0,0.00,0.00,0.00,0.00,0,0,0.00,72,46,33,71,92,0.21,42,0.10,0.09,0.05,38,0.03,0.02,42,2,1.00,0.86,0.43,0.50,27,1,0.02,36,63,94,91,0,71,83,0,0.00,99,3,0.00,1.29,3.00,3.50,7,6,26,13,2.57,3.00,85.71,0,0.00,99,0,0.00,0,0.00,99,0,0.00,0.00,48,24,77,73,0,0,0,0,0,51,71,84,80,0,99,73,52,52,0,0,59,53,0,0
Gavin DeHart,17,1219820400,2008/08/27,MLS Next Pro,2026,Midfielder,FC Cincinnati II,25,0,25,USA,1,0,1,0,0,0,0,0,0,0,0,0,0,0,0,0,0,0,0,0,0,0,0,0,0,0,0,25,0,0,0,-1,-1,-1,11,0,4.12,0,69,51.00,5.67,85,17,4.33,13,30,39.00,79,0.00,0.00,0.00,0,0.00,0.00,0.00,0.00,0,0.00,0.00,0.00,0.00,0.00,0.00,0.00,0.33,0.00,0.00,0.00,0.00,0.00,0.00,0.00,0.00,0.33,0.00,0.00,0,0,,0,0.00,25,0,0.00,45,0,0.00,30,0,1,0,11,0.00,99,0,0,0.00,25,0,48,0.00,30,0,0.00,99,0,0.00,0,0,0.00,0,0.00,24,0,0.00,18,0,0.00,0.00,0,0.00,0,0,0,0.00,0,1,0.00,99,3.00,89,N/A,N/A,N/A,N/A,0.00,0,0.00,0,0.00,0.00,0,76.47,0.00,45,0,0.67,6.00,2,28,28,0,0,0,0.00,0.00,0,56,12.37,0.33,3.00,1,0,0.00,0.00,99,0.00,0,0,0,0.00,0.00,0,0.00,0.00,0.00,0.00,0,0,0.00,72,0,0,71,4,0.03,42,0.01,0.09,0.00,27,0.00,0.00,7,0,0.00,0.00,0.00,0.00,12,0,0.00,25,1,87,91,0,71,99,0,0.00,99,1,0.00,3.00,9.00,1.00,3,1,33,65,3.00,0.33,33.33,0,0.00,99,0,0.00,0,0.00,99,0,0.00,0.00,48,0,93,73,0,0,0,0,0,51,71,84,80,0,99,41,52,52,0,0,59,79,0,0
Gavin Wolff,17,1219820400,2008/08/27,MLS Next Pro,2026,Midfielder,Houston Dynamo FC II,300,300,0,USA,4,4,0,1,1,0,1,1,0,0,0,4,4,0,0,0,0,0,0,0.6,0.3,0.3,0.3,0,300,0,0,75,0,300,0,20,13,-1,8,0,7.12,0.25,84,60.72,49.25,94,197,43.50,174,85,53.63,95,0.00,0.00,0.50,2,0.00,0.00,0.62,0.50,2,0.00,0.00,0.00,0.00,0.00,0.75,0.00,0.00,1.00,0.31,0.00,0.00,0.00,0.25,0.17,0.00,0.00,0.00,0.00,0,0,,1,0.25,32,1,0.31,57,0,0.00,30,0,1,3,26,0.00,99,0,3,0.92,67,0,48,0.00,30,0,0.00,99,0,0.00,0,0,0.00,0,0.62,48,0,0.00,18,0,0.00,0.00,0,0.00,0,0,0,0.00,0,0,0.00,99,0.00,0,N/A,N/A,N/A,N/A,0.00,0,0.00,0,0.67,0.00,0,88.32,100.00,99,99,0.00,0.00,0,28,28,0,0,0,0.25,0.31,1,73,28.49,2.50,3.08,10,0,0.00,0.00,99,0.00,0,0,0,0.00,0.00,0,0.00,0.00,0.00,0.00,0,0,100.00,99,52,85,93,4,1.02,86,0.26,0.31,0.67,73,0.17,0.21,32,2,0.50,0.62,0.62,0.50,34,2,0.21,73,79,88,91,0,71,20,0,0.00,99,0,0.00,0.00,2.77,2.25,9,4,10,12,1.23,1.00,44.44,0,0.00,99,0,0.00,0,0.00,99,0,0.00,0.00,48,60,93,73,0,0,0,0,0,85,79,84,81,0,99,99,52,52,0,0,59,20,0,0
Gavin Zambrano,18,1201075200,2008/01/23,MLS Next Pro,2026,Midfielder,Los Angeles II,183,0,183,USA,4,0,4,0,0,0,2,0,2,0,0,0,0,0,4,0,4,2,1,0.98,0.98,0,0,0,0,1.97,46,46,92,92,0.98,-1,-1,-1,11,0,6.82,0.5,99,34.23,20.25,56,81,18.75,75,97,31.69,64,0.00,0.00,1.50,6,0.00,0.75,2.54,1.50,6,0.00,0.50,0.00,0.00,0.00,0.75,1.25,1.00,0.00,0.85,0.25,1.75,0.00,0.25,0.05,0.00,0.00,0.00,0.00,0,0,,2,0.50,52,1,0.42,62,1,0.42,47,0,2,2,87,0.00,99,0,3,1.27,79,3,78,1.27,67,0,0.00,99,0,0.00,0,0,0.00,0,2.54,97,7,2.96,90,5,2.11,71.43,0,0.00,0,0,0,0.00,0,4,0.00,32,1.69,53,N/A,N/A,N/A,N/A,0.00,0,0.00,0,0.19,0.00,0,92.59,50.00,87,99,0.00,0.00,0,97,82,0,0,0,0.25,0.42,1,82,27.27,0.50,0.85,2,0,0.00,0.00,99,0.00,0,0,0,0.00,0.00,0,0.00,0.00,0.00,0.00,0,0,0.00,72,0,85,71,37,1.57,99,0.39,0.66,0.19,55,0.05,0.08,41,2,0.50,0.85,2.11,1.25,88,5,0.08,54,51,47,91,0,71,20,0,0.00,99,0,0.00,0.00,9.72,5.75,23,13,82,74,5.49,3.25,56.52,2,0.85,45,0,33.33,0,0.00,99,1,0.25,0.42,70,24,99,73,0,0,0,0,0,93,71,84,80,0,99,41,53,99,1,25,81,48,0,0
George Marks,26,942220800,1999/11/10,MLS Next Pro,2026,Goalkeeper,Philadelphia Union II,360,270,90,USA,4,3,1,0,0,0,0,0,0,0,0,2,2,0,2,2,0,2,0,0,0,0,0,0,0,0.5,180,90,180,0,0.5,41,81,1,3,0,7.25,0,69,30.92,33.50,51,134,22.50,90,8,20.77,42,0.00,0.00,0.00,0,0.00,0.00,0.00,0.00,0,0.00,0.00,0.00,0.00,3.50,0.00,0.00,4.25,0.00,0.00,0.00,0.00,0.00,0.00,0.00,0.00,0.50,0.00,0.00,0,0,,0,0.00,25,0,0.00,45,0,0.00,30,0,0,4,11,0.00,99,0,0,0.00,25,0,48,0.00,30,0,0.00,99,0,0.00,0,0,0.00,0,0.00,24,0,0.00,18,0,0.00,0.00,0,0.00,0,14,75,3.23,62,17,0.00,91,3.92,94,N/A,N/A,N/A,N/A,82.35,0,0.00,0,0.00,0.00,0,67.16,0.00,45,99,0.00,0.00,0,28,28,0,0,11,0.00,0.00,0,56,28.98,1.50,1.38,6,0,0.00,0.00,99,0.00,0,0,0,0.00,0.00,2,0.50,0.46,0.00,0.00,0,0,0.00,72,88,85,71,96,0.19,12,0.05,0.04,0.00,27,0.00,0.00,10,1,0.25,0.23,0.00,0.00,12,0,0.00,25,87,66,91,57,71,47,0,0.00,99,2,0.00,0.46,1.15,1.25,5,4,9,8,0.92,1.00,80.00,0,0.00,99,0,0.00,0,0.00,99,0,0.00,0.00,48,92,77,73,0,0,0,0,0,51,71,84,80,0,99,90,65,91,2,50,97,31,0,0
Gianmarco Di Noto,17,1238137200,2009/03/27,MLS Next Pro,2026,Midfielder,Columbus Crew II,180,90,90,USA,2,1,1,0,0,0,0,0,0,0,0,1,1,0,4,0,4,0,0,0,0,0,0,0,0,2,45,90,0,0,0,-1,-1,-1,10,0,3.65,0,69,54.86,32.00,90,128,30.00,120,99,51.43,93,0.00,0.00,0.00,0,0.00,0.00,2.14,1.25,5,0.00,0.00,0.00,0.00,0.00,0.25,0.00,1.00,0.00,0.00,0.00,0.25,0.00,0.00,0.00,0.00,0.50,0.00,0.00,0,0,,0,0.00,25,0,0.00,45,0,0.00,30,0,0,2,79,0.00,99,0,1,0.43,45,0,48,0.00,30,0,0.00,99,0,0.00,0,0,0.00,0,0.00,24,1,0.43,30,0,0.00,0.00,0,0.00,0,0,0,0.00,0,4,0.00,30,1.71,54,N/A,N/A,N/A,N/A,0.00,0,0.00,0,0.00,0.00,0,93.75,0.00,45,99,0.00,0.00,0,28,28,0,0,0,1.00,1.71,4,99,14.62,1.75,3.00,7,0,0.00,0.00,99,0.00,0,0,0,0.00,0.00,0,0.00,0.00,0.00,0.00,0,0,0.00,72,0,0,71,36,0.24,49,0.06,0.10,0.00,27,0.00,0.00,75,4,1.00,1.71,0.00,0.00,12,0,0.00,25,1,87,91,0,71,68,0,0.00,99,2,0.00,0.86,5.57,3.25,13,11,68,26,4.71,2.75,84.62,0,0.00,99,0,0.00,0,0.00,99,0,0.00,0.00,48,24,77,73,0,0,0,0,0,51,71,84,80,0,99,90,52,52,0,0,59,63,0,0
Giovanni Calderon,24,1013155200,2002/02/08,MLS Next Pro,2026,Defender,Real Monarchs,136,90,46,Puerto Rico,2,1,1,0,0,0,0,0,0,0,0,1,0,1,2,2,0,1,0,0,0,0,0,0,0,1.32,68,68,136,0,0.66,-1,-1,-1,14,0,3.33,0,69,75.99,35.25,99,141,31.50,126,89,67.90,99,0.00,0.00,0.00,0,0.00,0.25,0.54,0.25,1,0.00,0.00,0.00,0.00,0.00,0.50,0.00,0.75,0.00,0.00,0.00,0.00,0.00,0.00,0.00,0.00,0.25,0.00,0.00,0,0,,0,0.00,25,0,0.00,45,0,0.00,30,1,0,2,24,0.00,99,0,2,1.08,74,1,48,0.54,45,0,0.00,99,0,0.00,0,0,0.00,0,0.00,24,0,0.00,18,0,0.00,0.00,0,0.00,0,0,0,0.00,0,3,0.00,58,1.62,51,N/A,N/A,N/A,N/A,0.00,0,0.00,0,0.00,0.00,0,89.36,0.00,45,15,0.50,1.08,2,28,28,0,0,0,0.00,0.00,0,56,13.32,1.25,2.69,5,0,0.00,0.00,99,0.00,0,0,0,0.00,0.00,0,0.00,0.00,0.00,0.00,0,0,0.00,72,0,0,71,62,0.30,69,0.07,0.16,0.00,27,0.00,0.00,55,2,0.50,1.08,1.62,0.75,79,3,0.00,25,0,85,91,0,71,52,0,0.00,99,1,0.00,0.54,5.39,2.50,10,4,21,23,2.16,1.00,40.00,0,0.00,99,0,0.00,0,0.00,99,0,0.00,0.00,48,24,77,96,0,0,0,0,0,51,71,84,80,0,99,90,59,93,1,50,97,55,0,0
Giovanni Granda,18,1183705200,2007/07/06,MLS Next Pro,2026,Midfielder,FC Cincinnati II,9,0,9,USA,1,0,1,0,0,0,0,0,0,0,0,0,0,0,0,0,0,0,0,0,0,0,0,0,0,0,0,9,0,0,0,-1,-1,-1,16,0,6.25,0,69,40.00,4.00,68,4,3.00,3,27,30.00,61,0.00,0.00,0.00,0,0.00,3.00,0.00,0.00,0,0.00,1.00,0.00,0.00,0.00,0.00,0.00,0.00,0.00,0.00,0.00,1.00,0.00,0.00,0.00,0.00,0.00,0.00,0.00,0,0,,0,0.00,25,0,0.00,45,0,0.00,30,0,1,0,11,0.00,99,0,0,0.00,25,3,78,30.00,99,0,0.00,99,0,0.00,0,0,0.00,0,0.00,24,1,10.00,99,0,0.00,0.00,0,0.00,0,0,0,0.00,0,0,0.00,99,0.00,0,N/A,N/A,N/A,N/A,0.00,0,0.00,0,0.00,0.00,0,75.00,0.00,45,99,0.00,0.00,0,28,28,0,0,0,0.00,0.00,0,56,6.25,0.00,0.00,0,0,0.00,0.00,99,0.00,0,0,0,0.00,0.00,0,0.00,0.00,10.00,1.00,1,0,0.00,72,0,0,71,4,0.01,49,0.01,0.10,0.00,27,0.00,0.00,7,0,0.00,0.00,20.00,2.00,99,2,0.00,25,14,15,91,0,99,20,0,0.00,99,0,0.00,0.00,40.00,4.00,4,0,2,99,0.00,0.00,0.00,1,10.00,0,0,33.33,0,0.00,99,1,1.00,10.00,99,0,93,73,0,0,0,0,0,51,71,84,80,0,99,41,52,52,0,0,59,44,0,0
Giovanny José Sequera Sequera,20,1139904000,2006/02/14,MLS Next Pro,2026,Midfielder,Philadelphia Union II,147,90,57,Venezuela,2,1,1,0,0,0,0,0,0,0,0,0,0,0,2,2,0,2,0,0,0,0,0,0,0,1.22,74,74,74,0,1.22,-1,-1,-1,9,0,6.37,0,69,28.78,23.50,47,47,12.50,25,0,15.31,17,0.00,0.00,1.00,2,0.00,1.00,0.61,0.50,1,0.00,2.00,0.00,0.00,0.00,2.00,3.00,1.00,0.00,0.00,0.00,4.50,0.00,0.00,0.00,0.00,0.50,0.00,0.00,0,0,,0,0.00,25,0,0.00,45,0,0.00,30,0,0,2,25,0.00,99,0,4,2.45,97,2,92,1.22,65,0,0.00,99,0,0.00,0,0,0.00,0,1.22,70,9,5.51,99,6,3.67,66.67,0,0.00,0,0,0,0.00,0,2,0.00,65,1.22,30,N/A,N/A,N/A,N/A,0.00,0,0.00,0,0.00,0.00,0,53.19,0.00,45,2,1.50,1.84,3,99,81,0,0,0,0.00,0.00,0,56,12.73,3.00,3.67,6,0,0.00,0.00,99,0.00,0,0,0,0.00,0.00,0,0.00,0.00,0.00,0.00,0,0,0.00,72,0,0,71,70,0.14,42,0.07,0.09,0.00,27,0.00,0.00,99,10,5.00,6.12,4.29,3.50,99,7,0.00,25,15,91,91,0,71,56,0,0.00,99,1,0.00,0.61,23.88,19.50,39,18,99,99,11.02,9.00,46.15,4,2.45,4,0,50.00,0,0.00,99,1,0.50,0.61,81,24,77,73,0,0,0,0,0,51,71,84,80,0,99,41,52,99,2,100,99,38,0,0
Grant Gilmore,17,1213513200,2008/06/15,MLS Next Pro,2026,Midfielder,Colorado Rapids II,90,90,0,USA,1,1,0,0,0,0,0,0,0,0,0,0,0,0,2,2,0,0,0,0,0,0,0,0,0,2,45,90,0,0,0,-1,-1,-1,5,0,3.42,0,69,57.00,38.00,91,76,35.50,71,98,53.25,94,0.00,0.00,0.00,0,0.00,0.00,0.00,0.00,0,0.00,0.00,0.00,0.00,0.00,0.50,0.00,1.00,0.00,1.50,1.00,0.00,0.00,0.00,0.06,0.00,1.00,0.00,0.00,0,0,,2,1.00,71,0,0.00,45,2,1.50,83,0,0,1,11,0.00,99,0,1,0.75,58,0,48,0.00,30,0,0.00,99,0,0.00,0,0,0.00,0,0.00,24,0,0.00,18,0,0.00,0.00,0,0.00,0,0,0,0.00,0,2,0.00,30,1.50,48,N/A,N/A,N/A,N/A,0.00,0,0.00,0,0.11,0.00,0,93.42,0.00,45,99,0.00,0.00,0,28,28,0,0,0,0.00,0.00,0,56,6.83,4.50,6.75,9,0,0.00,0.00,99,0.00,0,0,0,0.00,0.00,0,0.00,0.00,0.00,0.00,0,0,0.00,72,0,0,71,36,0.16,59,0.08,0.12,0.11,55,0.06,0.08,7,0,0.00,0.00,0.00,0.00,12,0,0.08,54,0,99,91,0,71,88,0,0.00,99,2,0.00,1.50,2.25,1.50,3,2,14,11,1.50,1.00,66.67,0,0.00,99,0,0.00,0,0.00,99,0,0.00,0.00,48,3,77,73,0,0,0,0,0,51,71,84,80,0,99,41,52,52,0,0,59,55,0,0
Griffin Dillon,22,1051254000,2003/04/25,MLS Next Pro,2026,Midfielder,Real Monarchs,77,77,0,USA,1,1,0,0,0,0,0,0,0,0,0,0,0,0,1,1,0,0,0,0,0,0,0,0,0,1.17,77,77,0,0,0,-1,-1,-1,13,0,7.26,0,69,93.51,80.00,99,80,71.00,71,85,82.99,99,0.00,0.00,0.00,0,0.00,0.00,0.00,0.00,0,0.00,0.00,0.00,0.00,0.00,1.00,0.00,1.00,0.00,2.34,1.00,0.00,0.00,1.00,0.17,0.00,0.00,0.00,0.00,0,0,,2,2.00,82,1,1.17,89,1,1.17,76,1,0,1,11,0.00,99,0,1,1.17,76,0,48,0.00,30,0,0.00,99,0,0.00,0,0,0.00,0,0.00,24,0,0.00,18,0,0.00,0.00,0,0.00,0,0,0,0.00,0,1,0.00,65,1.17,28,N/A,N/A,N/A,N/A,0.00,0,0.00,0,0.17,0.00,0,88.75,50.00,87,14,1.00,1.17,1,28,28,0,0,0,0.00,0.00,0,56,7.26,0.00,0.00,0,0,0.00,0.00,99,0.00,0,0,1,1.00,1.17,0,0.00,0.00,0.00,0.00,0,0,0.00,72,0,0,71,70,0.16,73,0.16,0.19,0.17,71,0.17,0.20,58,1,1.00,1.17,1.17,1.00,58,1,0.20,70,87,15,99,0,71,20,0,0.00,99,0,0.00,0.00,2.34,2.00,2,1,10,11,1.17,1.00,50.00,0,0.00,99,0,0.00,0,0.00,99,0,0.00,0.00,48,3,77,96,0,0,0,0,0,51,71,84,80,0,99,41,52,52,0,0,59,27,0,0
Gunther Rankenburg,26,939106800,1999/10/05,MLS Next Pro,2026,Midfielder,Connecticut United,90,0,90,USA,1,0,1,0,0,0,0,0,0,0,0,0,0,0,1,0,1,0,0,0,0,0,0,0,0,1,90,90,0,0,0,-1,-1,-1,7,0,6.22,0,69,24.00,24.00,31,24,20.00,20,59,20.00,38,0.00,0.00,0.00,0,0.00,0.00,1.00,1.00,1,0.00,0.00,0.00,0.00,0.00,0.00,0.00,1.00,0.00,0.00,0.00,0.00,0.00,0.00,0.00,0.00,0.00,0.00,0.00,0,0,,0,0.00,25,0,0.00,45,0,0.00,30,0,0,1,39,0.00,99,0,0,0.00,25,0,48,0.00,30,0,0.00,99,0,0.00,0,0,0.00,0,0.00,24,0,0.00,18,0,0.00,0.00,0,0.00,0,0,0,0.00,0,1,0.00,74,1.00,25,N/A,N/A,N/A,N/A,0.00,0,0.00,0,0.00,0.00,0,83.33,0.00,45,99,0.00,0.00,0,28,28,0,0,0,0.00,0.00,0,56,6.22,1.00,1.00,1,0,0.00,0.00,99,0.00,0,0,0,0.00,0.00,0,0.00,0.00,0.00,0.00,0,0,0.00,72,0,0,71,78,0.04,12,0.04,0.04,0.00,27,0.00,0.00,7,0,0.00,0.00,0.00,0.00,12,0,0.00,25,12,56,91,0,71,20,0,0.00,99,0,0.00,0.00,1.00,1.00,1,1,10,7,1.00,1.00,100.00,0,0.00,99,0,0.00,0,0.00,99,0,0.00,0.00,48,3,77,73,0,0,0,0,0,51,71,84,80,0,99,41,52,52,0,0,59,23,0,0
Gustavo Andrés Caraballo Delgado,17,1219993200,2008/08/29,MLS Next Pro,2026,Midfielder,Orlando City II,240,150,90,USA,4,3,1,2,2,0,2,1,1,0,0,0,0,0,5,3,2,1,0,1.5,0.75,0.75,1.2,0,120,1.88,48,60,240,120,0.38,-1,-1,-1,2,0,7.46,0.5,98,23.04,16.00,28,64,12.50,50,36,18.00,30,0.00,0.00,1.75,7,0.00,2.75,1.44,1.00,4,0.00,1.00,0.00,0.00,0.00,0.00,0.75,1.50,5.50,3.96,1.25,2.50,0.00,1.50,0.54,0.00,0.00,0.00,0.00,0,0,,11,2.75,97,6,2.16,99,5,1.80,88,0,1,2,58,0.00,99,0,0,0.00,25,11,67,3.96,93,0,0.00,99,0,0.00,0,0,0.00,0,2.52,96,10,3.60,95,3,1.08,30.00,0,0.00,0,0,0,0.00,0,6,0.00,33,2.16,74,N/A,N/A,N/A,N/A,0.00,0,0.00,0,2.16,0.00,0,78.12,54.55,88,32,0.50,0.72,2,82,38,0,0,0,0.00,0.00,0,56,29.82,0.00,0.00,0,0,0.00,0.00,99,0.00,0,0,0,0.00,0.00,0,0.00,0.00,0.36,0.25,1,0,18.18,82,18,85,77,37,1.52,97,0.38,0.55,2.16,97,0.54,0.78,77,5,1.25,1.80,1.44,1.00,72,4,0.78,97,93,15,91,0,83,20,0,0.00,99,0,0.00,0.00,10.44,7.25,29,12,61,79,4.32,3.00,41.38,4,1.44,22,0,27.27,0,0.00,99,3,0.75,1.08,91,24,93,73,0,1,0,25,0,99,95,84,98,0,99,41,74,80,1,25,81,65,0,0
Harbor Miller,18,1182409200,2007/06/21,MLS Next Pro,2026,Midfielder,LA Galaxy II,69,69,0,USA,1,1,0,0,0,0,1,1,0,0,0,0,0,0,2,2,0,0,0,1.3,1.3,0,0,0,0,2.61,35,69,0,69,0,-1,-1,-1,4,0,7.22,1,99,49.57,38.00,84,38,34.00,34,89,44.35,86,0.00,0.00,3.00,3,0.00,0.00,1.30,1.00,1,0.00,0.00,0.00,0.00,0.00,0.00,0.00,2.00,0.00,2.61,0.00,1.00,0.00,2.00,0.22,0.00,0.00,0.00,0.00,0,0,,2,2.00,87,2,2.61,99,0,0.00,30,2,0,1,54,0.00,99,0,0,0.00,25,0,48,0.00,30,0,0.00,99,0,0.00,0,0,0.00,0,3.91,99,1,1.30,60,0,0.00,0.00,0,0.00,0,0,0,0.00,0,2,0.00,8,2.61,83,N/A,N/A,N/A,N/A,0.00,0,0.00,0,0.22,0.00,0,89.47,100.00,99,99,0.00,0.00,0,28,28,0,0,0,0.00,0.00,0,56,7.22,0.00,0.00,0,0,0.00,0.00,99,0.00,0,0,0,0.00,0.00,0,0.00,0.00,0.00,0.00,0,0,0.00,72,0,0,71,12,0.73,99,0.73,0.95,0.22,79,0.22,0.29,7,0,0.00,0.00,1.30,1.00,66,1,0.29,78,85,15,91,0,71,20,0,0.00,99,0,0.00,0.00,3.91,3.00,3,1,11,15,1.30,1.00,33.33,0,0.00,99,0,0.00,0,0.00,99,0,0.00,0.00,48,3,77,99,0,0,0,0,0,97,71,84,80,0,99,41,52,52,0,0,59,26,0,0
Harvey Sarajian,56,N/A,N/A,MLS Next Pro,2026,Forward,Orlando City II,270,180,90,USA,3,2,1,1,0,1,3,2,1,0,0,0,0,0,7,5,2,0,0,1.33,1,0.33,0,1,270,2.33,39,90,0,90,0,-1,-1,-1,3,0,8.03,1,99,22.71,26.50,26,53,17.00,34,5,14.57,15,0.00,0.00,3.50,7,0.00,2.50,0.86,1.00,2,0.00,1.50,0.00,0.00,0.00,0.00,1.50,3.00,9.00,3.86,3.50,2.50,0.00,1.00,0.60,0.00,0.50,0.00,0.00,0,0,,9,4.50,96,2,0.86,83,7,3.00,99,0,0,3,35,0.00,99,0,0,0.00,25,5,82,2.14,78,0,0.00,99,0,0.00,0,0,0.00,0,3.00,99,5,2.14,80,3,1.29,60.00,0,0.00,0,0,0,0.00,0,6,0.00,15,2.57,83,N/A,N/A,N/A,N/A,0.00,0,0.00,0,1.21,0.00,0,64.15,22.22,52,25,1.00,0.86,2,85,70,0,0,0,0.50,0.43,1,84,16.05,1.00,0.86,2,0,0.00,0.00,99,0.00,0,0,1,0.50,0.43,0,0.00,0.00,0.00,0.00,0,0,11.11,76,46,33,91,20,1.45,98,0.72,0.62,1.21,91,0.60,0.52,42,2,1.00,0.86,0.86,1.00,45,2,0.52,91,99,51,99,0,71,46,0,0.00,99,1,0.00,0.43,7.71,9.00,18,8,38,49,3.43,4.00,44.44,3,1.29,26,0,40.00,0,0.00,99,2,1.00,0.86,88,60,77,73,0,0,0,0,0,98,82,98,80,0,99,41,52,52,0,0,59,23,0,0
Hugo Berg,56,N/A,N/A,MLS Next Pro,2026,Midfielder,Chicago Fire II,188,8,180,,3,1,2,0,0,0,0,0,0,0,0,0,0,0,3,0,3,1,0,0,0,0,0,0,0,1.44,63,63,188,0,0.48,-1,-1,-1,15,0,4.75,0,69,22.08,13.00,25,52,9.00,36,14,15.28,17,0.00,0.00,0.00,0,0.00,0.75,0.42,0.25,1,0.00,0.00,0.00,0.00,0.00,0.50,0.25,0.75,0.00,0.85,0.25,0.25,0.00,0.25,0.04,0.00,0.50,0.00,0.00,0,0,,2,0.50,52,1,0.42,62,1,0.42,47,0,1,2,21,0.00,99,0,2,0.85,61,3,48,1.27,67,0,0.00,99,0,0.00,0,0,0.00,0,0.00,24,1,0.42,27,1,0.42,100.00,0,0.00,0,0,0,0.00,0,3,0.00,49,1.27,31,N/A,N/A,N/A,N/A,0.00,0,0.00,0,0.17,0.00,0,69.23,50.00,87,52,0.25,0.42,1,47,99,0,0,0,0.00,0.00,0,56,18.98,1.00,1.70,4,0,0.00,0.00,99,0.00,0,0,0,0.00,0.00,0,0.00,0.00,0.00,0.00,0,0,0.00,72,2,33,71,53,0.09,12,0.02,0.04,0.17,53,0.04,0.07,22,1,0.25,0.42,1.70,1.00,79,4,0.07,52,4,76,91,0,71,67,0,0.00,99,2,0.00,0.85,4.25,2.50,10,5,21,16,2.12,1.25,50.00,0,0.00,99,0,0.00,0,0.00,99,0,0.00,0.00,48,24,93,73,0,0,0,0,0,51,71,84,80,0,99,41,66,87,1,33,89,62,0,0
Hugo Mbongue,21,1090652400,2004/07/24,MLS Next Pro,2026,Forward,Crown Legacy,270,270,0,Canada,3,3,0,1,1,0,1,1,0,0,0,2,2,0,2,2,0,0,0,0.67,0.33,0.33,0.33,0,270,0.67,135,90,0,270,0,-1,-1,-1,6,0,7.14,0.33,85,18.07,18.00,11,54,11.33,34,3,11.38,7,0.00,0.00,0.67,2,0.00,0.00,0.67,0.67,2,0.00,1.00,0.00,0.00,0.00,0.33,1.33,0.67,4.00,1.34,0.67,1.67,0.00,0.67,0.32,0.00,1.33,0.00,0.00,0,0,,4,1.33,65,2,0.67,75,2,0.67,58,0,0,3,28,0.00,99,0,1,0.33,37,0,48,0.00,30,0,0.00,99,0,0.00,0,0,0.00,0,0.67,49,5,1.67,71,4,1.34,80.00,0,0.00,0,0,0,0.00,0,2,0.00,87,0.67,12,N/A,N/A,N/A,N/A,0.00,0,0.00,0,0.95,0.00,0,62.96,50.00,87,18,1.00,1.00,3,87,85,0,0,0,0.67,0.67,2,88,21.42,0.33,0.33,1,0,0.00,0.00,99,0.00,0,0,1,0.33,0.33,0,0.00,0.00,0.33,0.33,1,0,25.00,90,46,33,91,92,0.76,79,0.25,0.25,0.95,81,0.32,0.32,74,5,1.67,1.67,0.67,0.67,35,2,0.32,81,79,24,96,0,81,85,0,0.00,99,4,0.00,1.34,8.03,8.00,24,15,72,54,5.02,5.00,62.50,3,1.00,37,0,0.00,0,0.00,99,0,0.00,0.00,48,60,77,73,0,0,0,0,0,87,82,84,84,0,99,97,52,52,0,0,59,83,0,0
Hunter Sulte,23,1019718000,2002/04/25,MLS Next Pro,2026,Goalkeeper,Portland Timbers II,180,90,90,USA,2,1,1,0,0,0,0,0,0,0,0,1,1,0,4,0,4,0,0,0,0,0,0,0,0,2,45,90,0,0,0,-1,-1,-1,12,0,6.01,0,69,17.57,20.50,10,41,14.00,28,11,12.00,9,0.00,0.00,0.00,0,0.00,0.00,0.00,0.00,0,0.00,0.00,0.00,0.00,3.00,0.00,0.00,5.50,0.00,0.00,0.00,0.00,0.00,0.00,0.00,0.00,0.00,0.00,0.00,0,0,,0,0.00,25,0,0.00,45,0,0.00,30,0,0,2,11,0.00,99,0,0,0.00,25,0,48,0.00,30,0,0.00,99,0,0.00,0,0,0.00,0,0.00,24,0,0.00,18,0,0.00,0.00,0,0.00,0,6,25,2.57,42,11,0.00,30,4.71,97,N/A,N/A,N/A,N/A,54.55,0,0.00,0,0.00,0.00,0,68.29,0.00,45,99,0.00,0.00,0,28,28,0,0,3,0.00,0.00,0,56,12.02,0.50,0.43,1,0,0.00,0.00,99,0.00,0,0,0,0.00,0.00,0,0.00,0.00,0.00,0.00,0,0,0.00,72,0,0,71,36,0.06,6,0.03,0.03,0.00,27,0.00,0.00,25,1,0.50,0.43,0.00,0.00,12,0,0.00,25,11,32,91,0,71,20,0,0.00,99,0,0.00,0.00,0.43,0.50,1,1,6,6,0.43,0.50,100.00,0,0.00,99,0,0.00,0,0.00,99,0,0.00,0.00,48,24,77,73,0,0,0,0,0,51,71,84,80,0,99,90,52,52,0,0,59,26,0,0
Ian Murphy,26,948009600,2000/01/16,MLS Next Pro,2026,Defender,Colorado Rapids II,71,71,0,USA,1,1,0,0,0,0,0,0,0,0,0,0,0,0,1,1,0,2,1,0,0,0,0,0,0,1.27,71,71,24,0,3.8,-1,-1,-1,6,0,6.33,0,69,87.46,69.00,99,69,58.00,58,61,73.52,99,0.00,0.00,1.00,1,0.00,0.00,0.00,0.00,0,0.00,0.00,0.00,0.00,0.00,5.00,0.00,1.00,0.00,0.00,0.00,0.00,0.00,0.00,0.00,0.00,0.00,0.00,0.00,0,0,,0,0.00,25,0,0.00,45,0,0.00,30,0,0,1,11,0.00,99,0,5,6.34,99,0,48,0.00,30,0,0.00,99,0,0.00,0,0,0.00,0,1.27,71,0,0.00,18,0,0.00,0.00,0,0.00,0,0,0,0.00,0,1,0.00,58,1.27,31,N/A,N/A,N/A,N/A,0.00,0,0.00,0,0.00,0.00,0,84.06,0.00,45,99,0.00,0.00,0,28,28,0,0,0,0.00,0.00,0,56,6.33,2.00,2.54,2,0,0.00,0.00,99,0.00,0,0,0,0.00,0.00,0,0.00,0.00,0.00,0.00,0,0,0.00,72,0,0,71,63,0.16,73,0.16,0.20,0.00,27,0.00,0.00,7,0,0.00,0.00,5.07,4.00,99,4,0.00,25,15,83,91,0,71,20,0,0.00,99,0,0.00,0.00,6.34,5.00,5,0,2,33,0.00,0.00,0.00,0,0.00,99,0,0.00,0,0.00,99,0,0.00,0.00,48,3,77,73,0,0,0,0,0,51,71,84,80,0,99,41,52,99,1,100,99,19,0,0
Ian Urkidi,19,1172044800,2007/02/21,MLS Next Pro,2026,Midfielder,Inter Miami II,270,90,180,USA,3,1,2,0,0,0,0,0,0,0,0,0,0,0,6,1,5,1,0,0,0,0,0,0,0,2,45,90,270,0,0.33,-1,-1,-1,15,0,6.65,0,69,45.67,45.67,79,137,37.00,111,47,37.00,76,0.00,0.00,0.67,2,0.00,0.33,1.67,1.67,5,0.00,0.67,0.00,0.00,0.00,1.67,0.33,2.33,0.00,0.00,0.00,0.67,0.00,0.00,0.00,0.00,1.33,0.00,0.00,0,0,,0,0.00,25,0,0.00,45,0,0.00,30,0,0,3,65,0.00,99,0,5,1.67,87,1,99,0.33,36,0,0.00,99,0,0.00,0,0,0.00,0,0.67,49,2,0.67,38,1,0.33,50.00,0,0.00,0,0,0,0.00,0,7,0.00,30,2.33,79,N/A,N/A,N/A,N/A,0.00,0,0.00,0,0.00,0.00,0,81.02,0.00,45,2,2.33,2.33,7,40,64,0,0,0,0.33,0.33,1,74,19.94,0.33,0.33,1,0,0.00,0.00,99,0.00,0,0,0,0.00,0.00,0,0.00,0.00,0.00,0.00,0,0,0.00,72,46,33,71,36,0.33,54,0.11,0.11,0.00,27,0.00,0.00,52,3,1.00,1.00,1.67,1.67,79,5,0.00,25,30,24,91,0,71,85,0,0.00,99,4,0.00,1.33,9.00,9.00,27,13,61,65,4.33,4.33,48.15,2,0.67,51,0,100.00,0,0.00,99,1,0.33,0.33,62,60,77,73,0,0,0,0,0,51,71,84,80,0,99,41,81,75,1,33,89,55,0,0
Ibrahim Kasule,22,1077004800,2004/02/17,MLS Next Pro,2026,Midfielder,Connecticut United,299,0,299,Uganda,4,0,4,2,0,2,0,0,0,0,0,0,0,0,6,0,6,0,0,0.6,0,0.6,0,0.6,150,1.81,50,75,0,0,0,10,91,-1,1,0,7.16,0,69,27.04,16.75,42,67,12.50,50,26,20.18,39,0.00,0.00,1.25,5,0.00,0.50,1.61,1.00,4,0.00,0.75,0.00,0.00,0.00,0.25,0.50,1.25,3.00,2.42,0.75,0.75,0.00,0.75,0.42,0.00,1.00,0.00,0.00,0,0,,6,1.50,84,3,1.21,90,3,1.21,76,0,0,3,63,0.00,99,0,1,0.40,42,2,92,0.81,55,0,0.00,99,0,0.00,0,0,0.00,0,2.02,92,3,1.21,58,2,0.81,66.67,0,0.00,0,0,0,0.00,0,5,0.00,34,2.02,67,N/A,N/A,N/A,N/A,0.00,0,0.00,0,1.69,0.00,0,74.63,50.00,87,99,0.00,0.00,0,71,81,0,0,0,0.25,0.40,1,81,28.65,0.75,1.21,3,0,0.00,0.00,99,0.00,0,0,0,0.00,0.00,0,0.00,0.00,0.40,0.25,1,0,33.33,95,51,85,79,39,0.89,92,0.22,0.36,1.69,96,0.42,0.68,39,2,0.50,0.81,0.81,0.50,43,2,0.68,95,81,62,91,0,85,90,0,0.00,99,4,0.00,1.61,8.88,5.50,22,12,70,63,4.84,3.00,54.55,3,1.21,28,0,50.00,0,0.00,99,1,0.25,0.40,69,60,77,73,0,0,0,0,0,85,92,91,80,0,99,41,52,52,0,0,59,19,0,0
Ignacio Suarez-Couri,56,N/A,N/A,MLS Next Pro,2026,Midfielder,Atlanta United II,17,7,10,,2,1,1,0,0,0,0,0,0,0,0,0,0,0,0,0,0,1,0,0,0,0,0,0,0,0,0,9,17,0,5.29,-1,-1,-1,12,0,3.24,0,69,7.66,1.00,0,4,1.00,4,99,7.66,2,0.00,0.00,0.00,0,0.00,0.00,0.00,0.00,0,0.00,0.00,0.00,0.00,0.00,0.00,0.00,0.00,0.00,0.00,0.00,0.00,0.00,0.00,0.00,0.00,0.00,0.00,0.00,0,0,,0,0.00,25,0,0.00,45,0,0.00,30,0,2,0,11,0.00,99,0,0,0.00,25,0,48,0.00,30,0,0.00,99,0,0.00,0,0,0.00,0,0.00,24,0,0.00,18,0,0.00,0.00,0,0.00,0,0,0,0.00,0,0,0.00,99,0.00,0,N/A,N/A,N/A,N/A,0.00,0,0.00,0,0.00,0.00,0,100.00,0.00,45,99,0.00,0.00,0,28,28,0,0,0,0.00,0.00,0,56,12.96,0.00,0.00,0,0,0.00,0.00,99,0.00,0,0,0,0.00,0.00,0,0.00,0.00,0.00,0.00,0,0,0.00,72,0,0,71,4,0.01,2,0.00,0.02,0.00,27,0.00,0.00,81,1,0.25,1.91,1.91,0.25,84,1,0.00,25,0,15,91,0,71,20,0,0.00,99,0,0.00,0.00,3.83,0.50,2,1,18,15,1.91,0.25,50.00,0,0.00,99,0,0.00,0,0.00,99,0,0.00,0.00,48,0,99,73,0,0,0,0,0,51,71,84,80,0,99,41,52,99,1,50,97,56,0,0
Ilan Ettinger,56,N/A,N/A,MLS Next Pro,2026,Defender,Atlanta United II,90,0,90,,1,0,1,0,0,0,0,0,0,0,0,0,0,0,1,0,1,0,0,0,0,0,0,0,0,1,90,90,0,0,0,-1,-1,-1,16,0,3.42,0,69,23.25,15.50,28,31,11.00,22,16,16.50,24,0.00,0.00,0.00,0,0.00,0.00,1.50,1.00,2,0.00,0.50,0.00,0.00,0.00,1.50,0.00,0.50,0.00,0.00,-0.50,0.00,0.00,0.50,0.04,0.00,1.50,0.00,0.00,0,0,,0,0.00,25,1,0.75,79,-1,-0.75,0,0,0,1,61,0.00,99,0,3,2.25,96,0,48,0.00,30,0,0.00,99,0,0.00,0,0,0.00,0,0.00,24,0,0.00,18,0,0.00,0.00,0,0.00,0,0,0,0.00,0,1,0.00,74,0.75,15,N/A,N/A,N/A,N/A,0.00,0,0.00,0,0.07,0.00,0,70.97,0.00,45,6,1.00,1.50,2,28,28,0,0,0,0.50,0.75,1,91,6.84,1.00,1.50,2,0,0.00,0.00,99,0.00,0,0,0,0.00,0.00,0,0.00,0.00,0.00,0.00,0,0,0.00,72,0,0,71,78,0.04,6,0.02,0.03,0.07,47,0.04,0.05,7,0,0.00,0.00,0.00,0.00,12,0,0.05,45,0,70,91,0,71,98,0,0.00,99,3,0.00,2.25,9.00,6.00,12,5,45,65,3.75,2.50,41.67,1,0.75,47,0,0.00,0,0.00,99,0,0.00,0.00,48,3,77,73,0,0,0,0,0,51,71,84,80,0,99,41,52,52,0,0,59,72,0,0
Immanuel Mathe,20,1138348800,2006/01/27,MLS Next Pro,2026,Midfielder,Whitecaps II,360,180,180,Canada,4,2,2,0,0,0,0,0,0,0,0,0,0,0,11,4,7,1,0,0,0,0,0,0,0,2.75,33,90,360,0,0.25,38,45,-1,5,0,6.60,0,69,50.62,46.80,85,234,41.60,208,87,45.00,87,0.00,0.00,0.00,0,0.00,0.00,1.08,1.00,5,0.00,0.80,0.00,0.00,0.00,1.80,0.60,2.20,0.00,0.43,0.40,1.20,0.00,0.00,0.02,0.00,0.60,0.00,0.00,0,0,,2,0.40,39,0,0.00,45,2,0.43,48,0,0,4,43,0.00,99,0,9,1.95,92,0,48,0.00,30,0,0.00,99,0,0.00,0,0,0.00,0,0.00,24,6,1.30,60,3,0.65,50.00,0,0.00,0,0,0,0.00,0,11,0.00,7,2.38,80,N/A,N/A,N/A,N/A,0.00,0,0.00,0,0.09,0.00,0,88.89,0.00,45,99,0.00,0.00,0,62,64,0,0,0,1.20,1.30,6,97,33.01,4.00,4.33,20,0,0.00,0.00,99,0.00,0,0,0,0.00,0.00,0,0.00,0.00,0.00,0.00,0,0,0.00,72,88,85,71,11,0.46,49,0.09,0.10,0.09,38,0.02,0.02,62,6,1.20,1.30,0.87,0.80,47,4,0.02,36,28,95,91,0,71,58,0,0.00,99,3,0.00,0.65,6.49,6.00,30,17,43,36,3.68,3.40,56.67,4,0.87,44,0,0.00,0,0.00,99,0,0.00,0.00,48,92,77,73,0,0,0,0,0,51,71,84,80,0,99,41,97,65,1,25,81,53,0,0
Isaac Boehmer,24,1006243200,2001/11/20,MLS Next Pro,2026,Goalkeeper,Whitecaps II,180,90,90,USA,2,1,1,0,0,0,0,0,0,0,0,1,0,1,3,3,0,0,0,0,0,0,0,0,0,1.5,60,90,0,0,0,-1,-1,-1,8,0,7.43,0,69,36.86,43.00,61,86,32.00,64,25,27.43,57,0.00,0.00,0.00,0,0.00,0.00,0.00,0.00,0,0.00,0.00,0.00,0.00,5.00,0.00,0.50,5.00,0.00,0.00,0.00,0.50,0.00,0.00,0.00,0.00,0.50,0.00,0.00,0,0,,0,0.00,25,0,0.00,45,0,0.00,30,0,0,2,11,0.00,99,0,0,0.00,25,0,48,0.00,30,0,0.00,99,0,0.00,0,0,0.00,0,0.00,24,1,0.43,30,1,0.43,100.00,0,0.00,0,10,99,4.29,96,10,0.00,46,4.29,95,N/A,N/A,N/A,N/A,100.00,0,0.00,0,0.00,0.00,0,74.42,0.00,45,51,0.50,0.43,1,50,99,0,0,6,0.00,0.00,0,56,14.86,1.00,0.86,2,0,0.00,0.00,99,0.00,0,0,0,0.00,0.00,2,1.00,0.86,0.00,0.00,0,0,0.00,72,0,0,71,51,0.15,24,0.07,0.06,0.00,27,0.00,0.00,7,0,0.00,0.00,0.00,0.00,12,0,0.00,25,93,51,91,93,71,46,0,0.00,99,1,0.00,0.43,1.29,1.50,3,2,9,9,0.86,1.00,66.67,0,0.00,99,0,0.00,0,0.00,99,0,0.00,0.00,48,24,77,73,0,0,0,0,0,51,71,84,80,0,99,90,52,52,0,0,59,32,0,0
Isaac Mwakutuya,18,1189407600,2007/09/10,MLS Next Pro,2026,Midfielder,Houston Dynamo FC II,300,300,0,USA,4,4,0,0,0,0,0,0,0,0,0,4,4,0,0,0,0,1,0,0,0,0,0,0,0,0,0,75,300,0,0.3,95,46,-1,11,0,6.79,0,69,38.40,32.00,64,128,29.50,118,95,35.40,73,0.00,0.00,0.00,0,0.00,0.00,0.90,0.75,3,0.00,0.25,0.00,0.00,0.00,1.25,0.00,0.00,0.00,0.00,0.00,0.00,0.00,0.00,0.00,0.00,0.75,0.00,0.00,0,0,,0,0.00,25,0,0.00,45,0,0.00,30,0,1,3,36,0.00,99,0,5,1.50,85,0,48,0.00,30,0,0.00,99,0,0.00,0,0,0.00,0,0.00,24,0,0.00,18,0,0.00,0.00,0,0.00,0,0,0,0.00,0,0,0.00,99,0.00,0,N/A,N/A,N/A,N/A,0.00,0,0.00,0,0.00,0.00,0,92.19,0.00,45,64,0.25,0.30,1,28,28,0,0,0,0.75,0.90,3,94,27.15,1.25,1.50,5,0,0.00,0.00,99,0.00,0,0,0,0.00,0.00,0,0.00,0.00,0.00,0.00,0,0,0.00,72,52,85,71,4,0.27,37,0.07,0.08,0.00,27,0.00,0.00,31,2,0.50,0.60,1.20,1.00,60,4,0.00,25,47,70,91,0,71,70,0,0.00,99,3,0.00,0.90,5.70,4.75,19,8,22,26,2.40,2.00,42.11,1,0.30,72,0,0.00,0,0.00,99,0,0.00,0.00,48,60,93,73,0,0,0,0,0,51,71,84,80,0,99,99,83,70,1,25,81,30,0,0
Isaac Walker,25,962607600,2000/07/03,MLS Next Pro,2026,Midfielder,Crown Legacy,90,90,0,USA,1,1,0,0,0,0,0,0,0,0,0,1,1,0,0,0,0,1,0,0,0,0,0,0,0,0,0,90,90,0,1,-1,-1,-1,14,0,7.13,0,69,31.00,31.00,51,31,17.00,17,0,17.00,25,0.00,0.00,0.00,0,0.00,0.00,0.00,0.00,0,0.00,0.00,0.00,0.00,3.00,0.00,0.00,3.00,0.00,0.00,0.00,0.00,0.00,0.00,0.00,0.00,0.00,0.00,0.00,0,0,,0,0.00,25,0,0.00,45,0,0.00,30,0,0,1,11,0.00,99,0,0,0.00,25,0,48,0.00,30,0,0.00,99,0,0.00,0,0,0.00,0,0.00,24,0,0.00,18,0,0.00,0.00,0,0.00,0,3,99,3.00,58,3,0.00,99,3.00,89,N/A,N/A,N/A,N/A,100.00,0,0.00,0,0.00,0.00,0,54.84,0.00,45,99,0.00,0.00,0,28,28,0,0,2,0.00,0.00,0,56,7.13,0.00,0.00,0,0,0.00,0.00,99,0.00,0,0,0,0.00,0.00,0,0.00,0.00,0.00,0.00,0,0,0.00,72,0,0,71,4,0.03,6,0.03,0.03,0.00,27,0.00,0.00,7,0,0.00,0.00,0.00,0.00,12,0,0.00,25,79,15,91,0,71,20,0,0.00,99,0,0.00,0.00,0.00,0.00,0,0,2,1,0.00,0.00,0.00,0,0.00,99,0,0.00,0,0.00,99,0,0.00,0.00,48,3,77,73,0,0,0,0,0,51,71,84,80,0,99,99,52,99,1,100,99,42,0,0
Isaiah Jones,19,1144479600,2006/04/08,MLS Next Pro,2026,Midfielder,Chattanooga FC,270,90,180,USA,3,1,2,0,0,0,0,0,0,0,0,1,1,0,4,0,4,3,0,0,0,0,0,0,0,1.33,68,90,90,0,1,-1,-1,-1,12,0,0.00,0,69,0.00,0.00,0,0,0.00,0,0,0.00,0,0.00,0.00,0.00,0,0.00,0.00,0.00,0.00,0,0.00,0.00,0.00,0.00,0.00,0.00,0.00,0.00,0.00,0.00,0.00,0.00,0.00,0.00,0.00,0.00,0.00,0.00,0.00,0,0,,0,0.00,25,0,0.00,45,0,0.00,30,0,0,3,11,0.00,99,0,0,0.00,25,0,48,0.00,30,0,0.00,99,0,0.00,0,0,0.00,0,0.00,24,0,0.00,18,0,0.00,0.00,0,0.00,0,0,0,0.00,0,0,0.00,58,0.00,0,N/A,N/A,N/A,N/A,0.00,0,0.00,0,0.00,0.00,0,0.00,0.00,45,99,0.00,0.00,0,28,28,0,0,0,0.00,0.00,0,56,0.00,0.00,0.00,0,0,0.00,0.00,99,0.00,0,0,0,0.00,0.00,0,0.00,0.00,0.00,0.00,0,0,0.00,72,46,33,71,62,0.00,0,0.00,0.00,0.00,27,0.00,0.00,7,0,0.00,0.00,0.00,0.00,12,0,0.00,25,0,15,91,0,71,20,0,0.00,99,0,0.00,0.00,0.00,0.00,0,0,2,1,0.00,0.00,0.00,0,0.00,99,0,0.00,0,0.00,99,0,0.00,0.00,48,60,77,73,0,0,0,0,0,51,71,84,80,0,99,73,52,99,3,0,59,47,0,0
Ishak Mohammed,34,685868400,1991/09/26,MLS Next Pro,2026,Midfielder,Huntsville City,270,90,180,Cook Islands,3,1,2,3,1,2,0,0,0,0,0,0,0,0,7,2,5,0,0,1,0,1,1,1,90,2.33,39,90,0,0,0,-1,-1,-1,1,0,7.84,0,69,33.30,37.00,55,111,34.67,104,98,31.20,63,0.00,0.00,0.33,1,0.00,1.00,0.60,0.67,2,0.00,0.67,0.00,0.00,0.00,0.67,0.33,2.33,3.50,4.20,3.00,1.00,0.00,1.67,1.11,0.00,0.67,0.00,0.00,0,0,,14,4.67,99,5,1.50,94,9,2.70,98,0,0,3,25,0.00,99,0,2,0.60,52,3,48,0.90,59,0,0.00,99,0,0.00,0,0,0.00,0,0.30,30,3,0.90,48,1,0.30,33.33,0,0.00,0,0,0,0.00,0,7,0.00,15,2.10,71,N/A,N/A,N/A,N/A,0.00,0,0.00,0,3.34,0.00,0,93.69,35.71,66,99,0.00,0.00,0,36,43,0,0,0,0.00,0.00,0,56,23.51,0.00,0.00,0,0,0.00,0.00,99,0.00,0,0,0,0.00,0.00,0,0.00,0.00,0.00,0.00,0,0,28.57,91,46,33,74,20,0.27,37,0.09,0.08,3.34,99,1.11,1.00,60,4,1.33,1.20,0.30,0.33,20,1,1.00,99,98,15,91,0,71,56,0,0.00,99,2,0.00,0.60,5.40,6.00,18,7,21,23,2.10,2.33,38.89,2,0.60,56,0,0.00,0,0.00,99,0,0.00,0.00,48,60,77,73,0,1,0,33,0,95,99,98,96,0,99,41,52,52,0,0,59,23,0,0
Issa Saidi,17,1213945200,2008/06/20,MLS Next Pro,2026,Midfielder,Minnesota United II,35,0,35,USA,3,0,3,0,0,0,0,0,0,0,0,1,0,1,1,0,1,1,0,0,0,0,0,0,0,2.57,35,12,35,0,2.57,-1,-1,-1,8,0,4.77,0,69,28.29,2.75,45,11,1.75,7,3,18.00,30,0.00,0.00,0.00,0,0.00,0.00,0.00,0.00,0,0.00,0.00,0.00,0.00,0.00,0.25,0.00,0.25,0.00,0.00,0.00,0.25,0.00,0.00,0.00,0.00,0.00,0.00,0.00,0,0,,0,0.00,25,0,0.00,45,0,0.00,30,0,0,0,11,0.00,99,0,1,2.57,97,0,48,0.00,30,0,0.00,99,0,0.00,0,0,0.00,0,0.00,24,1,2.57,85,0,0.00,0.00,0,0.00,0,0,0,0.00,0,1,0.00,8,2.57,83,N/A,N/A,N/A,N/A,0.00,0,0.00,0,0.00,0.00,0,63.64,0.00,45,99,0.00,0.00,0,28,28,0,0,0,0.00,0.00,0,56,19.08,0.00,0.00,0,0,0.00,0.00,99,0.00,0,0,0,0.00,0.00,0,0.00,0.00,0.00,0.00,0,0,0.00,72,0,33,71,12,0.02,17,0.01,0.05,0.00,27,0.00,0.00,7,0,0.00,0.00,7.71,0.75,99,3,0.00,25,4,15,91,0,71,20,0,0.00,99,0,0.00,0.00,10.29,1.00,4,0,2,78,0.00,0.00,0.00,0,0.00,99,0,0.00,0,0.00,99,0,0.00,0.00,48,0,77,73,0,0,0,0,0,51,71,84,80,0,99,73,52,99,0,0,59,64,0,0
Izahi Amparo,19,1164268800,2006/11/23,MLS Next Pro,2026,Midfielder,Real Monarchs,219,129,90,USA,4,3,1,0,0,0,1,1,0,0,0,1,0,1,3,3,0,1,0,0.41,0.41,0,0,0,0,1.23,73,55,219,219,0.41,-1,-1,-1,10,0,6.84,0.25,92,43.87,34.00,76,136,30.25,121,88,39.03,79,0.00,0.00,1.00,4,0.00,0.00,1.94,1.50,6,0.00,1.75,0.00,0.00,0.00,0.00,0.25,1.00,0.00,0.65,0.00,0.50,0.00,0.50,0.06,0.00,0.25,0.00,0.00,0,0,,2,0.50,46,2,0.65,74,0,0.00,30,0,2,2,75,0.00,99,0,0,0.00,25,0,48,0.00,30,0,0.00,99,0,0.00,0,0,0.00,0,1.29,73,2,0.65,37,1,0.32,50.00,0,0.00,0,0,0,0.00,0,4,0.00,65,1.29,32,N/A,N/A,N/A,N/A,0.00,0,0.00,0,0.25,0.00,0,88.97,100.00,99,99,0.00,0.00,0,39,64,0,0,0,0.00,0.00,0,56,27.38,0.25,0.32,1,0,0.00,0.00,99,0.00,0,0,0,0.00,0.00,0,0.00,0.00,0.00,0.00,0,0,0.00,72,8,85,71,69,0.98,88,0.24,0.32,0.25,55,0.06,0.08,72,5,1.25,1.61,0.65,0.50,34,2,0.08,54,53,22,91,0,71,33,0,0.00,99,1,0.00,0.32,7.42,5.75,23,13,58,46,4.19,3.25,56.52,7,2.26,7,0,0.00,0,0.00,99,0,0.00,0.00,48,24,99,73,0,0,0,0,0,77,71,84,80,0,99,62,69,84,1,25,81,61,0,0
Jabari Coteau,56,N/A,N/A,MLS Next Pro,2026,Defender,Colorado Rapids II,90,90,0,USA,1,1,0,0,0,0,0,0,0,0,0,0,0,0,4,4,0,1,0,0,0,0,0,0,0,4,23,90,90,0,1,-1,-1,-1,4,0,6.19,0,69,31.00,31.00,51,31,27.00,27,76,27.00,55,0.00,0.00,0.00,0,0.00,2.00,0.00,0.00,0,0.00,0.00,0.00,0.00,0.00,0.00,0.00,4.00,0.00,0.00,0.00,2.00,0.00,0.00,0.00,0.00,1.00,0.00,0.00,0,0,,0,0.00,25,0,0.00,45,0,0.00,30,0,0,1,11,0.00,99,0,0,0.00,25,2,48,2.00,76,0,0.00,99,0,0.00,0,0,0.00,0,0.00,24,2,2.00,77,0,0.00,0.00,0,0.00,0,0,0,0.00,0,4,0.00,0,4.00,94,N/A,N/A,N/A,N/A,0.00,0,0.00,0,0.00,0.00,0,87.10,0.00,45,99,0.00,0.00,0,28,28,0,0,0,2.00,2.00,2,99,6.19,2.00,2.00,2,0,0.00,0.00,99,0.00,0,0,0,0.00,0.00,0,0.00,0.00,0.00,0.00,0,0,0.00,72,0,0,71,5,0.06,24,0.06,0.06,0.00,27,0.00,0.00,98,3,3.00,3.00,0.00,0.00,12,0,0.00,25,12,77,91,0,71,74,0,0.00,99,1,0.00,1.00,7.00,7.00,7,4,54,40,4.00,4.00,57.14,0,0.00,99,0,0.00,0,0.00,99,0,0.00,0.00,48,3,77,73,0,0,0,0,0,51,71,84,80,0,99,41,52,99,1,100,99,45,0,0
Jack Kortkamp,18,1201507200,2008/01/28,MLS Next Pro,2026,Midfielder,Sporting KC II,0,0,0,USA,0,0,0,0,0,0,0,0,0,0,0,0,0,0,0,0,0,0,0,0,0,0,0,0,0,0,0,0,0,0,0,-1,-1,-1,-1,N/A,N/A,N/A,N/A,N/A,N/A,N/A,N/A,N/A,N/A,N/A,N/A,N/A,N/A,N/A,N/A,N/A,N/A,N/A,N/A,N/A,N/A,N/A,N/A,N/A,N/A,N/A,N/A,N/A,N/A,N/A,N/A,N/A,N/A,N/A,N/A,N/A,N/A,N/A,N/A,N/A,N/A,N/A,N/A,N/A,N/A,N/A,N/A,N/A,N/A,N/A,N/A,N/A,N/A,N/A,N/A,N/A,N/A,N/A,N/A,N/A,N/A,N/A,N/A,N/A,N/A,N/A,N/A,N/A,N/A,N/A,N/A,N/A,N/A,N/A,N/A,N/A,N/A,N/A,N/A,N/A,N/A,N/A,N/A,N/A,N/A,N/A,N/A,N/A,N/A,N/A,N/A,N/A,N/A,N/A,N/A,N/A,N/A,N/A,N/A,N/A,N/A,N/A,N/A,N/A,N/A,N/A,N/A,N/A,N/A,N/A,N/A,N/A,N/A,N/A,N/A,N/A,N/A,N/A,N/A,N/A,N/A,N/A,N/A,N/A,N/A,N/A,N/A,N/A,N/A,N/A,N/A,N/A,N/A,N/A,N/A,N/A,N/A,N/A,N/A,N/A,N/A,N/A,N/A,N/A,N/A,N/A,N/A,N/A,N/A,N/A,N/A,N/A,N/A,N/A,N/A,N/A,N/A,N/A,N/A,N/A,N/A,N/A,N/A,N/A,N/A,N/A,N/A,N/A,N/A,N/A,N/A,N/A,N/A,N/A,N/A,N/A,N/A,N/A,N/A,N/A,N/A,N/A,N/A,N/A,N/A,N/A,N/A,N/A,N/A,N/A,N/A,N/A,N/A,N/A,N/A,N/A,N/A,N/A,N/A,N/A,N/A,N/A,N/A,N/A,N/A,N/A,N/A,N/A,N/A,N/A,N/A,N/A,N/A,N/A,N/A,N/A,N/A,N/A,N/A,N/A,N/A,N/A,N/A
Jack Neeley,21,1110528000,2005/03/11,MLS Next Pro,2026,Midfielder,Crown Legacy,178,178,0,USA,2,2,0,0,0,0,0,0,0,0,0,2,2,0,0,0,0,0,0,0,0,0,0,0,0,0,0,89,0,0,0,-1,-1,-1,13,0,6.96,0,69,53.09,52.50,87,105,44.50,89,64,45.00,87,0.00,0.00,0.00,0,0.00,0.00,0.00,0.00,0,0.00,0.00,0.00,0.00,0.00,1.00,0.50,0.00,0.00,0.00,0.00,0.50,0.00,0.00,0.00,0.00,1.50,0.00,0.00,0,0,,0,0.00,25,0,0.00,45,0,0.00,30,1,0,2,11,0.00,99,0,2,1.01,71,0,48,0.00,30,0,0.00,99,0,0.00,0,0,0.00,0,0.00,24,1,0.51,32,1,0.51,100.00,0,0.00,0,0,0,0.00,0,0,0.00,99,0.00,0,N/A,N/A,N/A,N/A,0.00,0,0.00,0,0.00,0.00,0,84.76,0.00,45,99,0.00,0.00,0,55,99,0,0,0,0.50,0.51,1,86,13.92,2.00,2.02,4,0,0.00,0.00,99,0.00,0,0,0,0.00,0.00,0,0.00,0.00,0.00,0.00,0,0,0.00,72,0,0,71,4,0.17,42,0.09,0.09,0.00,27,0.00,0.00,68,3,1.50,1.52,0.51,0.50,30,1,0.00,25,64,77,91,0,71,88,0,0.00,99,3,0.00,1.52,4.55,4.50,9,7,40,16,3.54,3.50,77.78,0,0.00,99,0,0.00,0,0.00,99,0,0.00,0.00,48,24,77,96,0,0,0,0,0,51,71,84,80,0,99,99,52,52,0,0,59,39,0,0
Jacob Izoita,17,1221202800,2008/09/12,MLS Next Pro,2026,Midfielder,Portland Timbers II,50,50,0,USA,2,2,0,0,0,0,0,0,0,0,0,2,2,0,0,0,0,0,0,0,0,0,0,0,0,0,0,25,0,0,0,-1,-1,-1,11,0,5.08,0,69,15.25,5.00,6,20,4.75,19,99,14.49,14,0.00,0.00,0.50,2,0.00,0.25,2.29,0.75,3,0.00,0.00,0.00,0.00,0.00,0.00,0.50,0.00,0.00,0.76,0.00,0.75,0.00,0.25,0.04,0.00,0.00,0.00,0.00,0,0,,1,0.25,50,1,0.76,79,0,0.00,30,0,1,0,82,0.00,99,0,0,0.00,25,1,99,0.76,53,0,0.00,99,0,0.00,0,0,0.00,0,1.53,80,3,2.29,82,2,1.53,66.67,0,0.00,0,0,0,0.00,0,0,0.00,99,0.00,0,N/A,N/A,N/A,N/A,0.00,0,0.00,0,0.15,0.00,0,95.00,100.00,99,99,0.00,0.00,0,91,81,0,0,0,0.00,0.00,0,56,20.32,0.00,0.00,0,0,0.00,0.00,99,0.00,0,0,0,0.00,0.00,0,0.00,0.00,0.76,0.25,1,0,0.00,72,0,0,71,4,0.12,42,0.03,0.09,0.15,61,0.04,0.11,98,4,1.00,3.05,1.53,0.50,75,2,0.11,60,6,15,91,0,94,20,0,0.00,99,0,0.00,0.00,9.92,3.25,13,9,96,75,6.86,2.25,69.23,0,0.00,99,0,100.00,0,0.00,99,1,0.25,0.76,85,0,93,73,0,0,0,0,0,51,71,84,80,0,99,99,52,52,0,0,59,64,0,0
Jacob Molinaro,19,1168934400,2007/01/16,MLS Next Pro,2026,Midfielder,Sporting KC II,450,270,180,USA,5,3,2,0,0,0,0,0,0,0,0,0,0,0,14,8,6,0,0,0,0,0,0,0,0,2.8,32,90,0,0,0,83,75,-1,7,0,6.24,0,69,14.62,15.60,5,78,12.60,63,46,11.81,8,0.00,0.00,0.00,0,0.00,0.00,0.00,0.00,0,0.00,0.00,0.00,0.00,2.60,0.00,0.00,5.00,0.00,0.00,0.00,0.00,0.00,0.00,0.00,0.00,0.40,0.00,0.00,0,0,,0,0.00,25,0,0.00,45,0,0.00,30,0,0,5,11,0.00,99,0,0,0.00,25,0,48,0.00,30,0,0.00,99,0,0.00,0,0,0.00,0,0.00,24,0,0.00,18,0,0.00,0.00,0,0.00,0,13,21,2.44,21,25,0.00,6,4.69,96,N/A,N/A,N/A,N/A,52.00,0,0.00,0,0.00,0.00,0,80.77,0.00,45,99,0.00,0.00,0,28,28,0,0,9,0.00,0.00,0,56,31.21,1.20,1.12,6,1,0.00,0.19,3,0.20,0,0,0,0.00,0.00,1,0.20,0.19,0.00,0.00,0,0,0.00,72,99,99,71,10,0.12,2,0.02,0.02,0.00,27,0.00,0.00,21,2,0.40,0.38,0.19,0.20,13,1,0.00,25,14,60,91,7,71,40,0,0.00,99,2,0.00,0.38,1.12,1.20,6,4,8,8,0.75,0.80,66.67,0,0.00,99,0,0.00,0,0.00,99,0,0.00,0.00,48,99,77,73,0,0,0,0,0,51,71,84,80,0,99,41,52,52,0,0,59,91,0,0
Jaden Chan Tack,18,1197619200,2007/12/14,MLS Next Pro,2026,Midfielder,Colorado Rapids II,206,116,90,USA,3,2,1,0,0,0,0,0,0,0,0,0,0,0,5,2,3,0,0,0,0,0,0,0,0,2.18,41,69,0,0,0,-1,-1,-1,7,0,6.52,0,69,36.23,31.67,60,95,25.33,76,42,28.98,59,0.00,0.00,1.00,3,0.00,1.33,1.14,1.00,3,0.00,1.00,0.00,0.00,0.00,1.67,0.00,1.67,0.00,0.00,0.00,0.00,0.00,0.00,0.00,0.00,0.67,0.00,0.00,0,0,,0,0.00,25,0,0.00,45,0,0.00,30,2,0,3,47,0.00,99,0,5,1.91,91,4,48,1.53,71,0,0.00,99,0,0.00,0,0,0.00,0,1.14,67,0,0.00,18,0,0.00,0.00,0,0.00,0,0,0,0.00,0,5,0.00,19,1.91,62,N/A,N/A,N/A,N/A,0.00,0,0.00,0,0.00,0.00,0,80.00,0.00,45,55,0.33,0.38,1,28,28,0,0,0,0.67,0.76,2,91,19.56,0.33,0.38,1,0,0.00,0.00,99,0.00,0,0,0,0.00,0.00,0,0.00,0.00,0.38,0.33,1,0,0.00,72,5,33,71,24,0.23,42,0.08,0.09,0.00,27,0.00,0.00,7,0,0.00,0.00,0.76,0.67,40,2,0.00,25,21,27,91,0,84,64,0,0.00,99,2,0.00,0.76,4.19,3.67,11,5,18,15,1.91,1.67,45.45,3,1.14,30,0,0.00,0,0.00,99,0,0.00,0.00,48,60,77,99,0,0,0,0,0,51,71,84,80,0,99,41,52,52,0,0,59,56,0,0
Jahmani Jahi Camilo Bell,19,1160550000,2006/10/11,MLS Next Pro,2026,Midfielder,Houston Dynamo FC II,90,90,0,Jamaica,1,1,0,1,1,0,0,0,0,0,0,1,1,0,0,0,0,2,0,1,0,1,1,0,90,0,0,90,45,0,2,-1,-1,-1,7,0,5.15,0,69,41.40,11.50,72,46,10.75,43,98,38.70,79,0.00,0.00,0.75,3,0.00,0.00,0.00,0.00,0,0.00,0.75,0.00,0.00,0.00,0.50,1.00,0.00,4.00,3.60,0.50,1.75,0.00,0.50,0.24,0.00,0.00,0.00,0.00,0,0,,4,1.00,95,2,1.80,96,2,1.80,88,0,0,1,11,0.00,99,0,2,1.80,90,0,48,0.00,30,0,0.00,99,0,0.00,0,0,0.00,0,2.70,97,7,6.30,99,4,3.60,57.14,0,0.00,0,0,0,0.00,0,0,0.00,99,0.00,0,N/A,N/A,N/A,N/A,0.00,0,0.00,0,0.95,0.00,0,93.48,50.00,87,3,0.50,1.80,2,99,66,0,0,0,0.00,0.00,0,56,20.58,0.25,0.90,1,0,0.00,0.00,99,0.00,0,0,0,0.00,0.00,0,0.00,0.00,0.90,0.25,1,0,25.00,90,0,0,74,4,0.17,67,0.04,0.15,0.95,98,0.24,0.85,99,4,1.00,3.60,2.70,0.75,97,3,0.85,97,7,54,91,0,95,20,0,0.00,99,0,0.00,0.00,17.10,4.75,19,8,98,99,7.20,2.00,42.11,3,2.70,3,0,0.00,0,0.00,99,0,0.00,0.00,48,3,77,73,0,0,0,0,0,95,99,84,96,0,99,99,52,99,1,100,99,11,0,0
Jahmarie Justin Kasheem Nolan,16,1257926400,2009/11/11,MLS Next Pro,2026,Midfielder,Toronto II,207,0,207,Jamaica,3,0,3,1,0,1,0,0,0,0,0,2,0,2,2,0,2,0,0,0.43,0,0.43,0,0.43,207,0.87,104,69,0,0,0,-1,-1,-1,1,0,6.77,0,69,14.86,11.67,6,35,9.67,29,57,12.31,9,0.00,0.00,0.33,1,0.00,0.33,1.27,1.00,3,0.00,1.33,0.00,0.00,0.00,0.00,0.00,0.67,5.00,2.12,0.67,0.67,0.00,1.00,0.36,0.00,0.00,0.00,0.00,0,0,,5,1.67,80,3,1.27,92,2,0.85,65,0,1,2,52,0.00,99,0,0,0.00,25,1,48,0.42,40,0,0.00,99,0,0.00,0,0,0.00,0,0.42,36,2,0.85,46,0,0.00,0.00,0,0.00,0,0,0,0.00,0,2,0.00,76,0.85,20,N/A,N/A,N/A,N/A,0.00,0,0.00,0,1.08,0.00,0,82.86,60.00,91,11,1.00,1.27,3,28,28,0,0,0,0.00,0.00,0,56,20.32,0.00,0.00,0,0,0.00,0.00,99,0.00,0,0,0,0.00,0.00,0,0.00,0.00,0.00,0.00,0,0,20.00,84,6,33,83,80,0.11,17,0.04,0.05,1.08,89,0.36,0.46,22,1,0.33,0.42,0.00,0.00,12,0,0.46,88,45,15,91,0,71,20,0,0.00,99,0,0.00,0.00,6.37,5.00,15,4,15,34,1.70,1.33,26.67,4,1.70,16,0,0.00,0,0.00,99,0,0.00,0.00,48,24,93,73,0,0,0,0,0,78,89,88,80,0,99,97,52,52,0,0,59,64,0,0
James Cameron,21,1106553600,2005/01/24,MLS Next Pro,2026,Midfielder,Colorado Rapids II,14,14,0,Canada,1,1,0,0,0,0,0,0,0,0,0,0,0,0,0,0,0,0,0,0,0,0,0,0,0,0,0,14,0,0,0,-1,-1,-1,19,0,6.89,0,69,57.86,9.00,91,9,6.00,6,8,38.57,79,0.00,0.00,0.00,0,0.00,0.00,6.43,1.00,1,0.00,0.00,0.00,0.00,0.00,0.00,1.00,0.00,0.00,6.43,0.00,1.00,0.00,1.00,0.14,0.00,0.00,0.00,0.00,0,0,,1,1.00,99,1,6.43,99,0,0.00,30,0,1,0,99,0.00,99,0,0,0.00,25,0,48,0.00,30,0,0.00,99,0,0.00,0,0,0.00,0,0.00,24,1,6.43,99,1,6.43,100.00,0,0.00,0,0,0,0.00,0,0,0.00,99,0.00,0,N/A,N/A,N/A,N/A,0.00,0,0.00,0,0.14,0.00,0,66.67,100.00,99,99,0.00,0.00,0,99,99,0,0,0,0.00,0.00,0,56,6.89,0.00,0.00,0,0,0.00,0.00,99,0.00,0,0,0,0.00,0.00,0,0.00,0.00,0.00,0.00,0,0,0.00,72,0,0,71,4,0.01,24,0.01,0.06,0.14,98,0.14,0.90,7,0,0.00,0.00,0.00,0.00,12,0,0.90,97,57,15,91,0,71,20,0,0.00,99,0,0.00,0.00,12.86,2.00,2,2,99,92,12.86,2.00,100.00,0,0.00,99,0,0.00,0,0.00,99,0,0.00,0.00,48,0,93,73,0,0,0,0,0,51,71,84,80,0,99,41,52,52,0,0,59,35,0,0
James Donaldson,17,1237532400,2009/03/20,MLS Next Pro,2026,Midfielder,Atlanta United II,0,0,0,USA,0,0,0,0,0,0,0,0,0,0,0,0,0,0,0,0,0,0,0,0,0,0,0,0,0,0,0,0,0,0,0,-1,-1,-1,-1,N/A,N/A,N/A,N/A,N/A,N/A,N/A,N/A,N/A,N/A,N/A,N/A,N/A,N/A,N/A,N/A,N/A,N/A,N/A,N/A,N/A,N/A,N/A,N/A,N/A,N/A,N/A,N/A,N/A,N/A,N/A,N/A,N/A,N/A,N/A,N/A,N/A,N/A,N/A,N/A,N/A,N/A,N/A,N/A,N/A,N/A,N/A,N/A,N/A,N/A,N/A,N/A,N/A,N/A,N/A,N/A,N/A,N/A,N/A,N/A,N/A,N/A,N/A,N/A,N/A,N/A,N/A,N/A,N/A,N/A,N/A,N/A,N/A,N/A,N/A,N/A,N/A,N/A,N/A,N/A,N/A,N/A,N/A,N/A,N/A,N/A,N/A,N/A,N/A,N/A,N/A,N/A,N/A,N/A,N/A,N/A,N/A,N/A,N/A,N/A,N/A,N/A,N/A,N/A,N/A,N/A,N/A,N/A,N/A,N/A,N/A,N/A,N/A,N/A,N/A,N/A,N/A,N/A,N/A,N/A,N/A,N/A,N/A,N/A,N/A,N/A,N/A,N/A,N/A,N/A,N/A,N/A,N/A,N/A,N/A,N/A,N/A,N/A,N/A,N/A,N/A,N/A,N/A,N/A,N/A,N/A,N/A,N/A,N/A,N/A,N/A,N/A,N/A,N/A,N/A,N/A,N/A,N/A,N/A,N/A,N/A,N/A,N/A,N/A,N/A,N/A,N/A,N/A,N/A,N/A,N/A,N/A,N/A,N/A,N/A,N/A,N/A,N/A,N/A,N/A,N/A,N/A,N/A,N/A,N/A,N/A,N/A,N/A,N/A,N/A,N/A,N/A,N/A,N/A,N/A,N/A,N/A,N/A,N/A,N/A,N/A,N/A,N/A,N/A,N/A,N/A,N/A,N/A,N/A,N/A,N/A,N/A,N/A,N/A,N/A,N/A,N/A,N/A,N/A,N/A,N/A,N/A,N/A,N/A
James Rhodes,56,N/A,N/A,MLS Next Pro,2026,Goalkeeper,LA Galaxy II,0,0,0,,0,0,0,0,0,0,0,0,0,0,0,0,0,0,0,0,0,0,0,0,0,0,0,0,0,0,0,0,0,0,0,-1,-1,-1,-1,N/A,N/A,N/A,N/A,N/A,N/A,N/A,N/A,N/A,N/A,N/A,N/A,N/A,N/A,N/A,N/A,N/A,N/A,N/A,N/A,N/A,N/A,N/A,N/A,N/A,N/A,N/A,N/A,N/A,N/A,N/A,N/A,N/A,N/A,N/A,N/A,N/A,N/A,N/A,N/A,N/A,N/A,N/A,N/A,N/A,N/A,N/A,N/A,N/A,N/A,N/A,N/A,N/A,N/A,N/A,N/A,N/A,N/A,N/A,N/A,N/A,N/A,N/A,N/A,N/A,N/A,N/A,N/A,N/A,N/A,N/A,N/A,N/A,N/A,N/A,N/A,N/A,N/A,N/A,N/A,N/A,N/A,N/A,N/A,N/A,N/A,N/A,N/A,N/A,N/A,N/A,N/A,N/A,N/A,N/A,N/A,N/A,N/A,N/A,N/A,N/A,N/A,N/A,N/A,N/A,N/A,N/A,N/A,N/A,N/A,N/A,N/A,N/A,N/A,N/A,N/A,N/A,N/A,N/A,N/A,N/A,N/A,N/A,N/A,N/A,N/A,N/A,N/A,N/A,N/A,N/A,N/A,N/A,N/A,N/A,N/A,N/A,N/A,N/A,N/A,N/A,N/A,N/A,N/A,N/A,N/A,N/A,N/A,N/A,N/A,N/A,N/A,N/A,N/A,N/A,N/A,N/A,N/A,N/A,N/A,N/A,N/A,N/A,N/A,N/A,N/A,N/A,N/A,N/A,N/A,N/A,N/A,N/A,N/A,N/A,N/A,N/A,N/A,N/A,N/A,N/A,N/A,N/A,N/A,N/A,N/A,N/A,N/A,N/A,N/A,N/A,N/A,N/A,N/A,N/A,N/A,N/A,N/A,N/A,N/A,N/A,N/A,N/A,N/A,N/A,N/A,N/A,N/A,N/A,N/A,N/A,N/A,N/A,N/A,N/A,N/A,N/A,N/A,N/A,N/A,N/A,N/A,N/A,N/A
Jason Shokalook,23,1033369200,2002/09/30,MLS Next Pro,2026,Midfielder,Chicago Fire II,90,90,0,USA,1,1,0,1,1,0,0,0,0,0,0,0,0,0,1,1,0,0,0,1,0,1,1,0,90,1,90,90,0,0,0,-1,-1,-1,2,0,7.40,0,69,15.00,15.00,6,15,11.00,11,22,11.00,6,0.00,0.00,1.00,1,0.00,2.00,0.00,0.00,0,0.00,1.00,0.00,0.00,0.00,0.00,0.00,1.00,6.00,6.00,5.00,0.00,0.00,1.00,0.96,0.00,2.00,0.00,0.00,0,0,,6,6.00,99,1,1.00,86,5,5.00,99,0,0,1,11,0.00,99,0,0,0.00,25,2,48,2.00,76,0,0.00,99,0,0.00,0,0,0.00,0,1.00,64,0,0.00,18,0,0.00,0.00,0,0.00,0,0,0,0.00,0,1,0.00,74,1.00,25,N/A,N/A,N/A,N/A,0.00,0,0.00,0,0.96,0.00,0,73.33,16.67,48,99,0.00,0.00,0,28,28,0,0,0,0.00,0.00,0,56,7.40,0.00,0.00,0,0,0.00,0.00,99,0.00,0,0,0,0.00,0.00,0,0.00,0.00,0.00,0.00,0,0,16.67,81,0,0,74,78,0.05,17,0.05,0.05,0.96,99,0.96,0.96,7,0,0.00,0.00,2.00,2.00,86,2,0.96,98,91,15,91,0,71,96,0,0.00,99,2,0.00,2.00,8.00,8.00,8,2,19,53,2.00,2.00,25.00,1,1.00,37,0,0.00,0,0.00,99,0,0.00,0.00,48,3,77,73,0,0,0,0,0,95,99,84,96,0,99,41,52,52,0,0,59,20,0,0
Javier Otero,23,1037606400,2002/11/18,MLS Next Pro,2026,Midfielder,Orlando City II,90,90,0,Spain,1,1,0,0,0,0,0,0,0,0,0,0,0,0,3,3,0,0,0,0,0,0,0,0,0,3,30,90,0,0,0,-1,-1,-1,5,0,6.11,0,69,19.00,19.00,13,19,12.00,12,3,12.00,9,0.00,0.00,0.00,0,0.00,0.00,0.00,0.00,0,0.00,0.00,0.00,0.00,4.00,0.00,0.00,8.00,0.00,0.00,0.00,0.00,0.00,0.00,0.00,0.00,0.00,0.00,0.00,0,0,,0,0.00,25,0,0.00,45,0,0.00,30,0,0,1,11,0.00,99,0,0,0.00,25,0,48,0.00,30,0,0.00,99,0,0.00,0,0,0.00,0,0.00,24,0,0.00,18,0,0.00,0.00,0,0.00,0,4,17,4.00,92,8,0.00,3,8.00,99,N/A,N/A,N/A,N/A,50.00,0,0.00,0,0.00,0.00,0,63.16,0.00,45,99,0.00,0.00,0,28,28,0,0,2,0.00,0.00,0,56,6.11,4.00,4.00,4,0,0.00,0.00,99,0.00,1,0,0,0.00,0.00,0,0.00,0.00,0.00,0.00,0,0,0.00,72,0,0,71,8,0.02,2,0.02,0.02,0.00,27,0.00,0.00,7,0,0.00,0.00,0.00,0.00,12,0,0.00,25,11,94,91,0,71,20,0,0.00,99,0,0.00,0.00,0.00,0.00,0,0,2,1,0.00,0.00,0.00,0,0.00,99,0,0.00,0,0.00,99,0,0.00,0.00,48,3,77,73,0,0,0,0,0,51,71,84,80,0,99,41,52,52,0,0,59,12,0,0
Jayden Da,23,1018249200,2002/04/08,MLS Next Pro,2026,Midfielder,New England II,339,339,0,USA,4,4,0,1,1,0,0,0,0,0,0,2,2,0,1,1,0,2,0,0.27,0,0.27,0.27,0,339,0.27,339,85,170,0,0.53,22,56,-1,1,0,6.92,0,69,17.16,18.50,9,74,13.50,54,21,12.53,10,0.00,0.00,1.25,5,0.00,1.00,0.23,0.25,1,0.00,2.00,0.00,0.00,0.00,0.25,1.00,0.25,15.00,3.48,2.00,2.00,0.00,1.75,0.49,0.00,2.00,0.00,0.00,0,0,,15,3.75,95,7,1.62,95,8,1.86,90,0,0,4,12,0.00,99,0,1,0.23,28,4,65,0.93,61,0,0.00,99,0,0.00,0,0,0.00,0,1.16,68,8,1.86,75,4,0.93,50.00,0,0.00,0,0,0,0.00,0,1,0.00,96,0.23,0,N/A,N/A,N/A,N/A,0.00,0,0.00,0,1.98,0.00,0,72.97,46.67,75,99,0.00,0.00,0,75,64,0,0,0,0.00,0.00,0,56,27.70,0.50,0.46,2,0,0.00,0.00,99,0.00,0,0,0,0.00,0.00,0,0.00,0.00,1.62,1.75,7,0,6.67,73,61,85,94,99,0.27,24,0.07,0.06,1.98,89,0.49,0.46,79,8,2.00,1.86,2.09,2.25,88,9,0.46,88,61,33,91,0,99,94,0,0.00,99,8,0.00,1.86,11.13,12.00,48,21,71,84,4.87,5.25,43.75,8,1.86,12,0,25.00,0,0.00,99,1,0.25,0.23,52,92,77,73,0,0,0,0,0,66,78,84,81,0,99,90,61,91,2,50,97,10,0,0
Jeffrey Jair Caiza Bazurto,20,1117350000,2005/05/29,MLS Next Pro,2026,Midfielder,Carolina Core,360,180,180,Ecuador,4,2,2,0,0,0,0,0,0,0,0,1,0,1,5,3,2,1,0,0,0,0,0,0,0,1.25,72,90,360,0,0.25,57,44,-1,4,0,6.97,0,69,24.23,26.25,33,105,17.00,68,6,15.69,19,0.00,0.00,0.50,2,0.00,3.00,4.15,4.50,18,0.00,0.25,0.00,0.00,0.00,2.00,1.00,1.50,0.00,1.62,1.25,1.00,0.00,0.50,0.15,0.00,0.25,0.00,0.00,0,0,,7,1.75,72,2,0.46,65,5,1.15,75,0,0,4,98,0.00,99,0,8,1.85,90,12,55,2.77,85,0,0.00,99,0,0.00,0,0,0.00,0,0.46,41,4,0.92,49,4,0.92,100.00,0,0.00,0,0,0,0.00,0,6,0.00,64,1.38,40,N/A,N/A,N/A,N/A,0.00,0,0.00,0,0.60,0.00,0,64.76,28.57,59,21,1.00,0.92,4,74,99,0,0,0,0.00,0.00,0,56,27.87,2.50,2.31,10,0,0.00,0.00,99,0.00,0,0,0,0.00,0.00,0,0.00,0.00,0.23,0.25,1,0,0.00,72,88,85,71,69,0.24,24,0.06,0.06,0.60,67,0.15,0.14,48,4,1.00,0.92,1.62,1.75,79,7,0.14,65,66,82,91,0,76,26,0,0.00,99,1,0.00,0.23,9.46,10.25,41,27,91,72,6.23,6.75,65.85,1,0.23,77,0,16.67,0,0.00,99,2,0.50,0.46,75,92,77,73,0,0,0,0,0,51,71,84,80,0,99,62,97,65,1,25,81,17,0,0
Jesús Rafael Barea Barroso,23,1019977200,2002/04/28,MLS Next Pro,2026,Midfielder,Real Monarchs,180,180,0,Spain,2,2,0,1,1,0,1,1,0,0,0,0,0,0,4,4,0,0,0,1,0.5,0.5,0.5,0,180,2,45,90,0,180,0,-1,-1,-1,4,0,7.54,0.5,94,30.75,41.00,51,82,38.00,76,97,28.50,58,0.00,0.00,2.50,5,0.00,1.50,0.38,0.50,1,0.00,1.00,0.00,0.00,0.00,0.50,0.00,2.00,11.00,4.12,4.50,4.50,0.00,1.00,0.62,0.00,0.50,0.00,0.00,0,0,,11,5.50,98,2,0.75,79,9,3.38,99,0,0,2,19,0.00,99,0,1,0.38,41,3,78,1.12,65,0,0.00,99,0,0.00,0,0,0.00,0,1.88,88,9,3.38,93,0,0.00,0.00,0,0.00,0,0,0,0.00,0,4,0.00,30,1.50,48,N/A,N/A,N/A,N/A,0.00,0,0.00,0,1.25,0.00,0,92.68,18.18,48,55,0.50,0.38,1,28,28,0,0,0,0.00,0.00,0,56,15.07,0.00,0.00,0,0,0.00,0.00,99,0.00,0,0,0,0.00,0.00,0,0.00,0.00,0.00,0.00,0,0,9.09,75,0,0,81,36,0.93,91,0.47,0.35,1.25,90,0.62,0.47,81,5,2.50,1.88,0.38,0.50,24,1,0.47,89,96,15,91,0,71,40,0,0.00,99,1,0.00,0.38,7.50,10.00,20,7,27,48,2.62,3.50,35.00,2,0.75,47,0,33.33,0,0.00,99,1,0.50,0.38,67,24,77,73,0,0,0,0,0,95,91,84,90,0,99,41,52,52,0,0,59,36,0,0
Johann Ortiz,19,1167638400,2007/01/01,MLS Next Pro,2026,Midfielder,Sporting KC II,298,208,90,USA,4,3,1,1,0,1,1,0,1,0,0,0,0,0,7,5,2,1,0,0.6,0.3,0.3,0,1,298,2.11,43,75,298,298,0.3,19,14,-1,2,0,6.90,0.25,84,26.12,18.50,39,74,14.25,57,32,20.12,39,0.00,0.00,1.50,6,0.00,1.25,1.06,0.75,3,0.00,0.50,0.00,0.00,0.00,1.25,0.50,1.50,3.00,1.06,0.50,1.75,0.00,0.25,0.20,0.00,0.25,0.00,0.00,0,0,,3,0.75,58,1,0.35,58,2,0.71,60,0,1,3,42,0.00,99,0,5,1.76,89,5,60,1.76,74,0,0.00,99,0,0.00,0,0,0.00,0,2.12,92,7,2.47,84,2,0.71,28.57,0,0.00,0,0,0,0.00,0,6,0.00,21,2.12,72,N/A,N/A,N/A,N/A,0.00,0,0.00,0,0.80,0.00,0,77.03,33.33,65,33,0.50,0.71,2,64,37,1,0,0,0.25,0.35,1,76,27.60,1.00,1.41,4,0,0.00,0.00,99,0.00,0,1,0,0.00,0.00,0,0.00,0.00,0.35,0.25,1,0,33.33,95,50,85,92,26,0.93,90,0.23,0.33,0.10,45,0.03,0.04,65,4,1.00,1.41,2.12,1.50,88,6,0.28,78,58,67,91,0,82,37,0,0.00,99,1,0.00,0.35,8.82,6.25,25,10,40,63,3.53,2.50,40.00,2,0.71,50,0,20.00,0,0.00,99,1,0.25,0.35,64,60,93,73,0,0,0,0,0,85,79,98,80,0,99,41,83,70,1,25,81,76,0,0
John David Gunn,26,948441600,2000/01/21,MLS Next Pro,2026,Midfielder,New England II,180,180,0,Panama,2,2,0,0,0,0,0,0,0,0,0,1,1,0,1,1,0,0,0,0,0,0,0,0,0,0.5,180,90,0,0,0,-1,-1,-1,13,0,6.78,0,69,12.86,15.00,3,30,10.50,21,15,9.00,3,0.00,0.00,0.00,0,0.00,0.00,0.00,0.00,0,0.00,0.00,0.00,0.00,2.00,0.00,0.00,2.50,0.00,0.00,0.00,0.00,0.00,0.00,0.00,0.00,0.00,0.00,0.00,0,0,,0,0.00,25,0,0.00,45,0,0.00,30,0,0,2,11,0.00,99,0,0,0.00,25,0,48,0.00,30,0,0.00,99,0,0.00,0,0,0.00,0,0.00,24,0,0.00,18,0,0.00,0.00,0,0.00,0,4,67,1.71,17,5,0.00,91,2.14,73,N/A,N/A,N/A,N/A,80.00,0,0.00,0,0.00,0.00,0,70.00,0.00,45,99,0.00,0.00,0,28,28,0,0,4,0.00,0.00,0,56,13.56,0.00,0.00,0,0,0.00,0.00,99,0.00,0,0,0,0.00,0.00,0,0.00,0.00,0.00,0.00,0,0,0.00,72,0,0,71,96,0.04,2,0.02,0.02,0.00,27,0.00,0.00,7,0,0.00,0.00,0.00,0.00,12,0,0.00,25,45,15,91,0,71,20,0,0.00,99,0,0.00,0.00,0.00,0.00,0,0,2,1,0.00,0.00,0.00,0,0.00,99,0,0.00,0,0.00,99,0,0.00,0.00,48,24,77,73,0,0,0,0,0,51,71,84,80,0,99,90,52,52,0,0,59,73,0,0
Jonathan Ransom,18,1199779200,2008/01/08,MLS Next Pro,2026,Midfielder,Atlanta United II,270,90,180,USA,3,1,2,0,0,0,0,0,0,0,0,0,0,0,4,1,3,0,0,0,0,0,0,0,0,1.33,68,90,0,0,0,-1,-1,-1,18,0,5.00,0,69,36.60,30.50,60,122,16.75,67,0,20.10,39,0.00,0.00,0.00,0,0.00,0.00,0.00,0.00,0,0.00,0.00,0.00,0.00,2.75,0.25,0.00,4.00,0.00,0.00,0.00,0.00,0.00,0.00,0.00,0.00,0.25,0.00,0.00,0,0,,0,0.00,25,0,0.00,45,0,0.00,30,0,0,3,11,0.00,99,0,1,0.30,33,0,48,0.00,30,0,0.00,99,0,0.00,0,0,0.00,0,0.00,24,0,0.00,18,0,0.00,0.00,0,0.00,0,11,54,3.30,67,16,0.00,58,4.80,97,N/A,N/A,N/A,N/A,68.75,0,0.00,0,0.00,0.00,0,54.92,0.00,45,99,0.00,0.00,0,28,28,0,0,7,0.00,0.00,0,56,20.01,0.00,0.00,0,0,0.00,0.00,99,0.00,0,0,0,0.00,0.00,0,0.00,0.00,0.00,0.00,0,0,0.00,72,46,33,71,62,0.12,12,0.03,0.04,0.00,27,0.00,0.00,7,0,0.00,0.00,0.00,0.00,12,0,0.00,25,5,15,91,0,71,32,0,0.00,99,1,0.00,0.30,0.30,0.25,1,1,3,3,0.30,0.25,100.00,0,0.00,99,0,0.00,0,0.00,99,0,0.00,0.00,48,60,77,73,0,0,0,0,0,51,71,84,80,0,99,41,52,52,0,0,59,51,0,0
Jonathan Shore,18,1176447600,2007/04/13,MLS Next Pro,2026,Midfielder,New York City II,168,78,90,USA,2,1,1,0,0,0,0,0,0,0,0,1,0,1,1,1,0,0,0,0,0,0,0,0,0,0.54,168,84,0,0,0,-1,-1,-1,5,0,7.43,0,69,55.20,46.00,90,92,41.50,83,92,49.80,90,0.00,0.00,2.00,4,0.00,0.00,5.40,4.50,9,0.00,1.50,0.00,0.00,0.00,1.50,0.50,0.50,0.00,3.00,2.00,1.00,0.00,0.50,0.15,0.00,0.00,0.00,0.00,0,0,,5,2.50,90,1,0.60,73,4,2.40,96,1,0,2,99,0.00,99,0,3,1.80,90,0,48,0.00,30,0,0.00,99,0,0.00,0,0,0.00,0,2.40,94,2,1.20,58,1,0.60,50.00,0,0.00,0,0,0,0.00,0,1,0.00,88,0.60,9,N/A,N/A,N/A,N/A,0.00,0,0.00,0,0.30,0.00,0,90.22,20.00,51,14,1.00,1.20,2,60,64,0,0,0,0.00,0.00,0,56,14.86,1.50,1.80,3,0,0.00,0.00,99,0.00,0,0,0,0.00,0.00,0,0.00,0.00,0.00,0.00,0,0,0.00,72,0,0,71,93,0.33,73,0.17,0.20,0.30,69,0.15,0.18,60,2,1.00,1.20,0.60,0.50,33,1,0.18,68,93,76,91,0,71,20,0,0.00,99,0,0.00,0.00,10.80,9.00,18,12,98,81,7.20,6.00,66.67,3,1.80,13,0,0.00,0,0.00,99,0,0.00,0.00,48,24,77,96,0,0,0,0,0,51,71,84,80,0,99,90,52,52,0,0,59,32,0,0
Jordan Griffin,17,1224918000,2008/10/25,MLS Next Pro,2026,Midfielder,Philadelphia Union II,213,180,33,USA,3,2,1,0,0,0,1,0,1,0,0,2,2,0,0,0,0,0,0,0.42,0.42,0,0,0,0,0,0,71,0,213,0,-1,-1,-1,7,0,6.68,0.33,93,32.45,25.00,53,75,17.00,51,10,22.07,45,0.00,0.00,0.33,1,0.00,0.67,1.73,1.33,4,0.00,0.33,0.00,0.00,0.00,1.67,0.67,0.33,0.00,0.00,0.00,1.33,0.00,0.00,0.00,0.00,0.33,0.00,0.00,0,0,,0,0.00,25,0,0.00,45,0,0.00,30,0,0,2,66,0.00,99,0,5,2.16,95,2,92,0.87,58,0,0.00,99,0,0.00,0,0,0.00,0,0.43,39,4,1.73,72,2,0.87,50.00,0,0.00,0,0,0,0.00,0,1,0.00,99,0.43,7,N/A,N/A,N/A,N/A,0.00,0,0.00,0,0.00,0.00,0,68.00,0.00,45,4,1.33,1.73,4,73,64,0,0,0,0.00,0.00,0,56,20.03,2.00,2.60,6,0,0.00,0.00,99,0.00,0,0,0,0.00,0.00,0,0.00,0.00,0.00,0.00,0,0,0.00,72,6,33,71,4,0.72,86,0.24,0.31,0.00,27,0.00,0.00,43,2,0.67,0.87,0.87,0.67,47,2,0.00,25,36,84,91,0,71,46,0,0.00,99,1,0.00,0.43,8.65,6.67,20,9,50,59,3.89,3.00,45.00,1,0.43,64,0,50.00,0,0.00,99,1,0.33,0.43,71,24,77,73,0,0,0,0,0,77,71,84,80,0,99,97,52,52,0,0,59,68,0,0
Jordan Knight,23,1023951600,2002/06/13,MLS Next Pro,2026,Midfielder,Huntsville City,152,90,62,Canada,2,1,1,1,0,1,0,0,0,0,0,0,0,0,3,2,1,1,0,0.59,0,0.59,0,1.45,152,1.78,51,76,152,0,0.59,-1,-1,-1,3,0,7.16,0,69,24.23,24.50,33,49,18.00,36,22,17.80,30,0.00,0.00,0.00,0,0.00,3.00,0.99,1.00,2,0.00,2.50,0.00,0.00,0.00,1.00,2.00,1.50,3.00,1.48,1.00,3.00,0.00,0.50,0.40,0.00,0.50,0.00,0.00,0,0,,3,1.50,68,1,0.49,68,2,0.99,70,1,0,2,39,0.00,99,0,2,0.99,70,6,78,2.97,87,0,0.00,99,0,0.00,0,0,0.00,0,0.00,24,6,2.97,91,4,1.98,66.67,0,0.00,0,0,0,0.00,0,3,0.00,34,1.48,44,N/A,N/A,N/A,N/A,0.00,0,0.00,0,0.79,0.00,0,73.47,33.33,65,99,0.00,0.00,0,96,81,0,0,0,0.00,0.00,0,56,14.32,1.00,0.99,2,0,0.00,0.00,99,0.00,0,0,0,0.00,0.00,0,0.00,0.00,0.49,0.50,1,0,33.33,95,0,0,79,41,0.07,6,0.04,0.03,0.79,87,0.40,0.39,98,6,3.00,2.97,1.48,1.50,73,3,0.39,86,81,56,91,0,88,50,0,0.00,99,1,0.00,0.49,12.86,13.00,26,13,92,92,6.43,6.50,50.00,5,2.47,3,0,33.33,0,0.00,99,2,1.00,0.99,90,24,77,96,0,0,0,0,0,82,92,99,80,0,99,41,60,92,1,50,97,17,0,0
Jorge Alastuey Aperte,22,1052895600,2003/05/14,MLS Next Pro,2026,Midfielder,Austin II,180,180,0,Spain,2,2,0,2,2,0,0,0,0,0,0,0,0,0,6,6,0,0,0,1,0,1,1,0,90,3,30,90,0,0,0,-1,-1,-1,1,0,8.07,0,69,24.86,29.00,36,58,23.00,46,39,19.71,37,0.00,0.00,3.00,6,0.00,5.50,0.43,0.50,1,0.00,2.00,0.00,0.00,0.00,0.00,0.00,3.00,6.00,5.14,3.50,0.50,0.00,2.50,1.07,0.00,0.50,0.00,0.00,0,0,,12,6.00,99,5,2.14,99,7,3.00,99,0,0,2,21,0.00,99,0,0,0.00,25,11,67,4.71,96,0,0.00,99,0,0.00,0,0,0.00,0,2.57,97,1,0.43,30,0,0.00,0.00,0,0.00,0,0,0,0.00,0,6,0.00,3,2.57,83,N/A,N/A,N/A,N/A,0.00,0,0.00,0,2.14,0.00,0,79.31,41.67,71,99,0.00,0.00,0,28,28,0,0,0,0.00,0.00,0,56,16.15,1.50,1.29,3,0,0.00,0.00,99,0.00,0,0,0,0.00,0.00,0,0.00,0.00,0.00,0.00,0,0,16.67,81,0,0,74,8,0.30,63,0.15,0.13,2.14,99,1.07,0.92,75,4,2.00,1.71,0.86,1.00,45,2,0.92,98,99,64,91,0,71,46,0,0.00,99,1,0.00,0.43,6.00,7.00,14,4,16,32,1.71,2.00,28.57,4,1.71,16,0,27.27,0,0.00,99,3,1.50,1.29,94,24,77,73,0,1,0,50,0,95,99,84,96,0,99,41,52,52,0,0,59,10,0,0
Jose Contreras,20,1142668800,2006/03/18,MLS Next Pro,2026,Midfielder,North Texas,285,90,195,USA,4,1,3,0,0,0,2,2,0,0,0,0,0,0,4,1,3,1,0,0.63,0.63,0,0,0,0,1.26,71,71,285,143,0.32,104,3,-1,4,0,7.20,0.5,96,42.00,36.75,73,147,30.25,121,53,34.57,71,0.00,0.00,1.50,6,0.00,2.00,2.29,2.00,8,0.00,0.25,0.00,0.00,0.00,1.50,0.25,1.00,0.00,0.86,0.50,0.50,0.00,0.25,0.06,0.00,0.50,0.00,0.00,0,0,,3,0.75,52,1,0.29,54,2,0.57,55,1,1,3,82,0.00,99,0,6,1.71,88,8,48,2.29,80,0,0.00,99,0,0.00,0,0,0.00,0,1.71,84,2,0.57,33,1,0.29,50.00,0,0.00,0,0,0,0.00,0,4,0.00,59,1.14,27,N/A,N/A,N/A,N/A,0.00,0,0.00,0,0.25,0.00,0,82.31,33.33,65,25,0.75,0.86,3,34,64,0,0,0,0.25,0.29,1,70,28.80,1.50,1.71,6,0,0.00,0.00,99,0.00,0,0,0,0.00,0.00,0,0.00,0.00,1.14,1.00,4,0,0.00,72,48,85,71,63,1.61,97,0.40,0.46,0.25,53,0.06,0.07,66,5,1.25,1.43,1.43,1.25,72,5,0.07,52,84,76,91,0,97,53,0,0.00,99,2,0.00,0.57,8.00,7.00,28,16,65,53,4.57,4.00,57.14,1,0.29,73,0,0.00,0,0.00,99,0,0.00,0.00,48,60,93,96,0,0,0,0,0,86,71,84,80,0,99,41,82,71,1,25,81,20,0,0
Joseph Buck,23,1039507200,2002/12/10,MLS Next Pro,2026,Midfielder,New England II,0,0,0,USA,0,0,0,0,0,0,0,0,0,0,0,0,0,0,0,0,0,0,0,0,0,0,0,0,0,0,0,0,0,0,0,-1,-1,-1,-1,N/A,N/A,N/A,N/A,N/A,N/A,N/A,N/A,N/A,N/A,N/A,N/A,N/A,N/A,N/A,N/A,N/A,N/A,N/A,N/A,N/A,N/A,N/A,N/A,N/A,N/A,N/A,N/A,N/A,N/A,N/A,N/A,N/A,N/A,N/A,N/A,N/A,N/A,N/A,N/A,N/A,N/A,N/A,N/A,N/A,N/A,N/A,N/A,N/A,N/A,N/A,N/A,N/A,N/A,N/A,N/A,N/A,N/A,N/A,N/A,N/A,N/A,N/A,N/A,N/A,N/A,N/A,N/A,N/A,N/A,N/A,N/A,N/A,N/A,N/A,N/A,N/A,N/A,N/A,N/A,N/A,N/A,N/A,N/A,N/A,N/A,N/A,N/A,N/A,N/A,N/A,N/A,N/A,N/A,N/A,N/A,N/A,N/A,N/A,N/A,N/A,N/A,N/A,N/A,N/A,N/A,N/A,N/A,N/A,N/A,N/A,N/A,N/A,N/A,N/A,N/A,N/A,N/A,N/A,N/A,N/A,N/A,N/A,N/A,N/A,N/A,N/A,N/A,N/A,N/A,N/A,N/A,N/A,N/A,N/A,N/A,N/A,N/A,N/A,N/A,N/A,N/A,N/A,N/A,N/A,N/A,N/A,N/A,N/A,N/A,N/A,N/A,N/A,N/A,N/A,N/A,N/A,N/A,N/A,N/A,N/A,N/A,N/A,N/A,N/A,N/A,N/A,N/A,N/A,N/A,N/A,N/A,N/A,N/A,N/A,N/A,N/A,N/A,N/A,N/A,N/A,N/A,N/A,N/A,N/A,N/A,N/A,N/A,N/A,N/A,N/A,N/A,N/A,N/A,N/A,N/A,N/A,N/A,N/A,N/A,N/A,N/A,N/A,N/A,N/A,N/A,N/A,N/A,N/A,N/A,N/A,N/A,N/A,N/A,N/A,N/A,N/A,N/A,N/A,N/A,N/A,N/A,N/A,N/A
Joseph Convers,20,1130482800,2005/10/28,MLS Next Pro,2026,Midfielder,Inter Miami II,360,90,270,USA,5,1,4,0,0,0,1,1,0,0,0,0,0,0,8,1,7,1,0,0.25,0.25,0,0,0,0,2,45,72,360,360,0.25,55,26,-1,13,0,6.58,0.2,81,29.92,25.20,48,126,19.80,99,37,23.51,49,0.00,0.00,1.00,5,0.00,0.60,1.90,1.60,8,0.00,0.60,0.00,0.00,0.00,0.60,0.80,1.80,0.00,0.71,0.60,2.00,0.00,0.00,0.03,0.00,0.60,0.00,0.00,0,0,,3,0.60,48,0,0.00,45,3,0.71,60,1,1,4,73,0.00,99,0,3,0.71,55,3,78,0.71,51,0,0.00,99,0,0.00,0,0,0.00,0,1.19,70,10,2.37,82,4,0.95,40.00,0,0.00,0,0,0,0.00,0,9,0.00,30,2.14,73,N/A,N/A,N/A,N/A,0.00,0,0.00,0,0.15,0.00,0,78.57,0.00,45,8,1.20,1.42,6,76,46,0,0,0,0.20,0.24,1,63,32.91,0.80,0.95,4,0,0.00,0.00,99,0.00,0,0,0,0.00,0.00,0,0.00,0.00,0.00,0.00,0,0,0.00,72,88,99,71,36,0.98,75,0.20,0.23,0.15,45,0.03,0.04,59,5,1.00,1.19,2.37,2.00,93,10,0.04,43,27,56,91,0,71,62,0,0.00,99,3,0.00,0.71,11.40,9.60,48,19,63,85,4.51,3.80,39.58,3,0.71,50,0,33.33,0,0.00,99,1,0.20,0.24,52,92,93,96,0,0,0,0,0,64,71,84,80,0,99,41,97,65,1,20,63,66,0,0
Josh Copeland,20,1122447600,2005/07/27,MLS Next Pro,2026,Midfielder,Colorado Rapids II,215,118,97,USA,4,2,2,0,0,0,0,0,0,0,0,0,0,0,9,5,4,1,0,0,0,0,0,0,0,3.77,24,54,215,0,0.42,-1,-1,-1,3,0,6.24,0,69,10.75,6.00,2,24,3.75,15,2,6.72,1,0.00,0.00,0.25,1,0.00,0.75,1.34,0.75,3,0.00,1.00,0.00,0.00,0.00,0.00,0.00,1.50,0.00,0.90,0.00,0.25,0.00,0.50,0.07,0.00,0.00,0.00,0.00,0,0,,2,0.50,53,2,0.90,84,0,0.00,30,0,2,2,55,0.00,99,0,0,0.00,25,3,78,1.34,67,0,0.00,99,0,0.00,0,0,0.00,0,0.45,40,1,0.45,30,0,0.00,0.00,0,0.00,0,0,0,0.00,0,6,0.00,1,2.69,86,N/A,N/A,N/A,N/A,0.00,0,0.00,0,0.27,0.00,0,62.50,100.00,99,9,0.75,1.34,3,28,28,0,0,0,0.25,0.45,1,85,24.95,0.50,0.90,2,0,0.00,0.00,99,0.00,0,0,0,0.00,0.00,0,0.00,0.00,0.00,0.00,0,0,0.00,72,7,85,71,5,0.07,6,0.02,0.03,0.27,63,0.07,0.12,26,1,0.25,0.45,2.69,1.50,97,6,0.12,61,14,54,91,0,71,20,0,0.00,99,0,0.00,0.00,9.40,5.25,21,4,16,71,1.79,1.00,19.05,4,1.79,14,0,33.33,0,0.00,99,1,0.25,0.45,73,24,99,73,0,0,0,0,0,51,71,84,80,0,99,41,67,86,1,25,81,42,0,0
Joshua Nugent,18,1181026800,2007/06/05,MLS Next Pro,2026,Midfielder,Toronto II,63,0,63,USA,1,0,1,0,0,0,0,0,0,0,0,1,0,1,0,0,0,0,0,0,0,0,0,0,0,0,0,63,0,0,0,-1,-1,-1,7,0,3.18,0,69,11.43,4.00,3,8,4.00,8,99,11.43,7,0.00,0.00,0.00,0,0.00,0.00,1.43,0.50,1,0.00,0.50,0.00,0.00,0.00,0.00,0.00,0.00,0.00,1.43,0.00,0.50,0.00,0.50,0.06,0.00,0.00,0.00,0.00,0,0,,1,0.50,67,1,1.43,93,0,0.00,30,1,0,1,58,0.00,99,0,0,0.00,25,0,48,0.00,30,0,0.00,99,0,0.00,0,0,0.00,0,0.00,24,1,1.43,63,0,0.00,0.00,0,0.00,0,0,0,0.00,0,0,0.00,99,0.00,0,N/A,N/A,N/A,N/A,0.00,0,0.00,0,0.11,0.00,0,100.00,100.00,99,7,0.50,1.43,1,28,28,0,0,0,0.50,1.43,1,97,6.36,0.00,0.00,0,0,0.00,0.00,99,0.00,0,0,0,0.00,0.00,0,0.00,0.00,0.00,0.00,0,0,0.00,72,0,0,71,4,0.02,6,0.01,0.03,0.11,67,0.06,0.16,66,1,0.50,1.43,2.86,1.00,98,2,0.16,66,0,15,91,0,71,20,0,0.00,99,0,0.00,0.00,14.29,5.00,10,2,31,97,2.86,1.00,20.00,1,1.43,22,0,0.00,0,0.00,99,0,0.00,0.00,48,3,77,96,0,0,0,0,0,51,71,84,80,0,99,99,52,52,0,0,59,62,0,0
Joshua Santiago,19,1169107200,2007/01/18,MLS Next Pro,2026,Midfielder,Los Angeles II,3,0,3,USA,1,0,1,0,0,0,0,0,0,0,0,0,0,0,0,0,0,0,0,0,0,0,0,0,0,0,0,3,0,0,0,-1,-1,-1,15,0,0.00,0,69,0.00,0.00,0,0,0.00,0,0,0.00,0,0.00,0.00,0.00,0,0.00,0.00,0.00,0.00,0,0.00,0.00,0.00,0.00,0.00,0.00,0.00,0.00,0.00,0.00,0.00,0.00,0.00,0.00,0.00,0.00,0.00,0.00,0.00,0,0,,0,0.00,25,0,0.00,45,0,0.00,30,0,1,0,11,0.00,99,0,0,0.00,25,0,48,0.00,30,0,0.00,99,0,0.00,0,0,0.00,0,0.00,24,0,0.00,18,0,0.00,0.00,0,0.00,0,0,0,0.00,0,0,0.00,99,0.00,0,N/A,N/A,N/A,N/A,0.00,0,0.00,0,0.00,0.00,0,0.00,0.00,45,99,0.00,0.00,0,28,28,0,0,0,0.00,0.00,0,56,0.00,0.00,0.00,0,0,0.00,0.00,99,0.00,0,0,0,0.00,0.00,0,0.00,0.00,0.00,0.00,0,0,0.00,72,0,0,71,4,0.00,0,0.00,0.00,0.00,27,0.00,0.00,7,0,0.00,0.00,0.00,0.00,12,0,0.00,25,0,15,91,0,71,20,0,0.00,99,0,0.00,0.00,0.00,0.00,0,0,2,1,0.00,0.00,0.00,0,0.00,99,0,0.00,0,0.00,99,0,0.00,0.00,48,0,93,73,0,0,0,0,0,51,71,84,80,0,99,41,52,52,0,0,59,62,0,0
Joshua Torquato,18,1185260400,2007/07/24,MLS Next Pro,2026,Midfielder,North Texas,238,90,148,USA,3,1,2,0,0,0,0,0,0,0,0,0,0,0,4,1,3,2,1,0,0,0,0,0,0,1.51,60,79,119,0,0.76,-1,-1,-1,5,0,6.30,0,69,27.20,27.00,43,81,22.00,66,49,22.16,45,0.00,0.00,0.33,1,0.00,1.00,0.67,0.67,2,0.00,1.33,0.00,0.00,0.00,1.00,1.33,1.33,0.00,0.00,0.00,1.33,0.00,0.00,0.00,0.00,0.00,0.00,0.00,0,0,,0,0.00,25,0,0.00,45,0,0.00,30,0,0,3,28,0.00,99,0,3,1.01,71,3,78,1.01,63,0,0.00,99,0,0.00,0,0,0.00,0,0.34,31,4,1.34,61,4,1.34,100.00,0,0.00,0,0,0,0.00,0,4,0.00,44,1.34,36,N/A,N/A,N/A,N/A,0.00,0,0.00,0,0.00,0.00,0,81.48,0.00,45,59,0.33,0.34,1,87,99,0,0,0,0.00,0.00,0,56,18.89,0.00,0.00,0,0,0.00,0.00,99,0.00,0,0,0,0.00,0.00,0,0.00,0.00,0.00,0.00,0,0,0.00,72,17,33,71,51,0.16,17,0.05,0.05,0.00,27,0.00,0.00,96,8,2.67,2.69,1.34,1.33,68,4,0.00,25,15,15,91,0,71,20,0,0.00,99,0,0.00,0.00,7.72,7.67,23,14,67,50,4.70,4.67,60.87,4,1.34,24,0,33.33,0,0.00,99,1,0.33,0.34,63,60,77,73,0,0,0,0,0,51,71,84,80,0,99,41,55,98,1,33,89,24,0,0
Josue Pfrommer,17,1215586800,2008/07/09,MLS Next Pro,2026,Midfielder,Chicago Fire II,200,20,180,USA,3,1,2,0,0,0,0,0,0,0,0,0,0,0,3,0,3,0,0,0,0,0,0,0,0,1.35,67,67,0,0,0,-1,-1,-1,16,0,6.64,0,69,27.78,23.67,45,71,19.33,58,51,22.70,46,0.00,0.00,0.00,0,0.00,0.00,1.17,1.00,3,0.00,0.33,0.00,0.00,0.00,0.33,0.00,1.00,0.00,0.00,0.00,0.33,0.00,0.00,0.00,0.00,0.67,0.00,0.00,0,0,,0,0.00,25,0,0.00,45,0,0.00,30,0,1,2,49,0.00,99,0,1,0.39,41,0,48,0.00,30,0,0.00,99,0,0.00,0,0,0.00,0,0.00,24,1,0.39,26,0,0.00,0.00,0,0.00,0,0,0,0.00,0,3,0.00,55,1.17,28,N/A,N/A,N/A,N/A,0.00,0,0.00,0,0.00,0.00,0,81.69,0.00,45,99,0.00,0.00,0,28,28,0,0,0,0.67,0.78,2,92,19.93,3.67,4.30,11,0,0.00,0.00,99,0.00,0,0,0,0.00,0.00,0,0.00,0.00,0.00,0.00,0,0,0.00,72,4,33,71,61,0.13,17,0.04,0.05,0.00,27,0.00,0.00,70,4,1.33,1.57,0.39,0.33,24,1,0.00,25,29,95,91,0,71,64,0,0.00,99,2,0.00,0.78,5.87,5.00,15,9,39,29,3.52,3.00,60.00,1,0.39,65,0,0.00,0,0.00,99,0,0.00,0.00,48,24,93,73,0,0,0,0,0,51,71,84,80,0,99,41,52,52,0,0,59,52,0,0
Juan José Mina González,21,1090911600,2004/07/27,MLS Next Pro,2026,Defender,New York RB II,154,64,90,Colombia,2,1,1,0,0,0,1,1,0,0,0,0,0,0,3,2,1,0,0,0.58,0.58,0,0,0,0,1.75,51,77,0,154,0,-1,-1,-1,6,0,7.06,0.5,95,40.60,41.50,70,83,38.00,76,94,37.17,76,0.00,0.00,2.00,4,0.00,2.00,1.47,1.50,3,0.00,0.50,0.00,0.00,0.00,1.00,1.00,1.50,0.00,0.49,0.50,1.00,0.00,0.00,0.03,0.00,0.00,0.00,0.00,0,0,,1,0.50,40,0,0.00,45,1,0.49,52,1,0,2,59,0.00,99,0,2,0.98,69,4,65,1.96,76,0,0.00,99,0,0.00,0,0,0.00,0,1.96,90,2,0.98,50,2,0.98,100.00,0,0.00,0,0,0,0.00,0,3,0.00,36,1.47,43,N/A,N/A,N/A,N/A,0.00,0,0.00,0,0.05,0.00,0,91.57,0.00,45,45,0.50,0.49,1,77,99,0,0,0,0.00,0.00,0,56,14.12,1.50,1.47,3,0,0.00,0.00,99,0.00,0,0,0,0.00,0.00,0,0.00,0.00,0.00,0.00,0,0,0.00,72,0,0,71,41,0.91,96,0.46,0.45,0.05,38,0.03,0.02,67,3,1.50,1.47,1.47,1.50,73,3,0.02,36,76,68,91,0,71,20,0,0.00,99,0,0.00,0.00,6.36,6.50,13,8,51,33,3.91,4.00,61.54,1,0.49,60,0,25.00,0,0.00,99,1,0.50,0.49,77,24,77,96,0,0,0,0,0,82,71,84,80,0,99,41,52,52,0,0,59,20,0,0
Judah Siqueira,17,1238137200,2009/03/27,MLS Next Pro,2026,Midfielder,New England II,197,197,0,USA,4,4,0,0,0,0,0,0,0,0,0,2,2,0,1,1,0,0,0,0,0,0,0,0,0,0.46,197,49,0,0,0,-1,-1,-1,12,0,6.83,0,69,30.54,19.00,50,76,15.50,62,50,24.91,51,0.00,0.00,1.25,5,0.00,2.75,1.61,1.00,4,0.00,2.25,0.00,0.00,0.00,0.25,0.50,0.00,0.00,2.01,0.75,0.75,0.00,0.50,0.12,0.00,0.25,0.00,0.00,0,0,,5,1.25,79,2,0.80,81,3,1.21,76,0,1,2,63,0.00,99,0,1,0.40,42,11,79,4.42,94,0,0.00,99,0,0.00,0,0,0.00,0,2.01,91,3,1.21,58,2,0.80,66.67,0,0.00,0,0,0,0.00,0,0,0.00,92,0.00,0,N/A,N/A,N/A,N/A,0.00,0,0.00,0,0.47,0.00,0,81.58,40.00,70,53,0.25,0.40,1,69,81,0,0,0,0.00,0.00,0,56,27.30,0.25,0.40,1,0,0.00,0.00,99,0.00,0,0,0,0.00,0.00,0,0.00,0.00,0.40,0.25,1,0,0.00,72,2,85,71,96,0.35,67,0.09,0.14,0.47,70,0.12,0.19,99,9,2.25,3.62,1.21,0.75,61,3,0.19,69,52,29,91,0,85,42,0,0.00,99,1,0.00,0.40,13.26,8.25,33,16,92,95,6.43,4.00,48.48,9,3.62,2,0,36.36,0,0.00,99,4,1.00,1.61,97,24,93,73,0,0,0,0,0,51,71,84,80,0,99,90,52,52,0,0,59,65,0,0
Jude Terry,17,1223449200,2008/10/08,MLS Next Pro,2026,Midfielder,Los Angeles II,76,0,76,USA,1,0,1,0,0,0,0,0,0,0,0,0,0,0,0,0,0,0,0,0,0,0,0,0,0,0,0,76,0,0,0,-1,-1,-1,4,0,6.78,0,69,56.84,48.00,91,48,47.00,47,99,55.66,97,0.00,0.00,0.00,0,0.00,1.00,2.37,2.00,2,0.00,0.00,0.00,0.00,0.00,0.00,0.00,0.00,0.00,1.18,1.00,2.00,0.00,0.00,0.04,0.00,1.00,0.00,0.00,0,0,,1,1.00,61,0,0.00,45,1,1.18,76,1,0,1,83,0.00,99,0,0,0.00,25,1,48,1.18,65,0,0.00,99,0,0.00,0,0,0.00,0,0.00,24,2,2.37,82,0,0.00,0.00,0,0.00,0,0,0,0.00,0,0,0.00,99,0.00,0,N/A,N/A,N/A,N/A,0.00,0,0.00,0,0.04,0.00,0,97.92,0.00,45,14,1.00,1.18,1,28,28,0,0,0,0.00,0.00,0,56,6.78,3.00,3.55,3,0,0.00,0.00,99,0.00,0,0,0,0.00,0.00,0,0.00,0.00,0.00,0.00,0,0,0.00,72,0,0,71,4,0.09,54,0.09,0.11,0.04,47,0.04,0.05,58,1,1.00,1.18,2.37,2.00,93,2,0.05,45,45,90,91,0,71,80,0,0.00,99,1,0.00,1.18,10.66,9.00,9,4,68,80,4.74,4.00,44.44,0,0.00,99,0,0.00,0,0.00,99,0,0.00,0.00,48,3,77,96,0,0,0,0,0,51,71,84,80,0,99,41,52,52,0,0,59,22,0,0
Jules Bery,22,1074931200,2004/01/24,MLS Next Pro,2026,Midfielder,Austin II,360,270,90,France,4,3,1,0,0,0,1,1,0,0,0,2,1,1,6,6,0,1,0,0.25,0.25,0,0,0,0,1.5,60,90,360,360,0.25,51,29,-1,5,0,6.85,0.25,81,51.23,55.50,86,222,45.25,181,50,41.77,83,0.00,0.00,1.00,4,0.00,0.00,0.92,1.00,4,0.00,0.00,0.00,0.00,0.00,0.75,0.00,1.50,0.00,0.00,0.00,0.00,0.00,0.00,0.00,0.00,0.50,0.00,0.00,0,0,,0,0.00,25,0,0.00,45,0,0.00,30,0,0,4,36,0.00,99,0,3,0.69,55,0,48,0.00,30,0,0.00,99,0,0.00,0,0,0.00,0,0.92,59,0,0.00,18,0,0.00,0.00,0,0.00,0,0,0,0.00,0,6,0.00,46,1.38,40,N/A,N/A,N/A,N/A,0.00,0,0.00,0,0.00,0.00,0,81.53,0.00,45,70,0.25,0.23,1,28,28,0,0,0,0.00,0.00,0,56,27.39,3.75,3.46,15,0,0.00,0.00,99,0.00,0,0,0,0.00,0.00,0,0.00,0.00,0.00,0.00,0,0,0.00,72,88,85,71,51,1.12,82,0.28,0.26,0.00,27,0.00,0.00,27,2,0.50,0.46,1.15,1.25,57,5,0.00,25,54,90,91,0,71,47,0,0.00,99,2,0.00,0.46,3.69,4.00,16,8,17,15,1.85,2.00,50.00,0,0.00,99,0,0.00,0,0.00,99,0,0.00,0.00,48,92,77,73,0,0,0,0,0,64,71,84,80,0,99,90,97,65,1,25,81,5,0,0
Julian Donnery,20,1120633200,2005/07/06,MLS Next Pro,2026,Midfielder,San Jose Earthquakes II,360,90,270,USA,4,1,3,2,1,1,0,0,0,0,0,1,0,1,4,1,3,0,0,0.5,0,0.5,1,0.33,180,1,90,90,0,0,0,13,105,-1,1,0,7.23,0,69,24.46,26.50,34,106,21.75,87,52,20.08,38,0.00,0.00,1.50,6,0.00,6.00,0.92,1.00,4,0.00,1.50,0.00,0.00,0.00,0.25,0.50,1.00,3.50,1.62,1.25,0.75,0.00,0.50,0.41,0.00,1.25,0.00,0.00,0,0,,7,1.75,72,2,0.46,65,5,1.15,75,0,0,4,36,0.00,99,0,1,0.23,28,24,60,5.54,97,0,0.00,99,0,0.00,0,0,0.00,0,1.38,77,3,0.69,41,2,0.46,66.67,0,0.00,0,0,0,0.00,0,4,0.00,74,0.92,24,N/A,N/A,N/A,N/A,0.00,0,0.00,0,1.63,0.00,0,82.08,28.57,59,47,0.50,0.46,2,52,81,0,0,0,0.00,0.00,0,56,28.93,1.25,1.15,5,0,0.00,0.00,99,0.00,0,0,1,0.25,0.23,0,0.00,0.00,0.23,0.25,1,0,28.57,91,88,85,81,78,0.46,54,0.12,0.11,1.63,86,0.41,0.38,7,0,0.00,0.00,0.69,0.75,37,3,0.38,85,85,61,94,0,76,79,0,0.00,99,5,0.00,1.15,5.77,6.25,25,11,24,28,2.54,2.75,44.00,6,1.38,24,0,20.83,0,0.00,99,5,1.25,1.15,93,92,77,73,0,0,0,0,0,80,91,87,96,0,99,62,52,52,0,0,59,52,0,0
Julian Placias,19,1144306800,2006/04/06,MLS Next Pro,2026,Midfielder,LA Galaxy II,450,180,270,USA,5,2,3,2,2,0,1,1,0,0,0,2,0,2,7,5,2,1,0,0.6,0.2,0.4,1,0,225,1.4,64,90,450,450,0.2,15,43,-1,2,0,7.24,0.2,73,12.21,14.25,3,57,11.50,46,45,9.86,4,0.00,0.00,0.50,2,0.00,0.50,0.86,1.00,4,0.00,1.25,0.00,0.00,0.00,0.00,1.25,1.75,6.50,2.79,2.00,2.00,0.00,1.25,0.55,0.00,1.00,0.00,0.00,0,0,,13,3.25,89,5,1.07,88,8,1.71,88,0,0,4,35,0.00,99,0,0,0.00,25,2,48,0.43,42,0,0.00,99,0,0.00,0,0,0.00,0,0.43,39,8,1.71,72,5,1.07,62.50,0,0.00,0,0,0,0.00,0,7,0.00,51,1.50,48,N/A,N/A,N/A,N/A,0.00,0,0.00,0,2.19,0.00,0,80.70,38.46,67,70,0.25,0.21,1,81,71,0,0,0,0.00,0.00,0,56,28.96,0.25,0.21,1,0,0.00,0.00,99,0.00,0,0,1,0.25,0.21,0,0.00,0.00,0.21,0.25,1,0,15.38,79,99,99,85,56,0.75,69,0.19,0.16,2.19,90,0.55,0.47,55,5,1.25,1.07,1.71,2.00,81,8,0.47,89,86,16,92,0,74,68,0,0.00,99,4,0.00,0.86,8.36,9.75,39,18,49,57,3.86,4.50,46.15,5,1.07,34,0,0.00,0,0.00,99,0,0.00,0.00,48,92,77,73,0,1,0,20,0,85,88,84,96,0,99,76,99,55,1,20,63,57,0,0
Justin Ellis,18,1179126000,2007/05/14,MLS Next Pro,2026,Midfielder,Orlando City II,360,270,90,USA,4,3,1,3,2,1,2,2,0,0,0,0,0,0,10,8,2,0,0,1.25,0.5,0.75,0.67,1,120,2.5,36,90,0,180,0,9,8,-1,1,0,7.71,0.5,94,22.38,24.00,26,96,18.50,74,33,17.25,27,0.00,0.00,2.75,11,0.00,1.00,0.93,1.00,4,0.00,2.25,0.00,0.00,0.00,0.25,2.00,2.75,4.67,3.26,1.50,3.75,0.00,2.00,0.77,0.00,0.00,0.00,0.00,0,0,,14,3.50,92,8,1.87,97,6,1.40,81,0,0,4,37,0.00,99,0,1,0.23,28,4,92,0.93,61,0,0.00,99,0,0.00,0,0,0.00,0,2.56,97,15,3.50,94,8,1.87,53.33,0,0.00,0,0,0,0.00,0,11,0.00,9,2.56,82,N/A,N/A,N/A,N/A,0.00,0,0.00,0,3.09,0.00,0,77.08,57.14,89,99,0.00,0.00,0,94,65,0,0,0,0.25,0.23,1,61,30.84,0.00,0.00,0,0,0.00,0.00,99,0.00,0,0,0,0.00,0.00,0,0.00,0.00,0.70,0.75,3,0,21.43,85,88,85,77,13,1.74,94,0.43,0.41,3.09,97,0.77,0.72,80,8,2.00,1.87,0.70,0.75,38,3,0.72,96,97,15,91,0,92,20,0,0.00,99,0,0.00,0.00,9.33,10.00,40,20,67,70,4.66,5.00,50.00,9,2.10,8,0,50.00,0,0.00,99,2,0.50,0.47,76,92,77,73,0,0,0,0,0,97,95,98,92,0,99,41,52,52,0,0,59,22,0,0
Kaedren Spivey,16,1243494000,2009/05/28,MLS Next Pro,2026,Midfielder,San Jose Earthquakes II,351,90,261,USA,4,1,3,1,0,1,2,0,2,0,0,1,0,1,3,1,2,1,0,0.77,0.51,0.26,0,0.34,351,0.77,117,88,351,176,0.26,23,7,-1,2,0,7.00,0.5,95,22.04,20.75,24,83,17.75,71,67,18.85,33,0.00,0.00,1.50,6,0.00,1.50,0.80,0.75,3,0.00,0.50,0.00,0.00,0.00,0.25,0.25,0.75,13.00,3.45,2.50,1.75,0.00,0.75,0.38,0.00,0.00,0.00,0.00,0,0,,13,3.25,94,3,0.80,81,10,2.65,97,0,0,4,33,0.00,99,0,1,0.27,31,6,92,1.59,72,0,0.00,99,0,0.00,0,0,0.00,0,1.59,81,7,1.86,75,1,0.27,14.29,0,0.00,0,0,0,0.00,0,3,0.00,79,0.80,16,N/A,N/A,N/A,N/A,0.00,0,0.00,0,1.51,0.00,0,85.54,23.08,53,27,0.75,0.80,3,33,29,0,0,0,0.00,0.00,0,56,27.98,0.00,0.00,0,0,0.00,0.00,99,0.00,0,0,0,0.00,0.00,0,0.00,0.00,0.27,0.25,1,0,7.69,73,64,85,94,83,1.48,93,0.37,0.39,1.51,87,0.38,0.40,29,2,0.50,0.53,2.39,2.25,94,9,0.40,86,70,15,91,0,80,20,0,0.00,99,0,0.00,0.00,7.70,7.25,29,6,15,49,1.59,1.50,20.69,2,0.53,58,0,50.00,0,0.00,99,3,0.75,0.80,87,92,77,73,0,0,0,0,0,90,77,87,80,0,99,62,87,66,1,25,81,29,0,0
Kai Longanecker,18,1183618800,2007/07/05,MLS Next Pro,2026,Midfielder,Crown Legacy,0,0,0,USA,0,0,0,0,0,0,0,0,0,0,0,0,0,0,0,0,0,0,0,0,0,0,0,0,0,0,0,0,0,0,0,-1,-1,-1,-1,N/A,N/A,N/A,N/A,N/A,N/A,N/A,N/A,N/A,N/A,N/A,N/A,N/A,N/A,N/A,N/A,N/A,N/A,N/A,N/A,N/A,N/A,N/A,N/A,N/A,N/A,N/A,N/A,N/A,N/A,N/A,N/A,N/A,N/A,N/A,N/A,N/A,N/A,N/A,N/A,N/A,N/A,N/A,N/A,N/A,N/A,N/A,N/A,N/A,N/A,N/A,N/A,N/A,N/A,N/A,N/A,N/A,N/A,N/A,N/A,N/A,N/A,N/A,N/A,N/A,N/A,N/A,N/A,N/A,N/A,N/A,N/A,N/A,N/A,N/A,N/A,N/A,N/A,N/A,N/A,N/A,N/A,N/A,N/A,N/A,N/A,N/A,N/A,N/A,N/A,N/A,N/A,N/A,N/A,N/A,N/A,N/A,N/A,N/A,N/A,N/A,N/A,N/A,N/A,N/A,N/A,N/A,N/A,N/A,N/A,N/A,N/A,N/A,N/A,N/A,N/A,N/A,N/A,N/A,N/A,N/A,N/A,N/A,N/A,N/A,N/A,N/A,N/A,N/A,N/A,N/A,N/A,N/A,N/A,N/A,N/A,N/A,N/A,N/A,N/A,N/A,N/A,N/A,N/A,N/A,N/A,N/A,N/A,N/A,N/A,N/A,N/A,N/A,N/A,N/A,N/A,N/A,N/A,N/A,N/A,N/A,N/A,N/A,N/A,N/A,N/A,N/A,N/A,N/A,N/A,N/A,N/A,N/A,N/A,N/A,N/A,N/A,N/A,N/A,N/A,N/A,N/A,N/A,N/A,N/A,N/A,N/A,N/A,N/A,N/A,N/A,N/A,N/A,N/A,N/A,N/A,N/A,N/A,N/A,N/A,N/A,N/A,N/A,N/A,N/A,N/A,N/A,N/A,N/A,N/A,N/A,N/A,N/A,N/A,N/A,N/A,N/A,N/A,N/A,N/A,N/A,N/A,N/A,N/A
Kai Thomas,23,1036828800,2002/11/09,MLS Next Pro,2026,Midfielder,Colorado Rapids II,198,104,94,USA,4,2,2,0,0,0,0,0,0,0,0,0,0,0,9,5,4,1,0,0,0,0,0,0,0,4.09,22,50,198,0,0.45,-1,-1,-1,10,0,4.50,0,69,51.32,32.50,86,130,27.50,110,63,43.42,85,0.00,0.00,0.00,0,0.00,0.00,1.18,0.75,3,0.00,0.00,0.00,0.00,0.00,0.75,0.00,2.25,0.00,0.39,0.25,0.00,0.00,0.00,0.01,0.00,0.75,0.00,0.00,0,0,,1,0.25,36,0,0.00,45,1,0.39,44,0,2,2,50,0.00,99,0,3,1.18,77,0,48,0.00,30,0,0.00,99,0,0.00,0,0,0.00,0,0.00,24,0,0.00,18,0,0.00,0.00,0,0.00,0,0,0,0.00,0,9,0.00,0,3.55,92,N/A,N/A,N/A,N/A,0.00,0,0.00,0,0.06,0.00,0,84.62,0.00,45,28,0.50,0.79,2,28,28,0,0,0,0.25,0.39,1,79,17.98,1.50,2.37,6,0,0.00,0.00,99,0.00,0,0,0,0.00,0.00,0,0.00,0.00,0.00,0.00,0,0,0.00,72,3,85,71,5,0.25,49,0.06,0.10,0.06,38,0.01,0.02,58,3,0.75,1.18,0.79,0.50,42,2,0.02,36,3,82,91,0,71,80,0,0.00,99,3,0.00,1.18,7.11,4.50,18,9,41,42,3.55,2.25,50.00,0,0.00,99,0,0.00,0,0.00,99,0,0.00,0.00,48,24,99,73,0,0,0,0,0,51,71,84,80,0,99,41,66,86,1,25,81,40,0,0
Kai Zeruhn,18,1192172400,2007/10/12,MLS Next Pro,2026,Midfielder,Minnesota United II,180,0,180,USA,2,0,2,0,0,0,0,0,0,0,0,0,0,0,4,0,4,0,0,0,0,0,0,0,0,2,45,90,0,0,0,-1,-1,-1,5,0,4.19,0,69,26.00,17.33,37,52,12.33,37,18,18.50,31,0.00,0.00,0.00,0,0.00,0.00,0.00,0.00,0,0.00,0.00,0.00,0.00,1.67,0.00,0.00,3.00,0.00,0.00,0.00,0.00,0.00,0.00,0.00,0.00,0.33,0.00,0.00,0,0,,0,0.00,25,0,0.00,45,0,0.00,30,0,0,2,11,0.00,99,0,0,0.00,25,0,48,0.00,30,0,0.00,99,0,0.00,0,0,0.00,0,0.00,24,0,0.00,18,0,0.00,0.00,0,0.00,0,5,25,2.50,21,9,0.00,30,4.50,95,N/A,N/A,N/A,N/A,55.56,0,0.00,0,0.00,0.00,0,71.15,0.00,45,44,0.33,0.50,1,28,28,0,0,2,0.00,0.00,0,56,12.58,0.67,1.00,2,0,0.00,0.00,99,0.00,0,0,0,0.00,0.00,0,0.00,0.00,0.00,0.00,0,0,0.00,72,0,0,71,36,0.08,12,0.03,0.04,0.00,27,0.00,0.00,7,0,0.00,0.00,0.00,0.00,12,0,0.00,25,2,56,91,0,71,50,0,0.00,99,1,0.00,0.50,1.00,0.67,2,1,6,7,0.50,0.33,50.00,0,0.00,99,0,0.00,0,0.00,99,0,0.00,0.00,48,24,77,73,0,0,0,0,0,51,71,84,80,0,99,41,52,52,0,0,59,60,0,0
Keegan Ancelin,23,1047196800,2003/03/09,MLS Next Pro,2026,Midfielder,Chattanooga FC,60,44,16,USA,2,1,1,1,1,0,0,0,0,0,0,1,1,0,0,0,0,0,0,1.5,0,1.5,2.05,0,60,0,0,30,0,0,0,-1,-1,-1,4,0,6.62,0,69,20.77,7.80,19,39,4.40,22,1,11.72,7,0.00,0.00,0.40,2,0.00,0.40,0.00,0.00,0,0.00,1.20,0.00,0.00,0.00,0.00,0.00,0.40,2.00,1.07,0.20,0.20,0.00,0.20,0.15,0.00,2.20,0.00,0.00,0,0,,2,0.40,58,1,0.53,70,1,0.53,52,0,2,0,11,0.00,99,0,0,0.00,25,2,92,1.07,64,0,0.00,99,0,0.00,0,0,0.00,0,1.07,66,1,0.53,33,0,0.00,0.00,0,0.00,0,0,0,0.00,0,2,0.00,99,1.07,26,N/A,N/A,N/A,N/A,0.00,0,0.00,0,0.74,0.00,0,56.41,50.00,87,41,0.20,0.53,1,28,28,0,0,0,0.00,0.00,0,56,33.11,0.40,1.07,2,0,0.00,0.00,99,0.00,0,0,0,0.00,0.00,0,0.00,0.00,1.07,0.40,2,1,50.00,99,0,0,72,4,0.11,24,0.02,0.06,0.74,87,0.15,0.39,71,3,0.60,1.60,4.79,1.80,99,9,0.39,86,29,58,91,0,97,99,0,0.00,99,11,0.00,5.86,19.17,7.20,36,11,88,99,5.86,2.20,30.56,6,3.20,2,0,50.00,0,0.00,99,1,0.20,0.53,79,0,99,73,0,0,0,0,0,99,99,84,99,0,99,90,52,52,0,0,59,26,0,0
Kellan LeBlanc,18,1205737200,2008/03/17,MLS Next Pro,2026,Midfielder,Philadelphia Union II,360,270,90,USA,4,3,1,0,0,0,1,1,0,0,0,2,2,0,2,2,0,0,0,0.25,0.25,0,0,0,0,0.5,180,90,0,360,0,37,28,-1,5,0,6.73,0.25,81,27.00,25.50,42,102,18.25,73,19,19.32,35,0.00,0.00,1.00,4,0.00,3.50,1.06,1.00,4,0.00,1.75,0.00,0.00,0.00,0.25,0.75,0.50,0.00,1.32,0.75,2.50,0.00,0.50,0.09,0.00,0.75,0.00,0.00,0,0,,5,1.25,64,2,0.53,70,3,0.79,63,0,0,4,42,0.00,99,0,1,0.26,30,14,61,3.71,90,0,0.00,99,0,0.00,0,0,0.00,0,1.06,65,10,2.65,85,3,0.79,30.00,0,0.00,0,0,0,0.00,0,2,0.00,91,0.53,8,N/A,N/A,N/A,N/A,0.00,0,0.00,0,0.36,0.00,0,71.57,40.00,70,41,0.50,0.53,2,69,38,0,0,0,0.00,0.00,0,56,26.91,0.75,0.79,3,0,0.00,0.00,99,0.00,0,0,0,0.00,0.00,0,0.00,0.00,0.26,0.25,1,0,0.00,72,88,85,71,96,0.90,77,0.23,0.24,0.36,60,0.09,0.10,84,8,2.00,2.12,0.79,0.75,42,3,0.10,58,41,45,91,0,77,65,0,0.00,99,3,0.00,0.79,10.59,10.00,40,18,69,79,4.76,4.50,45.00,7,1.85,12,0,21.43,0,0.00,99,3,0.75,0.79,86,92,77,73,0,0,0,0,0,64,71,84,80,0,99,90,52,52,0,0,59,47,0,0
Kenan Hot,56,N/A,N/A,MLS Next Pro,2026,Midfielder,Austin II,134,44,90,USA,2,1,1,1,0,1,0,0,0,0,0,2,1,1,0,0,0,1,0,0.67,0,0.67,0,1,134,0,0,67,134,0,0.67,-1,-1,-1,4,0,0.00,0,69,0.00,0.00,0,0,0.00,0,0,0.00,0,0.00,0.00,0.00,0,0.00,0.00,0.00,0.00,0,0.00,0.00,0.00,0.00,0.00,0.00,0.00,0.00,0.00,0.00,0.00,0.00,0.00,0.00,0.00,0.00,0.00,0.00,0.00,0,0,,0,0.00,25,0,0.00,45,0,0.00,30,0,0,1,11,0.00,99,0,0,0.00,25,0,48,0.00,30,0,0.00,99,0,0.00,0,0,0.00,0,0.00,24,0,0.00,18,0,0.00,0.00,0,0.00,0,0,0,0.00,0,0,0.00,99,0.00,0,N/A,N/A,N/A,N/A,0.00,0,0.00,0,0.00,0.00,0,0.00,0.00,45,99,0.00,0.00,0,28,28,0,0,0,0.00,0.00,0,56,0.00,0.00,0.00,0,0,0.00,0.00,99,0.00,0,0,0,0.00,0.00,0,0.00,0.00,0.00,0.00,0,0,0.00,72,0,0,79,4,0.00,0,0.00,0.00,0.00,27,0.00,0.00,7,0,0.00,0.00,0.00,0.00,12,0,0.00,25,0,15,91,0,71,20,0,0.00,99,0,0.00,0.00,0.00,0.00,0,0,2,1,0.00,0.00,0.00,0,0.00,99,0,0.00,0,0.00,99,0,0.00,0.00,48,3,77,73,0,0,0,0,0,87,92,98,80,0,99,99,59,93,1,0,59,24,0,0
Kendall Starks,18,1205305200,2008/03/12,MLS Next Pro,2026,Midfielder,Colorado Rapids II,90,0,90,USA,1,0,1,0,0,0,0,0,0,0,0,0,0,0,3,0,3,0,0,0,0,0,0,0,0,3,30,90,0,0,0,-1,-1,-1,8,0,1.61,0,69,56.00,14.00,90,56,13.50,54,99,54.00,95,0.00,0.00,0.00,0,0.00,0.00,0.00,0.00,0,0.00,0.00,0.00,0.00,0.75,0.00,0.00,1.50,0.00,0.00,0.00,0.00,0.00,0.00,0.00,0.00,0.25,0.00,0.00,0,0,,0,0.00,25,0,0.00,45,0,0.00,30,0,0,1,11,0.00,99,0,0,0.00,25,0,48,0.00,30,0,0.00,99,0,0.00,0,0,0.00,0,0.00,24,0,0.00,18,0,0.00,0.00,0,0.00,0,3,17,3.00,58,6,0.00,3,6.00,99,N/A,N/A,N/A,N/A,50.00,0,0.00,0,0.00,0.00,0,96.43,0.00,45,18,0.25,1.00,1,28,28,0,0,3,0.00,0.00,0,56,6.44,1.00,4.00,4,0,0.00,0.00,99,0.00,0,0,0,0.00,0.00,1,0.25,1.00,0.00,0.00,0,0,0.00,72,0,0,71,8,0.11,54,0.03,0.11,0.00,27,0.00,0.00,7,0,0.00,0.00,0.00,0.00,12,0,0.00,25,0,94,91,93,71,74,0,0.00,99,1,0.00,1.00,2.00,0.50,2,1,10,10,1.00,0.25,50.00,0,0.00,99,0,0.00,0,0.00,99,0,0.00,0.00,48,3,77,73,0,0,0,0,0,51,71,84,80,0,99,41,52,52,0,0,59,71,0,0
Kenny Nielsen,24,1013587200,2002/02/13,MLS Next Pro,2026,Midfielder,Los Angeles II,90,0,90,USA,1,0,1,0,0,0,0,0,0,0,0,0,0,0,2,0,2,0,0,0,0,0,0,0,0,2,45,90,0,0,0,-1,-1,-1,16,0,7.12,0,69,90.00,90.00,99,90,87.00,87,99,87.00,99,0.00,0.00,0.00,0,0.00,0.00,1.00,1.00,1,0.00,0.00,0.00,0.00,0.00,1.00,0.00,2.00,0.00,1.00,1.00,0.00,0.00,0.00,0.06,0.00,1.00,0.00,0.00,0,0,,1,1.00,57,0,0.00,45,1,1.00,70,0,0,1,39,0.00,99,0,1,1.00,70,0,48,0.00,30,0,0.00,99,0,0.00,0,0,0.00,0,0.00,24,0,0.00,18,0,0.00,0.00,0,0.00,0,0,0,0.00,0,2,0.00,30,2.00,66,N/A,N/A,N/A,N/A,0.00,0,0.00,0,0.06,0.00,0,96.67,0.00,45,99,0.00,0.00,0,28,28,0,0,0,1.00,1.00,1,94,7.12,3.00,3.00,3,0,0.00,0.00,99,0.00,0,0,0,0.00,0.00,0,0.00,0.00,0.00,0.00,0,0,0.00,72,0,0,71,36,0.20,73,0.20,0.20,0.06,52,0.06,0.06,83,2,2.00,2.00,0.00,0.00,12,0,0.06,50,79,87,91,0,71,74,0,0.00,99,1,0.00,1.00,5.00,5.00,5,4,54,18,4.00,4.00,80.00,0,0.00,99,0,0.00,0,0.00,99,0,0.00,0.00,48,3,77,73,0,0,0,0,0,51,71,84,80,0,99,41,52,52,0,0,59,45,0,0
Kenyel Michel Vargas,56,N/A,N/A,MLS Next Pro,2026,Midfielder,Minnesota United II,246,0,246,Costa Rica,3,0,3,0,0,0,1,0,1,0,0,1,0,1,5,0,5,0,0,0.37,0.37,0,0,0,0,1.83,49,82,0,246,0,-1,-1,-1,3,0,6.89,0.33,89,18.14,13.25,11,53,10.75,43,48,14.71,15,0.00,0.00,1.00,4,0.00,2.75,0.34,0.25,1,0.00,0.50,0.00,0.00,0.00,1.00,1.25,1.25,0.00,2.40,1.25,1.50,0.00,0.50,0.15,0.00,0.50,0.00,0.00,0,0,,7,1.75,84,2,0.68,76,5,1.71,88,0,0,3,18,0.00,99,0,4,1.37,82,11,79,3.76,91,0,0.00,99,0,0.00,0,0,0.00,0,1.37,76,6,2.05,79,5,1.71,83.33,0,0.00,0,0,0,0.00,0,5,0.00,33,1.71,54,N/A,N/A,N/A,N/A,0.00,0,0.00,0,0.60,0.00,0,81.13,28.57,59,99,0.00,0.00,0,93,86,0,0,0,0.00,0.00,0,56,27.57,0.25,0.34,1,0,0.00,0.00,99,0.00,0,0,0,0.00,0.00,0,0.00,0.00,0.00,0.00,0,0,0.00,72,21,33,71,38,0.83,83,0.21,0.28,0.60,73,0.15,0.21,18,1,0.25,0.34,1.03,0.75,52,3,0.21,73,57,25,91,0,71,59,0,0.00,99,2,0.00,0.68,5.13,3.75,15,9,33,20,3.08,2.25,60.00,2,0.68,51,0,36.36,0,0.00,99,4,1.00,1.37,95,60,77,73,0,0,0,0,0,73,71,84,80,0,99,73,52,52,0,0,59,14,0,0
Kevin Gbamblé,56,N/A,N/A,MLS Next Pro,2026,Forward,Columbus Crew II,334,270,64,,4,3,1,2,1,1,0,0,0,0,0,2,2,0,6,2,4,0,0,0.54,0,0.54,0.33,1.41,167,1.62,56,84,0,0,0,11,103,-1,2,0,7.07,0,69,21.47,18.80,21,94,14.20,71,28,16.22,21,0.00,0.00,1.40,7,0.00,1.80,0.23,0.20,1,0.00,1.80,0.00,0.00,0.00,0.60,0.20,1.60,8.50,3.88,1.60,1.00,0.00,1.80,0.56,0.00,0.80,0.00,0.00,0,0,,17,3.40,97,9,2.06,98,8,1.83,90,1,0,4,12,0.00,99,0,3,0.69,55,9,61,2.06,76,0,0.00,99,0,0.00,0,0,0.00,0,1.60,82,5,1.14,55,1,0.23,20.00,0,0.00,0,0,0,0.00,0,8,0.00,41,1.83,58,N/A,N/A,N/A,N/A,0.00,0,0.00,0,2.78,0.00,0,75.53,52.94,87,9,1.20,1.37,6,30,31,0,0,0,0.00,0.00,0,56,35.35,0.40,0.46,2,0,0.00,0.00,99,0.00,0,0,0,0.00,0.00,0,0.00,0.00,0.69,0.60,3,0,11.76,76,59,85,80,46,0.42,49,0.08,0.10,2.78,94,0.56,0.64,78,8,1.60,1.83,0.00,0.00,12,0,0.64,93,76,33,91,0,92,71,0,0.00,99,4,0.00,0.91,8.91,7.80,39,14,34,64,3.20,2.80,35.90,9,2.06,9,0,22.22,0,0.00,99,2,0.40,0.46,75,92,77,96,0,0,0,0,0,82,92,99,84,0,99,90,52,52,0,0,59,31,0,0
Kieran Chandler,20,1118300400,2005/06/09,MLS Next Pro,2026,Midfielder,Minnesota United II,360,0,360,USA,4,0,4,0,0,0,0,0,0,0,0,1,0,1,7,0,7,1,0,0,0,0,0,0,0,1.75,51,90,360,0,0.25,52,50,-1,4,0,6.88,0,69,39.00,39.00,66,156,30.50,122,36,30.50,61,0.00,0.00,1.75,7,0.00,7.50,4.50,4.50,18,0.00,2.50,0.00,0.00,0.00,1.25,1.00,1.75,0.00,0.25,0.25,2.00,0.00,0.00,0.01,0.00,0.25,0.00,0.00,0,0,,1,0.25,28,0,0.00,45,1,0.25,36,0,0,4,99,0.00,99,0,5,1.25,78,30,66,7.50,99,0,0.00,99,0,0.00,0,0,0.00,0,1.75,85,8,2.00,77,4,1.00,50.00,0,0.00,0,0,0,0.00,0,7,0.00,36,1.75,56,N/A,N/A,N/A,N/A,0.00,0,0.00,0,0.05,0.00,0,78.21,0.00,45,4,1.75,1.75,7,79,64,0,0,0,0.25,0.25,1,65,27.52,1.25,1.25,5,0,0.00,0.00,99,0.00,0,0,0,0.00,0.00,0,0.00,0.00,0.00,0.00,0,0,0.00,72,88,85,71,41,0.54,67,0.14,0.14,0.05,32,0.01,0.01,76,7,1.75,1.75,1.25,1.25,63,5,0.01,30,56,63,91,0,71,27,0,0.00,99,1,0.00,0.25,14.25,14.25,57,30,99,97,7.50,7.50,52.63,10,2.50,3,0,26.67,0,0.00,99,8,2.00,2.00,99,92,77,73,0,0,0,0,0,51,71,84,80,0,99,62,97,65,1,25,81,33,0,0
Kimani Stewart-Baynes,21,1105948800,2005/01/17,MLS Next Pro,2026,Midfielder,Colorado Rapids II,227,76,151,Canada,3,1,2,0,0,0,1,1,0,0,0,0,0,0,5,1,4,0,0,0.4,0.4,0,0,0,0,1.98,45,76,0,227,0,-1,-1,-1,18,0,6.91,0.33,90,27.75,23.33,44,70,19.67,59,62,23.39,48,0.00,0.00,0.67,2,0.00,3.33,1.19,1.00,3,0.00,3.67,0.00,0.00,0.00,0.33,2.33,1.67,0.00,1.98,0.33,4.67,0.00,1.33,0.22,0.00,0.33,0.00,0.00,0,0,,5,1.67,79,4,1.59,95,1,0.40,46,1,0,3,50,0.00,99,0,1,0.40,42,10,60,3.96,93,0,0.00,99,0,0.00,0,0,0.00,0,0.79,55,14,5.55,99,7,2.78,50.00,0,0.00,0,0,0,0.00,0,5,0.00,31,1.98,64,N/A,N/A,N/A,N/A,0.00,0,0.00,0,0.65,0.00,0,84.29,80.00,96,28,0.67,0.79,2,99,64,0,0,0,0.00,0.00,0,56,20.74,1.00,1.19,3,0,0.00,0.00,99,0.00,0,0,0,0.00,0.00,0,0.00,0.00,0.00,0.00,0,0,0.00,72,13,33,71,36,0.81,88,0.27,0.32,0.65,78,0.22,0.26,82,5,1.67,1.98,1.98,1.67,85,5,0.26,77,59,62,91,0,71,42,0,0.00,99,1,0.00,0.40,17.05,14.33,43,16,91,99,6.34,5.33,37.21,11,4.36,1,0,20.00,0,0.00,99,2,0.67,0.79,86,60,77,96,0,0,0,0,0,75,71,84,80,0,99,41,52,52,0,0,59,27,0,0
Kobi Henry,21,1082962800,2004/04/26,MLS Next Pro,2026,Defender,Real Monarchs,46,46,0,USA,1,1,0,0,0,0,0,0,0,0,0,0,0,0,1,1,0,0,0,0,0,0,0,0,0,1.96,46,46,0,0,0,-1,-1,-1,8,0,6.46,0,69,62.61,32.00,95,32,28.00,28,81,54.78,96,0.00,0.00,0.00,0,0.00,0.00,0.00,0.00,0,0.00,0.00,0.00,0.00,0.00,0.00,0.00,1.00,0.00,0.00,0.00,0.00,0.00,0.00,0.00,0.00,0.00,0.00,0.00,0,0,,0,0.00,25,0,0.00,45,0,0.00,30,1,0,1,11,0.00,99,0,0,0.00,25,0,48,0.00,30,0,0.00,99,0,0.00,0,0,0.00,0,0.00,24,0,0.00,18,0,0.00,0.00,0,0.00,0,0,0,0.00,0,1,0.00,32,1.96,63,N/A,N/A,N/A,N/A,0.00,0,0.00,0,0.00,0.00,0,87.50,0.00,45,99,0.00,0.00,0,28,28,0,0,0,0.00,0.00,0,56,6.46,4.00,7.83,4,0,0.00,0.00,99,0.00,0,0,0,0.00,0.00,0,0.00,0.00,0.00,0.00,0,0,0.00,72,0,0,71,37,0.07,67,0.07,0.14,0.00,27,0.00,0.00,7,0,0.00,0.00,0.00,0.00,12,0,0.00,25,18,99,91,0,71,20,0,0.00,99,0,0.00,0.00,1.96,1.00,1,0,2,10,0.00,0.00,0.00,0,0.00,99,0,0.00,0,0.00,99,0,0.00,0.00,48,3,77,96,0,0,0,0,0,51,71,84,80,0,99,41,52,52,0,0,59,3,0,0
Kyle Hiebert,28,870246000,1997/07/30,MLS Next Pro,2026,Defender,St. Louis City II,180,180,0,Canada,2,2,0,1,1,0,0,0,0,0,0,2,2,0,0,0,0,0,0,0.5,0,0.5,0.5,0,180,0,0,90,0,0,0,-1,-1,-1,2,0,7.85,0,69,70.50,70.50,99,141,63.50,127,92,63.50,99,0.00,0.00,0.50,1,0.00,0.00,0.50,0.50,1,0.00,0.00,0.00,0.00,0.00,2.50,0.00,0.00,3.00,1.50,0.50,0.00,0.00,1.00,0.45,0.00,2.50,0.00,0.00,0,0,,3,1.50,71,2,1.00,86,1,0.50,52,0,0,2,23,0.00,99,0,5,2.50,97,0,48,0.00,30,0,0.00,99,0,0.00,0,0,0.00,0,0.50,42,0,0.00,18,0,0.00,0.00,0,0.00,0,0,0,0.00,0,0,0.00,99,0.00,0,N/A,N/A,N/A,N/A,0.00,0,0.00,0,0.89,0.00,0,90.07,66.67,95,44,0.50,0.50,1,28,28,0,0,0,1.00,1.00,2,94,15.70,6.00,6.00,12,0,0.00,0.00,99,0.00,0,0,0,0.00,0.00,0,0.00,0.00,0.00,0.00,0,0,33.33,95,0,0,81,4,0.34,71,0.17,0.17,0.89,88,0.45,0.45,28,1,0.50,0.50,0.50,0.50,29,1,0.45,87,98,99,91,0,71,99,0,0.00,99,5,0.00,2.50,5.50,5.50,11,7,39,25,3.50,3.50,63.64,0,0.00,99,0,0.00,0,0.00,99,0,0.00,0.00,48,24,77,73,0,0,0,0,0,80,91,84,90,0,99,99,52,52,0,0,59,22,0,0
Landon Strohmeyer,17,1211353200,2008/05/21,MLS Next Pro,2026,Midfielder,Colorado Rapids II,118,28,90,USA,2,1,1,0,0,0,0,0,0,0,0,0,0,0,3,1,2,1,0,0,0,0,0,0,0,2.29,39,59,118,0,0.76,-1,-1,-1,14,0,6.59,0,69,43.22,21.25,74,85,18.50,74,76,37.63,77,0.00,0.00,0.25,1,0.00,0.00,0.51,0.25,1,0.00,0.00,0.00,0.00,0.00,0.75,0.00,0.50,0.00,0.51,0.25,0.25,0.00,0.00,0.01,0.00,0.25,0.00,0.00,0,0,,1,0.25,42,0,0.00,45,1,0.51,52,0,1,1,23,0.00,99,0,3,1.53,85,0,48,0.00,30,0,0.00,99,0,0.00,0,0,0.00,0,0.51,42,1,0.51,32,0,0.00,0.00,0,0.00,0,0,0,0.00,0,2,0.00,15,1.02,25,N/A,N/A,N/A,N/A,0.00,0,0.00,0,0.05,0.00,0,87.06,0.00,45,43,0.25,0.51,1,28,28,0,0,0,0.00,0.00,0,56,26.38,0.75,1.53,3,0,0.00,0.00,99,0.00,0,0,0,0.00,0.00,0,0.00,0.00,0.00,0.00,0,0,0.00,72,0,0,71,20,0.18,42,0.04,0.09,0.05,41,0.01,0.03,28,1,0.25,0.51,1.02,0.50,51,2,0.03,40,27,71,91,0,71,51,0,0.00,99,1,0.00,0.51,4.07,2.00,8,3,14,15,1.53,0.75,37.50,0,0.00,99,0,0.00,0,0.00,99,0,0.00,0.00,48,3,93,73,0,0,0,0,0,51,71,84,80,0,99,41,54,98,1,50,97,58,0,0
Leo Christiano,19,1173769200,2007/03/13,MLS Next Pro,2026,Midfielder,Huntsville City,360,90,270,USA,4,1,3,1,0,1,0,0,0,0,0,0,0,0,14,2,12,0,0,0.25,0,0.25,0,0.33,360,3.5,26,90,0,0,0,26,62,-1,4,0,6.58,0,69,62.08,67.25,95,269,60.25,241,90,55.62,97,0.00,0.00,0.75,3,0.00,0.50,2.08,2.25,9,0.00,0.75,0.00,0.00,0.00,0.50,0.75,3.50,2.00,0.46,0.25,1.00,0.00,0.25,0.19,0.00,0.75,0.00,0.00,0,0,,2,0.50,39,1,0.23,49,1,0.23,34,0,0,4,77,0.00,99,0,2,0.46,46,2,99,0.46,43,0,0.00,99,0,0.00,0,0,0.00,0,0.69,51,4,0.92,49,3,0.69,75.00,0,0.00,0,0,0,0.00,0,14,0.00,3,3.23,90,N/A,N/A,N/A,N/A,0.00,0,0.00,0,0.75,0.00,0,89.59,50.00,87,21,1.00,0.92,4,63,85,0,0,0,0.50,0.46,2,86,26.32,1.75,1.62,7,0,0.00,0.00,99,0.00,0,0,0,0.00,0.00,0,0.00,0.00,0.00,0.00,0,0,50.00,99,88,85,99,7,0.72,71,0.18,0.17,0.75,69,0.19,0.17,94,11,2.75,2.54,1.62,1.75,79,7,0.17,68,27,73,91,0,71,60,0,0.00,99,3,0.00,0.69,10.38,11.25,45,25,87,79,5.77,6.25,55.56,3,0.69,50,0,100.00,0,0.00,99,2,0.50,0.46,75,92,77,73,0,0,0,0,0,64,77,87,80,0,99,41,52,52,0,0,59,89,0,0
Leonardo Flores Gonzalez,56,N/A,N/A,MLS Next Pro,2026,Forward,Tacoma Defiance,115,92,23,,4,3,1,0,0,0,0,0,0,0,0,1,1,0,3,1,2,0,0,0,0,0,0,0,0,2.35,38,29,0,0,0,-1,-1,-1,8,0,5.09,0,69,11.41,2.25,3,9,2.00,8,87,10.14,5,0.00,0.00,0.00,0,0.00,0.00,1.27,0.25,1,0.00,0.00,0.00,0.00,0.00,0.00,0.00,0.75,0.00,6.34,0.50,0.00,0.00,0.75,0.12,0.00,0.25,0.00,0.00,0,0,,5,1.25,99,3,3.80,99,2,2.54,97,0,3,0,52,0.00,99,0,0,0.00,25,0,48,0.00,30,0,0.00,99,0,0.00,0,0,0.00,0,0.00,24,0,0.00,18,0,0.00,0.00,0,0.00,0,0,0,0.00,0,3,0.00,10,3.80,93,N/A,N/A,N/A,N/A,0.00,0,0.00,0,0.49,0.00,0,88.89,60.00,91,99,0.00,0.00,0,28,28,0,0,0,0.00,0.00,0,56,20.35,0.25,1.27,1,0,0.00,0.00,99,0.00,0,0,0,0.00,0.00,0,0.00,0.00,0.00,0.00,0,0,0.00,72,0,85,71,15,0.02,6,0.01,0.03,0.49,93,0.12,0.62,99,3,0.75,3.80,1.27,0.25,64,1,0.62,92,6,63,91,0,71,83,0,0.00,99,1,0.00,1.27,7.61,1.50,6,5,91,48,6.34,1.25,83.33,0,0.00,99,0,0.00,0,0.00,99,0,0.00,0.00,48,0,99,73,0,0,0,0,0,51,71,84,80,0,99,62,52,52,0,0,59,79,0,0
Leonardo Orejarena,18,1194681600,2007/11/10,MLS Next Pro,2026,Midfielder,FC Cincinnati II,299,90,209,USA,4,1,3,0,0,0,0,0,0,0,0,0,0,0,6,2,4,0,0,0,0,0,0,0,0,1.81,50,75,0,0,0,94,94,-1,5,0,6.75,0,69,45.15,37.50,79,150,32.00,128,65,38.53,79,0.00,0.00,1.00,4,0.00,3.75,1.81,1.50,6,0.00,1.75,0.00,0.00,0.00,1.75,0.50,1.75,0.00,0.30,0.00,1.50,0.00,0.25,0.03,0.00,0.50,0.00,0.00,0,0,,1,0.25,31,1,0.30,55,0,0.00,30,0,1,3,68,0.00,99,0,7,2.11,94,15,66,4.52,95,0,0.00,99,0,0.00,0,0,0.00,0,1.20,70,6,1.81,73,2,0.60,33.33,0,0.00,0,0,0,0.00,0,7,0.00,34,2.11,71,N/A,N/A,N/A,N/A,0.00,0,0.00,0,0.12,0.00,0,85.33,100.00,99,14,1.00,1.20,4,60,43,0,0,0,0.00,0.00,0,56,26.99,1.25,1.51,5,0,0.00,0.00,99,0.00,0,0,1,0.25,0.30,0,0.00,0.00,0.00,0.00,0,0,0.00,72,51,85,71,39,0.36,54,0.09,0.11,0.12,45,0.03,0.04,92,8,2.00,2.41,0.90,0.75,48,3,0.04,43,43,71,94,0,71,56,0,0.00,99,2,0.00,0.60,11.74,9.75,39,18,80,86,5.42,4.50,46.15,7,2.11,8,0,26.67,0,0.00,99,4,1.00,1.20,94,60,93,73,0,0,0,0,0,51,71,84,80,0,99,41,52,52,0,0,59,57,0,0
Liam Butts,25,982656000,2001/02/20,MLS Next Pro,2026,Midfielder,Atlanta United II,233,83,150,USA,4,2,2,2,2,0,0,0,0,0,0,0,0,0,3,1,2,0,0,0.77,0,0.77,2.17,0,117,1.16,78,58,0,0,0,-1,-1,-1,1,0,7.16,0,69,11.20,7.25,3,29,5.50,22,30,8.50,3,0.00,0.00,0.50,2,0.00,0.25,1.16,0.75,3,0.00,0.75,0.00,0.00,0.00,0.00,0.00,0.75,3.50,2.70,1.00,0.00,0.00,0.75,0.42,0.00,1.25,0.00,0.00,0,0,,7,1.75,88,3,1.16,89,4,1.55,84,1,1,3,48,0.00,99,0,0,0.00,25,1,99,0.39,39,0,0.00,99,0,0.00,0,0,0.00,0,0.77,55,0,0.00,18,0,0.00,0.00,0,0.00,0,0,0,0.00,0,3,0.00,66,1.16,28,N/A,N/A,N/A,N/A,0.00,0,0.00,0,1.70,0.00,0,75.86,42.86,73,99,0.00,0.00,0,28,28,0,0,0,0.00,0.00,0,56,28.63,0.25,0.39,1,0,0.00,0.00,99,0.00,0,0,1,0.25,0.39,0,0.00,0.00,1.16,0.75,3,1,28.57,91,14,85,76,70,0.12,17,0.03,0.05,1.70,95,0.42,0.66,37,2,0.50,0.77,1.55,1.00,76,4,0.66,94,81,28,97,0,97,96,0,0.00,99,5,0.00,1.93,10.04,6.50,26,10,49,77,3.86,2.50,38.46,3,1.16,29,0,100.00,0,0.00,99,1,0.25,0.39,67,60,93,96,0,1,0,25,0,90,95,84,99,0,99,41,52,52,0,0,59,38,0,0
Liam Mackenzie,19,1173942000,2007/03/15,MLS Next Pro,2026,Midfielder,Whitecaps II,270,180,90,USA,3,2,1,4,3,1,0,0,0,0,0,0,0,0,7,4,3,0,0,1.33,0,1.33,1.5,1,68,2.33,39,90,0,0,0,-1,-1,-1,1,0,7.52,0,69,23.67,23.67,30,71,20.67,62,79,20.67,41,0.00,0.00,1.00,3,0.00,1.00,0.67,0.67,2,0.00,2.33,0.00,0.00,0.00,1.00,0.67,2.33,2.50,3.33,2.00,0.67,0.00,1.33,1.04,0.00,0.33,0.00,0.00,0,0,,10,3.33,93,4,1.33,92,6,2.00,94,0,0,3,28,0.00,99,0,3,1.00,70,3,78,1.00,63,0,0.00,99,0,0.00,0,0,0.00,0,1.00,64,2,0.67,38,2,0.67,100.00,0,0.00,0,0,0,0.00,0,7,0.00,15,2.33,79,N/A,N/A,N/A,N/A,0.00,0,0.00,0,3.12,0.00,0,87.32,40.00,70,18,1.00,1.00,3,62,99,3,0,0,0.00,0.00,0,56,22.57,0.33,0.33,1,0,0.00,0.00,99,0.00,0,3,0,0.00,0.00,0,0.00,0.00,0.00,0.00,0,0,40.00,95,46,33,73,20,0.24,37,0.08,0.08,1.02,82,0.34,0.34,90,7,2.33,2.33,2.00,2.00,86,6,1.04,99,94,24,91,0,71,36,0,0.00,99,1,0.00,0.33,9.33,9.33,28,12,54,70,4.00,4.00,42.86,7,2.33,6,0,33.33,0,0.00,99,1,0.33,0.33,62,60,77,73,0,0,0,0,0,98,99,98,99,0,99,41,52,52,0,0,59,97,0,0
Loic Adjalala,19,1147158000,2006/05/09,MLS Next Pro,2026,Midfielder,Real Monarchs,0,0,0,Benin,0,0,0,0,0,0,0,0,0,0,0,0,0,0,0,0,0,0,0,0,0,0,0,0,0,0,0,0,0,0,0,-1,-1,-1,-1,N/A,N/A,N/A,N/A,N/A,N/A,N/A,N/A,N/A,N/A,N/A,N/A,N/A,N/A,N/A,N/A,N/A,N/A,N/A,N/A,N/A,N/A,N/A,N/A,N/A,N/A,N/A,N/A,N/A,N/A,N/A,N/A,N/A,N/A,N/A,N/A,N/A,N/A,N/A,N/A,N/A,N/A,N/A,N/A,N/A,N/A,N/A,N/A,N/A,N/A,N/A,N/A,N/A,N/A,N/A,N/A,N/A,N/A,N/A,N/A,N/A,N/A,N/A,N/A,N/A,N/A,N/A,N/A,N/A,N/A,N/A,N/A,N/A,N/A,N/A,N/A,N/A,N/A,N/A,N/A,N/A,N/A,N/A,N/A,N/A,N/A,N/A,N/A,N/A,N/A,N/A,N/A,N/A,N/A,N/A,N/A,N/A,N/A,N/A,N/A,N/A,N/A,N/A,N/A,N/A,N/A,N/A,N/A,N/A,N/A,N/A,N/A,N/A,N/A,N/A,N/A,N/A,N/A,N/A,N/A,N/A,N/A,N/A,N/A,N/A,N/A,N/A,N/A,N/A,N/A,N/A,N/A,N/A,N/A,N/A,N/A,N/A,N/A,N/A,N/A,N/A,N/A,N/A,N/A,N/A,N/A,N/A,N/A,N/A,N/A,N/A,N/A,N/A,N/A,N/A,N/A,N/A,N/A,N/A,N/A,N/A,N/A,N/A,N/A,N/A,N/A,N/A,N/A,N/A,N/A,N/A,N/A,N/A,N/A,N/A,N/A,N/A,N/A,N/A,N/A,N/A,N/A,N/A,N/A,N/A,N/A,N/A,N/A,N/A,N/A,N/A,N/A,N/A,N/A,N/A,N/A,N/A,N/A,N/A,N/A,N/A,N/A,N/A,N/A,N/A,N/A,N/A,N/A,N/A,N/A,N/A,N/A,N/A,N/A,N/A,N/A,N/A,N/A,N/A,N/A,N/A,N/A,N/A,N/A
Lucas McPartlin,56,N/A,N/A,MLS Next Pro,2026,Goalkeeper,St. Louis City II,180,180,0,,2,2,0,0,0,0,0,0,0,0,0,2,2,0,0,0,0,0,0,0,0,0,0,0,0,0,0,90,0,0,0,-1,-1,-1,15,0,3.50,0,69,35.50,17.75,58,71,11.75,47,7,23.50,48,0.00,0.00,0.00,0,0.00,0.00,0.00,0.00,0,0.00,0.00,0.00,0.00,1.00,0.00,0.00,1.00,0.00,0.00,0.00,0.00,0.00,0.00,0.00,0.00,0.00,0.00,0.00,0,0,,0,0.00,25,0,0.00,45,0,0.00,30,0,0,2,11,0.00,99,0,0,0.00,25,0,48,0.00,30,0,0.00,99,0,0.00,0,0,0.00,0,0.00,24,0,0.00,18,0,0.00,0.00,0,0.00,0,4,99,2.00,17,4,0.00,99,2.00,66,N/A,N/A,N/A,N/A,100.00,0,0.00,0,0.00,0.00,0,66.20,0.00,45,99,0.00,0.00,0,28,28,0,0,4,0.00,0.00,0,56,13.99,1.25,2.50,5,0,0.00,0.00,99,0.00,0,0,0,0.00,0.00,1,0.25,0.50,0.00,0.00,0,0,0.00,72,0,0,71,4,0.10,17,0.03,0.05,0.00,27,0.00,0.00,7,0,0.00,0.00,0.00,0.00,12,0,0.00,25,0,83,91,57,71,20,0,0.00,99,0,0.00,0.00,0.00,0.00,0,0,2,1,0.00,0.00,0.00,0,0.00,99,0,0.00,0,0.00,99,0,0.00,0.00,48,24,77,73,0,0,0,0,0,51,71,84,80,0,99,99,52,52,0,0,59,52,0,0
Luis Rivera,18,1196496000,2007/12/01,MLS Next Pro,2026,Midfielder,Real Monarchs,360,270,90,USA,4,3,1,0,0,0,0,0,0,0,0,1,0,1,5,5,0,0,0,0,0,0,0,0,0,1.25,72,90,0,0,0,109,97,-1,16,0,6.55,0,69,59.02,50.00,93,200,43.50,174,76,51.34,92,0.00,0.00,0.50,2,0.00,0.00,0.30,0.25,1,0.00,0.25,0.00,0.00,0.00,1.00,0.00,0.75,0.00,0.00,0.00,0.00,0.00,0.00,0.00,0.00,0.00,0.00,0.00,0,0,,0,0.00,25,0,0.00,45,0,0.00,30,0,0,4,15,0.00,99,0,4,1.18,77,0,48,0.00,30,0,0.00,99,0,0.00,0,0,0.00,0,0.59,45,0,0.00,18,0,0.00,0.00,0,0.00,0,0,0,0.00,0,3,0.00,64,0.89,21,N/A,N/A,N/A,N/A,0.00,0,0.00,0,0.00,0.00,0,87.00,0.00,45,64,0.25,0.30,1,28,28,0,0,0,0.25,0.30,1,72,26.19,0.75,0.89,3,0,0.00,0.00,99,0.00,0,0,0,0.00,0.00,0,0.00,0.00,0.00,0.00,0,0,0.00,72,88,85,71,69,0.42,59,0.10,0.12,0.00,27,0.00,0.00,58,4,1.00,1.18,0.59,0.50,32,2,0.00,25,24,52,91,0,71,20,0,0.00,99,0,0.00,0.00,2.66,2.25,9,5,13,11,1.48,1.25,55.56,1,0.30,72,0,0.00,0,0.00,99,0,0.00,0.00,48,92,77,73,0,0,0,0,0,51,71,84,80,0,99,62,52,52,0,0,59,37,0,0
Luka Sunjic,18,1206687600,2008/03/28,MLS Next Pro,2026,Midfielder,New York City II,134,44,90,USA,2,1,1,0,0,0,0,0,0,0,0,1,0,1,3,3,0,0,0,0,0,0,0,0,0,2.01,45,67,0,0,0,-1,-1,-1,6,0,6.74,0,69,20.97,16.00,20,48,13.67,41,66,17.91,30,0.00,0.00,0.67,2,0.00,0.67,3.50,2.67,8,0.00,1.33,0.00,0.00,0.00,0.67,0.33,1.00,0.00,0.00,0.00,0.67,0.00,0.00,0.00,0.00,0.00,0.00,0.00,0,0,,0,0.00,25,0,0.00,45,0,0.00,30,0,1,1,97,0.00,99,0,2,0.87,64,2,92,0.87,58,0,0.00,99,0,0.00,0,0,0.00,0,0.87,58,2,0.87,47,1,0.44,50.00,0,0.00,0,0,0,0.00,0,3,0.00,23,1.31,34,N/A,N/A,N/A,N/A,0.00,0,0.00,0,0.00,0.00,0,85.42,0.00,45,48,0.33,0.44,1,51,64,0,0,0,0.33,0.44,1,85,20.21,0.67,0.87,2,0,0.00,0.00,99,0.00,0,0,0,0.00,0.00,0,0.00,0.00,0.00,0.00,0,0,0.00,72,0,0,71,36,0.19,37,0.06,0.08,0.00,27,0.00,0.00,62,3,1.00,1.31,0.44,0.33,27,1,0.00,25,42,52,91,0,71,20,0,0.00,99,0,0.00,0.00,8.30,6.33,19,12,76,56,5.24,4.00,63.16,4,1.75,15,0,50.00,0,0.00,99,1,0.33,0.44,72,3,93,73,0,0,0,0,0,51,71,84,80,0,99,90,52,52,0,0,59,72,0,0
Lukas MacNaughton,31,794649600,1995/03/08,MLS Next Pro,2026,Defender,St. Louis City II,90,90,0,Canada,1,1,0,0,0,0,0,0,0,0,0,0,0,0,2,2,0,0,0,0,0,0,0,0,0,2,45,90,0,0,0,-1,-1,-1,10,0,6.65,0,69,59.52,41.00,94,41,39.00,39,99,56.61,97,0.00,0.00,0.00,0,0.00,0.00,2.90,2.00,2,0.00,0.00,0.00,0.00,0.00,1.00,0.00,1.00,0.00,0.00,0.00,0.00,0.00,0.00,0.00,0.00,1.00,0.00,0.00,0,0,,0,0.00,25,0,0.00,45,0,0.00,30,0,0,1,91,0.00,99,0,1,1.45,83,0,48,0.00,30,0,0.00,99,0,0.00,0,0,0.00,0,0.00,24,0,0.00,18,0,0.00,0.00,0,0.00,0,0,0,0.00,0,1,0.00,30,1.45,42,N/A,N/A,N/A,N/A,0.00,0,0.00,0,0.00,0.00,0,95.12,0.00,45,7,1.00,1.45,1,28,28,0,0,0,0.00,0.00,0,56,6.65,0.00,0.00,0,0,0.00,0.00,99,0.00,0,0,0,0.00,0.00,0,0.00,0.00,0.00,0.00,0,0,0.00,72,0,0,71,36,0.07,49,0.07,0.10,0.00,27,0.00,0.00,67,1,1.00,1.45,0.00,0.00,12,0,0.00,25,30,15,91,0,71,87,0,0.00,99,1,0.00,1.45,7.26,5.00,5,4,88,44,5.81,4.00,80.00,0,0.00,99,0,0.00,0,0.00,99,0,0.00,0.00,48,3,77,73,0,0,0,0,0,51,71,84,80,0,99,41,52,52,0,0,59,5,0,0
Luke Brennan,21,1109232000,2005/02/24,MLS Next Pro,2026,Midfielder,Atlanta United II,180,180,0,USA,2,2,0,1,1,0,1,1,0,0,0,0,0,0,2,2,0,1,0,1,0.5,0.5,0.5,0,180,1,90,90,180,180,0.5,-1,-1,-1,5,0,7.00,0.5,94,17.00,17.00,7,34,15.50,31,93,15.50,17,0.00,0.00,1.00,2,0.00,3.50,1.00,1.00,2,0.00,2.50,0.00,0.00,0.00,0.00,1.50,1.00,6.00,3.00,2.00,4.00,0.00,1.00,0.52,0.00,0.50,0.00,0.00,0,0,,6,3.00,90,2,1.00,86,4,2.00,94,0,0,2,39,0.00,99,0,0,0.00,25,7,69,3.50,88,0,0.00,99,0,0.00,0,0,0.00,0,1.00,64,8,4.00,95,3,1.50,37.50,0,0.00,0,0,0,0.00,0,2,0.00,74,1.00,25,N/A,N/A,N/A,N/A,0.00,0,0.00,0,1.03,0.00,0,91.18,33.33,65,6,1.50,1.50,3,91,45,0,0,0,0.00,0.00,0,56,14.01,0.50,0.50,1,0,0.00,0.00,99,0.00,0,0,0,0.00,0.00,0,0.00,0.00,1.50,1.50,3,0,16.67,81,0,0,81,78,0.75,92,0.38,0.38,1.03,91,0.52,0.52,68,3,1.50,1.50,0.50,0.50,29,1,0.52,91,70,35,91,0,99,50,0,0.00,99,1,0.00,0.50,11.50,11.50,23,9,63,85,4.50,4.50,39.13,5,2.50,3,0,28.57,0,0.00,99,2,1.00,1.00,90,24,77,73,0,0,0,0,0,95,91,84,90,0,99,41,65,91,1,50,97,20,0,0
Luke Pruter,24,999500400,2001/09/03,MLS Next Pro,2026,Midfielder,Columbus Crew II,362,270,92,USA,5,3,2,0,0,0,0,0,0,0,0,2,2,0,6,2,4,1,1,0,0,0,0,0,0,1.49,60,72,181,0,0.5,103,99,-1,13,0,6.81,0,69,33.06,28.80,55,144,20.80,104,20,23.88,50,0.00,0.00,0.00,0,0.00,0.00,0.00,0.00,0,0.00,0.00,0.00,0.00,2.40,0.00,0.00,3.60,0.00,0.00,0.00,0.00,0.00,0.00,0.00,0.00,0.00,0.00,0.00,0,0,,0,0.00,25,0,0.00,45,0,0.00,30,0,0,5,11,0.00,99,0,0,0.00,25,0,48,0.00,30,0,0.00,99,0,0.00,0,0,0.00,0,0.00,24,0,0.00,18,0,0.00,0.00,0,0.00,0,12,50,2.76,50,18,0.00,47,4.13,95,N/A,N/A,N/A,N/A,66.67,0,0.00,0,0.00,0.00,0,72.22,0.00,45,99,0.00,0.00,0,28,28,0,0,10,0.00,0.00,0,56,34.03,1.20,1.38,6,0,0.00,0.00,99,0.00,0,0,0,0.00,0.00,1,0.20,0.23,0.00,0.00,0,0,0.00,72,89,99,71,51,0.20,17,0.04,0.05,0.00,27,0.00,0.00,10,1,0.20,0.23,0.23,0.20,15,1,0.00,25,49,66,91,21,71,20,0,0.00,99,0,0.00,0.00,0.23,0.20,1,1,3,2,0.23,0.20,100.00,0,0.00,99,0,0.00,0,0.00,99,0,0.00,0.00,48,99,77,73,0,0,0,0,0,51,71,84,80,0,99,76,65,91,0,0,59,54,0,0
Macielo Tschantret,20,1140595200,2006/02/22,MLS Next Pro,2026,Midfielder,Sporting KC II,180,180,0,USA,2,2,0,0,0,0,0,0,0,0,0,0,0,0,6,6,0,0,0,0,0,0,0,0,0,3,30,90,0,0,0,-1,-1,-1,10,0,6.56,0,69,64.00,64.00,96,128,57.00,114,88,57.00,97,0.00,0.00,0.50,1,0.00,0.00,2.50,2.50,5,0.00,0.00,0.00,0.00,0.00,1.50,0.00,3.00,0.00,0.00,0.00,0.00,0.00,0.00,0.00,0.00,0.00,0.00,0.00,0,0,,0,0.00,25,0,0.00,45,0,0.00,30,0,0,2,86,0.00,99,0,3,1.50,85,0,48,0.00,30,0,0.00,99,0,0.00,0,0,0.00,0,0.50,42,0,0.00,18,0,0.00,0.00,0,0.00,0,0,0,0.00,0,6,0.00,3,3.00,89,N/A,N/A,N/A,N/A,0.00,0,0.00,0,0.00,0.00,0,89.06,0.00,45,18,1.00,1.00,2,28,28,0,0,0,1.50,1.50,3,98,13.12,1.50,1.50,3,0,0.00,0.00,99,0.00,0,0,0,0.00,0.00,0,0.00,0.00,0.00,0.00,0,0,0.00,72,0,0,71,8,0.23,59,0.12,0.12,0.00,27,0.00,0.00,52,2,1.00,1.00,2.50,2.50,96,5,0.00,25,24,70,91,0,71,20,0,0.00,99,0,0.00,0.00,8.00,8.00,16,7,39,53,3.50,3.50,43.75,0,0.00,99,0,0.00,0,0.00,99,0,0.00,0.00,48,24,77,73,0,0,0,0,0,51,71,84,80,0,99,41,52,52,0,0,59,14,0,0
Malachi Molina,19,1160550000,2006/10/11,MLS Next Pro,2026,Midfielder,Huntsville City,360,90,270,USA,4,1,3,0,0,0,1,1,0,0,0,0,0,0,14,2,12,0,0,0.25,0.25,0,0,0,0,3.5,26,90,0,360,0,61,32,-1,5,0,6.41,0.25,81,37.62,40.75,63,163,35.75,143,82,33.00,67,0.00,0.00,1.00,4,0.00,2.50,1.62,1.75,7,0.00,1.25,0.00,0.00,0.00,1.00,1.50,3.50,0.00,0.69,0.25,2.25,0.00,0.50,0.07,0.00,0.00,0.00,0.00,0,0,,3,0.75,48,2,0.46,65,1,0.23,34,0,0,4,64,0.00,99,0,4,0.92,67,10,60,2.31,80,0,0.00,99,0,0.00,0,0,0.00,0,0.92,59,9,2.08,79,6,1.38,66.67,0,0.00,0,0,0,0.00,0,14,0.00,3,3.23,90,N/A,N/A,N/A,N/A,0.00,0,0.00,0,0.30,0.00,0,87.73,66.67,95,36,0.75,0.69,3,88,81,0,1,0,0.75,0.69,3,89,25.65,2.50,2.31,10,0,0.00,0.00,99,0.00,0,1,0,0.00,0.00,0,0.00,0.00,0.00,0.00,0,0,0.00,72,88,85,71,7,1.03,77,0.26,0.24,-0.40,0,-0.10,-0.09,48,4,1.00,0.92,0.46,0.50,29,2,0.07,52,17,82,91,0,71,20,0,0.00,99,0,0.00,0.00,7.15,7.75,31,16,44,44,3.69,4.00,51.61,5,1.15,30,0,20.00,0,0.00,99,2,0.50,0.46,75,92,77,73,0,0,0,0,0,64,71,84,80,0,99,41,52,52,0,0,59,2,0,0
Malcolm Fry,20,1116140400,2005/05/15,MLS Next Pro,2026,Midfielder,New England II,60,60,0,USA,1,1,0,1,1,0,0,0,0,0,0,1,1,0,0,0,0,0,0,1.5,0,1.5,1.5,0,60,0,0,60,0,0,0,-1,-1,-1,4,0,6.76,0,69,22.50,15.00,26,15,11.00,11,22,16.50,24,0.00,0.00,0.00,0,0.00,1.00,0.00,0.00,0,0.00,1.00,0.00,0.00,0.00,0.00,1.00,0.00,1.00,1.50,0.00,5.00,0.00,1.00,0.69,0.00,0.00,0.00,0.00,0,0,,1,1.00,71,1,1.50,94,0,0.00,30,0,0,1,11,0.00,99,0,0,0.00,25,1,99,1.50,70,0,0.00,99,0,0.00,0,0,0.00,0,0.00,24,5,7.50,99,1,1.50,20.00,0,0.00,0,0,0,0.00,0,0,0.00,99,0.00,0,N/A,N/A,N/A,N/A,0.00,0,0.00,0,0.69,0.00,0,73.33,100.00,99,99,0.00,0.00,0,91,31,0,0,0,0.00,0.00,0,56,6.76,0.00,0.00,0,0,0.00,0.00,99,0.00,0,0,0,0.00,0.00,0,0.00,0.00,0.00,0.00,0,0,100.00,99,0,0,72,4,0.03,12,0.03,0.04,0.69,99,0.69,1.03,7,0,0.00,0.00,1.50,1.00,75,1,1.03,99,44,15,91,0,71,20,0,0.00,99,0,0.00,0.00,13.50,9.00,9,1,14,95,1.50,1.00,11.11,1,1.50,20,0,100.00,0,0.00,99,1,1.00,1.50,97,3,77,73,0,0,0,0,0,99,99,84,99,0,99,99,52,52,0,0,59,32,0,0
Malik Jakupovic,56,N/A,N/A,MLS Next Pro,2026,Forward,Philadelphia Union II,180,90,90,,2,1,1,1,1,0,0,0,0,0,0,0,0,0,2,2,0,0,0,0.5,0,0.5,1,0,180,1,90,90,0,0,0,-1,-1,-1,1,0,6.77,0,69,9.77,7.00,1,14,3.50,7,0,4.88,0,0.00,0.00,0.00,0,0.00,0.00,0.00,0.00,0,0.00,0.00,0.00,0.00,0.00,0.00,0.50,0.50,2.00,1.40,0.50,1.00,0.00,0.50,0.39,0.00,1.00,0.00,0.00,0,0,,2,1.00,66,1,0.70,76,1,0.70,59,0,0,2,11,0.00,99,0,0,0.00,25,0,48,0.00,30,0,0.00,99,0,0.00,0,0,0.00,0,0.00,24,2,1.40,61,1,0.70,50.00,0,0.00,0,0,0,0.00,0,1,0.00,74,0.70,12,N/A,N/A,N/A,N/A,0.00,0,0.00,0,0.78,0.00,0,50.00,50.00,87,99,0.00,0.00,0,63,64,0,0,0,0.00,0.00,0,56,13.53,0.50,0.70,1,0,0.00,0.00,99,0.00,0,0,0,0.00,0.00,0,0.00,0.00,0.00,0.00,0,0,50.00,99,0,0,81,78,0.01,0,0.01,0.01,0.78,92,0.39,0.54,34,1,0.50,0.70,4.19,3.00,99,6,0.54,91,45,42,91,0,71,86,0,0.00,99,2,0.00,1.40,9.77,7.00,14,4,30,74,2.79,2.00,28.57,0,0.00,99,0,0.00,0,0.00,99,0,0.00,0.00,48,24,77,73,0,0,0,0,0,80,91,84,96,0,99,41,52,52,0,0,59,51,0,0
Mamadou Billo Diop,19,1158217200,2006/09/14,MLS Next Pro,2026,Midfielder,Colorado Rapids II,90,0,90,Senegal,1,0,1,0,0,0,0,0,0,0,0,0,0,0,2,0,2,0,0,0,0,0,0,0,0,2,45,90,0,0,0,-1,-1,-1,11,0,5.92,0,69,12.00,12.00,3,12,9.00,9,27,9.00,3,0.00,0.00,0.00,0,0.00,0.00,1.00,1.00,1,0.00,4.00,0.00,0.00,0.00,0.00,1.00,2.00,0.00,1.00,1.00,4.00,0.00,0.00,0.05,0.00,0.00,0.00,0.00,0,0,,1,1.00,57,0,0.00,45,1,1.00,70,0,0,1,39,0.00,99,0,0,0.00,25,0,48,0.00,30,0,0.00,99,0,0.00,0,0,0.00,0,0.00,24,4,4.00,95,1,1.00,25.00,0,0.00,0,0,0,0.00,0,2,0.00,30,2.00,66,N/A,N/A,N/A,N/A,0.00,0,0.00,0,0.05,0.00,0,75.00,0.00,45,18,1.00,1.00,1,79,35,0,0,0,0.00,0.00,0,56,5.92,0.00,0.00,0,0,0.00,0.00,99,0.00,0,0,0,0.00,0.00,0,0.00,0.00,0.00,0.00,0,0,0.00,72,0,0,71,36,0.02,2,0.02,0.02,0.05,47,0.05,0.05,83,2,2.00,2.00,4.00,4.00,99,4,0.05,45,10,15,91,0,71,20,0,0.00,99,0,0.00,0.00,15.00,15.00,15,3,33,98,3.00,3.00,20.00,4,4.00,1,0,0.00,0,0.00,99,0,0.00,0.00,48,3,77,73,0,0,0,0,0,51,71,84,80,0,99,41,52,52,0,0,59,26,0,0
Mamadou Dieng,22,1075881600,2004/02/04,MLS Next Pro,2026,Midfielder,Minnesota United II,90,0,90,Senegal,1,0,1,1,0,1,0,0,0,0,0,0,0,0,2,0,2,0,0,1,0,1,0,1,90,2,45,90,0,0,0,-1,-1,-1,2,0,8.32,0,69,28.00,28.00,45,28,18.00,18,6,18.00,30,0.00,0.00,3.00,3,0.00,0.00,2.00,2.00,2,0.00,2.00,0.00,0.00,0.00,0.00,0.00,2.00,5.00,5.00,1.00,3.00,0.00,4.00,1.14,0.00,6.00,0.00,0.00,0,0,,5,5.00,99,4,4.00,99,1,1.00,70,0,0,1,75,0.00,99,0,0,0.00,25,0,48,0.00,30,0,0.00,99,0,0.00,0,0,0.00,0,3.00,99,3,3.00,91,0,0.00,0.00,0,0.00,0,0,0,0.00,0,2,0.00,30,2.00,66,N/A,N/A,N/A,N/A,0.00,0,0.00,0,1.14,0.00,0,64.29,80.00,96,99,0.00,0.00,0,28,28,0,0,0,1.00,1.00,1,94,8.32,1.00,1.00,1,0,0.00,0.00,99,0.00,0,0,0,0.00,0.00,0,0.00,0.00,4.00,4.00,4,0,20.00,84,0,0,74,36,0.17,71,0.17,0.17,1.14,99,1.14,1.14,52,1,1.00,1.00,1.00,1.00,51,1,1.14,99,99,56,91,0,99,99,0,0.00,99,6,0.00,6.00,16.00,16.00,16,9,99,99,9.00,9.00,56.25,2,2.00,10,0,0.00,0,0.00,99,0,0.00,0.00,48,3,77,73,0,0,0,0,0,95,99,98,80,0,99,41,52,52,0,0,59,29,0,0
Mamadou Fall,24,1006329600,2001/11/21,MLS Next Pro,2026,Defender,St. Louis City II,136,136,0,Senegal,2,2,0,0,0,0,0,0,0,0,0,1,1,0,2,2,0,0,0,0,0,0,0,0,0,1.32,68,68,0,0,0,-1,-1,-1,13,0,6.90,0,69,57.89,55.00,91,110,47.00,94,66,49.47,90,0.00,0.00,0.00,0,0.00,0.00,1.58,1.50,3,0.00,0.50,0.00,0.00,0.00,1.50,0.00,1.00,0.00,1.05,0.50,0.50,0.00,0.50,0.10,0.00,1.00,0.00,0.00,0,0,,2,1.00,58,1,0.53,70,1,0.53,52,0,0,2,62,0.00,99,0,3,1.58,85,0,48,0.00,30,0,0.00,99,0,0.00,0,0,0.00,0,0.00,24,1,0.53,33,0,0.00,0.00,0,0.00,0,0,0,0.00,0,2,0.00,58,1.05,26,N/A,N/A,N/A,N/A,0.00,0,0.00,0,0.20,0.00,0,85.45,50.00,87,17,1.00,1.05,2,28,28,0,0,0,0.50,0.53,1,87,13.80,2.50,2.63,5,0,0.00,0.00,99,0.00,0,0,0,0.00,0.00,0,0.00,0.00,0.00,0.00,0,0,0.00,72,0,0,71,62,0.19,49,0.10,0.10,0.20,61,0.10,0.11,7,0,0.00,0.00,2.11,2.00,88,4,0.11,60,58,84,91,0,71,75,0,0.00,99,2,0.00,1.05,6.84,6.50,13,5,27,39,2.63,2.50,38.46,1,0.53,58,0,0.00,0,0.00,99,0,0.00,0.00,48,24,77,73,0,0,0,0,0,51,71,84,80,0,99,90,52,52,0,0,59,4,0,0
Marcel Ruszel,21,1087801200,2004/06/21,MLS Next Pro,2026,Midfielder,Austin II,147,124,23,USA,3,2,1,0,0,0,0,0,0,0,0,2,1,1,2,2,0,2,0,0,0,0,0,0,0,1.22,74,49,74,0,1.22,-1,-1,-1,13,0,4.83,0,69,18.98,7.75,13,31,5.00,20,6,12.24,9,0.00,0.00,0.50,2,0.00,0.00,1.84,0.75,3,0.00,0.00,0.00,0.00,0.00,0.75,0.00,0.50,0.00,1.84,0.50,0.25,0.00,0.25,0.07,0.00,0.50,0.00,0.00,0,0,,3,0.75,76,1,0.61,73,2,1.22,77,0,0,2,69,0.00,99,0,3,1.84,90,0,48,0.00,30,0,0.00,99,0,0.00,0,0,0.00,0,1.22,70,1,0.61,34,0,0.00,0.00,0,0.00,0,0,0,0.00,0,2,0.00,65,1.22,30,N/A,N/A,N/A,N/A,0.00,0,0.00,0,0.26,0.00,0,64.52,33.33,65,2,0.75,1.84,3,28,28,0,0,0,0.25,0.61,1,87,19.30,0.75,1.84,3,0,0.00,0.00,99,0.00,0,0,0,0.00,0.00,0,0.00,0.00,0.00,0.00,0,0,0.00,72,0,33,71,70,0.11,30,0.03,0.07,0.26,67,0.07,0.16,31,1,0.25,0.61,4.90,2.00,99,8,0.16,66,4,76,91,0,71,81,0,0.00,99,2,0.00,1.22,11.02,4.50,18,6,42,83,3.67,1.50,33.33,0,0.00,99,0,0.00,0,0.00,99,0,0.00,0.00,48,24,77,73,0,0,0,0,0,51,71,84,80,0,99,97,52,99,1,33,89,16,0,0
Marcos Zambrano-Delgado,21,1106208000,2005/01/20,MLS Next Pro,2026,Midfielder,Real Monarchs,187,125,62,USA,4,3,1,3,1,2,0,0,0,0,0,1,0,1,3,3,0,0,0,1.44,0,1.44,0.72,2.9,62,1.44,62,47,0,0,0,-1,-1,-1,1,0,7.11,0,69,17.13,11.75,8,47,10.25,41,78,14.94,16,0.00,0.00,0.50,2,0.00,0.00,0.73,0.50,2,0.00,0.50,0.00,0.00,0.00,0.00,0.25,1.00,2.33,2.55,1.00,1.00,0.00,0.75,0.59,0.00,0.75,0.00,0.00,0,0,,7,1.75,86,3,1.09,88,4,1.46,82,3,2,2,30,0.00,99,0,0,0.00,25,0,48,0.00,30,0,0.00,99,0,0.00,0,0,0.00,0,0.73,52,4,1.46,65,1,0.36,25.00,0,0.00,0,0,0,0.00,0,4,0.00,49,1.46,43,N/A,N/A,N/A,N/A,0.00,0,0.00,0,2.35,0.00,0,87.23,42.86,73,58,0.25,0.36,1,43,35,1,0,0,0.00,0.00,0,56,28.46,0.25,0.36,1,0,0.00,0.00,99,0.00,0,1,1,0.25,0.36,0,0.00,0.00,0.00,0.00,0,0,42.86,96,1,85,72,52,0.19,30,0.05,0.07,1.65,93,0.41,0.60,19,1,0.25,0.36,0.73,0.50,39,2,0.86,97,78,26,97,0,71,78,0,0.00,99,3,0.00,1.09,6.56,4.50,18,7,25,37,2.55,1.75,38.89,2,0.73,48,0,0.00,0,0.00,99,0,0.00,0.00,48,24,99,99,0,0,0,0,0,99,99,99,92,0,99,62,52,52,0,0,59,20,0,0
Marius Aiyenero,17,1211526000,2008/05/23,MLS Next Pro,2026,Midfielder,Los Angeles II,91,0,91,USA,3,0,3,1,0,1,0,0,0,0,0,0,0,0,6,0,6,0,0,0.99,0,0.99,0,0.99,91,5.93,15,30,0,0,0,-1,-1,-1,3,0,7.01,0,69,14.90,8.33,6,25,7.67,23,95,13.71,12,0.00,0.00,0.67,2,0.00,0.00,0.60,0.33,1,0.00,0.67,0.00,0.00,0.00,0.00,0.33,2.33,6.00,3.58,1.00,0.33,0.00,1.00,0.37,0.00,0.67,0.00,0.00,0,0,,6,2.00,95,3,1.79,96,3,1.79,88,1,2,1,25,0.00,99,0,0,0.00,25,0,48,0.00,30,0,0.00,99,0,0.00,0,0,0.00,0,1.19,70,1,0.60,34,1,0.60,100.00,0,0.00,0,0,0,0.00,0,7,0.00,0,4.17,95,N/A,N/A,N/A,N/A,0.00,0,0.00,0,1.12,0.00,0,92.00,50.00,87,99,0.00,0.00,0,60,99,0,0,0,0.00,0.00,0,56,21.04,0.33,0.60,1,0,0.00,0.00,99,0.00,0,0,0,0.00,0.00,0,0.00,0.00,0.60,0.33,1,0,16.67,81,0,33,74,4,0.14,37,0.05,0.08,1.12,95,0.37,0.67,76,3,1.00,1.79,1.79,1.00,82,3,0.67,94,71,38,91,0,90,81,0,0.00,99,2,0.00,1.19,9.54,5.33,16,7,58,73,4.17,2.33,43.75,2,1.19,28,0,0.00,0,0.00,99,0,0.00,0.00,48,3,99,96,0,0,0,0,0,93,97,94,80,0,99,41,52,52,0,0,59,47,0,0
Mark Bronnik,19,1162972800,2006/11/08,MLS Next Pro,2026,Midfielder,Tacoma Defiance,266,199,67,USA,5,4,1,1,1,0,0,0,0,0,0,1,1,0,3,1,2,0,0,0.34,0,0.34,0.45,0,266,1.02,89,53,0,0,0,-1,-1,-1,1,0,6.66,0,69,6.39,5.50,0,22,3.75,15,11,4.35,0,0.00,0.00,0.50,2,0.00,0.25,0.29,0.25,1,0.00,0.25,0.00,0.00,0.00,0.50,0.00,0.75,5.00,1.45,1.00,0.75,0.00,0.25,0.22,0.00,0.75,0.00,0.00,0,0,,5,1.25,68,1,0.29,54,4,1.16,76,1,1,3,15,0.00,99,0,2,0.58,51,1,48,0.29,34,0,0.00,99,0,0.00,0,0,0.00,0,0.58,45,3,0.87,47,0,0.00,0.00,0,0.00,0,0,0,0.00,0,3,0.00,70,0.87,21,N/A,N/A,N/A,N/A,0.00,0,0.00,0,0.89,0.00,0,68.18,20.00,51,39,0.50,0.58,2,28,28,0,0,0,0.00,0.00,0,56,26.64,0.75,0.87,3,0,0.00,0.00,99,0.00,0,0,0,0.00,0.00,0,0.00,0.00,1.45,1.25,5,0,20.00,84,29,99,89,75,0.11,6,0.03,0.03,0.89,78,0.22,0.26,57,4,1.00,1.16,1.16,1.00,58,4,0.26,77,30,52,91,0,99,69,0,0.00,99,3,0.00,0.87,6.97,6.00,24,8,22,40,2.32,2.00,33.33,1,0.29,73,0,0.00,0,0.00,99,0,0.00,0.00,48,60,93,96,0,0,0,0,0,70,83,84,87,0,99,47,52,52,0,0,59,81,0,0
Mark O'Neill,24,1015574400,2002/03/08,MLS Next Pro,2026,Midfielder,Tacoma Defiance,335,245,90,USA,5,4,1,0,0,0,0,0,0,0,0,1,1,0,5,1,4,0,0,0,0,0,0,0,0,1.34,67,67,0,0,0,68,59,-1,4,0,6.79,0,69,47.08,34.00,81,136,27.50,110,47,38.08,78,0.00,0.00,0.25,1,0.00,0.25,2.08,1.50,6,0.00,0.25,0.00,0.00,0.00,2.75,0.25,0.75,0.00,0.00,0.00,0.75,0.00,0.00,0.00,0.00,1.50,0.00,0.00,0,0,,0,0.00,25,0,0.00,45,0,0.00,30,2,1,3,77,0.00,99,0,11,3.81,99,1,99,0.35,37,0,0.00,99,0,0.00,0,0,0.00,0,0.35,32,3,1.04,52,1,0.35,33.33,0,0.00,0,0,0,0.00,0,3,0.00,56,1.04,25,N/A,N/A,N/A,N/A,0.00,0,0.00,0,0.00,0.00,0,80.88,0.00,45,36,0.50,0.69,2,42,43,0,0,0,0.00,0.00,0,56,27.16,3.75,5.19,15,0,0.00,0.00,99,0.00,0,0,0,0.00,0.00,0,0.00,0.00,0.00,0.00,0,0,0.00,72,60,99,71,61,0.23,37,0.06,0.08,0.00,27,0.00,0.00,76,5,1.25,1.73,1.38,1.00,70,4,0.00,25,47,98,91,0,71,97,0,0.00,99,6,0.00,2.08,10.04,7.25,29,18,91,77,6.23,4.50,62.07,1,0.35,69,0,100.00,0,0.00,99,1,0.25,0.35,64,60,93,99,0,0,0,0,0,51,71,84,80,0,99,47,52,52,0,0,59,40,0,0
Mark Patrick Rodríguez Cabrera,20,1114758000,2005/04/29,MLS Next Pro,2026,Midfielder,Inter Miami II,46,0,46,Bolivia,2,0,2,0,0,0,0,0,0,0,0,0,0,0,1,0,1,1,0,0,0,0,0,0,0,1.96,46,23,46,0,1.96,-1,-1,-1,5,0,1.64,0,69,30.00,4.00,49,16,3.00,12,27,22.50,45,0.00,0.00,0.25,1,0.00,0.25,3.75,0.50,2,0.00,0.25,0.00,0.00,0.00,0.50,0.00,0.25,0.00,0.00,0.00,0.50,0.00,0.00,0.00,0.00,0.00,0.00,0.00,0,0,,0,0.00,25,0,0.00,45,0,0.00,30,1,1,1,97,0.00,99,0,2,3.75,99,1,99,1.88,75,0,0.00,99,0,0.00,0,0,0.00,0,1.88,88,2,3.75,95,0,0.00,0.00,0,0.00,0,0,0,0.00,0,1,0.00,32,1.88,59,N/A,N/A,N/A,N/A,0.00,0,0.00,0,0.00,0.00,0,75.00,0.00,45,99,0.00,0.00,0,28,28,0,0,0,0.00,0.00,0,56,6.56,0.25,1.88,1,0,0.00,0.00,99,0.00,0,0,0,0.00,0.00,0,0.00,0.00,0.00,0.00,0,0,0.00,72,0,0,71,37,0.05,42,0.01,0.09,0.00,27,0.00,0.00,99,2,0.50,3.75,3.75,0.50,99,2,0.00,25,0,76,91,0,71,20,0,0.00,99,0,0.00,0.00,16.88,2.25,9,4,99,99,7.50,1.00,44.44,1,1.88,11,0,100.00,0,0.00,99,1,0.25,1.88,98,3,93,96,0,0,0,0,0,51,71,84,80,0,99,41,52,99,1,50,97,90,0,0
Markus Cimermancic,21,1096614000,2004/10/01,MLS Next Pro,2026,Midfielder,Toronto II,90,0,90,USA,1,0,1,0,0,0,0,0,0,0,0,0,0,0,2,0,2,0,0,0,0,0,0,0,0,2,45,90,0,0,0,-1,-1,-1,8,0,7.36,0,69,45.00,45.00,78,45,40.00,40,87,40.00,80,0.00,0.00,0.00,0,0.00,0.00,5.00,5.00,5,0.00,0.00,0.00,0.00,0.00,1.00,1.00,3.00,0.00,3.00,1.00,1.00,0.00,2.00,0.33,0.00,0.00,0.00,0.00,0,0,,3,3.00,90,2,2.00,98,1,1.00,70,0,0,1,99,0.00,99,0,1,1.00,70,0,48,0.00,30,0,0.00,99,0,0.00,0,0,0.00,0,0.00,24,1,1.00,51,1,1.00,100.00,0,0.00,0,0,0,0.00,0,3,0.00,30,3.00,89,N/A,N/A,N/A,N/A,0.00,0,0.00,0,0.33,0.00,0,88.89,66.67,95,99,0.00,0.00,0,79,99,0,0,0,1.00,1.00,1,94,7.36,2.00,2.00,2,0,0.00,0.00,99,0.00,0,0,0,0.00,0.00,0,0.00,0.00,1.00,1.00,1,0,0.00,72,0,0,71,36,0.07,30,0.07,0.07,0.33,82,0.33,0.33,99,4,4.00,4.00,3.00,3.00,99,3,0.33,81,90,77,91,0,96,20,0,0.00,99,0,0.00,0.00,14.00,14.00,14,10,99,96,10.00,10.00,71.43,0,0.00,99,0,0.00,0,0.00,99,0,0.00,0.00,48,3,77,73,0,0,0,0,0,51,71,84,80,0,99,41,52,52,0,0,59,71,0,0
Marlon Luccin,18,1191049200,2007/09/29,MLS Next Pro,2026,Midfielder,North Texas,31,0,31,USA,2,0,2,0,0,0,0,0,0,0,0,0,0,0,0,0,0,0,0,0,0,0,0,0,0,0,0,16,0,0,0,-1,-1,-1,7,0,4.88,0,69,55.29,10.75,90,43,9.00,36,60,46.29,87,0.00,0.00,0.25,1,0.00,0.00,0.00,0.00,0,0.00,0.00,0.00,0.00,0.00,0.00,0.00,0.00,0.00,0.00,0.00,0.50,0.00,0.00,0.00,0.00,0.00,0.00,0.00,0,0,,0,0.00,25,0,0.00,45,0,0.00,30,0,2,0,11,0.00,99,0,0,0.00,25,0,48,0.00,30,0,0.00,99,0,0.00,0,0,0.00,0,1.29,73,2,2.57,85,0,0.00,0.00,0,0.00,0,0,0,0.00,0,0,0.00,99,0.00,0,N/A,N/A,N/A,N/A,0.00,0,0.00,0,0.00,0.00,0,83.72,0.00,45,99,0.00,0.00,0,28,28,0,0,0,0.00,0.00,0,56,19.54,0.25,1.29,1,0,0.00,0.00,99,0.00,0,0,0,0.00,0.00,0,0.00,0.00,0.00,0.00,0,0,0.00,72,0,0,71,4,0.13,71,0.03,0.17,0.00,27,0.00,0.00,94,2,0.50,2.57,1.29,0.25,65,1,0.00,25,4,64,91,0,71,20,0,0.00,99,0,0.00,0.00,6.43,1.25,5,2,26,35,2.57,0.50,40.00,0,0.00,99,0,0.00,0,0.00,99,0,0.00,0.00,48,0,99,73,0,0,0,0,0,51,71,84,80,0,99,41,52,52,0,0,59,19,0,0
Mason Vanney,18,1196323200,2007/11/29,MLS Next Pro,2026,Midfielder,LA Galaxy II,450,180,270,USA,5,2,3,0,0,0,1,0,1,0,0,2,0,2,7,5,2,1,0,0.2,0.2,0,0,0,0,1.4,64,90,450,450,0.2,40,42,-1,6,0,7.03,0.2,73,40.71,47.50,70,190,40.75,163,67,34.93,72,0.00,0.00,1.50,6,0.00,4.00,3.43,4.00,16,0.00,0.25,0.00,0.00,0.00,1.25,0.50,1.75,0.00,0.21,0.25,0.50,0.00,0.00,0.01,0.00,0.25,0.00,0.00,0,0,,1,0.25,26,0,0.00,45,1,0.21,31,0,0,4,96,0.00,99,0,5,1.07,74,16,56,3.43,88,0,0.00,99,0,0.00,0,0,0.00,0,1.29,73,2,0.43,30,2,0.43,100.00,0,0.00,0,0,0,0.00,0,7,0.00,51,1.50,48,N/A,N/A,N/A,N/A,0.00,0,0.00,0,0.04,0.00,0,85.79,0.00,45,10,1.50,1.29,6,50,99,0,0,0,0.25,0.21,1,59,28.10,0.50,0.43,2,0,0.00,0.00,99,0.00,0,0,0,0.00,0.00,0,0.00,0.00,0.00,0.00,0,0,0.00,72,99,99,71,56,1.13,77,0.28,0.24,0.04,32,0.01,0.01,8,1,0.25,0.21,1.50,1.75,75,7,0.01,30,73,32,91,0,71,23,0,0.00,99,1,0.00,0.21,7.93,9.25,37,20,60,52,4.29,5.00,54.05,1,0.21,78,0,18.75,0,0.00,99,3,0.75,0.64,82,92,77,73,0,0,0,0,0,53,71,84,80,0,99,76,99,55,1,20,63,88,0,0
Mateo Clark,18,1177484400,2007/04/25,MLS Next Pro,2026,Midfielder,Chicago Fire II,0,0,0,USA,0,0,0,0,0,0,0,0,0,0,0,0,0,0,0,0,0,0,0,0,0,0,0,0,0,0,0,0,0,0,0,-1,-1,-1,-1,N/A,N/A,N/A,N/A,N/A,N/A,N/A,N/A,N/A,N/A,N/A,N/A,N/A,N/A,N/A,N/A,N/A,N/A,N/A,N/A,N/A,N/A,N/A,N/A,N/A,N/A,N/A,N/A,N/A,N/A,N/A,N/A,N/A,N/A,N/A,N/A,N/A,N/A,N/A,N/A,N/A,N/A,N/A,N/A,N/A,N/A,N/A,N/A,N/A,N/A,N/A,N/A,N/A,N/A,N/A,N/A,N/A,N/A,N/A,N/A,N/A,N/A,N/A,N/A,N/A,N/A,N/A,N/A,N/A,N/A,N/A,N/A,N/A,N/A,N/A,N/A,N/A,N/A,N/A,N/A,N/A,N/A,N/A,N/A,N/A,N/A,N/A,N/A,N/A,N/A,N/A,N/A,N/A,N/A,N/A,N/A,N/A,N/A,N/A,N/A,N/A,N/A,N/A,N/A,N/A,N/A,N/A,N/A,N/A,N/A,N/A,N/A,N/A,N/A,N/A,N/A,N/A,N/A,N/A,N/A,N/A,N/A,N/A,N/A,N/A,N/A,N/A,N/A,N/A,N/A,N/A,N/A,N/A,N/A,N/A,N/A,N/A,N/A,N/A,N/A,N/A,N/A,N/A,N/A,N/A,N/A,N/A,N/A,N/A,N/A,N/A,N/A,N/A,N/A,N/A,N/A,N/A,N/A,N/A,N/A,N/A,N/A,N/A,N/A,N/A,N/A,N/A,N/A,N/A,N/A,N/A,N/A,N/A,N/A,N/A,N/A,N/A,N/A,N/A,N/A,N/A,N/A,N/A,N/A,N/A,N/A,N/A,N/A,N/A,N/A,N/A,N/A,N/A,N/A,N/A,N/A,N/A,N/A,N/A,N/A,N/A,N/A,N/A,N/A,N/A,N/A,N/A,N/A,N/A,N/A,N/A,N/A,N/A,N/A,N/A,N/A,N/A,N/A,N/A,N/A,N/A,N/A,N/A,N/A
Mateo Saja,18,1181199600,2007/06/07,MLS Next Pro,2026,Midfielder,Inter Miami II,270,90,180,USA,3,1,2,1,1,0,0,0,0,0,0,0,0,0,6,1,5,0,0,0.33,0,0.33,1,0,270,2,45,90,0,0,0,-1,-1,-1,3,0,6.50,0,69,9.06,9.67,1,29,7.67,23,39,7.19,2,0.00,0.00,0.00,0,0.00,0.00,0.31,0.33,1,0.00,1.00,0.00,0.00,0.00,0.33,0.33,2.00,11.00,3.44,2.00,0.67,0.00,1.67,0.51,0.00,1.33,0.00,0.00,0,0,,11,3.67,93,5,1.56,94,6,1.88,91,0,0,3,16,0.00,99,0,1,0.31,34,0,48,0.00,30,0,0.00,99,0,0.00,0,0,0.00,0,0.00,24,2,0.62,35,1,0.31,50.00,0,0.00,0,0,0,0.00,0,6,0.00,30,1.88,59,N/A,N/A,N/A,N/A,0.00,0,0.00,0,1.52,0.00,0,79.31,45.45,74,62,0.33,0.31,1,37,64,0,0,0,0.00,0.00,0,56,19.51,0.33,0.31,1,0,0.00,0.00,99,0.00,0,0,0,0.00,0.00,0,0.00,0.00,0.00,0.00,0,0,9.09,75,46,33,91,36,0.05,2,0.02,0.02,1.52,91,0.51,0.48,32,2,0.67,0.62,1.56,1.67,76,5,0.48,90,20,21,91,0,71,83,0,0.00,99,4,0.00,1.25,5.94,6.33,19,8,24,30,2.50,2.67,42.11,3,0.94,41,0,0.00,0,0.00,99,0,0.00,0.00,48,60,77,73,0,0,0,0,0,69,82,84,96,0,99,41,52,52,0,0,59,80,0,0
Mathias Fabian Vazquez De La Iglesia,19,1166169600,2006/12/15,MLS Next Pro,2026,Midfielder,FC Cincinnati II,90,0,90,Honduras,1,0,1,0,0,0,0,0,0,0,0,0,0,0,2,0,2,0,0,0,0,0,0,0,0,2,45,90,0,0,0,-1,-1,-1,9,0,1.57,0,69,12.86,2.50,3,10,1.25,5,0,6.43,1,0.00,0.00,0.00,0,0.00,0.25,0.00,0.00,0,0.00,0.75,0.00,0.00,0.00,0.00,0.00,0.25,0.00,1.29,0.25,0.00,0.00,0.00,0.01,0.00,0.00,0.00,0.00,0,0,,1,0.25,63,0,0.00,45,1,1.29,79,0,0,1,11,0.00,99,0,0,0.00,25,1,48,1.29,67,0,0.00,99,0,0.00,0,0,0.00,0,0.00,24,0,0.00,18,0,0.00,0.00,0,0.00,0,0,0,0.00,0,1,0.00,30,1.29,32,N/A,N/A,N/A,N/A,0.00,0,0.00,0,0.04,0.00,0,50.00,0.00,45,99,0.00,0.00,0,28,28,0,0,0,0.00,0.00,0,56,6.27,0.00,0.00,0,0,0.00,0.00,99,0.00,0,0,0,0.00,0.00,0,0.00,0.00,1.29,0.25,1,0,0.00,72,0,0,71,36,0.01,0,0.00,0.01,0.04,47,0.01,0.05,94,2,0.50,2.57,2.57,0.50,96,2,0.05,45,0,15,91,0,99,20,0,0.00,99,0,0.00,0.00,12.86,2.50,10,2,26,92,2.57,0.50,20.00,3,3.86,1,0,0.00,0,0.00,99,0,0.00,0.00,48,3,77,73,0,0,0,0,0,51,71,84,80,0,99,41,52,52,0,0,59,42,0,0
Matias Marin,18,1191740400,2007/10/07,MLS Next Pro,2026,Midfielder,Inter Miami II,270,90,180,USA,3,1,2,0,0,0,0,0,0,0,0,0,0,0,6,1,5,0,0,0,0,0,0,0,0,2,45,90,0,0,0,-1,-1,-1,14,0,6.45,0,69,39.00,43.33,66,130,36.00,108,59,32.40,65,0.00,0.00,0.33,1,0.00,0.00,0.00,0.00,0,0.00,0.00,0.00,0.00,1.33,0.00,0.00,3.67,0.00,0.00,0.00,0.00,0.00,0.00,0.00,0.00,0.33,0.00,0.00,0,0,,0,0.00,25,0,0.00,45,0,0.00,30,0,0,3,11,0.00,99,0,0,0.00,25,0,48,0.00,30,0,0.00,99,0,0.00,0,0,0.00,0,0.30,30,0,0.00,18,0,0.00,0.00,0,0.00,0,4,8,1.20,8,11,0.00,30,3.30,91,N/A,N/A,N/A,N/A,36.36,0,0.00,0,0.00,0.00,0,83.08,0.00,45,99,0.00,0.00,0,28,28,0,0,4,0.00,0.00,0,56,19.35,1.00,0.90,3,0,0.00,0.00,99,0.00,0,0,0,0.00,0.00,0,0.00,0.00,0.00,0.00,0,0,0.00,72,46,33,71,36,0.24,30,0.08,0.07,0.00,27,0.00,0.00,31,2,0.67,0.60,0.00,0.00,12,0,0.00,25,18,54,91,0,71,32,0,0.00,99,1,0.00,0.30,0.90,1.00,3,3,9,7,0.90,1.00,100.00,0,0.00,99,0,0.00,0,0.00,99,0,0.00,0.00,48,60,77,73,0,0,0,0,0,51,71,84,80,0,99,41,52,52,0,0,59,61,0,0
Matt Miazga,30,806137200,1995/07/19,MLS Next Pro,2026,Defender,FC Cincinnati II,46,0,46,USA,1,0,1,0,0,0,0,0,0,0,0,0,0,0,1,0,1,1,0,0,0,0,0,0,0,1.96,46,46,46,0,1.96,-1,-1,-1,12,0,6.40,0,69,93.91,48.00,99,48,41.00,41,66,80.22,99,0.00,0.00,0.00,0,0.00,0.00,0.00,0.00,0,0.00,0.00,0.00,0.00,0.00,0.00,0.00,1.00,0.00,0.00,0.00,0.00,0.00,0.00,0.00,0.00,2.00,0.00,0.00,0,0,,0,0.00,25,0,0.00,45,0,0.00,30,1,0,1,11,0.00,99,0,0,0.00,25,0,48,0.00,30,0,0.00,99,0,0.00,0,0,0.00,0,0.00,24,0,0.00,18,0,0.00,0.00,0,0.00,0,0,0,0.00,0,1,0.00,32,1.96,63,N/A,N/A,N/A,N/A,0.00,0,0.00,0,0.00,0.00,0,85.42,0.00,45,99,0.00,0.00,0,28,28,0,0,0,0.00,0.00,0,56,6.40,2.00,3.91,2,0,0.00,0.00,99,0.00,0,0,0,0.00,0.00,0,0.00,0.00,0.00,0.00,0,0,0.00,72,0,0,71,37,0.10,73,0.10,0.20,0.00,27,0.00,0.00,7,0,0.00,0.00,1.96,1.00,85,1,0.00,25,16,93,91,0,71,99,0,0.00,99,2,0.00,3.91,5.87,3.00,3,2,51,29,3.91,2.00,66.67,0,0.00,99,0,0.00,0,0.00,99,0,0.00,0.00,48,3,77,96,0,0,0,0,0,51,71,84,80,0,99,41,52,99,1,100,99,21,0,0
Mattheo Dimareli,16,1243494000,2009/05/28,MLS Next Pro,2026,Midfielder,Houston Dynamo FC II,360,360,0,USA,4,4,0,2,2,0,0,0,0,0,0,4,4,0,0,0,0,1,0,0.5,0,0.5,0.5,0,180,0,0,90,360,0,0.25,14,47,-1,1,0,7.34,0,69,26.09,24.50,38,98,19.75,79,45,21.04,42,0.00,0.00,1.00,4,0.00,6.75,2.40,2.25,9,0.00,1.00,0.00,0.00,0.00,1.00,1.50,0.00,4.00,2.13,1.25,4.00,0.00,0.75,0.46,0.00,0.25,0.00,0.00,0,0,,8,2.00,81,3,0.80,81,5,1.33,79,0,0,4,83,0.00,99,0,4,1.07,74,27,48,7.19,99,0,0.00,99,0,0.00,0,0,0.00,0,1.07,66,16,4.26,97,6,1.60,37.50,0,0.00,0,0,0,0.00,0,0,0.00,99,0.00,0,N/A,N/A,N/A,N/A,0.00,0,0.00,0,1.83,0.00,0,80.61,37.50,67,27,0.75,0.80,3,92,45,0,0,0,0.25,0.27,1,69,29.34,0.00,0.00,0,0,0.00,0.00,99,0.00,0,0,0,0.00,0.00,0,0.00,0.00,0.27,0.25,1,0,25.00,90,88,85,81,4,0.34,42,0.09,0.09,1.83,91,0.46,0.49,71,6,1.50,1.60,1.33,1.25,67,5,0.49,90,89,15,91,0,80,30,0,0.00,99,1,0.00,0.27,13.05,12.25,49,22,88,93,5.86,5.50,44.90,4,1.07,34,0,7.41,0,0.00,99,2,0.50,0.53,79,92,77,73,0,1,0,25,0,80,91,84,90,0,99,99,97,65,1,25,81,33,0,0
Matthew Arana Ibarra,56,N/A,N/A,MLS Next Pro,2026,Forward,Houston Dynamo FC II,218,218,0,Mexico,3,3,0,1,1,0,1,1,0,0,0,3,3,0,0,0,0,1,0,0.83,0.41,0.41,0.41,0,218,0,0,73,218,218,0.41,-1,-1,-1,9,0,6.99,0.33,92,28.50,25.33,46,76,22.33,67,83,25.12,53,0.00,0.00,1.33,4,0.00,0.67,1.12,1.00,3,0.00,1.00,0.00,0.00,0.00,0.67,0.00,0.00,2.00,0.75,0.33,1.00,0.00,0.33,0.27,0.00,0.00,0.00,0.00,0,0,,2,0.67,49,1,0.38,60,1,0.38,44,1,0,3,45,0.00,99,0,2,0.75,58,2,48,0.75,53,0,0.00,99,0,0.00,0,0,0.00,0,1.50,80,3,1.12,53,0,0.00,0.00,0,0.00,0,0,0,0.00,0,0,0.00,99,0.00,0,N/A,N/A,N/A,N/A,0.00,0,0.00,0,0.80,0.00,0,88.16,50.00,87,31,0.67,0.75,2,28,28,0,0,0,0.00,0.00,0,56,20.97,0.00,0.00,0,0,0.00,0.00,99,0.00,0,0,0,0.00,0.00,0,0.00,0.00,0.00,0.00,0,0,50.00,99,8,33,83,4,0.85,88,0.28,0.32,0.80,80,0.27,0.30,21,1,0.33,0.38,1.50,1.33,75,4,0.30,79,68,15,91,0,71,20,0,0.00,99,0,0.00,0.00,6.00,5.33,16,4,14,32,1.50,1.33,25.00,3,1.12,33,0,0.00,0,0.00,99,0,0.00,0.00,48,60,77,96,0,0,0,0,0,91,88,84,85,0,99,99,68,84,1,33,89,22,0,0
Matthew Dominic Evans Wolff,19,1148540400,2006/05/25,MLS Next Pro,2026,Midfielder,Los Angeles II,124,0,124,USA,2,0,2,1,0,1,1,0,1,0,0,0,0,0,3,0,3,0,0,1.45,0.73,0.73,0,0.73,124,2.18,41,62,0,124,0,-1,-1,-1,2,0,7.29,0.5,97,25.13,21.50,36,43,18.00,36,60,21.04,42,0.00,0.00,2.00,4,0.00,0.00,1.17,1.00,2,0.00,0.50,0.00,0.00,0.00,0.00,1.00,1.50,4.00,2.34,0.50,2.00,0.00,1.50,0.51,0.00,0.00,0.00,0.00,0,0,,4,2.00,82,3,1.75,96,1,0.58,55,2,0,2,49,0.00,99,0,0,0.00,25,0,48,0.00,30,0,0.00,99,0,0.00,0,0,0.00,0,2.34,94,4,2.34,82,2,1.17,50.00,0,0.00,0,0,0,0.00,0,3,0.00,19,1.75,56,N/A,N/A,N/A,N/A,0.00,0,0.00,0,1.02,0.00,0,83.72,75.00,95,39,0.50,0.58,1,82,64,0,0,0,0.00,0.00,0,56,14.57,0.00,0.00,0,0,0.00,0.00,99,0.00,0,0,0,0.00,0.00,0,0.00,0.00,0.00,0.00,0,0,25.00,90,0,0,78,24,0.80,97,0.40,0.47,1.02,93,0.51,0.60,58,2,1.00,1.17,1.17,1.00,58,2,0.60,92,88,15,91,0,71,20,0,0.00,99,0,0.00,0.00,7.60,6.50,13,6,39,48,3.51,3.00,46.15,1,0.58,56,0,0.00,0,0.00,99,0,0.00,0.00,48,24,77,99,0,0,0,0,0,99,93,92,80,0,99,41,52,52,0,0,59,70,0,0
Matthew Senanou,23,1048233600,2003/03/21,MLS Next Pro,2026,Midfielder,Atlanta United II,360,180,180,USA,4,2,2,1,1,0,0,0,0,0,0,0,0,0,5,2,3,1,0,0.25,0,0.25,0.5,0,360,1.25,72,90,360,0,0.25,24,65,-1,4,0,6.73,0,69,48.69,52.75,83,211,44.50,178,62,41.08,81,0.00,0.00,0.25,1,0.00,0.00,0.46,0.50,2,0.00,0.00,0.00,0.00,0.00,1.25,0.00,1.50,0.00,0.23,0.25,0.00,0.00,0.00,0.01,0.00,0.25,0.00,0.00,0,0,,1,0.25,27,0,0.00,45,1,0.23,34,0,0,4,22,0.00,99,0,5,1.15,76,0,48,0.00,30,0,0.00,99,0,0.00,0,0,0.00,0,0.23,25,0,0.00,18,0,0.00,0.00,0,0.00,0,0,0,0.00,0,6,0.00,64,1.38,40,N/A,N/A,N/A,N/A,0.00,0,0.00,0,0.04,0.00,0,84.36,0.00,45,70,0.25,0.23,1,28,28,0,0,0,2.00,1.85,8,99,26.90,6.50,6.00,26,0,0.00,0.00,99,0.00,0,0,0,0.00,0.00,0,0.00,0.00,0.23,0.25,1,0,0.00,72,88,85,99,69,0.41,42,0.10,0.09,0.04,32,0.01,0.01,34,3,0.75,0.69,0.69,0.75,37,3,0.01,30,41,99,91,0,76,26,0,0.00,99,1,0.00,0.23,3.00,3.25,13,6,12,13,1.38,1.50,46.15,0,0.00,99,0,0.00,0,0.00,99,0,0.00,0.00,48,92,77,73,0,0,0,0,0,64,77,84,90,0,99,41,97,65,1,25,81,82,0,0
Mauricio Gonzalez,21,1095231600,2004/09/15,MLS Next Pro,2026,Midfielder,Minnesota United II,90,0,90,Colombia,1,0,1,0,0,0,0,0,0,0,0,1,0,1,0,0,0,0,0,0,0,0,0,0,0,0,0,90,0,0,0,-1,-1,-1,12,0,6.73,0,69,20.00,20.00,15,20,15.00,15,27,15.00,16,0.00,0.00,0.00,0,0.00,2.00,0.00,0.00,0,0.00,1.00,0.00,0.00,0.00,0.00,2.00,0.00,0.00,3.00,3.00,4.00,0.00,0.00,0.13,0.00,0.00,0.00,0.00,0,0,,3,3.00,90,0,0.00,45,3,3.00,99,0,0,1,11,0.00,99,0,0,0.00,25,2,48,2.00,76,0,0.00,99,0,0.00,0,0,0.00,0,0.00,24,4,4.00,95,2,2.00,50.00,0,0.00,0,0,0,0.00,0,0,0.00,99,0.00,0,N/A,N/A,N/A,N/A,0.00,0,0.00,0,0.13,0.00,0,75.00,0.00,45,99,0.00,0.00,0,96,64,0,0,0,1.00,1.00,1,94,6.73,0.00,0.00,0,0,0.00,0.00,99,0.00,0,0,0,0.00,0.00,0,0.00,0.00,0.00,0.00,0,0,0.00,72,0,0,71,4,0.04,12,0.04,0.04,0.13,65,0.13,0.13,7,0,0.00,0.00,0.00,0.00,12,0,0.13,63,41,15,91,0,71,20,0,0.00,99,0,0.00,0.00,5.00,5.00,5,2,19,18,2.00,2.00,40.00,1,1.00,37,0,0.00,0,0.00,99,0,0.00,0.00,48,3,77,73,0,0,0,0,0,51,71,84,80,0,99,99,52,52,0,0,59,18,0,0
Max Anchor,21,1090393200,2004/07/21,MLS Next Pro,2026,Midfielder,Tacoma Defiance,270,270,0,Canada,3,3,0,0,0,0,0,0,0,0,0,1,1,0,2,2,0,0,0,0,0,0,0,0,0,0.67,135,90,0,0,0,-1,-1,-1,6,0,7.08,0,69,28.71,33.50,47,67,23.00,46,12,19.71,37,0.00,0.00,0.00,0,0.00,0.00,0.00,0.00,0,0.00,0.00,0.00,0.00,3.00,0.00,0.00,3.50,0.00,0.00,0.00,0.00,0.00,0.00,0.00,0.00,0.00,0.00,0.00,0,0,,0,0.00,25,0,0.00,45,0,0.00,30,0,0,2,11,0.00,99,0,0,0.00,25,0,48,0.00,30,0,0.00,99,0,0.00,0,0,0.00,0,0.00,24,0,0.00,18,0,0.00,0.00,0,0.00,0,6,88,2.57,42,7,0.00,87,3.00,89,N/A,N/A,N/A,N/A,85.71,0,0.00,0,0.00,0.00,0,68.66,0.00,45,99,0.00,0.00,0,28,28,0,0,3,0.00,0.00,0,56,14.17,0.50,0.43,1,0,0.00,0.00,99,0.00,0,0,0,0.00,0.00,0,0.00,0.00,0.00,0.00,0,0,0.00,72,46,33,71,92,0.10,12,0.05,0.04,0.00,27,0.00,0.00,25,1,0.50,0.43,0.00,0.00,12,0,0.00,25,77,32,91,0,71,20,0,0.00,99,0,0.00,0.00,0.43,0.50,1,1,6,6,0.43,0.50,100.00,0,0.00,99,0,0.00,0,0.00,99,0,0.00,0.00,48,24,77,73,0,0,0,0,0,51,71,84,80,0,99,73,52,52,0,0,59,50,0,0
Max Floriani,23,1044518400,2003/02/06,MLS Next Pro,2026,Midfielder,San Jose Earthquakes II,263,83,180,USA,3,1,2,0,0,0,0,0,0,0,0,0,0,0,4,1,3,2,0,0,0,0,0,0,0,1.37,66,88,132,0,0.68,-1,-1,-1,7,0,7.19,0,69,77.00,75.00,99,225,69.00,207,95,70.84,99,0.00,0.00,0.67,2,0.00,0.33,1.03,1.00,3,0.00,0.00,0.00,0.00,0.00,0.67,0.33,1.33,0.00,0.68,0.67,0.67,0.00,0.00,0.03,0.00,3.67,0.00,0.00,0,0,,2,0.67,47,0,0.00,45,2,0.68,58,0,0,3,40,0.00,99,0,2,0.68,54,1,99,0.34,37,0,0.00,99,0,0.00,0,0,0.00,0,0.68,50,2,0.68,39,1,0.34,50.00,0,0.00,0,0,0,0.00,0,4,0.00,53,1.37,37,N/A,N/A,N/A,N/A,0.00,0,0.00,0,0.09,0.00,0,92.00,0.00,45,36,0.67,0.68,2,41,64,0,0,0,0.33,0.34,1,75,21.57,4.00,4.11,12,1,0.00,0.34,1,0.33,0,0,0,0.00,0.00,0,0.00,0.00,0.00,0.00,0,0,0.00,72,27,33,71,58,0.47,69,0.16,0.16,0.09,41,0.03,0.03,91,7,2.33,2.40,2.40,2.33,94,7,0.03,40,84,94,91,0,71,99,0,0.00,99,11,0.00,3.76,11.63,11.33,34,22,99,86,7.53,7.33,64.71,0,0.00,99,0,100.00,0,0.00,99,1,0.33,0.34,63,60,77,73,0,0,0,0,0,51,71,84,80,0,99,41,59,94,2,67,99,25,0,0
Maxime Crépeau,31,768639600,1994/05/11,MLS Next Pro,2026,Goalkeeper,Orlando City II,0,0,0,Canada,0,0,0,0,0,0,0,0,0,0,0,0,0,0,0,0,0,0,0,0,0,0,0,0,0,0,0,0,0,0,0,-1,-1,-1,-1,N/A,N/A,N/A,N/A,N/A,N/A,N/A,N/A,N/A,N/A,N/A,N/A,N/A,N/A,N/A,N/A,N/A,N/A,N/A,N/A,N/A,N/A,N/A,N/A,N/A,N/A,N/A,N/A,N/A,N/A,N/A,N/A,N/A,N/A,N/A,N/A,N/A,N/A,N/A,N/A,N/A,N/A,N/A,N/A,N/A,N/A,N/A,N/A,N/A,N/A,N/A,N/A,N/A,N/A,N/A,N/A,N/A,N/A,N/A,N/A,N/A,N/A,N/A,N/A,N/A,N/A,N/A,N/A,N/A,N/A,N/A,N/A,N/A,N/A,N/A,N/A,N/A,N/A,N/A,N/A,N/A,N/A,N/A,N/A,N/A,N/A,N/A,N/A,N/A,N/A,N/A,N/A,N/A,N/A,N/A,N/A,N/A,N/A,N/A,N/A,N/A,N/A,N/A,N/A,N/A,N/A,N/A,N/A,N/A,N/A,N/A,N/A,N/A,N/A,N/A,N/A,N/A,N/A,N/A,N/A,N/A,N/A,N/A,N/A,N/A,N/A,N/A,N/A,N/A,N/A,N/A,N/A,N/A,N/A,N/A,N/A,N/A,N/A,N/A,N/A,N/A,N/A,N/A,N/A,N/A,N/A,N/A,N/A,N/A,N/A,N/A,N/A,N/A,N/A,N/A,N/A,N/A,N/A,N/A,N/A,N/A,N/A,N/A,N/A,N/A,N/A,N/A,N/A,N/A,N/A,N/A,N/A,N/A,N/A,N/A,N/A,N/A,N/A,N/A,N/A,N/A,N/A,N/A,N/A,N/A,N/A,N/A,N/A,N/A,N/A,N/A,N/A,N/A,N/A,N/A,N/A,N/A,N/A,N/A,N/A,N/A,N/A,N/A,N/A,N/A,N/A,N/A,N/A,N/A,N/A,N/A,N/A,N/A,N/A,N/A,N/A,N/A,N/A,N/A,N/A,N/A,N/A,N/A,N/A
Maximilian Deisenhofer,17,1211871600,2008/05/27,MLS Next Pro,2026,Midfielder,Portland Timbers II,0,0,0,USA,0,0,0,0,0,0,0,0,0,0,0,0,0,0,0,0,0,0,0,0,0,0,0,0,0,0,0,0,0,0,0,-1,-1,-1,-1,N/A,N/A,N/A,N/A,N/A,N/A,N/A,N/A,N/A,N/A,N/A,N/A,N/A,N/A,N/A,N/A,N/A,N/A,N/A,N/A,N/A,N/A,N/A,N/A,N/A,N/A,N/A,N/A,N/A,N/A,N/A,N/A,N/A,N/A,N/A,N/A,N/A,N/A,N/A,N/A,N/A,N/A,N/A,N/A,N/A,N/A,N/A,N/A,N/A,N/A,N/A,N/A,N/A,N/A,N/A,N/A,N/A,N/A,N/A,N/A,N/A,N/A,N/A,N/A,N/A,N/A,N/A,N/A,N/A,N/A,N/A,N/A,N/A,N/A,N/A,N/A,N/A,N/A,N/A,N/A,N/A,N/A,N/A,N/A,N/A,N/A,N/A,N/A,N/A,N/A,N/A,N/A,N/A,N/A,N/A,N/A,N/A,N/A,N/A,N/A,N/A,N/A,N/A,N/A,N/A,N/A,N/A,N/A,N/A,N/A,N/A,N/A,N/A,N/A,N/A,N/A,N/A,N/A,N/A,N/A,N/A,N/A,N/A,N/A,N/A,N/A,N/A,N/A,N/A,N/A,N/A,N/A,N/A,N/A,N/A,N/A,N/A,N/A,N/A,N/A,N/A,N/A,N/A,N/A,N/A,N/A,N/A,N/A,N/A,N/A,N/A,N/A,N/A,N/A,N/A,N/A,N/A,N/A,N/A,N/A,N/A,N/A,N/A,N/A,N/A,N/A,N/A,N/A,N/A,N/A,N/A,N/A,N/A,N/A,N/A,N/A,N/A,N/A,N/A,N/A,N/A,N/A,N/A,N/A,N/A,N/A,N/A,N/A,N/A,N/A,N/A,N/A,N/A,N/A,N/A,N/A,N/A,N/A,N/A,N/A,N/A,N/A,N/A,N/A,N/A,N/A,N/A,N/A,N/A,N/A,N/A,N/A,N/A,N/A,N/A,N/A,N/A,N/A,N/A,N/A,N/A,N/A,N/A,N/A
Maximillian Timothy Kerkvliet,20,1128150000,2005/10/01,MLS Next Pro,2026,Midfielder,Real Monarchs,360,270,90,USA,4,3,1,0,0,0,0,0,0,0,0,1,0,1,5,5,0,0,0,0,0,0,0,0,0,1.25,72,90,0,0,0,110,98,-1,6,0,7.12,0,69,20.57,24.00,17,96,21.50,86,90,18.43,31,0.00,0.00,0.00,0,0.00,0.00,0.00,0.00,0,0.00,0.00,0.00,0.00,4.00,0.00,0.00,5.50,0.00,0.00,0.00,0.00,0.00,0.00,0.00,0.00,0.50,0.00,0.00,0,0,,0,0.00,25,0,0.00,45,0,0.00,30,0,0,4,11,0.00,99,0,0,0.00,25,0,48,0.00,30,0,0.00,99,0,0.00,0,0,0.00,0,0.00,24,0,0.00,18,0,0.00,0.00,0,0.00,0,16,58,3.43,79,22,0.00,64,4.71,97,N/A,N/A,N/A,N/A,72.73,0,0.00,0,0.00,0.00,0,89.58,0.00,45,99,0.00,0.00,0,28,28,0,0,11,0.25,0.21,1,59,28.49,1.00,0.86,4,0,0.00,0.00,99,0.00,0,0,0,0.00,0.00,1,0.25,0.21,0.00,0.00,0,0,0.00,72,88,85,71,69,0.17,12,0.04,0.04,0.00,27,0.00,0.00,8,1,0.25,0.21,0.00,0.00,12,0,0.00,25,79,51,91,14,71,46,0,0.00,99,2,0.00,0.43,0.64,0.75,3,3,7,6,0.64,0.75,100.00,0,0.00,99,0,0.00,0,0.00,99,0,0.00,0.00,48,92,77,73,0,0,0,0,0,51,71,84,80,0,99,62,52,52,0,0,59,24,0,0
Maximo Augusto Carrizo Ballesteros,18,1204185600,2008/02/28,MLS Next Pro,2026,Midfielder,New York City II,162,90,72,USA,2,1,1,0,0,0,1,1,0,0,0,1,0,1,1,1,0,0,0,0.56,0.56,0,0,0,0,0.56,162,81,0,162,0,-1,-1,-1,4,0,6.57,0.5,95,27.19,29.00,42,58,20.00,40,13,18.75,32,0.00,0.00,0.50,1,0.00,1.00,1.41,1.50,3,0.00,5.00,0.00,0.00,0.00,1.00,0.50,0.50,0.00,1.41,1.00,2.00,0.00,0.50,0.12,0.00,0.00,0.00,0.00,0,0,,3,1.50,67,1,0.47,66,2,0.94,69,1,0,2,57,0.00,99,0,2,0.94,68,2,92,0.94,61,0,0.00,99,0,0.00,0,0,0.00,0,0.47,42,4,1.88,75,1,0.47,25.00,0,0.00,0,0,0,0.00,0,1,0.00,88,0.47,7,N/A,N/A,N/A,N/A,0.00,0,0.00,0,0.24,0.00,0,68.97,33.33,65,21,1.00,0.94,2,54,35,0,0,0,0.00,0.00,0,56,13.15,0.00,0.00,0,0,0.00,0.00,99,0.00,0,0,0,0.00,0.00,0,0.00,0.00,0.47,0.50,1,0,0.00,72,0,0,71,93,0.74,91,0.37,0.35,0.24,61,0.12,0.11,81,4,2.00,1.88,0.00,0.00,12,0,0.11,60,26,15,91,0,86,20,0,0.00,99,0,0.00,0.00,11.25,12.00,24,8,45,84,3.75,4.00,33.33,10,4.69,0,0,50.00,0,0.00,99,1,0.50,0.47,76,24,77,96,0,0,0,0,0,82,71,84,80,0,99,90,52,52,0,0,59,29,0,0
Maximo Nystrom,18,1192690800,2007/10/18,MLS Next Pro,2026,Midfielder,Portland Timbers II,0,0,0,USA,0,0,0,0,0,0,0,0,0,0,0,0,0,0,0,0,0,0,0,0,0,0,0,0,0,0,0,0,0,0,0,-1,-1,-1,-1,N/A,N/A,N/A,N/A,N/A,N/A,N/A,N/A,N/A,N/A,N/A,N/A,N/A,N/A,N/A,N/A,N/A,N/A,N/A,N/A,N/A,N/A,N/A,N/A,N/A,N/A,N/A,N/A,N/A,N/A,N/A,N/A,N/A,N/A,N/A,N/A,N/A,N/A,N/A,N/A,N/A,N/A,N/A,N/A,N/A,N/A,N/A,N/A,N/A,N/A,N/A,N/A,N/A,N/A,N/A,N/A,N/A,N/A,N/A,N/A,N/A,N/A,N/A,N/A,N/A,N/A,N/A,N/A,N/A,N/A,N/A,N/A,N/A,N/A,N/A,N/A,N/A,N/A,N/A,N/A,N/A,N/A,N/A,N/A,N/A,N/A,N/A,N/A,N/A,N/A,N/A,N/A,N/A,N/A,N/A,N/A,N/A,N/A,N/A,N/A,N/A,N/A,N/A,N/A,N/A,N/A,N/A,N/A,N/A,N/A,N/A,N/A,N/A,N/A,N/A,N/A,N/A,N/A,N/A,N/A,N/A,N/A,N/A,N/A,N/A,N/A,N/A,N/A,N/A,N/A,N/A,N/A,N/A,N/A,N/A,N/A,N/A,N/A,N/A,N/A,N/A,N/A,N/A,N/A,N/A,N/A,N/A,N/A,N/A,N/A,N/A,N/A,N/A,N/A,N/A,N/A,N/A,N/A,N/A,N/A,N/A,N/A,N/A,N/A,N/A,N/A,N/A,N/A,N/A,N/A,N/A,N/A,N/A,N/A,N/A,N/A,N/A,N/A,N/A,N/A,N/A,N/A,N/A,N/A,N/A,N/A,N/A,N/A,N/A,N/A,N/A,N/A,N/A,N/A,N/A,N/A,N/A,N/A,N/A,N/A,N/A,N/A,N/A,N/A,N/A,N/A,N/A,N/A,N/A,N/A,N/A,N/A,N/A,N/A,N/A,N/A,N/A,N/A,N/A,N/A,N/A,N/A,N/A,N/A
Maximus Ekk,20,1125212400,2005/08/28,MLS Next Pro,2026,Midfielder,Huntsville City,354,84,270,USA,4,1,3,2,1,1,1,0,1,0,0,0,0,0,14,2,12,0,0,0.76,0.25,0.51,1.07,0.33,177,3.56,25,89,0,354,0,12,33,-1,2,0,6.92,0.25,81,20.59,20.25,18,81,16.50,66,49,16.78,25,0.00,0.00,0.75,3,0.00,0.25,1.02,1.00,4,0.00,0.50,0.00,0.00,0.00,0.00,0.50,3.50,4.50,2.29,1.00,1.00,0.00,1.25,0.50,0.00,2.00,0.00,0.00,0,0,,9,2.25,82,5,1.27,92,4,1.02,71,1,0,4,40,0.00,99,0,0,0.00,25,1,48,0.25,33,0,0.00,99,0,0.00,0,0,0.00,0,0.76,54,4,1.02,52,2,0.51,50.00,0,0.00,0,0,0,0.00,0,14,0.00,2,3.56,92,N/A,N/A,N/A,N/A,0.00,0,0.00,0,2.01,0.00,0,81.48,55.56,88,43,0.50,0.51,2,55,64,1,0,0,0.00,0.00,0,56,27.69,0.50,0.51,2,0,0.00,0.00,99,0.00,0,1,0,0.00,0.00,0,0.00,0.00,0.25,0.25,1,0,22.22,85,64,85,80,6,0.84,74,0.21,0.21,1.31,82,0.33,0.33,28,2,0.50,0.51,1.02,1.00,51,4,0.51,91,61,36,91,0,76,96,0,0.00,99,8,0.00,2.03,8.39,8.25,33,16,55,58,4.07,4.00,48.48,2,0.51,59,0,0.00,0,0.00,99,0,0.00,0.00,48,92,77,96,0,0,0,0,0,89,91,87,97,0,99,41,52,52,0,0,59,10,0,0
Maxwell Murray,23,1018249200,2002/04/08,MLS Next Pro,2026,Midfielder,New York City II,270,180,90,USA,3,2,1,0,0,0,0,0,0,0,0,1,0,1,6,6,0,1,0,0,0,0,0,0,0,2,45,90,270,0,0.33,-1,-1,-1,3,0,6.81,0,69,64.91,79.33,97,238,66.33,199,60,54.27,96,0.00,0.00,0.33,1,0.00,0.00,0.82,1.00,3,0.00,1.00,0.00,0.00,0.00,1.00,0.00,2.00,0.00,0.00,0.00,0.00,0.00,0.00,0.00,0.00,2.33,0.00,0.00,0,0,,0,0.00,25,0,0.00,45,0,0.00,30,0,0,3,33,0.00,99,0,3,0.82,61,0,48,0.00,30,0,0.00,99,0,0.00,0,0,0.00,0,0.27,27,0,0.00,18,0,0.00,0.00,0,0.00,0,0,0,0.00,0,6,0.00,30,1.64,52,N/A,N/A,N/A,N/A,0.00,0,0.00,0,0.00,0.00,0,83.61,0.00,45,99,0.00,0.00,0,28,28,0,0,0,0.67,0.55,2,87,20.44,6.00,4.91,18,0,0.00,0.00,99,0.00,0,0,0,0.00,0.00,0,0.00,0.00,0.00,0.00,0,0,0.00,72,46,33,71,36,0.52,67,0.17,0.14,0.00,27,0.00,0.00,13,1,0.33,0.27,1.09,1.33,55,4,0.00,25,49,97,91,0,71,95,0,0.00,99,7,0.00,1.91,5.18,6.33,19,11,33,21,3.00,3.67,57.89,3,0.82,45,0,0.00,0,0.00,99,0,0.00,0.00,48,60,77,73,0,0,0,0,0,51,71,84,80,0,99,73,81,75,1,33,89,23,0,0
Maxwell Weinstein,21,1086418800,2004/06/05,MLS Next Pro,2026,Midfielder,New England II,0,0,0,USA,0,0,0,0,0,0,0,0,0,0,0,0,0,0,0,0,0,0,0,0,0,0,0,0,0,0,0,0,0,0,0,-1,-1,-1,-1,N/A,N/A,N/A,N/A,N/A,N/A,N/A,N/A,N/A,N/A,N/A,N/A,N/A,N/A,N/A,N/A,N/A,N/A,N/A,N/A,N/A,N/A,N/A,N/A,N/A,N/A,N/A,N/A,N/A,N/A,N/A,N/A,N/A,N/A,N/A,N/A,N/A,N/A,N/A,N/A,N/A,N/A,N/A,N/A,N/A,N/A,N/A,N/A,N/A,N/A,N/A,N/A,N/A,N/A,N/A,N/A,N/A,N/A,N/A,N/A,N/A,N/A,N/A,N/A,N/A,N/A,N/A,N/A,N/A,N/A,N/A,N/A,N/A,N/A,N/A,N/A,N/A,N/A,N/A,N/A,N/A,N/A,N/A,N/A,N/A,N/A,N/A,N/A,N/A,N/A,N/A,N/A,N/A,N/A,N/A,N/A,N/A,N/A,N/A,N/A,N/A,N/A,N/A,N/A,N/A,N/A,N/A,N/A,N/A,N/A,N/A,N/A,N/A,N/A,N/A,N/A,N/A,N/A,N/A,N/A,N/A,N/A,N/A,N/A,N/A,N/A,N/A,N/A,N/A,N/A,N/A,N/A,N/A,N/A,N/A,N/A,N/A,N/A,N/A,N/A,N/A,N/A,N/A,N/A,N/A,N/A,N/A,N/A,N/A,N/A,N/A,N/A,N/A,N/A,N/A,N/A,N/A,N/A,N/A,N/A,N/A,N/A,N/A,N/A,N/A,N/A,N/A,N/A,N/A,N/A,N/A,N/A,N/A,N/A,N/A,N/A,N/A,N/A,N/A,N/A,N/A,N/A,N/A,N/A,N/A,N/A,N/A,N/A,N/A,N/A,N/A,N/A,N/A,N/A,N/A,N/A,N/A,N/A,N/A,N/A,N/A,N/A,N/A,N/A,N/A,N/A,N/A,N/A,N/A,N/A,N/A,N/A,N/A,N/A,N/A,N/A,N/A,N/A,N/A,N/A,N/A,N/A,N/A,N/A
Mehdi Zerkane,26,932022000,1999/07/15,MLS Next Pro,2026,Midfielder,Carolina Core,234,148,86,France,3,2,1,0,0,0,0,0,0,0,0,1,0,1,1,1,0,1,0,0,0,0,0,0,0,0.38,234,78,234,0,0.38,-1,-1,-1,9,0,7.21,0,69,45.35,32.00,79,128,29.25,117,93,41.46,82,0.00,0.00,1.00,4,0.00,0.75,4.25,3.00,12,0.00,0.75,0.00,0.00,0.00,1.00,0.75,0.25,0.00,1.42,0.50,1.00,0.00,0.50,0.10,0.00,0.75,0.00,0.00,0,0,,4,1.00,67,2,0.71,77,2,0.71,60,1,0,3,99,0.00,99,0,4,1.42,83,3,48,1.06,64,0,0.00,99,0,0.00,0,0,0.00,0,1.42,78,4,1.42,63,3,1.06,75.00,0,0.00,0,0,0,0.00,0,1,0.00,94,0.35,3,N/A,N/A,N/A,N/A,0.00,0,0.00,0,0.42,0.00,0,91.41,50.00,87,33,0.50,0.71,2,81,85,0,0,0,0.00,0.00,0,56,28.83,1.00,1.42,4,0,0.00,0.00,99,0.00,0,0,0,0.00,0.00,0,0.00,0.00,0.00,0.00,0,0,0.00,72,15,33,71,98,0.47,71,0.12,0.17,0.42,67,0.10,0.15,93,7,1.75,2.48,2.13,1.50,89,6,0.15,66,85,67,91,0,71,76,0,0.00,99,3,0.00,1.06,14.17,10.00,40,25,99,96,8.86,6.25,62.50,3,1.06,35,0,0.00,0,0.00,99,0,0.00,0.00,48,60,77,96,0,0,0,0,0,51,71,84,80,0,99,73,73,80,1,33,89,5,0,0
Micah Burton,20,1143360000,2006/03/26,MLS Next Pro,2026,Midfielder,Austin II,226,136,90,USA,3,2,1,0,0,0,0,0,0,0,0,2,1,1,4,4,0,1,0,0,0,0,0,0,0,1.59,57,75,226,0,0.4,-1,-1,-1,9,0,6.67,0,69,24.23,14.00,33,56,12.50,50,89,21.63,44,0.00,0.00,0.75,3,0.00,0.25,2.16,1.25,5,0.00,0.50,0.00,0.00,0.00,0.25,0.75,1.25,0.00,1.30,0.50,1.75,0.00,0.25,0.07,0.00,0.00,0.00,0.00,0,0,,3,0.75,64,1,0.43,64,2,0.87,66,0,0,3,80,0.00,99,0,1,0.43,45,1,99,0.43,42,0,0.00,99,0,0.00,0,0,0.00,0,1.30,74,7,3.03,91,3,1.30,42.86,0,0.00,0,0,0,0.00,0,5,0.00,43,2.16,74,N/A,N/A,N/A,N/A,0.00,0,0.00,0,0.27,0.00,0,89.29,33.33,65,99,0.00,0.00,0,85,49,0,0,0,0.00,0.00,0,56,26.66,0.00,0.00,0,0,0.00,0.00,99,0.00,0,0,0,0.00,0.00,0,0.00,0.00,0.87,0.50,2,0,0.00,72,12,33,71,47,0.24,49,0.06,0.10,0.27,63,0.07,0.12,76,4,1.00,1.73,1.30,0.75,66,3,0.12,61,33,15,91,0,94,20,0,0.00,99,0,0.00,0.00,9.95,5.75,23,12,74,76,5.19,3.00,52.17,2,0.87,44,0,100.00,0,0.00,99,1,0.25,0.43,71,60,77,73,0,0,0,0,0,51,71,84,80,0,99,97,72,82,1,33,89,32,0,0
Micah Chisholm,21,1100851200,2004/11/19,MLS Next Pro,2026,Midfielder,Toronto II,180,0,180,Canada,2,0,2,0,0,0,0,0,0,0,0,0,0,0,3,0,3,0,0,0,0,0,0,0,0,1.5,60,90,0,0,0,-1,-1,-1,3,0,5.27,0,69,44.79,26.75,78,107,24.75,99,96,41.44,81,0.00,0.00,0.25,1,0.00,0.50,4.60,2.75,11,0.00,0.00,0.00,0.00,0.00,1.00,0.25,1.00,0.00,0.00,0.00,0.25,0.00,0.00,0.00,0.00,0.00,0.00,0.00,0,0,,0,0.00,25,0,0.00,45,0,0.00,30,0,0,2,99,0.00,99,0,4,1.67,87,2,92,0.84,56,0,0.00,99,0,0.00,0,0,0.00,0,0.42,36,1,0.42,27,1,0.42,100.00,0,0.00,0,0,0,0.00,0,4,0.00,46,1.67,52,N/A,N/A,N/A,N/A,0.00,0,0.00,0,0.00,0.00,0,92.52,0.00,45,52,0.25,0.42,1,47,99,0,0,0,0.00,0.00,0,56,21.08,2.25,3.77,9,0,0.00,0.00,99,0.00,0,0,0,0.00,0.00,0,0.00,0.00,0.00,0.00,0,0,0.00,72,0,0,71,51,0.28,59,0.07,0.12,0.00,27,0.00,0.00,74,4,1.00,1.67,0.42,0.25,26,1,0.00,25,9,93,91,0,71,20,0,0.00,99,0,0.00,0.00,7.95,4.75,19,16,94,53,6.70,4.00,84.21,0,0.00,99,0,50.00,0,0.00,99,1,0.25,0.42,70,24,77,73,0,0,0,0,0,51,71,84,80,0,99,41,52,52,0,0,59,73,0,0
Micah Harris,18,1202371200,2008/02/07,MLS Next Pro,2026,Midfielder,Houston Dynamo FC II,0,0,0,USA,0,0,0,0,0,0,0,0,0,0,0,0,0,0,0,0,0,0,0,0,0,0,0,0,0,0,0,0,0,0,0,-1,-1,-1,-1,N/A,N/A,N/A,N/A,N/A,N/A,N/A,N/A,N/A,N/A,N/A,N/A,N/A,N/A,N/A,N/A,N/A,N/A,N/A,N/A,N/A,N/A,N/A,N/A,N/A,N/A,N/A,N/A,N/A,N/A,N/A,N/A,N/A,N/A,N/A,N/A,N/A,N/A,N/A,N/A,N/A,N/A,N/A,N/A,N/A,N/A,N/A,N/A,N/A,N/A,N/A,N/A,N/A,N/A,N/A,N/A,N/A,N/A,N/A,N/A,N/A,N/A,N/A,N/A,N/A,N/A,N/A,N/A,N/A,N/A,N/A,N/A,N/A,N/A,N/A,N/A,N/A,N/A,N/A,N/A,N/A,N/A,N/A,N/A,N/A,N/A,N/A,N/A,N/A,N/A,N/A,N/A,N/A,N/A,N/A,N/A,N/A,N/A,N/A,N/A,N/A,N/A,N/A,N/A,N/A,N/A,N/A,N/A,N/A,N/A,N/A,N/A,N/A,N/A,N/A,N/A,N/A,N/A,N/A,N/A,N/A,N/A,N/A,N/A,N/A,N/A,N/A,N/A,N/A,N/A,N/A,N/A,N/A,N/A,N/A,N/A,N/A,N/A,N/A,N/A,N/A,N/A,N/A,N/A,N/A,N/A,N/A,N/A,N/A,N/A,N/A,N/A,N/A,N/A,N/A,N/A,N/A,N/A,N/A,N/A,N/A,N/A,N/A,N/A,N/A,N/A,N/A,N/A,N/A,N/A,N/A,N/A,N/A,N/A,N/A,N/A,N/A,N/A,N/A,N/A,N/A,N/A,N/A,N/A,N/A,N/A,N/A,N/A,N/A,N/A,N/A,N/A,N/A,N/A,N/A,N/A,N/A,N/A,N/A,N/A,N/A,N/A,N/A,N/A,N/A,N/A,N/A,N/A,N/A,N/A,N/A,N/A,N/A,N/A,N/A,N/A,N/A,N/A,N/A,N/A,N/A,N/A,N/A,N/A
Michael Barrueta,23,1042272000,2003/01/11,MLS Next Pro,2026,Midfielder,Chattanooga FC,0,0,0,USA,0,0,0,0,0,0,0,0,0,0,0,0,0,0,0,0,0,0,0,0,0,0,0,0,0,0,0,0,0,0,0,-1,-1,-1,-1,N/A,N/A,N/A,N/A,N/A,N/A,N/A,N/A,N/A,N/A,N/A,N/A,N/A,N/A,N/A,N/A,N/A,N/A,N/A,N/A,N/A,N/A,N/A,N/A,N/A,N/A,N/A,N/A,N/A,N/A,N/A,N/A,N/A,N/A,N/A,N/A,N/A,N/A,N/A,N/A,N/A,N/A,N/A,N/A,N/A,N/A,N/A,N/A,N/A,N/A,N/A,N/A,N/A,N/A,N/A,N/A,N/A,N/A,N/A,N/A,N/A,N/A,N/A,N/A,N/A,N/A,N/A,N/A,N/A,N/A,N/A,N/A,N/A,N/A,N/A,N/A,N/A,N/A,N/A,N/A,N/A,N/A,N/A,N/A,N/A,N/A,N/A,N/A,N/A,N/A,N/A,N/A,N/A,N/A,N/A,N/A,N/A,N/A,N/A,N/A,N/A,N/A,N/A,N/A,N/A,N/A,N/A,N/A,N/A,N/A,N/A,N/A,N/A,N/A,N/A,N/A,N/A,N/A,N/A,N/A,N/A,N/A,N/A,N/A,N/A,N/A,N/A,N/A,N/A,N/A,N/A,N/A,N/A,N/A,N/A,N/A,N/A,N/A,N/A,N/A,N/A,N/A,N/A,N/A,N/A,N/A,N/A,N/A,N/A,N/A,N/A,N/A,N/A,N/A,N/A,N/A,N/A,N/A,N/A,N/A,N/A,N/A,N/A,N/A,N/A,N/A,N/A,N/A,N/A,N/A,N/A,N/A,N/A,N/A,N/A,N/A,N/A,N/A,N/A,N/A,N/A,N/A,N/A,N/A,N/A,N/A,N/A,N/A,N/A,N/A,N/A,N/A,N/A,N/A,N/A,N/A,N/A,N/A,N/A,N/A,N/A,N/A,N/A,N/A,N/A,N/A,N/A,N/A,N/A,N/A,N/A,N/A,N/A,N/A,N/A,N/A,N/A,N/A,N/A,N/A,N/A,N/A,N/A,N/A
Michael Boamah,22,1050476400,2003/04/16,MLS Next Pro,2026,Defender,Connecticut United,90,0,90,Finland,1,0,1,0,0,0,0,0,0,0,0,0,0,0,1,0,1,0,0,0,0,0,0,0,0,1,90,90,0,0,0,-1,-1,-1,10,0,4.95,0,69,55.26,17.50,90,70,14.25,57,48,45.00,87,0.00,0.00,0.00,0,0.00,0.00,1.58,0.50,2,0.00,0.00,0.00,0.00,0.00,0.25,0.00,0.25,0.00,0.00,0.00,0.00,0.00,0.00,0.00,0.00,0.50,0.00,0.00,0,0,,0,0.00,25,0,0.00,45,0,0.00,30,0,0,1,62,0.00,99,0,1,0.79,59,0,48,0.00,30,0,0.00,99,0,0.00,0,0,0.00,0,0.00,24,0,0.00,18,0,0.00,0.00,0,0.00,0,0,0,0.00,0,1,0.00,74,0.79,15,N/A,N/A,N/A,N/A,0.00,0,0.00,0,0.00,0.00,0,81.43,0.00,45,99,0.00,0.00,0,28,28,0,0,0,0.25,0.79,1,92,19.78,0.50,1.58,2,0,0.00,0.00,99,0.00,0,0,0,0.00,0.00,0,0.00,0.00,0.79,0.25,1,0,0.00,72,0,0,71,78,0.13,49,0.03,0.10,0.00,27,0.00,0.00,70,2,0.50,1.58,0.00,0.00,12,0,0.00,25,5,71,91,0,94,89,0,0.00,99,2,0.00,1.58,6.32,2.00,8,6,68,33,4.74,1.50,75.00,0,0.00,99,0,0.00,0,0.00,99,0,0.00,0.00,48,3,77,73,0,0,0,0,0,51,71,84,80,0,99,41,52,52,0,0,59,5,0,0
Michael Sullivan,23,1046678400,2003/03/03,MLS Next Pro,2026,Midfielder,FC Cincinnati II,360,90,270,USA,4,1,3,0,0,0,1,0,1,0,0,0,0,0,7,2,5,0,0,0.25,0.25,0,0,0,0,1.75,51,90,0,360,0,102,22,-1,3,0,7.00,0.25,81,49.25,49.25,84,197,38.00,152,33,38.00,77,0.00,0.00,0.75,3,0.00,0.25,3.00,3.00,12,0.00,1.00,0.00,0.00,0.00,2.50,0.00,2.00,0.00,0.50,0.50,0.25,0.00,0.00,0.03,0.00,2.25,0.00,0.00,0,0,,2,0.50,42,0,0.00,45,2,0.50,52,0,0,4,93,0.00,99,0,10,2.50,97,1,99,0.25,33,0,0.00,99,0,0.00,0,0,0.00,0,0.75,54,1,0.25,20,0,0.00,0.00,0,0.00,0,0,0,0.00,0,8,0.00,36,2.00,66,N/A,N/A,N/A,N/A,0.00,0,0.00,0,0.11,0.00,0,77.16,0.00,45,11,1.25,1.25,5,28,28,0,0,0,1.25,1.25,5,96,28.00,5.75,5.75,23,0,0.00,0.00,99,0.00,0,0,0,0.00,0.00,0,0.00,0.00,0.00,0.00,0,0,0.00,72,88,85,71,41,1.01,79,0.25,0.25,0.11,41,0.03,0.03,36,3,0.75,0.75,0.25,0.25,15,1,0.03,40,70,99,91,0,71,98,0,0.00,99,9,0.00,2.25,11.00,11.00,44,24,90,83,6.00,6.00,54.55,4,1.00,37,0,100.00,0,0.00,99,1,0.25,0.25,55,92,77,73,0,0,0,0,0,64,71,84,80,0,99,41,52,52,0,0,59,47,0,0
Michael Wentzel,23,1018422000,2002/04/10,MLS Next Pro,2026,Defender,Real Monarchs,316,226,90,Germany,4,3,1,0,0,0,0,0,0,0,0,1,0,1,4,4,0,1,0,0,0,0,0,0,0,1.14,79,79,316,0,0.28,107,96,3,11,0,6.68,0,69,65.03,62.50,97,250,59.00,236,99,61.39,99,0.00,0.00,0.00,0,0.00,0.00,0.26,0.25,1,0.00,0.00,0.00,0.00,0.00,1.00,0.25,1.25,0.00,0.26,0.25,0.25,0.00,0.00,0.01,0.00,1.00,0.00,0.00,0,0,,1,0.25,28,0,0.00,45,1,0.26,36,1,0,4,14,0.00,99,0,4,1.04,72,0,48,0.00,30,0,0.00,99,0,0.00,0,0,0.00,0,0.00,24,1,0.26,21,1,0.26,100.00,0,0.00,0,0,0,0.00,0,5,0.00,66,1.30,33,N/A,N/A,N/A,N/A,0.00,0,0.00,0,0.05,0.00,0,94.40,0.00,45,67,0.25,0.26,1,33,99,0,0,0,0.75,0.78,3,92,26.71,3.00,3.12,12,0,0.00,0.00,99,0.00,0,0,0,0.00,0.00,0,0.00,0.00,0.00,0.00,0,0,0.00,72,55,85,71,71,0.56,67,0.14,0.15,0.05,32,0.01,0.01,52,4,1.00,1.04,2.08,2.00,87,8,0.01,30,36,88,91,0,71,75,0,0.00,99,4,0.00,1.04,5.20,5.00,20,10,26,21,2.60,2.50,50.00,0,0.00,99,0,0.00,0,0.00,99,0,0.00,0.00,48,92,77,96,0,0,0,0,0,51,71,84,80,0,99,62,84,68,1,25,81,80,0,0
Miguel Perez,20,1114671600,2005/04/28,MLS Next Pro,2026,Midfielder,St. Louis City II,90,90,0,USA,1,1,0,0,0,0,0,0,0,0,0,0,0,0,2,2,0,1,0,0,0,0,0,0,0,2,45,90,90,0,1,-1,-1,-1,8,0,7.43,0,69,37.44,52.00,62,52,43.00,43,55,30.96,63,0.00,0.00,3.00,3,0.00,0.00,1.44,2.00,2,0.00,1.00,0.00,0.00,0.00,4.00,0.00,2.00,0.00,0.72,0.00,0.00,0.00,1.00,0.12,0.00,3.00,0.00,0.00,0,0,,1,1.00,48,1,0.72,77,0,0.00,30,0,0,1,58,0.00,99,0,4,2.88,98,0,48,0.00,30,0,0.00,99,0,0.00,0,0,0.00,0,2.16,93,0,0.00,18,0,0.00,0.00,0,0.00,0,0,0,0.00,0,2,0.00,30,1.44,42,N/A,N/A,N/A,N/A,0.00,0,0.00,0,0.12,0.00,0,82.69,100.00,99,32,1.00,0.72,1,28,28,0,0,0,1.00,0.72,1,89,7.43,1.00,0.72,1,0,0.00,0.00,99,0.00,0,0,0,0.00,0.00,0,0.00,0.00,0.00,0.00,0,0,0.00,72,0,0,71,36,0.18,63,0.18,0.13,0.12,58,0.12,0.09,97,4,4.00,2.88,2.88,4.00,98,4,0.09,56,93,42,91,0,71,97,0,0.00,99,3,0.00,2.16,10.08,14.00,14,8,86,77,5.76,8.00,57.14,1,0.72,48,0,0.00,0,0.00,99,0,0.00,0.00,48,3,77,73,0,0,0,0,0,51,71,84,80,0,99,41,52,99,1,100,99,28,0,0
Mihail Gherasimencov,21,1111737600,2005/03/25,MLS Next Pro,2026,Midfielder,Whitecaps II,90,0,90,USA,1,0,1,0,0,0,0,0,0,0,0,1,0,1,0,0,0,0,0,0,0,0,0,0,0,0,0,90,0,0,0,-1,-1,-1,7,0,7.35,0,69,42.75,57.00,74,57,49.00,49,68,36.75,75,0.00,0.00,2.00,2,0.00,3.00,0.75,1.00,1,0.00,2.00,0.00,0.00,0.00,1.00,1.00,0.00,0.00,0.00,0.00,1.00,0.00,0.00,0.00,0.00,2.00,0.00,0.00,0,0,,0,0.00,25,0,0.00,45,0,0.00,30,0,0,1,30,0.00,99,0,1,0.75,58,3,48,2.25,79,0,0.00,99,0,0.00,0,0,0.00,0,1.50,80,1,0.75,42,1,0.75,100.00,0,0.00,0,0,0,0.00,0,0,0.00,99,0.00,0,N/A,N/A,N/A,N/A,0.00,0,0.00,0,0.00,0.00,0,85.96,0.00,45,99,0.00,0.00,0,66,99,0,0,0,1.00,0.75,1,91,7.35,0.00,0.00,0,0,0.00,0.00,99,0.00,0,0,0,0.00,0.00,0,0.00,0.00,0.00,0.00,0,0,0.00,72,0,0,71,4,0.16,59,0.16,0.12,0.00,27,0.00,0.00,36,1,1.00,0.75,0.75,1.00,40,1,0.00,25,90,15,91,0,71,88,0,0.00,99,2,0.00,1.50,6.00,8.00,8,5,45,32,3.75,5.00,62.50,2,1.50,20,0,0.00,0,0.00,99,0,0.00,0.00,48,3,77,73,0,0,0,0,0,51,71,84,80,0,99,99,52,52,0,0,59,29,0,0
Mijahir Ameth Jiménez Murillo,19,1175065200,2007/03/28,MLS Next Pro,2026,Midfielder,New York RB II,119,103,16,Panama,3,2,1,1,1,0,1,1,0,0,0,1,1,0,0,0,0,0,0,1.51,0.76,0.76,0.87,0,119,0,0,40,0,119,0,-1,-1,-1,4,0,6.94,0.33,98,22.86,11.75,27,47,10.25,41,78,19.95,38,0.00,0.00,0.50,2,0.00,0.00,0.97,0.50,2,0.00,0.75,0.00,0.00,0.00,0.00,0.50,0.00,2.00,0.97,0.25,0.75,0.00,0.25,0.20,0.00,0.25,0.00,0.00,0,0,,2,0.50,56,1,0.49,68,1,0.49,52,0,2,1,38,0.00,99,0,0,0.00,25,0,48,0.00,30,0,0.00,99,0,0.00,0,0,0.00,0,0.97,62,3,1.46,65,2,0.97,66.67,0,0.00,0,0,0,0.00,0,0,0.00,99,0.00,0,N/A,N/A,N/A,N/A,0.00,0,0.00,0,0.78,0.00,0,87.23,50.00,87,45,0.25,0.49,1,76,81,0,0,0,0.00,0.00,0,56,27.76,0.25,0.49,1,0,0.00,0.00,99,0.00,0,0,0,0.00,0.00,0,0.00,0.00,0.49,0.25,1,0,50.00,99,0,33,76,4,0.75,92,0.19,0.36,0.78,86,0.20,0.38,82,4,1.00,1.95,0.00,0.00,12,0,0.38,85,63,35,91,0,88,50,0,0.00,99,1,0.00,0.49,7.30,3.75,15,8,50,45,3.89,2.00,53.33,3,1.46,20,0,0.00,0,0.00,99,0,0.00,0.00,48,3,99,73,0,0,0,0,0,99,95,84,92,0,99,73,52,52,0,0,59,91,0,0
Mikah Thomas,21,1108972800,2005/02/21,MLS Next Pro,2026,Defender,Crown Legacy,90,0,90,USA,1,0,1,0,0,0,0,0,0,0,0,0,0,0,1,0,1,0,0,0,0,0,0,0,0,1,90,90,0,0,0,-1,-1,-1,7,0,6.59,0,69,34.14,33.00,56,33,28.00,28,64,28.97,59,0.00,0.00,1.00,1,0.00,0.00,1.03,1.00,1,0.00,1.00,0.00,0.00,0.00,5.00,0.00,1.00,0.00,0.00,0.00,1.00,0.00,0.00,0.00,0.00,0.00,0.00,0.00,0,0,,0,0.00,25,0,0.00,45,0,0.00,30,0,0,1,40,0.00,99,0,5,5.17,99,0,48,0.00,30,0,0.00,99,0,0.00,0,0,0.00,0,1.03,64,1,1.03,52,0,0.00,0.00,0,0.00,0,0,0,0.00,0,1,0.00,74,1.03,25,N/A,N/A,N/A,N/A,0.00,0,0.00,0,0.00,0.00,0,84.85,0.00,45,99,0.00,0.00,0,28,28,0,0,0,0.00,0.00,0,56,6.59,3.00,3.10,3,0,0.00,0.00,99,0.00,0,0,0,0.00,0.00,0,0.00,0.00,0.00,0.00,0,0,0.00,72,0,0,71,78,0.08,37,0.08,0.08,0.00,27,0.00,0.00,52,1,1.00,1.03,1.03,1.00,52,1,0.00,25,27,88,91,0,71,20,0,0.00,99,0,0.00,0.00,5.17,5.00,5,2,19,20,2.07,2.00,40.00,1,1.03,36,0,0.00,0,0.00,99,0,0.00,0.00,48,3,77,73,0,0,0,0,0,51,71,84,80,0,99,41,52,52,0,0,59,24,0,0
Missael Rodriguez,23,1044777600,2003/02/09,MLS Next Pro,2026,Forward,Sporting KC II,450,270,180,USA,5,3,2,0,0,0,0,0,0,0,0,0,0,0,14,8,6,0,0,0,0,0,0,0,0,2.8,32,90,0,0,0,76,74,-1,8,0,6.92,0,69,18.32,18.20,12,91,13.80,69,30,13.89,12,0.00,0.00,0.60,3,0.00,0.80,0.20,0.20,1,0.00,0.60,0.00,0.00,0.00,0.80,0.40,2.40,0.00,3.02,2.40,1.40,0.00,0.60,0.22,0.00,0.20,0.00,0.00,0,0,,15,3.00,91,3,0.60,73,12,2.42,96,0,0,5,11,0.00,99,0,4,0.81,60,4,92,0.81,55,0,0.00,99,0,0.00,0,0,0.00,0,0.60,48,7,1.41,62,2,0.40,28.57,0,0.00,0,0,0,0.00,0,12,0.00,6,2.42,81,N/A,N/A,N/A,N/A,0.00,0,0.00,0,1.12,0.00,0,75.82,20.00,51,53,0.40,0.40,2,46,37,0,0,0,0.00,0.00,0,56,34.62,0.20,0.20,1,0,0.00,0.00,99,0.00,0,0,2,0.40,0.40,0,0.00,0.00,0.00,0.00,0,1,0.00,72,99,99,71,10,0.81,69,0.16,0.16,1.12,76,0.22,0.23,72,8,1.60,1.61,0.60,0.60,33,3,0.23,76,61,16,98,0,71,21,0,0.00,99,1,0.00,0.20,5.23,5.20,26,12,23,21,2.42,2.40,46.15,3,0.60,56,0,50.00,0,0.00,99,2,0.40,0.40,69,99,77,73,0,0,0,0,0,51,71,84,80,0,99,41,52,52,0,0,59,96,0,0
Mitchell Ferguson,56,N/A,N/A,MLS Next Pro,2026,Defender,Sporting KC II,159,159,0,USA,2,2,0,0,0,0,0,0,0,0,0,0,0,0,5,5,0,0,0,0,0,0,0,0,0,2.83,32,80,0,0,0,-1,-1,-1,13,0,0.00,0,69,0.00,0.00,0,0,0.00,0,0,0.00,0,0.00,0.00,0.00,0,0.00,0.00,0.00,0.00,0,0.00,0.00,0.00,0.00,0.00,0.00,0.00,0.00,0.00,0.00,0.00,0.00,0.00,0.00,0.00,0.00,0.00,0.00,0.00,0,0,,0,0.00,25,0,0.00,45,0,0.00,30,1,0,2,11,0.00,99,0,0,0.00,25,0,48,0.00,30,0,0.00,99,0,0.00,0,0,0.00,0,0.00,24,0,0.00,18,0,0.00,0.00,0,0.00,0,0,0,0.00,0,0,0.00,4,0.00,0,N/A,N/A,N/A,N/A,0.00,0,0.00,0,0.00,0.00,0,0.00,0.00,45,99,0.00,0.00,0,28,28,0,0,0,0.00,0.00,0,56,0.00,0.00,0.00,0,0,0.00,0.00,99,0.00,0,0,0,0.00,0.00,0,0.00,0.00,0.00,0.00,0,0,0.00,72,0,0,71,10,0.00,0,0.00,0.00,0.00,27,0.00,0.00,7,0,0.00,0.00,0.00,0.00,12,0,0.00,25,0,15,91,0,71,20,0,0.00,99,0,0.00,0.00,0.00,0.00,0,0,2,1,0.00,0.00,0.00,0,0.00,99,0,0.00,0,0.00,99,0,0.00,0.00,48,24,77,96,0,0,0,0,0,51,71,84,80,0,99,41,52,52,0,0,59,35,0,0
Mohamed Lamine Diakite,29,839142000,1996/08/04,MLS Next Pro,2026,Defender,Carolina Core,122,122,0,USA,2,2,0,0,0,0,0,0,0,0,0,0,0,0,3,3,0,1,0,0,0,0,0,0,0,2.21,41,61,122,0,0.74,-1,-1,-1,12,0,5.03,0,69,32.78,14.75,54,59,12.25,49,58,27.22,56,0.00,0.00,0.50,2,0.00,0.00,2.22,1.00,4,0.00,1.75,0.00,0.00,0.00,1.00,1.25,1.00,0.00,1.67,0.75,1.25,0.00,0.00,0.04,0.00,0.25,0.00,0.00,0,0,,3,0.75,74,0,0.00,45,3,1.67,86,0,1,1,80,0.00,99,0,4,2.22,95,0,48,0.00,30,0,0.00,99,0,0.00,0,0,0.00,0,1.11,66,5,2.78,87,5,2.78,100.00,0,0.00,0,0,0,0.00,0,4,0.00,17,2.22,76,N/A,N/A,N/A,N/A,0.00,0,0.00,0,0.17,0.00,0,83.05,0.00,45,15,0.50,1.11,2,99,99,0,0,0,0.50,1.11,2,95,20.13,1.00,2.22,4,0,0.00,0.00,99,0.00,0,0,0,0.00,0.00,0,0.00,0.00,0.00,0.00,0,0,0.00,72,0,0,71,24,0.19,54,0.05,0.11,0.17,58,0.04,0.09,7,0,0.00,0.00,2.78,1.25,98,5,0.09,56,5,79,91,0,71,53,0,0.00,99,1,0.00,0.56,13.89,6.25,25,10,83,96,5.56,2.50,40.00,7,3.89,1,0,0.00,0,0.00,99,0,0.00,0.00,48,3,93,73,0,0,0,0,0,51,71,84,80,0,99,41,57,96,1,50,97,16,0,0
Mohamed Larabi Cisset,21,1093417200,2004/08/25,MLS Next Pro,2026,Defender,Atlanta United II,6,0,6,Mali,1,0,1,0,0,0,0,0,0,0,0,0,0,0,0,0,0,0,0,0,0,0,0,0,0,0,0,6,0,0,0,-1,-1,-1,20,0,3.21,0,69,30.00,1.00,49,2,0.50,1,0,15.00,16,0.00,0.00,0.00,0,0.00,0.00,15.00,0.50,1,0.00,0.00,0.00,0.00,0.00,0.50,0.00,0.50,0.00,0.00,0.00,0.00,0.00,0.00,0.00,0.00,0.00,0.00,0.00,0,0,,0,0.00,25,0,0.00,45,0,0.00,30,0,1,0,99,0.00,99,0,1,15.00,99,0,48,0.00,30,0,0.00,99,0,0.00,0,0,0.00,0,0.00,24,0,0.00,18,0,0.00,0.00,0,0.00,0,0,0,0.00,0,1,0.00,99,15.00,99,N/A,N/A,N/A,N/A,0.00,0,0.00,0,0.00,0.00,0,50.00,0.00,45,99,0.00,0.00,0,28,28,0,0,0,0.00,0.00,0,56,6.42,0.00,0.00,0,0,0.00,0.00,99,0.00,0,0,0,0.00,0.00,0,0.00,0.00,0.00,0.00,0,0,0.00,72,0,0,71,4,0.00,0,0.00,0.00,0.00,27,0.00,0.00,99,1,0.50,15.00,0.00,0.00,12,0,0.00,25,0,15,91,0,71,20,0,0.00,99,0,0.00,0.00,30.00,1.00,2,2,99,99,30.00,1.00,100.00,0,0.00,99,0,0.00,0,0.00,99,0,0.00,0.00,48,0,93,73,0,0,0,0,0,51,71,84,80,0,99,41,52,52,0,0,59,64,0,0
Mohammad Badawiya,18,1195027200,2007/11/14,MLS Next Pro,2026,Midfielder,Austin II,102,102,0,USA,2,2,0,0,0,0,1,0,1,0,0,0,0,0,4,4,0,0,0,0.88,0.88,0,0,0,0,3.53,26,51,0,102,0,-1,-1,-1,8,0,6.86,0.5,98,29.76,10.25,48,41,9.25,37,92,26.85,55,0.00,0.00,0.50,2,0.00,0.00,3.63,1.25,5,0.00,0.50,0.00,0.00,0.00,0.00,1.50,0.75,0.00,2.90,0.75,2.00,0.00,0.25,0.08,0.00,0.00,0.00,0.00,0,0,,4,1.00,89,1,0.73,77,3,2.18,95,0,0,1,97,0.00,99,0,0,0.00,25,0,48,0.00,30,0,0.00,99,0,0.00,0,0,0.00,0,1.45,78,8,5.81,99,6,4.35,75.00,0,0.00,0,0,0,0.00,0,3,0.00,2,2.18,75,N/A,N/A,N/A,N/A,0.00,0,0.00,0,0.31,0.00,0,90.24,25.00,56,7,0.50,1.45,2,99,85,0,0,0,0.00,0.00,0,56,27.42,0.25,0.73,1,0,0.00,0.00,99,0.00,0,0,1,0.25,0.73,0,0.00,0.00,0.00,0.00,0,0,0.00,72,0,0,71,7,0.73,97,0.18,0.53,0.31,76,0.08,0.23,67,2,0.50,1.45,1.45,0.50,72,2,0.23,76,55,42,99,0,71,20,0,0.00,99,0,0.00,0.00,14.52,5.00,20,12,99,97,8.71,3.00,60.00,2,1.45,21,0,0.00,0,0.00,99,0,0.00,0.00,48,3,77,73,0,0,0,0,0,92,71,84,80,0,99,41,52,52,0,0,59,20,0,0
Mohammed Shour,18,1189580400,2007/09/12,MLS Next Pro,2026,Midfielder,Tacoma Defiance,180,90,90,USA,2,1,1,0,0,0,0,0,0,0,0,0,0,0,6,2,4,0,0,0,0,0,0,0,0,3,30,90,0,0,0,-1,-1,-1,16,0,3.21,0,69,20.14,11.75,16,47,10.25,41,78,17.57,28,0.00,0.00,0.00,0,0.00,0.00,0.00,0.00,0,0.00,0.00,0.00,0.00,1.50,0.00,0.00,3.00,0.00,0.00,0.00,0.00,0.00,0.00,0.00,0.00,0.25,0.00,0.00,0,0,,0,0.00,25,0,0.00,45,0,0.00,30,0,0,2,11,0.00,99,0,0,0.00,25,0,48,0.00,30,0,0.00,99,0,0.00,0,0,0.00,0,0.00,24,0,0.00,18,0,0.00,0.00,0,0.00,0,6,17,2.57,42,12,0.00,3,5.14,98,N/A,N/A,N/A,N/A,50.00,0,0.00,0,0.00,0.00,0,87.23,0.00,45,99,0.00,0.00,0,28,28,0,0,5,0.00,0.00,0,56,12.86,0.25,0.43,1,0,0.00,0.00,99,0.00,0,0,0,0.00,0.00,1,0.25,0.43,0.00,0.00,0,0,0.00,72,0,0,71,8,0.10,12,0.03,0.04,0.00,27,0.00,0.00,25,1,0.25,0.43,0.00,0.00,12,0,0.00,25,0,32,91,50,71,46,0,0.00,99,1,0.00,0.43,0.43,0.25,1,1,6,6,0.43,0.25,100.00,0,0.00,99,0,0.00,0,0.00,99,0,0.00,0.00,48,24,77,73,0,0,0,0,0,51,71,84,80,0,99,41,52,52,0,0,59,41,0,0
Moises Tablante,24,994230000,2001/07/04,MLS Next Pro,2026,Midfielder,Atlanta United II,52,0,52,USA,2,0,2,0,0,0,0,0,0,0,0,0,0,0,2,0,2,0,0,0,0,0,0,0,0,3.46,26,26,0,0,0,-1,-1,-1,13,0,4.76,0,69,13.11,3.75,3,15,2.50,10,8,8.74,3,0.00,0.00,0.00,0,0.00,0.75,0.87,0.25,1,0.00,0.50,0.00,0.00,0.00,0.00,0.25,0.75,0.00,2.62,0.50,2.00,0.00,0.25,0.06,0.00,0.00,0.00,0.00,0,0,,3,0.75,87,1,0.87,83,2,1.75,88,0,2,0,35,0.00,99,0,0,0.00,25,3,48,2.62,84,0,0.00,99,0,0.00,0,0,0.00,0,0.00,24,8,6.99,99,1,0.87,12.50,0,0.00,0,0,0,0.00,0,3,0.00,3,2.62,84,N/A,N/A,N/A,N/A,0.00,0,0.00,0,0.24,0.00,0,66.67,33.33,65,99,0.00,0.00,0,73,29,0,0,0,0.50,1.75,2,99,19.06,0.00,0.00,0,0,0.00,0.00,99,0.00,0,0,0,0.00,0.00,0,0.00,0.00,0.00,0.00,0,0,0.00,72,0,0,71,7,0.02,2,0.01,0.02,0.24,73,0.06,0.21,7,0,0.00,0.00,2.62,0.75,97,3,0.21,73,4,15,91,0,71,20,0,0.00,99,0,0.00,0.00,12.23,3.50,14,2,16,88,1.75,0.50,14.29,2,1.75,15,0,0.00,0,0.00,99,0,0.00,0.00,48,0,99,73,0,0,0,0,0,51,71,84,80,0,99,41,52,52,0,0,59,80,0,0
Momoh Ibrahim Kamara,20,1115362800,2005/05/06,MLS Next Pro,2026,Midfielder,Minnesota United II,180,0,180,Sierra Leone,2,0,2,0,0,0,1,0,1,0,0,0,0,0,5,0,5,1,0,0.5,0.5,0,0,0,0,2.5,36,90,180,180,0.5,-1,-1,-1,7,0,7.32,0.5,94,30.50,30.50,49,61,23.50,47,32,23.50,48,0.00,0.00,1.50,3,0.00,1.50,1.50,1.50,3,0.00,1.00,0.00,0.00,0.00,0.00,3.50,2.50,0.00,3.00,2.50,4.00,0.00,0.50,0.19,0.00,1.50,0.00,0.00,0,0,,6,3.00,90,1,0.50,69,5,2.50,97,0,0,2,61,0.00,99,0,0,0.00,25,3,78,1.50,70,0,0.00,99,0,0.00,0,0,0.00,0,1.50,80,8,4.00,95,7,3.50,87.50,0,0.00,0,0,0,0.00,0,5,0.00,9,2.50,81,N/A,N/A,N/A,N/A,0.00,0,0.00,0,0.38,0.00,0,77.05,16.67,48,18,1.00,1.00,2,99,86,0,0,0,0.00,0.00,0,56,14.65,0.00,0.00,0,0,0.00,0.00,99,0.00,0,0,1,0.50,0.50,0,0.00,0.00,0.00,0.00,0,0,0.00,72,0,0,71,13,0.81,94,0.41,0.41,0.38,70,0.19,0.19,83,4,2.00,2.00,2.00,2.00,86,4,0.19,69,88,15,99,0,71,88,0,0.00,99,3,0.00,1.50,12.50,12.50,25,17,99,90,8.50,8.50,68.00,2,1.00,37,0,33.33,0,0.00,99,1,0.50,0.50,77,24,77,73,0,0,0,0,0,80,71,84,80,0,99,41,65,91,1,50,97,93,0,0
Moses Nyeman,22,1068019200,2003/11/05,MLS Next Pro,2026,Midfielder,Columbus Crew II,360,180,180,USA,4,2,2,0,0,0,0,0,0,0,0,1,1,0,7,2,5,1,0,0,0,0,0,0,0,1.75,51,90,360,0,0.25,75,101,-1,16,0,5.29,0,69,41.26,25.40,72,127,20.40,102,42,33.14,67,0.00,0.00,0.20,1,0.00,0.00,3.57,2.20,11,0.00,0.20,0.00,0.00,0.00,0.20,0.20,1.20,0.00,0.32,0.20,0.20,0.00,0.00,0.01,0.00,0.60,0.00,0.00,0,0,,1,0.20,33,0,0.00,45,1,0.32,41,0,0,4,97,0.00,99,0,1,0.32,36,0,48,0.00,30,0,0.00,99,0,0.00,0,0,0.00,0,0.32,30,1,0.32,23,1,0.32,100.00,0,0.00,0,0,0,0.00,0,6,0.00,36,1.95,63,N/A,N/A,N/A,N/A,0.00,0,0.00,0,0.06,0.00,0,80.31,0.00,45,99,0.00,0.00,0,39,99,0,0,0,0.20,0.32,1,73,26.45,0.00,0.00,0,0,0.00,0.00,99,0.00,0,0,0,0.00,0.00,0,0.00,0.00,0.00,0.00,0,0,0.00,72,88,85,71,41,0.26,37,0.05,0.08,0.06,38,0.01,0.02,17,1,0.20,0.32,1.95,1.20,85,6,0.02,36,9,15,91,0,71,73,0,0.00,99,3,0.00,0.97,7.80,4.80,24,16,74,51,5.20,3.20,66.67,1,0.32,70,0,0.00,0,0.00,99,0,0.00,0.00,48,92,77,73,0,0,0,0,0,51,71,84,80,0,99,62,97,65,1,25,81,33,0,0
Mykhi Joyner,19,1156921200,2006/08/30,MLS Next Pro,2026,Midfielder,St. Louis City II,145,145,0,USA,2,2,0,3,3,0,0,0,0,0,0,1,1,0,0,0,0,3,1,1.86,0,1.86,1.86,0,48,0,0,73,48,0,1.86,-1,-1,-1,1,0,7.63,0,69,24.96,16.50,36,33,12.50,25,29,18.91,33,0.00,0.00,1.50,3,0.00,2.00,0.76,0.50,1,0.00,2.50,0.00,0.00,0.00,0.50,1.00,0.00,2.67,6.05,2.00,2.00,0.00,2.00,1.23,0.00,0.50,0.00,0.00,0,0,,8,4.00,99,4,3.03,99,4,3.03,99,0,0,2,30,0.00,99,0,1,0.76,58,4,65,3.03,87,0,0.00,99,0,0.00,0,0,0.00,0,2.27,94,4,3.03,91,2,1.51,50.00,0,0.00,0,0,0,0.00,0,0,0.00,99,0.00,0,N/A,N/A,N/A,N/A,0.00,0,0.00,0,2.45,0.00,0,75.76,50.00,87,99,0.00,0.00,0,91,64,0,0,0,0.00,0.00,0,56,15.27,0.50,0.76,1,0,0.00,0.00,99,0.00,0,0,0,0.00,0.00,0,0.00,0.00,0.76,0.50,1,0,37.50,95,0,0,71,4,0.20,67,0.10,0.15,2.45,99,1.23,1.85,98,4,2.00,3.03,3.03,2.00,99,4,1.85,99,97,44,91,0,94,64,0,0.00,99,1,0.00,0.76,16.64,11.00,22,8,90,99,6.05,4.00,36.36,5,3.78,1,0,25.00,0,0.00,99,1,0.50,0.76,85,24,77,73,0,1,0,50,0,99,99,84,99,0,99,90,52,99,2,100,99,59,0,0
Myles Gardner,16,1239778800,2009/04/15,MLS Next Pro,2026,Midfielder,Houston Dynamo FC II,29,29,0,USA,1,1,0,0,0,0,0,0,0,0,0,1,1,0,0,0,0,0,0,0,0,0,0,0,0,0,0,29,0,0,0,-1,-1,-1,14,0,3.25,0,69,18.62,3.00,12,6,3.00,6,99,18.62,31,0.00,0.00,0.00,0,0.00,0.00,3.10,0.50,1,0.00,0.00,0.00,0.00,0.00,0.00,0.00,0.00,0.00,0.00,0.00,1.00,0.00,0.00,0.00,0.00,0.00,0.00,0.00,0,0,,0,0.00,25,0,0.00,45,0,0.00,30,0,0,0,94,0.00,99,0,0,0.00,25,0,48,0.00,30,0,0.00,99,0,0.00,0,0,0.00,0,0.00,24,2,6.21,99,0,0.00,0.00,0,0.00,0,0,0,0.00,0,0,0.00,99,0.00,0,N/A,N/A,N/A,N/A,0.00,0,0.00,0,0.00,0.00,0,100.00,0.00,45,99,0.00,0.00,0,28,28,0,0,0,0.00,0.00,0,56,6.51,0.00,0.00,0,0,0.00,0.00,99,0.00,0,0,0,0.00,0.00,0,0.00,0.00,0.00,0.00,0,0,0.00,72,0,0,71,4,0.01,6,0.01,0.03,0.00,27,0.00,0.00,98,1,0.50,3.10,0.00,0.00,12,0,0.00,25,0,15,91,0,71,20,0,0.00,99,0,0.00,0.00,15.52,2.50,5,2,90,99,6.21,1.00,40.00,0,0.00,99,0,0.00,0,0.00,99,0,0.00,0.00,48,0,77,73,0,0,0,0,0,51,71,84,80,0,99,99,52,52,0,0,59,44,0,0
Myles Morgan,20,1119250800,2005/06/20,MLS Next Pro,2026,Midfielder,New England II,203,203,0,USA,3,3,0,1,1,0,0,0,0,0,0,2,2,0,1,1,0,0,0,0.44,0,0.44,0.44,0,203,0.44,203,68,0,0,0,-1,-1,-1,2,0,6.86,0,69,25.16,17.75,37,71,12.50,50,15,17.72,29,0.00,0.00,1.50,6,0.00,1.00,2.13,1.50,6,0.00,0.75,0.00,0.00,0.00,0.25,0.75,0.50,7.00,2.48,1.25,1.25,0.00,0.50,0.27,0.00,0.75,0.00,0.00,0,0,,7,1.75,85,2,0.71,77,5,1.77,88,1,0,2,78,0.00,99,0,1,0.35,38,4,94,1.42,69,0,0.00,99,0,0.00,0,0,0.00,0,2.13,93,5,1.77,73,3,1.06,60.00,0,0.00,0,0,0,0.00,0,2,0.00,92,0.71,13,N/A,N/A,N/A,N/A,0.00,0,0.00,0,1.08,0.00,0,70.42,28.57,59,17,0.75,1.06,3,81,70,0,0,0,0.00,0.00,0,56,27.42,1.00,1.42,4,0,0.00,0.00,99,0.00,0,0,0,0.00,0.00,0,0.00,0.00,0.71,0.50,2,0,14.29,79,5,33,82,97,0.35,59,0.09,0.12,1.08,86,0.27,0.38,18,1,0.25,0.35,1.42,1.00,71,4,0.38,85,55,67,91,0,93,76,0,0.00,99,3,0.00,1.06,10.98,7.75,31,13,65,82,4.61,3.25,41.94,3,1.06,35,0,75.00,0,0.00,99,3,0.75,1.06,90,24,77,96,0,0,0,0,0,78,89,84,86,0,99,97,52,52,0,0,59,21,0,0
Nate Young,17,1212562800,2008/06/04,MLS Next Pro,2026,Midfielder,Sporting KC II,335,201,134,USA,5,3,2,0,0,0,0,0,0,0,0,0,0,0,9,5,4,1,0,0,0,0,0,0,0,2.42,37,67,335,0,0.27,79,73,-1,9,0,6.52,0,69,44.38,36.00,77,180,32.00,160,87,39.45,80,0.00,0.00,0.20,1,0.00,0.20,0.25,0.20,1,0.00,0.20,0.00,0.00,0.00,0.40,0.00,1.80,0.00,0.00,0.00,0.00,0.00,0.00,0.00,0.00,0.40,0.00,0.00,0,0,,0,0.00,25,0,0.00,45,0,0.00,30,0,1,3,13,0.00,99,0,2,0.49,48,1,99,0.25,33,0,0.00,99,0,0.00,0,0,0.00,0,0.25,27,0,0.00,18,0,0.00,0.00,0,0.00,0,0,0,0.00,0,9,0.00,10,2.22,76,N/A,N/A,N/A,N/A,0.00,0,0.00,0,0.00,0.00,0,88.89,0.00,45,45,0.40,0.49,2,28,28,0,0,0,1.60,1.97,8,99,32.61,2.20,2.71,11,0,0.00,0.00,99,0.00,0,0,0,0.00,0.00,0,0.00,0.00,0.00,0.00,0,0,0.00,72,60,99,71,14,0.31,37,0.06,0.08,0.00,27,0.00,0.00,12,1,0.20,0.25,0.00,0.00,12,0,0.00,25,21,86,91,0,71,50,0,0.00,99,2,0.00,0.49,2.22,1.80,9,4,10,11,0.99,0.80,44.44,1,0.25,76,0,100.00,0,0.00,99,1,0.20,0.25,55,60,93,73,0,0,0,0,0,51,71,84,80,0,99,41,85,68,1,20,63,60,0,0
Nathan Brown,23,1037692800,2002/11/19,MLS Next Pro,2026,Midfielder,Carolina Core,124,76,48,USA,4,2,2,0,0,0,1,1,0,0,0,1,0,1,0,0,0,0,0,0.73,0.73,0,0,0,0,0,0,31,0,124,0,-1,-1,-1,13,0,6.61,0.25,97,25.13,10.75,36,43,7.75,31,20,18.12,30,0.00,0.00,0.50,2,0.00,0.75,3.51,1.50,6,0.00,0.00,0.00,0.00,0.00,0.75,0.00,0.00,0.00,0.00,0.00,0.50,0.00,0.00,0.00,0.00,0.25,0.00,0.00,0,0,,0,0.00,25,0,0.00,45,0,0.00,30,1,3,1,97,0.00,99,0,3,1.75,88,3,78,1.75,73,0,0.00,99,0,0.00,0,0,0.00,0,1.17,69,2,1.17,56,0,0.00,0.00,0,0.00,0,0,0,0.00,0,0,0.00,99,0.00,0,N/A,N/A,N/A,N/A,0.00,0,0.00,0,0.00,0.00,0,72.09,0.00,45,14,0.50,1.17,2,28,28,0,0,0,0.00,0.00,0,56,26.44,0.75,1.75,3,0,0.00,0.00,99,0.00,0,0,0,0.00,0.00,0,0.00,0.00,0.00,0.00,0,0,0.00,72,0,85,71,4,0.69,94,0.17,0.40,0.00,27,0.00,0.00,7,0,0.00,0.00,2.34,1.00,92,4,0.00,25,28,76,91,0,71,54,0,0.00,99,1,0.00,0.58,9.94,4.25,17,7,57,75,4.09,1.75,41.18,0,0.00,99,0,33.33,0,0.00,99,1,0.25,0.58,80,3,99,96,0,0,0,0,0,88,71,84,80,0,99,62,52,52,0,0,59,22,0,0
Nathan Crockford,23,1031295600,2002/09/06,MLS Next Pro,2026,Midfielder,San Jose Earthquakes II,360,90,270,USA,4,1,3,0,0,0,0,0,0,0,0,1,0,1,4,1,3,0,0,0,0,0,0,0,0,1,90,90,0,0,0,82,106,-1,6,0,7.35,0,69,34.38,37.25,57,149,30.00,120,44,27.69,57,0.00,0.00,0.00,0,0.00,0.00,0.00,0.00,0,0.00,0.00,0.00,0.00,4.75,0.00,0.00,5.75,0.00,0.00,0.00,0.00,0.00,0.00,0.00,0.00,0.00,0.00,0.00,0,0,,0,0.00,25,0,0.00,45,0,0.00,30,0,0,4,11,0.00,99,0,0,0.00,25,0,48,0.00,30,0,0.00,99,0,0.00,0,0,0.00,0,0.00,24,0,0.00,18,0,0.00,0.00,0,0.00,0,19,79,4.38,99,23,0.00,74,5.31,98,N/A,N/A,N/A,N/A,82.61,0,0.00,0,0.00,0.00,0,80.54,0.00,45,70,0.25,0.23,1,28,28,0,0,11,0.00,0.00,0,56,29.41,0.75,0.69,3,0,0.00,0.00,99,0.00,0,0,0,0.00,0.00,0,0.00,0.00,0.00,0.00,0,0,0.00,72,88,85,71,78,0.29,30,0.07,0.07,0.00,27,0.00,0.00,10,1,0.25,0.23,0.00,0.00,12,0,0.00,25,90,41,91,0,71,20,0,0.00,99,0,0.00,0.00,0.69,0.75,3,1,3,7,0.23,0.25,33.33,0,0.00,99,0,0.00,0,0.00,99,0,0.00,0.00,48,92,77,73,0,0,0,0,0,51,71,84,80,0,99,62,52,52,0,0,59,22,0,0
Nathan Gray,18,1195891200,2007/11/24,MLS Next Pro,2026,Midfielder,FC Cincinnati II,46,0,46,India,1,0,1,0,0,0,0,0,0,0,0,0,0,0,1,0,1,1,0,0,0,0,0,0,0,1.96,46,46,46,0,1.96,-1,-1,-1,14,0,2.27,0,69,19.57,3.33,14,10,2.33,7,15,13.70,12,0.00,0.00,0.00,0,0.00,0.00,9.78,1.67,5,0.00,0.33,0.00,0.00,0.00,0.67,0.00,0.33,0.00,0.00,0.00,0.00,0.00,0.00,0.00,0.00,0.00,0.00,0.00,0,0,,0,0.00,25,0,0.00,45,0,0.00,30,1,0,1,99,0.00,99,0,2,3.91,99,0,48,0.00,30,0,0.00,99,0,0.00,0,0,0.00,0,0.00,24,0,0.00,18,0,0.00,0.00,0,0.00,0,0,0,0.00,0,1,0.00,32,1.96,63,N/A,N/A,N/A,N/A,0.00,0,0.00,0,0.00,0.00,0,70.00,0.00,45,2,0.33,1.96,1,28,28,0,0,0,0.00,0.00,0,56,6.80,0.67,3.91,2,0,0.00,0.00,99,0.00,0,0,0,0.00,0.00,0,0.00,0.00,0.00,0.00,0,0,0.00,72,0,0,71,37,0.01,2,0.00,0.02,0.00,27,0.00,0.00,99,3,1.00,5.87,1.96,0.33,85,1,0.00,25,0,93,91,0,71,20,0,0.00,99,0,0.00,0.00,21.52,3.67,11,8,99,99,15.65,2.67,72.73,1,1.96,10,0,0.00,0,0.00,99,0,0.00,0.00,48,3,77,96,0,0,0,0,0,51,71,84,80,0,99,41,52,99,1,100,99,45,0,0
Nathan Worth,19,1172476800,2007/02/26,MLS Next Pro,2026,Midfielder,New York RB II,360,270,90,USA,4,3,1,0,0,0,0,0,0,0,0,1,1,0,4,3,1,0,0,0,0,0,0,0,0,1,90,90,0,0,0,78,104,-1,11,0,7.04,0,69,42.43,49.50,73,198,38.75,155,37,33.21,68,0.00,0.00,1.50,6,0.00,2.75,1.29,1.50,6,0.00,1.50,0.00,0.00,0.00,0.25,0.25,1.00,0.00,1.93,1.75,0.75,0.00,0.50,0.15,0.00,1.00,0.00,0.00,0,0,,9,2.25,78,2,0.43,64,7,1.50,83,0,0,4,54,0.00,99,0,1,0.21,27,11,49,2.36,81,0,0.00,99,0,0.00,0,0,0.00,0,1.29,73,3,0.64,36,1,0.21,33.33,0,0.00,0,0,0,0.00,0,4,0.00,74,0.86,20,N/A,N/A,N/A,N/A,0.00,0,0.00,0,0.61,0.00,0,78.28,22.22,52,25,1.00,0.86,4,30,43,0,0,0,0.00,0.00,0,56,28.14,1.00,0.86,4,0,0.00,0.00,99,0.00,0,0,2,0.50,0.43,0,0.00,0.00,0.00,0.00,0,0,0.00,72,88,85,71,78,0.53,54,0.13,0.11,0.61,65,0.15,0.13,82,9,2.25,1.93,1.29,1.50,65,6,0.13,63,74,51,99,0,71,68,0,0.00,99,4,0.00,0.86,8.79,10.25,41,20,60,62,4.29,5.00,48.78,6,1.29,26,0,9.09,0,0.00,99,1,0.25,0.21,50,92,77,73,0,0,0,0,0,51,71,84,80,0,99,62,52,52,0,0,59,80,0,0
Nehuén Benedetti,21,1109232000,2005/02/24,MLS Next Pro,2026,Midfielder,New York RB II,167,167,0,Argentina,2,2,0,0,0,0,0,0,0,0,0,0,0,0,3,3,0,1,0,0,0,0,0,0,0,1.62,56,84,167,0,0.54,-1,-1,-1,8,0,6.56,0,69,35.22,18.00,57,36,13.50,27,27,26.41,54,0.00,0.00,1.00,2,0.00,0.00,0.00,0.00,0,0.00,1.00,0.00,0.00,0.00,0.50,1.00,0.50,0.00,0.00,0.00,1.00,0.00,0.00,0.00,0.00,0.50,0.00,0.00,0,0,,0,0.00,25,0,0.00,45,0,0.00,30,0,0,2,11,0.00,99,0,1,0.98,69,0,48,0.00,30,0,0.00,99,0,0.00,0,0,0.00,0,1.96,90,2,1.96,76,2,1.96,100.00,0,0.00,0,0,0,0.00,0,1,0.00,41,0.98,25,N/A,N/A,N/A,N/A,0.00,0,0.00,0,0.00,0.00,0,75.00,0.00,45,18,0.50,0.98,1,95,99,0,0,0,0.50,0.98,1,94,13.13,0.00,0.00,0,0,0.00,0.00,99,0.00,0,0,0,0.00,0.00,0,0.00,0.00,1.96,1.00,2,0,0.00,72,0,0,71,46,0.12,59,0.06,0.12,0.00,27,0.00,0.00,7,0,0.00,0.00,3.91,2.00,99,4,0.00,25,24,15,91,0,99,73,0,0.00,99,1,0.00,0.98,10.76,5.50,11,3,31,81,2.93,1.50,27.27,2,1.96,10,0,0.00,0,0.00,99,0,0.00,0.00,48,24,77,73,0,0,0,0,0,51,71,84,80,0,99,41,61,92,1,50,97,39,0,0
Nelson Alexander Rodriguez Arias,22,1056438000,2003/06/24,MLS Next Pro,2026,Midfielder,Connecticut United,100,0,100,USA,2,0,2,0,0,0,0,0,0,0,0,0,0,0,4,0,4,1,0,0,0,0,0,0,0,3.6,25,50,100,0,0.9,-1,-1,-1,9,0,4.65,0,69,45.78,22.00,79,88,16.00,64,21,33.29,68,0.00,0.00,0.25,1,0.00,2.75,3.12,1.50,6,0.00,0.00,0.00,0.00,0.00,0.75,0.50,1.25,0.00,1.04,0.50,1.00,0.00,0.00,0.03,0.00,1.25,0.00,0.00,0,0,,2,0.50,58,0,0.00,45,2,1.04,72,0,0,1,94,0.00,99,0,3,1.56,85,11,49,5.72,98,0,0.00,99,0,0.00,0,0,0.00,0,0.52,43,4,2.08,79,2,1.04,50.00,0,0.00,0,0,0,0.00,0,5,0.00,1,2.60,83,N/A,N/A,N/A,N/A,0.00,0,0.00,0,0.11,0.00,0,72.73,0.00,45,99,0.00,0.00,0,80,64,0,0,0,0.25,0.52,1,86,18.60,0.75,1.56,3,2,0.00,1.04,0,0.50,0,0,0,0.00,0.00,0,0.00,0.00,0.00,0.00,0,0,0.00,72,0,0,71,6,0.15,37,0.04,0.08,0.11,52,0.03,0.06,52,2,0.50,1.04,2.60,1.25,96,5,0.06,50,3,71,91,0,71,99,0,0.00,99,5,0.00,2.60,13.53,6.50,26,15,99,95,7.80,3.75,57.69,0,0.00,99,0,9.09,0,0.00,99,1,0.25,0.52,77,3,77,73,0,0,0,0,0,51,71,84,80,0,99,41,53,99,1,50,97,3,0,0
Nelson Martinez,25,983606400,2001/03/03,MLS Next Pro,2026,Midfielder,Carolina Core,71,0,71,USA,1,0,1,0,0,0,0,0,0,0,0,0,0,0,2,0,2,0,0,0,0,0,0,0,0,2.54,36,71,0,0,0,-1,-1,-1,5,0,3.08,0,69,35.49,14.00,58,28,11.50,23,53,29.15,59,0.00,0.00,0.00,0,0.00,0.00,1.27,0.50,1,0.00,0.00,0.00,0.00,0.00,0.50,0.00,1.00,0.00,0.00,0.00,0.50,0.00,0.00,0.00,0.00,0.00,0.00,0.00,0,0,,0,0.00,25,0,0.00,45,0,0.00,30,1,0,1,52,0.00,99,0,1,1.27,79,0,48,0.00,30,0,0.00,99,0,0.00,0,0,0.00,0,0.00,24,1,1.27,59,0,0.00,0.00,0,0.00,0,0,0,0.00,0,2,0.00,8,2.54,81,N/A,N/A,N/A,N/A,0.00,0,0.00,0,0.00,0.00,0,82.14,0.00,45,11,0.50,1.27,1,28,28,0,0,0,0.00,0.00,0,56,6.17,1.00,2.54,2,0,0.00,0.00,99,0.00,0,0,0,0.00,0.00,0,0.00,0.00,0.00,0.00,0,0,0.00,72,0,0,71,13,0.05,24,0.03,0.06,0.00,27,0.00,0.00,61,1,0.50,1.27,2.54,1.00,96,2,0.00,25,0,83,91,0,71,20,0,0.00,99,0,0.00,0.00,7.61,3.00,6,2,24,48,2.54,1.00,33.33,0,0.00,99,0,0.00,0,0.00,99,0,0.00,0.00,48,3,77,96,0,0,0,0,0,51,71,84,80,0,99,41,52,52,0,0,59,21,0,0
Nicholas Almeida,19,1171958400,2007/02/20,MLS Next Pro,2026,Midfielder,Inter Miami II,270,90,180,USA,3,1,2,0,0,0,0,0,0,0,0,0,0,0,6,1,5,0,0,0,0,0,0,0,0,2,45,90,0,0,0,-1,-1,-1,4,0,7.06,0,69,70.50,78.33,99,235,66.33,199,64,59.70,99,0.00,0.00,0.00,0,0.00,0.00,4.20,4.67,14,0.00,0.33,0.00,0.00,0.00,2.33,1.33,2.33,0.00,0.30,0.33,1.33,0.00,0.00,0.02,0.00,1.67,0.00,0.00,0,0,,1,0.33,31,0,0.00,45,1,0.30,40,0,0,3,98,0.00,99,0,7,2.10,94,0,48,0.00,30,0,0.00,99,0,0.00,0,0,0.00,0,0.00,24,4,1.20,58,4,1.20,100.00,0,0.00,0,0,0,0.00,0,7,0.00,30,2.10,71,N/A,N/A,N/A,N/A,0.00,0,0.00,0,0.05,0.00,0,84.68,0.00,45,38,0.67,0.60,2,83,99,0,0,0,0.33,0.30,1,72,21.19,3.00,2.70,9,1,0.00,0.30,2,0.33,0,0,0,0.00,0.00,0,0.00,0.00,0.00,0.00,0,0,0.00,72,46,33,71,36,0.49,67,0.16,0.15,0.05,38,0.02,0.02,7,0,0.00,0.00,0.30,0.33,20,1,0.02,36,76,85,91,0,71,88,0,0.00,99,5,0.00,1.50,9.00,10.00,30,23,97,65,6.90,7.67,76.67,1,0.30,72,0,0.00,0,0.00,99,0,0.00,0.00,48,60,77,73,0,0,0,0,0,51,71,84,80,0,99,41,52,52,0,0,59,44,0,0
Nicholas Gregory Simmonds,19,1166342400,2006/12/17,MLS Next Pro,2026,Midfielder,North Texas,265,85,180,Jamaica,3,1,2,1,0,1,0,0,0,0,0,0,0,0,4,1,3,0,0,0.34,0,0.34,0,0.5,265,1.36,66,88,0,0,0,-1,-1,-1,1,0,7.17,0,69,21.97,24.00,23,72,15.33,46,4,14.03,13,0.00,0.00,1.67,5,0.00,0.67,0.00,0.00,0,0.00,2.00,0.00,0.00,0.00,0.00,0.67,1.33,8.00,2.44,1.33,0.67,0.00,1.33,0.43,0.00,2.00,0.00,0.00,0,0,,8,2.67,85,4,1.22,91,4,1.22,77,0,0,3,11,0.00,99,0,0,0.00,25,2,48,0.61,47,0,0.00,99,0,0.00,0,0,0.00,0,1.53,80,2,0.61,34,2,0.61,100.00,0,0.00,0,0,0,0.00,0,4,0.00,54,1.22,30,N/A,N/A,N/A,N/A,0.00,0,0.00,0,1.28,0.00,0,63.89,50.00,87,62,0.33,0.31,1,60,99,0,0,0,0.00,0.00,0,56,21.50,1.00,0.92,3,0,0.00,0.00,99,0.00,0,0,0,0.00,0.00,0,0.00,0.00,0.92,1.00,3,0,12.50,77,29,33,88,58,0.31,42,0.10,0.09,1.28,87,0.43,0.39,78,6,2.00,1.83,2.75,3.00,98,9,0.39,86,82,54,91,0,96,93,0,0.00,99,6,0.00,1.83,10.68,11.67,35,14,59,80,4.27,4.67,40.00,6,1.83,13,0,0.00,0,0.00,99,0,0.00,0.00,48,60,77,73,0,0,0,0,0,70,83,90,80,0,99,41,52,52,0,0,59,16,0,0
Nicholas Holliday,20,1137484800,2006/01/17,MLS Next Pro,2026,Goalkeeper,Carolina Core,180,90,90,USA,2,1,1,0,0,0,0,0,0,0,0,1,0,1,1,1,0,0,0,0,0,0,0,0,0,0.5,180,90,0,0,0,-1,-1,-1,8,0,3.64,0,69,23.57,13.75,30,55,9.50,38,14,16.29,22,0.00,0.00,0.00,0,0.00,0.00,0.00,0.00,0,0.00,0.00,0.00,0.00,1.75,0.00,0.00,1.75,0.00,0.00,0.00,0.00,0.00,0.00,0.00,0.00,0.00,0.00,0.00,0,0,,0,0.00,25,0,0.00,45,0,0.00,30,0,0,2,11,0.00,99,0,0,0.00,25,0,48,0.00,30,0,0.00,99,0,0.00,0,0,0.00,0,0.00,24,0,0.00,18,0,0.00,0.00,0,0.00,0,7,99,3.00,58,7,0.00,91,3.00,89,N/A,N/A,N/A,N/A,100.00,0,0.00,0,0.00,0.00,0,69.09,0.00,45,99,0.00,0.00,0,28,28,0,0,4,0.00,0.00,0,56,14.56,0.75,1.29,3,0,0.00,0.00,99,0.00,0,0,0,0.00,0.00,2,0.50,0.86,0.00,0.00,0,0,0.00,72,0,0,71,96,0.09,12,0.02,0.04,0.00,27,0.00,0.00,7,0,0.00,0.00,0.00,0.00,12,0,0.00,25,1,64,91,93,71,20,0,0.00,99,0,0.00,0.00,0.00,0.00,0,0,2,1,0.00,0.00,0.00,0,0.00,99,0,0.00,0,0.00,99,0,0.00,0.00,48,24,77,73,0,0,0,0,0,51,71,84,80,0,99,90,52,52,0,0,59,1,0,0
Nicholas Markanich,26,946195200,1999/12/26,MLS Next Pro,2026,Forward,Houston Dynamo FC II,180,180,0,USA,2,2,0,0,0,0,2,2,0,0,0,2,2,0,0,0,0,1,0,1,1,0,0,0,0,0,0,90,180,90,0.5,-1,-1,-1,17,0,7.67,1,99,32.40,27.00,52,54,25.00,50,97,30.00,61,0.00,0.00,1.50,3,0.00,1.00,0.60,0.50,1,0.00,0.00,0.00,0.00,0.00,0.50,1.00,0.00,0.00,7.80,5.50,3.00,0.00,1.00,0.42,0.00,0.50,0.00,0.00,0,0,,13,6.50,99,2,1.20,90,11,6.60,99,0,0,2,25,0.00,99,0,1,0.60,52,2,92,1.20,65,0,0.00,99,0,0.00,0,0,0.00,0,1.80,85,6,3.60,95,2,1.20,33.33,0,0.00,0,0,0,0.00,0,0,0.00,99,0.00,0,N/A,N/A,N/A,N/A,0.00,0,0.00,0,0.85,0.00,0,92.59,15.38,46,14,1.00,1.20,2,83,43,0,0,0,0.00,0.00,0,56,15.35,0.00,0.00,0,0,0.00,0.00,99,0.00,0,0,0,0.00,0.00,0,0.00,0.00,0.00,0.00,0,1,0.00,72,0,0,71,4,1.37,99,0.69,0.82,0.85,91,0.42,0.51,91,4,2.00,2.40,0.60,0.50,33,1,0.51,91,97,15,91,0,71,56,0,0.00,99,1,0.00,0.60,9.00,7.50,15,8,69,65,4.80,4.00,53.33,0,0.00,99,0,50.00,0,0.00,99,1,0.50,0.60,81,24,77,73,0,0,0,0,0,95,71,84,80,0,99,99,65,91,1,50,97,71,0,0
Nicholas Pariano,23,1047801600,2003/03/16,MLS Next Pro,2026,Midfielder,Huntsville City,302,90,212,USA,4,1,3,0,0,0,1,1,0,0,0,0,0,0,12,2,10,2,0,0.3,0.3,0,0,0,0,3.58,25,76,151,302,0.6,60,15,-1,7,0,6.68,0.25,84,66.84,50.50,99,202,43.50,174,69,57.57,98,0.00,0.00,0.75,3,0.00,0.50,2.32,1.75,7,0.00,0.50,0.00,0.00,0.00,0.50,0.00,2.75,0.00,0.99,0.75,0.25,0.00,0.00,0.04,0.00,0.75,0.00,0.00,0,0,,3,0.75,57,0,0.00,45,3,0.99,70,0,1,3,83,0.00,99,0,2,0.66,53,2,92,0.66,49,0,0.00,99,0,0.00,0,0,0.00,0,0.99,63,1,0.33,24,0,0.00,0.00,0,0.00,0,0,0,0.00,0,11,0.00,1,3.64,93,N/A,N/A,N/A,N/A,0.00,0,0.00,0,0.17,0.00,0,86.14,0.00,45,5,1.25,1.65,5,28,28,0,0,0,0.25,0.33,1,74,26.72,0.00,0.00,0,0,0.00,0.00,99,0.00,0,0,0,0.00,0.00,0,0.00,0.00,0.00,0.00,0,0,0.00,72,53,85,71,6,1.07,91,0.27,0.35,0.17,52,0.04,0.06,73,5,1.25,1.65,0.33,0.25,23,1,0.06,50,36,15,91,0,71,73,0,0.00,99,3,0.00,0.99,8.60,6.50,26,14,66,59,4.63,3.50,53.85,2,0.66,52,0,50.00,0,0.00,99,1,0.25,0.33,62,60,93,73,0,0,0,0,0,67,71,84,80,0,99,41,60,93,2,50,97,24,0,0
Nick Fernandez,24,1009008000,2001/12/22,MLS Next Pro,2026,Midfielder,San Jose Earthquakes II,90,90,0,USA,1,1,0,1,1,0,1,1,0,0,0,0,0,0,1,1,0,0,0,2,1,1,1,0,90,1,90,90,0,90,0,-1,-1,-1,4,0,8.37,1,99,47.14,33.00,81,33,27.00,27,52,38.57,79,0.00,0.00,2.00,2,0.00,4.00,0.00,0.00,0,0.00,0.00,0.00,0.00,0.00,1.00,2.00,1.00,4.00,5.71,3.00,3.00,0.00,1.00,0.84,0.00,0.00,0.00,0.00,0,0,,4,4.00,99,1,1.43,93,3,4.29,99,0,0,1,11,0.00,99,0,1,1.43,83,4,48,5.71,98,0,0.00,99,0,0.00,0,0,0.00,0,2.86,98,3,4.29,97,2,2.86,66.67,0,0.00,0,0,0,0.00,0,1,0.00,74,1.43,41,N/A,N/A,N/A,N/A,0.00,0,0.00,0,0.84,0.00,0,81.82,25.00,56,99,0.00,0.00,0,99,81,0,0,0,0.00,0.00,0,56,8.37,0.00,0.00,0,0,0.00,0.00,99,0.00,0,0,0,0.00,0.00,0,0.00,0.00,0.00,0.00,0,0,25.00,90,0,0,74,78,0.75,99,0.75,1.07,0.84,99,0.84,1.20,97,2,2.00,2.86,0.00,0.00,12,0,1.20,99,99,15,91,0,71,20,0,0.00,99,0,0.00,0.00,7.14,5.00,5,4,86,43,5.71,4.00,80.00,0,0.00,99,0,0.00,0,0.00,99,0,0.00,0.00,48,3,77,73,0,0,0,0,0,99,99,84,96,0,99,41,52,52,0,0,59,20,0,0
Nicklas Lund,23,1019026800,2002/04/17,MLS Next Pro,2026,Defender,Portland Timbers II,360,270,90,Denmark,4,3,1,0,0,0,0,0,0,0,0,2,2,0,5,1,4,1,0,0,0,0,0,0,0,1.25,72,90,360,0,0.25,86,109,4,5,0,6.67,0,69,55.54,56.00,90,224,49.75,199,86,49.34,90,0.00,0.00,0.25,1,0.00,0.00,1.24,1.25,5,0.00,0.00,0.00,0.00,0.00,1.50,0.00,1.50,0.00,0.25,0.25,0.00,0.00,0.00,0.01,0.00,1.50,0.00,0.00,0,0,,1,0.25,28,0,0.00,45,1,0.25,36,0,0,4,52,0.00,99,0,6,1.49,84,0,48,0.00,30,0,0.00,99,0,0.00,0,0,0.00,0,0.25,27,0,0.00,18,0,0.00,0.00,0,0.00,0,0,0,0.00,0,6,0.00,64,1.49,46,N/A,N/A,N/A,N/A,0.00,0,0.00,0,0.05,0.00,0,88.84,0.00,45,44,0.50,0.50,2,28,28,0,0,0,0.25,0.25,1,65,26.70,4.75,4.71,19,0,0.00,0.00,99,0.00,0,0,0,0.00,0.00,0,0.00,0.00,0.00,0.00,0,0,0.00,72,88,85,71,69,0.48,59,0.12,0.12,0.05,32,0.01,0.01,50,4,1.00,0.99,0.99,1.00,50,4,0.01,30,33,96,91,0,71,88,0,0.00,99,6,0.00,1.49,6.45,6.50,26,14,39,35,3.47,3.50,53.85,0,0.00,99,0,0.00,0,0.00,99,0,0.00,0.00,48,92,77,73,0,0,0,0,0,51,71,84,80,0,99,90,97,65,1,25,81,61,0,0
Nico Cavallo,24,1009440000,2001/12/27,MLS Next Pro,2026,Midfielder,New York City II,180,90,90,USA,2,1,1,0,0,0,0,0,0,0,0,1,0,1,1,1,0,1,0,0,0,0,0,0,0,0.5,180,90,180,0,0.5,-1,-1,-1,2,0,7.17,0,69,43.88,58.50,76,117,50.00,100,66,37.50,77,0.00,0.00,0.00,0,0.00,1.00,1.12,1.50,3,0.00,1.50,0.00,0.00,0.00,2.50,1.00,0.50,0.00,0.38,0.00,1.50,0.00,0.50,0.07,0.00,0.00,0.00,0.00,0,0,,1,0.50,36,1,0.38,60,0,0.00,30,0,0,2,45,0.00,99,0,5,1.88,91,2,48,0.75,53,0,0.00,99,0,0.00,0,0,0.00,0,0.00,24,3,1.12,53,2,0.75,66.67,0,0.00,0,0,0,0.00,0,1,0.00,91,0.38,4,N/A,N/A,N/A,N/A,0.00,0,0.00,0,0.15,0.00,0,85.47,100.00,99,31,1.00,0.75,2,66,81,0,0,0,1.00,0.75,2,91,14.34,2.00,1.50,4,0,0.00,0.00,99,0.00,0,0,0,0.00,0.00,0,0.00,0.00,0.38,0.50,1,0,0.00,72,0,0,71,96,0.19,30,0.10,0.07,0.15,52,0.07,0.06,56,3,1.50,1.12,0.75,1.00,40,2,0.06,50,82,70,91,0,84,20,0,0.00,99,0,0.00,0.00,6.00,8.00,16,8,33,32,3.00,4.00,50.00,3,1.12,33,0,0.00,0,0.00,99,0,0.00,0.00,48,24,77,73,0,0,0,0,0,51,71,84,80,0,99,90,65,91,1,50,97,2,0,0
Nicolas Rincon,20,1132905600,2005/11/25,MLS Next Pro,2026,Midfielder,Columbus Crew II,450,270,180,Colombia,5,3,2,0,0,0,1,1,0,0,0,2,2,0,7,2,5,0,0,0.2,0.2,0,0,0,0,1.4,64,90,0,450,0,77,40,-1,3,0,6.84,0.2,73,37.18,39.00,62,195,32.40,162,59,30.89,62,0.00,0.00,1.00,5,0.00,2.20,1.14,1.20,6,0.00,1.00,0.00,0.00,0.00,1.40,0.60,1.60,0.00,0.76,0.60,1.60,0.00,0.20,0.06,0.00,0.40,0.00,0.00,0,0,,4,0.80,50,1,0.19,46,3,0.57,55,0,0,5,47,0.00,99,0,7,1.33,81,11,56,2.10,78,0,0.00,99,0,0.00,0,0,0.00,0,0.95,61,8,1.53,67,3,0.57,37.50,0,0.00,0,0,0,0.00,0,8,0.00,51,1.53,50,N/A,N/A,N/A,N/A,0.00,0,0.00,0,0.30,0.00,0,83.08,25.00,56,39,0.60,0.57,3,58,45,0,0,0,0.20,0.19,1,58,34.18,0.20,0.19,1,0,0.00,0.00,99,0.00,0,0,1,0.20,0.19,0,0.00,0.00,0.00,0.00,0,0,0.00,72,99,99,71,56,1.12,74,0.22,0.21,0.30,52,0.06,0.06,21,2,0.40,0.38,0.38,0.40,24,2,0.06,50,53,15,92,0,71,40,0,0.00,99,2,0.00,0.38,5.72,6.00,30,13,24,27,2.48,2.60,43.33,5,0.95,40,0,18.18,0,0.00,99,2,0.40,0.38,67,99,77,73,0,0,0,0,0,53,71,84,80,0,99,76,52,52,0,0,59,30,0,0
Nikola Djordjevic,23,1037260800,2002/11/14,MLS Next Pro,2026,Midfielder,Whitecaps II,270,90,180,USA,3,1,2,0,0,0,0,0,0,0,0,1,0,1,6,3,3,0,0,0,0,0,0,0,0,2,45,90,0,0,0,-1,-1,-1,9,0,6.50,0,69,29.80,33.00,48,99,27.33,82,57,24.68,51,0.00,0.00,0.67,2,0.00,1.67,1.81,2.00,6,0.00,2.67,0.00,0.00,0.00,1.33,2.00,2.00,0.00,0.60,0.67,3.00,0.00,0.00,0.04,0.00,0.67,0.00,0.00,0,0,,2,0.67,45,0,0.00,45,2,0.60,55,1,0,3,68,0.00,99,0,4,1.20,78,5,60,1.51,71,0,0.00,99,0,0.00,0,0,0.00,0,0.60,48,9,2.71,87,6,1.81,66.67,0,0.00,0,0,0,0.00,0,6,0.00,30,1.81,57,N/A,N/A,N/A,N/A,0.00,0,0.00,0,0.11,0.00,0,82.83,0.00,45,3,2.00,1.81,6,94,81,0,0,0,0.00,0.00,0,56,19.49,1.00,0.90,3,0,0.00,0.00,99,0.00,0,0,0,0.00,0.00,0,0.00,0.00,0.00,0.00,0,0,0.00,72,46,33,71,36,0.27,37,0.09,0.08,0.11,41,0.04,0.03,92,8,2.67,2.41,0.30,0.33,20,1,0.03,40,20,54,91,0,71,56,0,0.00,99,2,0.00,0.60,12.04,13.33,40,22,93,88,6.62,7.33,55.00,8,2.41,5,0,20.00,0,0.00,99,1,0.33,0.30,59,60,77,96,0,0,0,0,0,51,71,84,80,0,99,73,52,52,0,0,59,41,0,0
Nikola Petkovic,23,1045987200,2003/02/23,MLS Next Pro,2026,Midfielder,Tacoma Defiance,61,61,0,Serbia,1,1,0,0,0,0,0,0,0,0,0,0,0,0,1,1,0,0,0,0,0,0,0,0,0,1.48,61,61,0,0,0,-1,-1,-1,15,0,6.81,0,69,64.92,44.00,97,44,41.00,41,98,60.49,99,0.00,0.00,0.00,0,0.00,1.00,1.48,1.00,1,0.00,1.00,0.00,0.00,0.00,0.00,0.00,1.00,0.00,1.48,0.00,0.00,0.00,1.00,0.11,0.00,0.00,0.00,0.00,0,0,,1,1.00,68,1,1.48,93,0,0.00,30,1,0,1,60,0.00,99,0,0,0.00,25,1,48,1.48,70,0,0.00,99,0,0.00,0,0,0.00,0,0.00,24,0,0.00,18,0,0.00,0.00,0,0.00,0,0,0,0.00,0,1,0.00,47,1.48,44,N/A,N/A,N/A,N/A,0.00,0,0.00,0,0.11,0.00,0,93.18,100.00,99,99,0.00,0.00,0,28,28,0,0,0,0.00,0.00,0,56,6.81,0.00,0.00,0,0,0.00,0.00,99,0.00,0,0,0,0.00,0.00,0,0.00,0.00,0.00,0.00,0,0,0.00,72,0,0,71,51,0.09,63,0.09,0.13,0.11,67,0.11,0.16,98,2,2.00,2.95,1.48,1.00,73,1,0.16,66,49,15,91,0,71,20,0,0.00,99,0,0.00,0.00,7.38,5.00,5,3,62,45,4.43,3.00,60.00,1,1.48,20,0,0.00,0,0.00,99,0,0.00,0.00,48,3,77,96,0,0,0,0,0,51,71,84,80,0,99,41,52,52,0,0,59,44,0,0
Nimfasha Berchimas,18,1203667200,2008/02/22,MLS Next Pro,2026,Midfielder,Crown Legacy,360,270,90,USA,4,3,1,4,3,1,1,1,0,0,0,2,2,0,3,2,1,1,0,1.25,0.25,1,1,1,90,0.75,120,90,360,360,0.25,4,20,-1,2,0,7.53,0.25,81,22.03,20.50,24,82,12.75,51,2,13.70,12,0.00,0.00,1.50,6,0.00,2.75,2.15,2.00,8,0.00,2.25,0.00,0.00,0.00,0.25,2.50,0.75,4.00,4.30,1.50,6.00,0.00,2.50,0.98,0.00,0.25,0.00,0.00,0,0,,16,4.00,99,10,2.69,99,6,1.61,85,0,0,4,79,0.00,99,0,1,0.27,31,11,56,2.96,86,0,0.00,99,0,0.00,0,0,0.00,0,1.61,82,24,6.45,99,10,2.69,41.67,0,0.00,0,0,0,0.00,0,3,0.00,82,0.81,17,N/A,N/A,N/A,N/A,0.00,0,0.00,0,3.94,0.00,0,62.20,62.50,91,16,1.00,1.07,4,99,47,0,0,0,0.00,0.00,0,56,30.10,1.00,1.07,4,0,0.00,0.00,99,0.00,0,0,0,0.00,0.00,0,0.00,0.00,0.27,0.25,1,0,25.00,90,88,85,74,86,0.93,79,0.23,0.25,3.94,99,0.98,1.06,39,3,0.75,0.81,2.15,2.00,90,8,1.06,99,95,58,91,0,80,30,0,0.00,99,1,0.00,0.27,15.31,14.25,57,22,89,99,5.91,5.50,38.60,9,2.42,4,0,18.18,0,0.00,99,2,0.50,0.54,79,92,77,73,0,0,0,0,0,97,99,98,96,0,99,90,97,65,1,25,81,27,0,0
Noah Betancourt,18,1176447600,2007/04/13,MLS Next Pro,2026,Midfielder,Houston Dynamo FC II,134,134,0,USA,2,2,0,0,0,0,0,0,0,0,0,2,2,0,0,0,0,0,0,0,0,0,0,0,0,0,0,67,0,0,0,-1,-1,-1,13,0,4.64,0,69,24.41,10.67,33,32,8.67,26,48,19.83,37,0.00,0.00,0.67,2,0.00,1.00,3.81,1.67,5,0.00,0.33,0.00,0.00,0.00,0.33,0.00,0.00,0.00,0.76,0.33,0.00,0.00,0.00,0.01,0.00,0.33,0.00,0.00,0,0,,1,0.33,50,0,0.00,45,1,0.76,62,0,0,1,97,0.00,99,0,1,0.76,58,3,78,2.29,80,0,0.00,99,0,0.00,0,0,0.00,0,1.53,80,0,0.00,18,0,0.00,0.00,0,0.00,0,0,0,0.00,0,0,0.00,99,0.00,0,N/A,N/A,N/A,N/A,0.00,0,0.00,0,0.04,0.00,0,81.25,0.00,45,99,0.00,0.00,0,28,28,0,0,0,0.00,0.00,0,56,13.93,0.33,0.76,1,0,0.00,0.00,99,0.00,0,0,0,0.00,0.00,0,0.00,0.00,0.00,0.00,0,0,0.00,72,0,0,71,4,0.74,97,0.25,0.56,0.04,41,0.01,0.03,36,1,0.33,0.76,1.53,0.67,75,2,0.03,40,3,44,91,0,71,64,0,0.00,99,1,0.00,0.76,8.39,3.67,11,7,78,58,5.34,2.33,63.64,1,0.76,47,0,33.33,0,0.00,99,1,0.33,0.76,85,3,77,73,0,0,0,0,0,51,71,84,80,0,99,99,52,52,0,0,59,14,0,0
Noah Newman,56,N/A,N/A,MLS Next Pro,2026,Midfielder,Tacoma Defiance,0,0,0,,0,0,0,0,0,0,0,0,0,0,0,0,0,0,0,0,0,0,0,0,0,0,0,0,0,0,0,0,0,0,0,-1,-1,-1,-1,N/A,N/A,N/A,N/A,N/A,N/A,N/A,N/A,N/A,N/A,N/A,N/A,N/A,N/A,N/A,N/A,N/A,N/A,N/A,N/A,N/A,N/A,N/A,N/A,N/A,N/A,N/A,N/A,N/A,N/A,N/A,N/A,N/A,N/A,N/A,N/A,N/A,N/A,N/A,N/A,N/A,N/A,N/A,N/A,N/A,N/A,N/A,N/A,N/A,N/A,N/A,N/A,N/A,N/A,N/A,N/A,N/A,N/A,N/A,N/A,N/A,N/A,N/A,N/A,N/A,N/A,N/A,N/A,N/A,N/A,N/A,N/A,N/A,N/A,N/A,N/A,N/A,N/A,N/A,N/A,N/A,N/A,N/A,N/A,N/A,N/A,N/A,N/A,N/A,N/A,N/A,N/A,N/A,N/A,N/A,N/A,N/A,N/A,N/A,N/A,N/A,N/A,N/A,N/A,N/A,N/A,N/A,N/A,N/A,N/A,N/A,N/A,N/A,N/A,N/A,N/A,N/A,N/A,N/A,N/A,N/A,N/A,N/A,N/A,N/A,N/A,N/A,N/A,N/A,N/A,N/A,N/A,N/A,N/A,N/A,N/A,N/A,N/A,N/A,N/A,N/A,N/A,N/A,N/A,N/A,N/A,N/A,N/A,N/A,N/A,N/A,N/A,N/A,N/A,N/A,N/A,N/A,N/A,N/A,N/A,N/A,N/A,N/A,N/A,N/A,N/A,N/A,N/A,N/A,N/A,N/A,N/A,N/A,N/A,N/A,N/A,N/A,N/A,N/A,N/A,N/A,N/A,N/A,N/A,N/A,N/A,N/A,N/A,N/A,N/A,N/A,N/A,N/A,N/A,N/A,N/A,N/A,N/A,N/A,N/A,N/A,N/A,N/A,N/A,N/A,N/A,N/A,N/A,N/A,N/A,N/A,N/A,N/A,N/A,N/A,N/A,N/A,N/A,N/A,N/A,N/A,N/A,N/A,N/A
Noah Santos,19,1168416000,2007/01/10,MLS Next Pro,2026,Midfielder,Portland Timbers II,360,270,90,USA,4,3,1,0,0,0,0,0,0,0,0,2,2,0,5,1,4,0,0,0,0,0,0,0,0,1.25,72,90,0,0,0,89,102,-1,3,0,7.64,0,69,26.31,28.50,40,114,20.25,81,17,18.69,32,0.00,0.00,2.75,11,0.00,4.50,1.62,1.75,7,0.00,2.25,0.00,0.00,0.00,0.50,3.75,1.50,0.00,4.62,3.00,6.00,0.00,2.00,0.37,0.00,0.25,0.00,0.00,0,0,,20,5.00,99,8,1.85,97,12,2.77,99,0,0,4,64,0.00,99,0,2,0.46,46,18,82,4.15,94,0,0.00,99,0,0.00,0,0,0.00,0,2.54,97,24,5.54,99,15,3.46,62.50,0,0.00,0,0,0,0.00,0,6,0.00,64,1.38,40,N/A,N/A,N/A,N/A,0.00,0,0.00,0,1.49,0.00,0,71.05,40.00,70,36,0.75,0.69,3,99,71,0,0,0,0.25,0.23,1,61,30.57,0.50,0.46,2,0,0.00,0.00,99,0.00,0,0,1,0.25,0.23,0,0.00,0.00,0.00,0.00,0,1,0.00,72,88,85,71,69,0.59,67,0.15,0.14,1.49,82,0.37,0.34,79,8,2.00,1.85,0.46,0.50,29,2,0.34,81,97,33,94,0,71,26,0,0.00,99,1,0.00,0.23,13.15,14.25,57,31,98,94,7.15,7.75,54.39,9,2.08,9,0,44.44,0,0.00,99,8,2.00,1.85,98,92,77,73,0,0,0,0,0,51,71,84,80,0,99,90,52,52,0,0,59,37,0,0
Noah Strellnauer,18,1187766000,2007/08/22,MLS Next Pro,2026,Midfielder,Colorado Rapids II,0,0,0,USA,0,0,0,0,0,0,0,0,0,0,0,0,0,0,0,0,0,0,0,0,0,0,0,0,0,0,0,0,0,0,0,-1,-1,-1,-1,N/A,N/A,N/A,N/A,N/A,N/A,N/A,N/A,N/A,N/A,N/A,N/A,N/A,N/A,N/A,N/A,N/A,N/A,N/A,N/A,N/A,N/A,N/A,N/A,N/A,N/A,N/A,N/A,N/A,N/A,N/A,N/A,N/A,N/A,N/A,N/A,N/A,N/A,N/A,N/A,N/A,N/A,N/A,N/A,N/A,N/A,N/A,N/A,N/A,N/A,N/A,N/A,N/A,N/A,N/A,N/A,N/A,N/A,N/A,N/A,N/A,N/A,N/A,N/A,N/A,N/A,N/A,N/A,N/A,N/A,N/A,N/A,N/A,N/A,N/A,N/A,N/A,N/A,N/A,N/A,N/A,N/A,N/A,N/A,N/A,N/A,N/A,N/A,N/A,N/A,N/A,N/A,N/A,N/A,N/A,N/A,N/A,N/A,N/A,N/A,N/A,N/A,N/A,N/A,N/A,N/A,N/A,N/A,N/A,N/A,N/A,N/A,N/A,N/A,N/A,N/A,N/A,N/A,N/A,N/A,N/A,N/A,N/A,N/A,N/A,N/A,N/A,N/A,N/A,N/A,N/A,N/A,N/A,N/A,N/A,N/A,N/A,N/A,N/A,N/A,N/A,N/A,N/A,N/A,N/A,N/A,N/A,N/A,N/A,N/A,N/A,N/A,N/A,N/A,N/A,N/A,N/A,N/A,N/A,N/A,N/A,N/A,N/A,N/A,N/A,N/A,N/A,N/A,N/A,N/A,N/A,N/A,N/A,N/A,N/A,N/A,N/A,N/A,N/A,N/A,N/A,N/A,N/A,N/A,N/A,N/A,N/A,N/A,N/A,N/A,N/A,N/A,N/A,N/A,N/A,N/A,N/A,N/A,N/A,N/A,N/A,N/A,N/A,N/A,N/A,N/A,N/A,N/A,N/A,N/A,N/A,N/A,N/A,N/A,N/A,N/A,N/A,N/A,N/A,N/A,N/A,N/A,N/A,N/A
Noel Buck,20,1112684400,2005/04/05,MLS Next Pro,2026,Midfielder,San Jose Earthquakes II,90,90,0,USA,1,1,0,1,1,0,1,1,0,0,0,0,0,0,1,1,0,0,0,2,1,1,1,0,90,1,90,90,0,90,0,-1,-1,-1,5,0,8.42,1,99,87.14,61.00,99,61,49.00,49,42,70.00,99,0.00,0.00,2.00,2,0.00,3.00,4.29,3.00,3,0.00,0.00,0.00,0.00,0.00,2.00,0.00,1.00,2.00,2.86,1.00,0.00,0.00,1.00,0.73,0.00,0.00,0.00,0.00,0,0,,2,2.00,89,1,1.43,93,1,1.43,82,0,0,1,99,0.00,99,0,2,2.86,98,3,93,4.29,94,0,0.00,99,0,0.00,0,0,0.00,0,2.86,98,0,0.00,18,0,0.00,0.00,0,0.00,0,0,0,0.00,0,1,0.00,74,1.43,41,N/A,N/A,N/A,N/A,0.00,0,0.00,0,0.73,0.00,0,80.33,50.00,87,7,1.00,1.43,1,28,28,0,0,0,1.00,1.43,1,97,8.42,0.00,0.00,0,0,0.00,0.00,99,0.00,0,0,1,1.00,1.43,0,0.00,0.00,0.00,0.00,0,0,50.00,99,0,0,74,78,0.76,99,0.76,1.09,0.73,99,0.73,1.04,7,0,0.00,0.00,1.43,1.00,72,1,1.04,99,99,15,99,0,71,20,0,0.00,99,0,0.00,0.00,7.14,5.00,5,3,60,43,4.29,3.00,60.00,0,0.00,99,0,66.67,0,0.00,99,2,2.00,2.86,99,3,77,73,0,0,0,0,0,99,99,84,96,0,99,41,52,52,0,0,59,21,0,0
Nolan Evers,24,994575600,2001/07/08,MLS Next Pro,2026,Midfielder,Carolina Core,270,90,180,USA,3,1,2,0,0,0,0,0,0,0,0,1,0,1,4,2,2,1,0,0,0,0,0,0,0,1.33,68,90,270,0,0.33,-1,-1,-1,3,0,6.54,0,69,32.44,27.75,53,111,21.50,86,34,25.13,53,0.00,0.00,0.00,0,0.00,0.00,1.17,1.00,4,0.00,0.00,0.00,0.00,0.00,0.50,0.00,1.25,0.00,0.29,0.00,0.00,0.00,0.25,0.04,0.00,0.50,0.00,0.00,0,0,,1,0.25,30,1,0.29,54,0,0.00,30,0,0,3,49,0.00,99,0,2,0.58,51,0,48,0.00,30,0,0.00,99,0,0.00,0,0,0.00,0,0.00,24,0,0.00,18,0,0.00,0.00,0,0.00,0,0,0,0.00,0,5,0.00,58,1.46,43,N/A,N/A,N/A,N/A,0.00,0,0.00,0,0.15,0.00,0,77.48,100.00,99,64,0.25,0.29,1,28,28,0,0,0,0.75,0.88,3,93,26.18,2.50,2.92,10,0,0.00,0.00,99,0.00,0,0,0,0.00,0.00,0,0.00,0.00,0.00,0.00,0,0,0.00,72,46,33,71,62,0.19,24,0.05,0.06,0.15,45,0.04,0.04,45,3,0.75,0.88,0.88,0.75,47,3,0.04,43,23,86,91,0,71,54,0,0.00,99,2,0.00,0.58,4.09,3.50,14,9,27,15,2.63,2.25,64.29,0,0.00,99,0,0.00,0,0.00,99,0,0.00,0.00,48,60,77,73,0,0,0,0,0,51,71,84,80,0,99,73,81,75,0,0,59,4,0,0
Nonso Adimabua,25,968310000,2000/09/07,MLS Next Pro,2026,Midfielder,San Jose Earthquakes II,292,63,229,Nigeria,4,1,3,1,1,0,1,1,0,0,0,1,0,1,3,1,2,0,0,0.62,0.31,0.31,1.43,0,292,0.92,97,73,0,292,0,18,12,-1,3,0,6.95,0.25,85,21.27,17.25,20,69,13.25,53,31,16.34,23,0.00,0.00,0.75,3,0.00,0.00,0.00,0.00,0,0.00,1.00,0.00,0.00,0.00,0.00,0.00,0.75,6.00,1.85,1.25,0.25,0.00,0.25,0.24,0.00,1.50,0.00,0.00,0,0,,6,1.50,76,1,0.31,57,5,1.54,84,0,0,4,11,0.00,99,0,0,0.00,25,0,48,0.00,30,0,0.00,99,0,0.00,0,0,0.00,0,0.92,59,1,0.31,23,0,0.00,0.00,0,0.00,0,0,0,0.00,0,3,0.00,75,0.92,24,N/A,N/A,N/A,N/A,0.00,0,0.00,0,0.96,0.00,0,76.81,16.67,48,62,0.25,0.31,1,28,28,0,0,0,0.00,0.00,0,56,27.79,0.50,0.62,2,0,0.00,0.00,99,0.00,0,0,0,0.00,0.00,0,0.00,0.00,0.92,0.75,3,0,16.67,81,50,85,92,79,0.83,82,0.21,0.26,0.96,80,0.24,0.30,48,3,0.75,0.92,0.62,0.50,34,2,0.30,79,63,38,91,0,96,93,0,0.00,99,6,0.00,1.85,6.47,5.25,21,9,30,36,2.77,2.25,42.86,4,1.23,27,0,0.00,0,0.00,99,0,0.00,0.00,48,92,77,73,0,0,0,0,0,86,80,84,99,0,99,62,52,52,0,0,59,32,0,0
Omar Gonzalez,37,592556400,1988/10/11,MLS Next Pro,2026,Defender,Chicago Fire II,0,0,0,USA,0,0,0,0,0,0,0,0,0,0,0,0,0,0,0,0,0,0,0,0,0,0,0,0,0,0,0,0,0,0,0,-1,-1,-1,-1,N/A,N/A,N/A,N/A,N/A,N/A,N/A,N/A,N/A,N/A,N/A,N/A,N/A,N/A,N/A,N/A,N/A,N/A,N/A,N/A,N/A,N/A,N/A,N/A,N/A,N/A,N/A,N/A,N/A,N/A,N/A,N/A,N/A,N/A,N/A,N/A,N/A,N/A,N/A,N/A,N/A,N/A,N/A,N/A,N/A,N/A,N/A,N/A,N/A,N/A,N/A,N/A,N/A,N/A,N/A,N/A,N/A,N/A,N/A,N/A,N/A,N/A,N/A,N/A,N/A,N/A,N/A,N/A,N/A,N/A,N/A,N/A,N/A,N/A,N/A,N/A,N/A,N/A,N/A,N/A,N/A,N/A,N/A,N/A,N/A,N/A,N/A,N/A,N/A,N/A,N/A,N/A,N/A,N/A,N/A,N/A,N/A,N/A,N/A,N/A,N/A,N/A,N/A,N/A,N/A,N/A,N/A,N/A,N/A,N/A,N/A,N/A,N/A,N/A,N/A,N/A,N/A,N/A,N/A,N/A,N/A,N/A,N/A,N/A,N/A,N/A,N/A,N/A,N/A,N/A,N/A,N/A,N/A,N/A,N/A,N/A,N/A,N/A,N/A,N/A,N/A,N/A,N/A,N/A,N/A,N/A,N/A,N/A,N/A,N/A,N/A,N/A,N/A,N/A,N/A,N/A,N/A,N/A,N/A,N/A,N/A,N/A,N/A,N/A,N/A,N/A,N/A,N/A,N/A,N/A,N/A,N/A,N/A,N/A,N/A,N/A,N/A,N/A,N/A,N/A,N/A,N/A,N/A,N/A,N/A,N/A,N/A,N/A,N/A,N/A,N/A,N/A,N/A,N/A,N/A,N/A,N/A,N/A,N/A,N/A,N/A,N/A,N/A,N/A,N/A,N/A,N/A,N/A,N/A,N/A,N/A,N/A,N/A,N/A,N/A,N/A,N/A,N/A,N/A,N/A,N/A,N/A,N/A,N/A
Omar Hassan,17,1237878000,2009/03/24,MLS Next Pro,2026,Midfielder,Tacoma Defiance,6,6,0,USA,1,1,0,0,0,0,0,0,0,0,0,0,0,0,0,0,0,0,0,0,0,0,0,0,0,0,0,6,0,0,0,-1,-1,-1,18,N/A,N/A,N/A,N/A,N/A,N/A,N/A,N/A,N/A,N/A,N/A,N/A,N/A,N/A,N/A,N/A,N/A,N/A,N/A,N/A,N/A,N/A,N/A,N/A,N/A,N/A,N/A,N/A,N/A,N/A,N/A,N/A,N/A,N/A,N/A,N/A,N/A,N/A,N/A,N/A,N/A,N/A,N/A,N/A,N/A,N/A,N/A,N/A,N/A,N/A,N/A,N/A,N/A,N/A,N/A,N/A,N/A,N/A,N/A,N/A,N/A,N/A,N/A,N/A,N/A,N/A,N/A,N/A,N/A,N/A,N/A,N/A,N/A,N/A,N/A,N/A,N/A,N/A,N/A,N/A,N/A,N/A,N/A,N/A,N/A,N/A,N/A,N/A,N/A,N/A,N/A,N/A,N/A,N/A,N/A,N/A,N/A,N/A,N/A,N/A,N/A,N/A,N/A,N/A,N/A,N/A,N/A,N/A,N/A,N/A,N/A,N/A,N/A,N/A,N/A,N/A,N/A,N/A,N/A,N/A,N/A,N/A,N/A,N/A,N/A,N/A,N/A,N/A,N/A,N/A,N/A,N/A,N/A,N/A,N/A,N/A,N/A,N/A,N/A,N/A,N/A,N/A,N/A,N/A,N/A,N/A,N/A,N/A,N/A,N/A,N/A,N/A,N/A,N/A,N/A,N/A,N/A,N/A,N/A,N/A,N/A,N/A,N/A,N/A,N/A,N/A,N/A,N/A,N/A,N/A,N/A,N/A,N/A,N/A,N/A,N/A,N/A,N/A,N/A,N/A,N/A,N/A,N/A,N/A,N/A,N/A,N/A,N/A,N/A,N/A,N/A,N/A,N/A,N/A,N/A,N/A,N/A,N/A,N/A,N/A,N/A,N/A,N/A,N/A,N/A,N/A,N/A,N/A,N/A,N/A,N/A,N/A,N/A,N/A,N/A,N/A,N/A,N/A,N/A,N/A,N/A,N/A,N/A,N/A
Omar Javier Valencia Arauz,21,1086678000,2004/06/08,MLS Next Pro,2026,Defender,New York RB II,165,90,75,Panama,2,1,1,0,0,0,0,0,0,0,0,0,0,0,3,2,1,0,0,0,0,0,0,0,0,1.64,55,83,0,0,0,-1,-1,-1,5,0,6.80,0,69,57.82,53.00,91,106,44.50,89,61,48.55,89,0.00,0.00,1.00,2,0.00,1.00,2.73,2.50,5,0.00,1.00,0.00,0.00,0.00,1.50,1.50,1.50,0.00,0.00,0.00,2.00,0.00,0.00,0.00,0.00,0.50,0.00,0.00,0,0,,0,0.00,25,0,0.00,45,0,0.00,30,1,0,2,88,0.00,99,0,3,1.64,86,2,48,1.09,64,0,0.00,99,0,0.00,0,0,0.00,0,1.09,66,4,2.18,80,3,1.64,75.00,0,0.00,0,0,0,0.00,0,3,0.00,40,1.64,52,N/A,N/A,N/A,N/A,0.00,0,0.00,0,0.00,0.00,0,83.96,0.00,45,5,1.50,1.64,3,92,85,0,0,0,0.00,0.00,0,56,13.61,1.00,1.09,2,0,0.00,0.00,99,0.00,0,0,0,0.00,0.00,0,0.00,0.00,0.55,0.50,1,0,0.00,72,0,0,71,45,0.23,63,0.12,0.13,0.00,27,0.00,0.00,72,3,1.50,1.64,1.09,1.00,55,2,0.00,25,47,58,91,0,89,52,0,0.00,99,1,0.00,0.55,10.91,10.00,20,12,93,82,6.55,6.00,60.00,2,1.09,33,0,0.00,0,0.00,99,0,0.00,0.00,48,24,77,96,0,0,0,0,0,51,71,84,80,0,99,41,52,52,0,0,59,5,0,0
Omar Marquez,18,1203580800,2008/02/21,MLS Next Pro,2026,Midfielder,Real Monarchs,261,171,90,USA,3,2,1,0,0,0,0,0,0,0,0,1,0,1,3,3,0,2,0,0,0,0,0,0,0,1.03,87,87,131,0,0.69,-1,-1,-1,15,0,6.76,0,69,49.48,34.50,84,138,30.50,122,85,43.75,85,0.00,0.00,0.50,2,0.00,1.25,0.72,0.50,2,0.00,1.25,0.00,0.00,0.00,0.75,0.75,0.50,0.00,1.08,0.25,1.00,0.00,0.50,0.08,0.00,0.50,0.00,0.00,0,0,,3,0.75,59,2,0.72,77,1,0.36,43,1,0,3,30,0.00,99,0,3,1.08,74,5,82,1.79,75,0,0.00,99,0,0.00,0,0,0.00,0,0.72,52,4,1.43,63,3,1.08,75.00,0,0.00,0,0,0,0.00,0,2,0.00,69,0.72,14,N/A,N/A,N/A,N/A,0.00,0,0.00,0,0.31,0.00,0,88.41,66.67,95,1,1.75,2.51,7,82,85,0,0,0,0.25,0.36,1,76,27.05,0.25,0.36,1,0,0.00,0.00,99,0.00,0,0,1,0.25,0.36,0,0.00,0.00,0.00,0.00,0,0,0.00,72,26,33,71,74,0.31,54,0.08,0.11,0.31,61,0.08,0.11,66,4,1.00,1.43,1.08,0.75,54,3,0.11,60,44,26,97,0,71,62,0,0.00,99,2,0.00,0.72,10.04,7.00,28,11,52,77,3.94,2.75,39.29,5,1.79,14,0,40.00,0,0.00,99,2,0.50,0.72,84,60,77,96,0,0,0,0,0,51,71,84,80,0,99,73,58,94,2,67,99,40,0,0
Oscar Javier Benitez Cobo,21,1086159600,2004/06/02,MLS Next Pro,2026,Midfielder,Philadelphia Union II,240,240,0,Colombia,3,3,0,0,0,0,0,0,0,0,0,2,2,0,1,1,0,2,1,0,0,0,0,0,0,0.38,240,80,120,0,0.75,-1,-1,-1,4,0,6.02,0,69,20.62,18.33,18,55,14.67,44,42,16.50,24,0.00,0.00,0.33,1,0.00,0.00,1.88,1.67,5,0.00,1.33,0.00,0.00,0.00,0.67,0.33,0.33,0.00,0.00,0.00,1.33,0.00,0.00,0.00,0.00,0.67,0.00,0.00,0,0,,0,0.00,25,0,0.00,45,0,0.00,30,0,0,3,72,0.00,99,0,2,0.75,58,0,48,0.00,30,0,0.00,99,0,0.00,0,0,0.00,0,0.38,33,4,1.50,67,1,0.38,25.00,0,0.00,0,0,0,0.00,0,1,0.00,94,0.38,4,N/A,N/A,N/A,N/A,0.00,0,0.00,0,0.00,0.00,0,80.00,0.00,45,15,1.00,1.12,3,45,35,0,0,0,0.00,0.00,0,56,18.06,1.00,1.12,3,0,0.00,0.00,99,0.00,0,0,0,0.00,0.00,0,0.00,0.00,0.00,0.00,0,0,0.00,72,18,33,71,99,0.11,12,0.04,0.04,0.00,27,0.00,0.00,21,1,0.33,0.38,3.75,3.33,99,10,0.00,25,11,60,91,0,71,63,0,0.00,99,2,0.00,0.75,12.75,11.33,34,9,36,91,3.38,3.00,26.47,4,1.50,20,0,0.00,0,0.00,99,0,0.00,0.00,48,60,77,73,0,0,0,0,0,51,71,84,80,0,99,97,56,97,1,33,89,36,0,0
Oscar Tonidandel,20,1127545200,2005/09/24,MLS Next Pro,2026,Midfielder,Crown Legacy,175,85,90,USA,3,2,1,0,0,0,1,1,0,0,0,1,1,0,1,0,1,1,0,0.51,0.51,0,0,0,0,0.51,175,58,175,175,0.51,-1,-1,-1,11,0,4.97,0.33,95,31.37,15.25,51,61,10.50,42,12,21.60,43,0.00,0.00,0.25,1,0.00,0.25,2.06,1.00,4,0.00,0.50,0.00,0.00,0.00,1.25,0.00,0.25,0.00,1.54,0.75,0.25,0.00,0.00,0.04,0.00,0.25,0.00,0.00,0,0,,3,0.75,71,0,0.00,45,3,1.54,84,0,1,1,76,0.00,99,0,5,2.57,97,1,48,0.51,44,0,0.00,99,0,0.00,0,0,0.00,0,0.51,42,1,0.51,32,0,0.00,0.00,0,0.00,0,0,0,0.00,0,1,0.00,89,0.51,7,N/A,N/A,N/A,N/A,0.00,0,0.00,0,0.17,0.00,0,68.85,0.00,45,17,0.50,1.03,2,28,28,0,0,0,0.00,0.00,0,56,19.90,0.75,1.54,3,0,0.00,0.00,99,0.00,0,0,0,0.00,0.00,0,0.00,0.00,0.00,0.00,0,0,0.00,72,0,33,71,93,0.67,90,0.17,0.34,0.17,58,0.04,0.09,52,2,0.50,1.03,1.03,0.50,52,2,0.09,56,5,71,91,0,71,51,0,0.00,99,1,0.00,0.51,7.20,3.50,14,7,41,44,3.60,1.75,50.00,2,1.03,36,0,0.00,0,0.00,99,0,0.00,0.00,48,3,93,73,0,0,0,0,0,81,71,84,80,0,99,73,61,91,1,33,89,95,0,0
Owen Anderson,18,1181113200,2007/06/06,MLS Next Pro,2026,Midfielder,Real Monarchs,112,84,28,USA,3,2,1,1,0,1,0,0,0,0,0,1,0,1,2,2,0,0,0,0.8,0,0.8,0,3.21,112,1.61,56,37,0,0,0,-1,-1,-1,3,0,6.50,0,69,36.16,15.00,59,45,13.33,40,87,32.14,64,0.00,0.00,1.00,3,0.00,0.33,0.00,0.00,0,0.00,1.33,0.00,0.00,0.00,0.00,0.67,1.00,1.00,0.80,0.00,2.33,0.00,0.33,0.25,0.00,0.00,0.00,0.00,0,0,,1,0.33,50,1,0.80,81,0,0.00,30,2,2,1,11,0.00,99,0,0,0.00,25,1,99,0.80,54,0,0.00,99,0,0.00,0,0,0.00,0,2.41,94,7,5.62,99,2,1.61,28.57,0,0.00,0,0,0,0.00,0,3,0.00,41,2.41,80,N/A,N/A,N/A,N/A,0.00,0,0.00,0,0.75,0.00,0,88.89,100.00,99,27,0.33,0.80,1,92,37,0,0,0,0.00,0.00,0,56,19.49,0.00,0.00,0,0,0.00,0.00,99,0.00,0,0,0,0.00,0.00,0,0.00,0.00,0.00,0.00,0,0,100.00,99,0,33,75,46,0.20,69,0.07,0.16,0.75,93,0.25,0.60,38,1,0.33,0.80,0.00,0.00,12,0,0.60,92,20,15,91,0,71,20,0,0.00,99,0,0.00,0.00,10.45,4.33,13,2,15,79,1.61,0.67,15.38,4,3.21,2,0,100.00,0,0.00,99,1,0.33,0.80,87,3,99,99,0,0,0,0,0,91,96,99,80,0,99,73,52,52,0,0,59,30,0,0
Owen Pratt,17,1218351600,2008/08/10,MLS Next Pro,2026,Midfielder,Chicago Fire II,360,180,180,USA,4,2,2,0,0,0,0,0,0,0,0,1,1,0,4,1,3,1,0,0,0,0,0,0,0,1,90,90,360,0,0.25,44,82,-1,11,0,6.79,0,69,17.36,20.25,9,81,13.00,52,5,11.14,6,0.00,0.00,0.00,0,0.00,0.00,0.00,0.00,0,0.00,0.00,0.00,0.00,3.25,0.00,0.00,4.25,0.00,0.00,0.00,0.00,0.00,0.00,0.00,0.00,0.25,0.00,0.00,0,0,,0,0.00,25,0,0.00,45,0,0.00,30,0,0,4,11,0.00,99,0,0,0.00,25,0,48,0.00,30,0,0.00,99,0,0.00,0,0,0.00,0,0.00,24,0,0.00,18,0,0.00,0.00,0,0.00,0,13,62,2.79,54,17,0.00,74,3.64,93,N/A,N/A,N/A,N/A,76.47,0,0.00,0,0.00,0.00,0,64.20,0.00,45,99,0.00,0.00,0,28,28,0,0,6,0.00,0.00,0,56,27.15,1.00,0.86,4,0,0.00,0.00,99,0.00,0,0,0,0.00,0.00,0,0.00,0.00,0.00,0.00,0,0,0.00,72,88,85,71,78,0.09,2,0.02,0.02,0.00,27,0.00,0.00,8,1,0.25,0.21,0.00,0.00,12,0,0.00,25,47,51,91,0,71,23,0,0.00,99,1,0.00,0.21,0.43,0.50,2,2,6,6,0.43,0.50,100.00,0,0.00,99,0,0.00,0,0.00,99,0,0.00,0.00,48,92,77,73,0,0,0,0,0,51,71,84,80,0,99,62,97,65,1,25,81,91,0,0
Owen Presthus,20,1140508800,2006/02/21,MLS Next Pro,2026,Midfielder,Columbus Crew II,135,135,0,USA,2,2,0,0,0,0,0,0,0,0,0,2,2,0,0,0,0,1,0,0,0,0,0,0,0,0,0,68,135,0,0.67,-1,-1,-1,6,0,6.82,0,69,29.33,22.00,47,44,13.00,26,1,17.33,28,0.00,0.00,1.50,3,0.00,2.00,3.33,2.50,5,0.00,0.50,0.00,0.00,0.00,0.00,0.50,0.00,0.00,1.33,1.00,2.00,0.00,0.00,0.06,0.00,1.00,0.00,0.00,0,0,,2,1.00,64,0,0.00,45,2,1.33,79,1,0,2,96,0.00,99,0,0,0.00,25,4,65,2.67,84,0,0.00,99,0,0.00,0,0,0.00,0,2.00,91,4,2.67,87,1,0.67,25.00,0,0.00,0,0,0,0.00,0,0,0.00,99,0.00,0,N/A,N/A,N/A,N/A,0.00,0,0.00,0,0.11,0.00,0,59.09,0.00,45,36,0.50,0.67,1,62,35,0,0,0,0.00,0.00,0,56,13.63,2.00,2.67,4,0,0.00,0.00,99,0.00,0,0,0,0.00,0.00,0,0.00,0.00,0.00,0.00,0,0,0.00,72,0,0,71,4,0.20,63,0.10,0.13,0.11,53,0.06,0.07,62,2,1.00,1.33,2.00,1.50,86,3,0.07,52,51,85,91,0,71,85,0,0.00,99,2,0.00,1.33,12.00,9.00,18,10,94,87,6.67,5.00,55.56,1,0.67,51,0,25.00,0,0.00,99,1,0.50,0.67,82,24,77,96,0,0,0,0,0,51,71,84,80,0,99,99,59,93,1,50,97,45,0,0
Pablo Ruíz,27,914140800,1998/12/20,MLS Next Pro,2026,Midfielder,Real Monarchs,64,64,0,Argentina,1,1,0,0,0,0,0,0,0,0,0,0,0,0,1,1,0,1,0,0,0,0,0,0,0,1.41,64,64,64,0,1.41,-1,-1,-1,7,0,7.09,0,69,78.75,56.00,99,56,44.00,44,37,61.88,99,0.00,0.00,1.00,1,0.00,3.00,2.81,2.00,2,0.00,2.00,0.00,0.00,0.00,1.00,1.00,1.00,0.00,2.81,1.00,1.00,0.00,1.00,0.18,0.00,0.00,0.00,0.00,0,0,,2,2.00,89,1,1.41,92,1,1.41,81,1,0,1,90,0.00,99,0,1,1.41,82,3,48,4.22,94,0,0.00,99,0,0.00,0,0,0.00,0,1.41,77,1,1.41,62,1,1.41,100.00,0,0.00,0,0,0,0.00,0,1,0.00,49,1.41,40,N/A,N/A,N/A,N/A,0.00,0,0.00,0,0.18,0.00,0,78.57,50.00,87,0,2.00,2.81,2,88,99,0,0,0,0.00,0.00,0,56,7.09,0.00,0.00,0,0,0.00,0.00,99,0.00,0,0,0,0.00,0.00,0,0.00,0.00,0.00,0.00,0,0,0.00,72,0,0,71,56,0.12,71,0.12,0.17,0.18,77,0.18,0.25,7,0,0.00,0.00,2.81,2.00,98,2,0.25,76,77,15,91,0,71,20,0,0.00,99,0,0.00,0.00,12.66,9.00,9,3,58,90,4.22,3.00,33.33,2,2.81,3,0,0.00,0,0.00,99,0,0.00,0.00,48,3,77,96,0,0,0,0,0,51,71,84,80,0,99,41,52,99,1,100,99,7,0,0
Pedro Henrique de Oliveira Cruz,22,1078473600,2004/03/05,MLS Next Pro,2026,Midfielder,Houston Dynamo FC II,270,270,0,Brazil,3,3,0,0,0,0,0,0,0,0,0,3,3,0,0,0,0,0,0,0,0,0,0,0,0,0,0,90,0,0,0,-1,-1,-1,18,0,5.42,0,69,28.67,21.50,46,86,17.00,68,38,22.67,46,0.00,0.00,0.25,1,0.00,0.00,0.33,0.25,1,0.00,0.00,0.00,0.00,2.00,0.00,0.25,2.00,0.00,0.00,0.00,0.25,0.00,0.00,0.00,0.00,0.25,0.00,0.00,0,0,,0,0.00,25,0,0.00,45,0,0.00,30,0,0,3,17,0.00,99,0,0,0.00,25,0,48,0.00,30,0,0.00,99,0,0.00,0,0,0.00,0,0.33,31,1,0.33,24,1,0.33,100.00,0,0.00,0,8,99,2.67,46,8,0.00,99,2.67,85,N/A,N/A,N/A,N/A,100.00,0,0.00,0,0.00,0.00,0,79.07,0.00,45,99,0.00,0.00,0,40,99,0,0,6,0.00,0.00,0,56,21.70,0.25,0.33,1,1,0.00,0.33,2,0.25,0,0,0,0.00,0.00,1,0.25,0.33,0.00,0.00,0,0,0.00,72,46,33,71,4,0.17,24,0.04,0.06,0.00,27,0.00,0.00,52,3,0.75,1.00,0.33,0.25,23,1,0.00,25,10,24,91,36,71,36,0,0.00,99,1,0.00,0.33,2.00,1.50,6,6,19,10,2.00,1.50,100.00,0,0.00,99,0,0.00,0,0.00,99,0,0.00,0.00,48,60,77,73,0,0,0,0,0,51,71,84,80,0,99,99,52,52,0,0,59,1,0,0
Pedro Henrique Leão Alves Lopes,19,1151478000,2006/06/28,MLS Next Pro,2026,Midfielder,Orlando City II,90,90,0,Brazil,1,1,0,1,1,0,0,0,0,0,0,0,0,0,4,4,0,0,0,1,0,1,1,0,90,4,23,90,0,0,0,-1,-1,-1,4,0,7.33,0,69,26.05,22.00,37,22,20.00,20,93,23.68,49,0.00,0.00,3.00,3,0.00,1.00,1.18,1.00,1,0.00,0.00,0.00,0.00,0.00,0.00,0.00,4.00,5.00,5.92,1.00,0.00,0.00,4.00,1.15,0.00,0.00,0.00,0.00,0,0,,5,5.00,99,4,4.74,99,1,1.18,76,0,0,1,50,0.00,99,0,0,0.00,25,1,48,1.18,65,0,0.00,99,0,0.00,0,0,0.00,0,3.55,99,0,0.00,18,0,0.00,0.00,0,0.00,0,0,0,0.00,0,4,0.00,0,4.74,97,N/A,N/A,N/A,N/A,0.00,0,0.00,0,1.15,0.00,0,90.91,80.00,96,99,0.00,0.00,0,28,28,0,0,0,0.00,0.00,0,56,7.33,0.00,0.00,0,0,0.00,0.00,99,0.00,0,0,0,0.00,0.00,0,0.00,0.00,1.18,1.00,1,0,20.00,84,0,0,74,5,0.16,73,0.16,0.19,1.15,99,1.15,1.36,7,0,0.00,0.00,0.00,0.00,12,0,1.36,99,88,15,91,0,97,20,0,0.00,99,0,0.00,0.00,2.37,2.00,2,1,10,11,1.18,1.00,50.00,0,0.00,99,0,0.00,0,0.00,99,0,0.00,0.00,48,3,77,73,0,0,0,0,0,95,99,84,96,0,99,41,52,52,0,0,59,90,0,0
Peter Kingston,24,995094000,2001/07/14,MLS Next Pro,2026,Midfielder,Tacoma Defiance,270,180,90,USA,3,2,1,0,0,0,0,0,0,0,0,0,0,0,7,3,4,1,0,0,0,0,0,0,0,2.33,39,90,270,0,0.33,-1,-1,-1,14,0,6.87,0,69,39.43,46.00,67,92,40.00,80,75,34.29,70,0.00,0.00,1.00,2,0.00,0.50,3.00,3.50,7,0.00,0.50,0.00,0.00,0.00,0.50,0.50,3.00,0.00,1.29,1.00,0.50,0.00,0.50,0.11,0.00,0.00,0.00,0.00,0,0,,3,1.50,63,1,0.43,64,2,0.86,66,0,0,2,93,0.00,99,0,1,0.43,45,1,48,0.43,42,0,0.00,99,0,0.00,0,0,0.00,0,0.86,57,1,0.43,30,1,0.43,100.00,0,0.00,0,0,0,0.00,0,6,0.00,15,2.57,83,N/A,N/A,N/A,N/A,0.00,0,0.00,0,0.22,0.00,0,86.96,33.33,65,99,0.00,0.00,0,50,99,0,0,0,0.00,0.00,0,56,13.74,0.50,0.43,1,0,0.00,0.00,99,0.00,0,0,0,0.00,0.00,0,0.00,0.00,0.00,0.00,0,0,0.00,72,46,33,71,20,0.24,49,0.12,0.10,0.22,58,0.11,0.09,25,1,0.50,0.43,0.86,1.00,45,2,0.09,56,56,32,91,0,71,20,0,0.00,99,0,0.00,0.00,5.57,6.50,13,9,49,26,3.86,4.50,69.23,1,0.43,64,0,0.00,0,0.00,99,0,0.00,0.00,48,24,77,73,0,0,0,0,0,51,71,84,80,0,99,41,81,75,0,0,59,45,0,0
Peter Molinari,17,1233129600,2009/01/28,MLS Next Pro,2026,Midfielder,New York City II,102,102,0,USA,2,2,0,0,0,0,0,0,0,0,0,0,0,0,5,5,0,0,0,0,0,0,0,0,0,4.41,20,51,0,0,0,-1,-1,-1,8,0,6.49,0,69,40.86,26.33,70,79,20.67,62,37,32.07,64,0.00,0.00,0.67,2,0.00,0.33,1.55,1.00,3,0.00,0.00,0.00,0.00,0.00,0.00,0.33,1.67,0.00,0.52,0.33,0.33,0.00,0.00,0.02,0.00,0.33,0.00,0.00,0,0,,1,0.33,42,0,0.00,45,1,0.52,52,0,1,1,61,0.00,99,0,0,0.00,25,1,99,0.52,45,0,0.00,99,0,0.00,0,0,0.00,0,1.03,64,1,0.52,33,1,0.52,100.00,0,0.00,0,0,0,0.00,0,5,0.00,0,2.59,83,N/A,N/A,N/A,N/A,0.00,0,0.00,0,0.05,0.00,0,78.48,0.00,45,42,0.33,0.52,1,55,99,0,0,0,0.00,0.00,0,56,19.46,0.33,0.52,1,0,0.00,0.00,99,0.00,0,0,0,0.00,0.00,0,0.00,0.00,0.00,0.00,0,0,0.00,72,0,0,71,4,0.22,54,0.07,0.11,0.05,41,0.02,0.03,7,0,0.00,0.00,0.52,0.33,30,1,0.03,40,18,36,91,0,71,51,0,0.00,99,1,0.00,0.52,6.21,4.00,12,4,19,33,2.07,1.33,33.33,0,0.00,99,0,100.00,0,0.00,99,1,0.33,0.52,77,3,93,73,0,0,0,0,0,51,71,84,80,0,99,41,52,52,0,0,59,71,0,0
Pierre Lurot,24,1015833600,2002/03/11,MLS Next Pro,2026,Midfielder,Sporting KC II,450,270,180,France,5,3,2,0,0,0,0,0,0,0,0,0,0,0,14,8,6,0,0,0,0,0,0,0,0,2.8,32,90,0,0,0,99,77,-1,4,0,6.23,0,69,50.62,54.00,85,270,47.20,236,80,44.25,86,0.00,0.00,0.60,3,0.00,0.40,1.88,2.00,10,0.00,0.60,0.00,0.00,0.00,0.60,0.60,2.80,0.00,0.00,0.00,1.40,0.00,0.00,0.00,0.00,0.60,0.00,0.00,0,0,,0,0.00,25,0,0.00,45,0,0.00,30,0,0,5,72,0.00,99,0,3,0.56,50,2,48,0.38,39,0,0.00,99,0,0.00,0,0,0.00,0,0.56,44,7,1.31,61,3,0.56,42.86,0,0.00,0,0,0,0.00,0,14,0.00,6,2.62,84,N/A,N/A,N/A,N/A,0.00,0,0.00,0,0.00,0.00,0,87.41,0.00,45,55,0.40,0.38,2,57,49,0,0,0,0.20,0.19,1,58,31.14,1.80,1.69,9,0,0.00,0.00,99,0.00,0,0,0,0.00,0.00,0,0.00,0.00,0.00,0.00,0,0,0.00,72,99,99,71,10,0.66,59,0.13,0.12,0.00,27,0.00,0.00,36,4,0.80,0.75,0.00,0.00,12,0,0.00,25,12,75,91,0,71,53,0,0.00,99,3,0.00,0.56,5.44,5.80,29,20,45,24,3.75,4.00,68.97,3,0.56,58,0,0.00,0,0.00,99,0,0.00,0.00,48,99,77,73,0,0,0,0,0,51,71,84,80,0,99,41,52,52,0,0,59,41,0,0
Prince Amponsah,22,1062226800,2003/08/30,MLS Next Pro,2026,Midfielder,Whitecaps II,404,180,224,USA,5,2,3,1,0,1,1,0,1,0,0,1,0,1,9,4,5,1,0,0.45,0.22,0.22,0,0.4,404,2,45,81,404,404,0.22,34,34,-1,2,0,7.00,0.2,74,53.50,51.60,88,258,44.60,223,70,46.24,87,0.00,0.00,0.40,2,0.00,0.40,2.28,2.20,11,0.00,1.40,0.00,0.00,0.00,2.80,0.20,1.80,2.00,0.41,0.20,0.20,0.00,0.20,0.15,0.00,1.40,0.00,0.00,0,0,,2,0.40,37,1,0.21,47,1,0.21,31,0,1,4,82,0.00,99,0,14,2.90,99,2,48,0.41,39,0,0.00,99,0,0.00,0,0,0.00,0,0.41,35,1,0.21,19,1,0.21,100.00,0,0.00,0,0,0,0.00,0,9,0.00,30,1.87,58,N/A,N/A,N/A,N/A,0.00,0,0.00,0,0.74,0.00,0,86.43,50.00,87,26,0.80,0.83,4,30,99,0,0,0,0.40,0.41,2,82,34.98,4.60,4.77,23,0,0.00,0.00,99,0.00,0,0,0,0.00,0.00,0,0.00,0.00,0.00,0.00,0,0,50.00,99,90,99,99,36,1.14,77,0.23,0.24,0.74,67,0.15,0.15,40,4,0.80,0.83,1.04,1.00,53,5,0.15,66,70,97,91,0,71,87,0,0.00,99,7,0.00,1.45,9.54,9.20,46,23,69,73,4.77,4.60,50.00,7,1.45,21,0,0.00,0,0.00,99,0,0.00,0.00,48,92,93,73,0,0,0,0,0,79,72,88,80,0,99,47,97,55,1,20,63,54,0,0
Prince Forfor,17,1237014000,2009/03/14,MLS Next Pro,2026,Midfielder,Columbus Crew II,58,23,35,USA,2,1,1,0,0,0,0,0,0,0,0,1,1,0,0,0,0,0,0,0,0,0,0,0,0,0,0,29,0,0,0,-1,-1,-1,8,0,4.42,0,69,27.93,6.00,45,18,4.67,14,35,21.72,44,0.00,0.00,0.33,1,0.00,0.33,0.00,0.00,0,0.00,0.33,0.00,0.00,0.00,0.00,0.33,0.00,0.00,1.55,0.00,0.67,0.00,0.33,0.04,0.00,0.00,0.00,0.00,0,0,,1,0.33,71,1,1.55,94,0,0.00,30,0,2,0,11,0.00,99,0,0,0.00,25,1,48,1.55,71,0,0.00,99,0,0.00,0,0,0.00,0,1.55,80,2,3.10,92,1,1.55,50.00,0,0.00,0,0,0,0.00,0,0,0.00,99,0.00,0,N/A,N/A,N/A,N/A,0.00,0,0.00,0,0.13,0.00,0,77.78,100.00,99,6,0.33,1.55,1,91,64,0,0,0,0.00,0.00,0,56,13.25,0.33,1.55,1,0,0.00,0.00,99,0.00,0,0,0,0.00,0.00,0,0.00,0.00,1.55,0.33,1,0,0.00,72,0,0,71,4,0.08,59,0.03,0.12,0.13,71,0.04,0.20,98,2,0.67,3.10,0.00,0.00,12,0,0.20,70,2,71,91,0,99,20,0,0.00,99,0,0.00,0.00,9.31,2.00,6,3,67,68,4.66,1.00,50.00,1,1.55,19,0,0.00,0,0.00,99,0,0.00,0.00,48,0,99,73,0,0,0,0,0,51,71,84,80,0,99,90,52,52,0,0,59,84,0,0
Puso Dithejane,21,1090652400,2004/07/24,MLS Next Pro,2026,Midfielder,Chicago Fire II,162,162,0,South Africa,2,2,0,0,0,0,0,0,0,0,0,1,1,0,1,1,0,0,0,0,0,0,0,0,0,0.56,162,81,0,0,0,-1,-1,-1,8,0,6.78,0,69,31.67,28.50,52,57,23.50,47,54,26.11,54,0.00,0.00,0.50,1,0.00,1.00,1.67,1.50,3,0.00,1.50,0.00,0.00,0.00,0.50,1.00,0.50,0.00,1.11,1.00,2.50,0.00,0.00,0.05,0.00,0.00,0.00,0.00,0,0,,2,1.00,60,0,0.00,45,2,1.11,74,2,0,2,65,0.00,99,0,1,0.56,50,2,48,1.11,64,0,0.00,99,0,0.00,0,0,0.00,0,0.56,44,5,2.78,87,2,1.11,40.00,0,0.00,0,0,0,0.00,0,1,0.00,88,0.56,8,N/A,N/A,N/A,N/A,0.00,0,0.00,0,0.10,0.00,0,82.46,0.00,45,99,0.00,0.00,0,82,46,0,0,0,0.00,0.00,0,56,13.55,0.00,0.00,0,0,0.00,0.00,99,0.00,0,0,0,0.00,0.00,0,0.00,0.00,0.00,0.00,0,0,0.00,72,0,0,71,93,0.15,37,0.07,0.08,0.10,52,0.05,0.06,86,4,2.00,2.22,0.56,0.50,31,1,0.06,50,45,15,91,0,71,20,0,0.00,99,0,0.00,0.00,9.44,8.50,17,9,72,71,5.00,4.50,52.94,3,1.67,17,0,0.00,0,0.00,99,0,0.00,0.00,48,24,77,99,0,0,0,0,0,51,71,84,80,0,99,90,52,52,0,0,59,12,0,0
Quinton Elliot,22,1075449600,2004/01/30,MLS Next Pro,2026,Midfielder,Columbus Crew II,450,270,180,USA,5,3,2,0,0,0,0,0,0,0,0,2,2,0,7,2,5,0,0,0,0,0,0,0,0,1.4,64,90,0,0,0,92,100,-1,14,0,7.28,0,69,52.13,55.60,87,278,46.00,230,56,43.12,84,0.00,0.00,0.20,1,0.00,0.60,2.06,2.20,11,0.00,0.60,0.00,0.00,0.00,1.80,1.60,1.60,0.00,0.38,0.20,1.60,0.00,0.20,0.04,0.00,1.40,0.00,0.00,0,0,,2,0.40,36,1,0.19,46,1,0.19,30,0,0,5,76,0.00,99,0,9,1.69,87,3,78,0.56,46,0,0.00,99,0,0.00,0,0,0.00,0,0.19,24,8,1.50,67,8,1.50,100.00,0,0.00,0,0,0,0.00,0,8,0.00,51,1.50,48,N/A,N/A,N/A,N/A,0.00,0,0.00,0,0.21,0.00,0,82.73,50.00,87,31,0.80,0.75,4,91,99,0,0,0,1.80,1.69,9,98,36.39,4.00,3.75,20,0,0.00,0.00,99,0.00,0,0,0,0.00,0.00,0,0.00,0.00,0.00,0.00,0,0,0.00,72,99,99,71,56,0.48,42,0.10,0.09,0.21,45,0.04,0.04,36,4,0.80,0.75,0.75,0.80,40,4,0.04,43,88,92,91,0,71,84,0,0.00,99,7,0.00,1.31,8.44,9.00,45,30,83,58,5.62,6.00,66.67,3,0.56,58,0,33.33,0,0.00,99,1,0.20,0.19,49,99,77,73,0,0,0,0,0,51,71,84,80,0,99,76,52,52,0,0,59,47,0,0
Rafael Jauregui,21,1103529600,2004/12/20,MLS Next Pro,2026,Midfielder,Tacoma Defiance,320,230,90,USA,5,4,1,0,0,0,1,1,0,0,0,1,1,0,6,2,4,0,0,0.28,0.28,0,0,0,0,1.69,53,64,0,320,0,67,16,-1,9,0,6.74,0.2,83,17.49,17.00,10,68,12.50,50,23,12.86,11,0.00,0.00,0.25,1,0.00,1.25,0.77,0.75,3,0.00,0.25,0.00,0.00,0.00,0.75,0.75,1.25,0.00,1.29,1.00,1.50,0.00,0.25,0.09,0.00,0.75,0.00,0.00,0,0,,5,1.25,63,1,0.26,50,4,1.03,72,1,1,3,31,0.00,99,0,3,0.77,58,5,60,1.29,67,0,0.00,99,0,0.00,0,0,0.00,0,0.26,27,6,1.54,68,3,0.77,50.00,0,0.00,0,0,0,0.00,0,5,0.00,37,1.29,32,N/A,N/A,N/A,N/A,0.00,0,0.00,0,0.37,0.00,0,73.53,20.00,51,43,0.50,0.51,2,67,64,0,0,0,0.25,0.26,1,67,26.97,0.75,0.77,3,0,0.00,0.00,99,0.00,0,0,0,0.00,0.00,0,0.00,0.00,0.00,0.00,0,0,0.00,72,56,99,71,42,0.69,73,0.17,0.18,0.37,60,0.09,0.10,69,6,1.50,1.54,1.03,1.00,52,4,0.10,58,42,44,91,0,71,64,0,0.00,99,3,0.00,0.77,6.43,6.25,25,14,41,35,3.60,3.50,56.00,1,0.26,76,0,20.00,0,0.00,99,1,0.25,0.26,56,60,93,96,0,0,0,0,0,67,71,84,80,0,99,47,52,52,0,0,59,42,0,0
Rafael Mosquera,20,1116918000,2005/05/24,MLS Next Pro,2026,Forward,New York RB II,167,77,90,Panama,2,1,1,2,1,1,1,1,0,0,0,0,0,0,3,2,1,0,0,1.62,0.54,1.08,1.17,1,84,1.62,56,84,0,167,0,-1,-1,-1,1,0,8.10,0.5,95,32.44,35.50,53,71,25.00,50,15,22.84,47,0.00,0.00,3.00,6,0.00,2.50,2.74,3.00,6,0.00,2.00,0.00,0.00,0.00,0.00,1.50,1.50,3.50,3.20,1.50,3.50,0.00,2.00,0.90,0.00,0.50,0.00,0.00,0,0,,7,3.50,91,4,1.83,97,3,1.37,80,1,0,2,89,0.00,99,0,0,0.00,25,5,82,2.28,79,0,0.00,99,0,0.00,0,0,0.00,0,2.74,98,7,3.20,93,3,1.37,42.86,0,0.00,0,0,0,0.00,0,3,0.00,41,1.37,37,N/A,N/A,N/A,N/A,0.00,0,0.00,0,1.80,0.00,0,70.42,57.14,89,22,1.00,0.91,2,88,49,0,0,0,0.00,0.00,0,56,16.20,0.00,0.00,0,0,0.00,0.00,99,0.00,0,0,0,0.00,0.00,0,0.00,0.00,0.00,0.00,0,0,28.57,91,0,0,73,46,0.92,95,0.46,0.42,1.80,98,0.90,0.82,64,3,1.50,1.37,1.37,1.50,69,3,0.82,97,99,15,91,0,71,47,0,0.00,99,1,0.00,0.46,12.34,13.50,27,13,89,89,5.94,6.50,48.15,4,1.83,13,0,40.00,0,0.00,99,2,1.00,0.91,89,24,77,96,0,0,0,0,0,99,99,98,97,0,99,41,52,52,0,0,59,79,0,0
Raold Mitchell,23,1042444800,2003/01/13,MLS Next Pro,2026,Midfielder,New York RB II,241,167,74,USA,3,2,1,2,2,0,1,1,0,0,0,0,0,0,4,3,1,1,0,1.12,0.37,0.75,1.08,0,121,1.49,60,80,241,241,0.37,-1,-1,-1,2,0,7.47,0.33,89,13.28,13.33,4,40,10.00,30,27,9.96,5,0.00,0.00,1.00,3,0.00,0.00,1.33,1.33,4,0.00,1.33,0.00,0.00,0.00,0.33,0.33,1.33,4.50,2.99,2.33,1.00,0.00,0.67,0.60,0.00,1.33,0.00,0.00,0,0,,9,3.00,90,2,0.66,75,7,2.32,96,1,0,3,55,0.00,99,0,1,0.33,37,0,48,0.00,30,0,0.00,99,0,0.00,0,0,0.00,0,1.00,64,3,1.00,51,1,0.33,33.33,0,0.00,0,0,0,0.00,0,4,0.00,47,1.33,36,N/A,N/A,N/A,N/A,0.00,0,0.00,0,1.79,0.00,0,75.00,22.22,52,99,0.00,0.00,0,40,43,0,0,0,0.00,0.00,0,56,22.42,0.67,0.66,2,0,0.00,0.00,99,0.00,0,0,0,0.00,0.00,0,0.00,0.00,0.66,0.67,2,0,22.22,85,20,33,78,51,0.79,82,0.26,0.26,1.79,92,0.60,0.59,89,7,2.33,2.32,1.99,2.00,86,6,0.59,92,94,40,91,0,91,85,0,0.00,99,4,0.00,1.33,9.30,9.33,28,16,78,68,5.31,5.33,57.14,4,1.33,25,0,0.00,0,0.00,99,0,0.00,0.00,48,60,77,96,0,1,0,33,0,96,95,84,97,0,99,41,75,78,1,33,89,33,0,0
Reid Fisher,22,1080288000,2004/03/26,MLS Next Pro,2026,Midfielder,Toronto II,360,0,360,USA,4,0,4,0,0,0,0,0,0,0,0,2,0,2,3,0,3,0,0,0,0,0,0,0,0,0.75,120,90,0,0,0,45,79,-1,4,0,7.19,0,69,57.92,62.75,92,251,54.50,218,75,50.31,91,0.00,0.00,0.00,0,0.00,0.00,0.69,0.75,3,0.00,0.00,0.00,0.00,0.00,3.25,0.50,1.00,0.00,0.46,0.25,0.75,0.00,0.25,0.04,0.00,2.50,0.00,0.00,0,0,,2,0.50,39,1,0.23,49,1,0.23,34,0,0,4,29,0.00,99,0,13,3.00,99,0,48,0.00,30,0,0.00,99,0,0.00,0,0,0.00,0,0.00,24,3,0.69,41,2,0.46,66.67,0,0.00,0,0,0,0.00,0,4,0.00,82,0.92,24,N/A,N/A,N/A,N/A,0.00,0,0.00,0,0.16,0.00,0,86.85,50.00,87,99,0.00,0.00,0,52,81,0,0,0,0.75,0.69,3,89,28.74,4.00,3.69,16,0,0.00,0.00,99,0.00,0,0,0,0.00,0.00,0,0.00,0.00,0.00,0.00,0,0,0.00,72,88,85,71,86,0.41,42,0.10,0.09,0.16,45,0.04,0.04,99,15,3.75,3.46,0.69,0.75,37,3,0.04,43,84,92,91,0,71,98,0,0.00,99,10,0.00,2.31,8.54,9.25,37,29,94,58,6.69,7.25,78.38,0,0.00,99,0,0.00,0,0.00,99,0,0.00,0.00,48,92,77,73,0,0,0,0,0,51,71,84,80,0,99,90,52,52,0,0,59,75,0,0
Ricardo Montenegro,21,1095922800,2004/09/23,MLS Next Pro,2026,Midfielder,Carolina Core,360,180,180,USA,4,2,2,1,1,0,0,0,0,0,0,1,0,1,5,3,2,0,0,0.25,0,0.25,0.5,0,360,1.25,72,90,0,0,0,27,51,-1,1,0,6.99,0,69,26.31,28.50,40,114,24.75,99,74,22.85,48,0.00,0.00,1.25,5,0.00,2.75,1.85,2.00,8,0.00,1.25,0.00,0.00,0.00,1.00,1.50,1.50,4.00,0.92,0.50,2.75,0.00,0.50,0.23,0.00,0.00,0.00,0.00,0,0,,4,1.00,53,2,0.46,65,2,0.46,49,0,0,4,70,0.00,99,0,4,0.92,67,11,83,2.54,82,0,0.00,99,0,0.00,0,0,0.00,0,1.15,68,11,2.54,85,6,1.38,54.55,0,0.00,0,0,0,0.00,0,6,0.00,64,1.38,40,N/A,N/A,N/A,N/A,0.00,0,0.00,0,0.93,0.00,0,86.84,50.00,87,47,0.50,0.46,2,88,65,0,0,0,0.00,0.00,0,56,27.97,0.25,0.23,1,0,0.00,0.00,99,0.00,0,0,0,0.00,0.00,0,0.00,0.00,0.23,0.25,1,0,25.00,90,88,85,99,69,0.35,37,0.09,0.08,0.93,73,0.23,0.21,10,1,0.25,0.23,0.23,0.25,15,1,0.21,73,68,17,91,0,76,20,0,0.00,99,0,0.00,0.00,6.23,6.75,27,15,38,33,3.46,3.75,55.56,5,1.15,30,0,45.45,0,0.00,99,5,1.25,1.15,93,92,77,73,0,0,0,0,0,64,77,84,90,0,99,62,52,52,0,0,59,6,0,0
Ricardo Nick Louis,56,N/A,N/A,MLS Next Pro,2026,Forward,North Texas,90,0,90,Haiti,1,0,1,0,0,0,0,0,0,0,0,0,0,0,2,0,2,0,0,0,0,0,0,0,0,2,45,90,0,0,0,-1,-1,-1,14,0,6.44,0,69,17.00,17.00,7,17,13.00,13,30,13.00,11,0.00,0.00,0.00,0,0.00,0.00,1.00,1.00,1,0.00,1.00,0.00,0.00,0.00,1.00,0.00,2.00,0.00,2.00,1.00,2.00,0.00,1.00,0.19,0.00,1.00,0.00,0.00,0,0,,2,2.00,79,1,1.00,86,1,1.00,70,0,0,1,39,0.00,99,0,1,1.00,70,0,48,0.00,30,0,0.00,99,0,0.00,0,0,0.00,0,0.00,24,2,2.00,77,0,0.00,0.00,0,0.00,0,0,0,0.00,0,2,0.00,30,2.00,66,N/A,N/A,N/A,N/A,0.00,0,0.00,0,0.19,0.00,0,76.47,50.00,87,99,0.00,0.00,0,28,28,0,0,0,1.00,1.00,1,94,6.44,1.00,1.00,1,0,0.00,0.00,99,0.00,0,0,0,0.00,0.00,0,0.00,0.00,0.00,0.00,0,0,0.00,72,0,0,71,36,0.02,2,0.02,0.02,0.19,70,0.19,0.19,52,1,1.00,1.00,3.00,3.00,99,3,0.19,69,18,56,91,0,71,74,0,0.00,99,1,0.00,1.00,9.00,9.00,9,3,33,65,3.00,3.00,33.33,1,1.00,37,0,0.00,0,0.00,99,0,0.00,0.00,48,3,77,73,0,0,0,0,0,51,71,84,80,0,99,41,52,52,0,0,59,15,0,0
Richard Fleming,21,1089183600,2004/07/07,MLS Next Pro,2026,Midfielder,Chicago Fire II,360,180,180,USA,4,2,2,1,0,1,0,0,0,0,0,1,1,0,4,1,3,0,0,0.25,0,0.25,0,0.5,360,1,90,90,0,0,0,32,85,-1,3,0,7.11,0,69,42.43,49.50,73,198,41.50,166,61,35.57,73,0.00,0.00,0.50,2,0.00,0.75,1.29,1.50,6,0.00,1.25,0.00,0.00,0.00,0.75,0.25,1.00,7.00,1.50,1.25,0.75,0.00,0.50,0.27,0.00,1.25,0.00,0.00,0,0,,7,1.75,71,2,0.43,64,5,1.07,74,0,0,4,54,0.00,99,0,3,0.64,52,3,48,0.64,48,0,0.00,99,0,0.00,0,0,0.00,0,0.43,39,3,0.64,36,1,0.21,33.33,0,0.00,0,0,0,0.00,0,4,0.00,74,0.86,20,N/A,N/A,N/A,N/A,0.00,0,0.00,0,1.09,0.00,0,83.84,28.57,59,99,0.00,0.00,0,30,43,0,0,0,0.25,0.21,1,59,28.46,1.75,1.50,7,0,0.00,0.00,99,0.00,0,0,0,0.00,0.00,0,0.00,0.00,0.00,0.00,0,0,14.29,79,88,85,99,78,0.48,49,0.12,0.10,1.09,76,0.27,0.23,68,7,1.75,1.50,0.43,0.50,27,2,0.23,76,78,70,91,0,71,77,0,0.00,99,5,0.00,1.07,6.21,7.25,29,19,55,33,4.07,4.75,65.52,5,1.07,34,0,0.00,0,0.00,99,0,0.00,0.00,48,92,77,73,0,0,0,0,0,64,77,90,80,0,99,62,52,52,0,0,59,48,0,0
Rickson van Hees,23,1027234800,2002/07/21,MLS Next Pro,2026,Midfielder,Connecticut United,180,0,180,USA,2,0,2,0,0,0,0,0,0,0,0,0,0,0,3,0,3,1,0,0,0,0,0,0,0,1.5,60,90,180,0,0.5,-1,-1,-1,11,0,6.54,0,69,39.55,24.50,67,98,19.00,76,34,30.67,62,0.00,0.00,0.00,0,0.00,1.75,1.21,0.75,3,0.00,0.00,0.00,0.00,0.00,0.50,0.50,0.75,0.00,0.40,0.25,0.50,0.00,0.00,0.01,0.00,1.00,0.00,0.00,0,0,,1,0.25,37,0,0.00,45,1,0.40,46,0,0,2,51,0.00,99,0,2,0.81,60,7,53,2.83,85,0,0.00,99,0,0.00,0,0,0.00,0,0.00,24,2,0.81,45,2,0.81,100.00,0,0.00,0,0,0,0.00,0,3,0.00,46,1.21,30,N/A,N/A,N/A,N/A,0.00,0,0.00,0,0.04,0.00,0,77.55,0.00,45,99,0.00,0.00,0,71,99,0,0,0,0.25,0.40,1,81,26.15,1.00,1.61,4,0,0.00,0.00,99,0.00,0,0,0,0.00,0.00,0,0.00,0.00,0.00,0.00,0,0,0.00,72,0,0,71,51,0.17,30,0.04,0.07,0.04,38,0.01,0.02,72,4,1.00,1.61,0.81,0.50,43,2,0.02,36,23,72,91,0,71,90,0,0.00,99,4,0.00,1.61,7.26,4.50,18,13,76,44,5.25,3.25,72.22,0,0.00,99,0,14.29,0,0.00,99,1,0.25,0.40,69,24,77,73,0,0,0,0,0,51,71,84,80,0,99,41,65,91,0,0,59,21,0,0
Riley Dalgado,19,1155452400,2006/08/13,MLS Next Pro,2026,Midfielder,LA Galaxy II,283,103,180,USA,4,2,2,0,0,0,0,0,0,0,0,1,0,1,5,3,2,0,0,0,0,0,0,0,0,1.59,57,71,0,0,0,39,58,-1,7,0,6.67,0,69,47.76,45.50,82,182,39.75,159,79,41.72,82,0.00,0.00,1.25,5,0.00,3.50,0.52,0.50,2,0.00,0.50,0.00,0.00,0.00,0.25,0.25,1.25,0.00,0.00,0.00,0.50,0.00,0.00,0.00,0.00,0.25,0.00,0.00,0,0,,0,0.00,25,0,0.00,45,0,0.00,30,1,1,3,24,0.00,99,0,1,0.26,30,14,78,3.67,89,0,0.00,99,0,0.00,0,0,0.00,0,1.31,75,2,0.52,33,1,0.26,50.00,0,0.00,0,0,0,0.00,0,5,0.00,43,1.31,34,N/A,N/A,N/A,N/A,0.00,0,0.00,0,0.00,0.00,0,87.36,0.00,45,42,0.50,0.52,2,33,64,0,0,0,0.50,0.52,2,86,26.67,2.00,2.10,8,0,0.00,0.00,99,0.00,0,0,0,0.00,0.00,0,0.00,0.00,0.00,0.00,0,0,0.00,72,48,85,71,47,0.55,67,0.14,0.14,0.00,27,0.00,0.00,53,4,1.00,1.05,0.79,0.75,42,3,0.00,25,33,78,91,0,71,28,0,0.00,99,1,0.00,0.26,4.99,4.75,19,8,21,18,2.10,2.00,42.11,2,0.52,58,0,35.71,0,0.00,99,5,1.25,1.31,94,60,93,96,0,0,0,0,0,51,71,84,80,0,99,62,52,52,0,0,59,50,0,0
Riley Lynch,23,1041494400,2003/01/02,MLS Next Pro,2026,Midfielder,St. Louis City II,450,270,180,USA,5,3,2,0,0,0,3,1,2,0,0,3,2,1,4,2,2,0,0,0.6,0.6,0,0,0,0,0.8,113,90,0,150,0,93,4,-1,16,0,7.35,0.6,96,17.07,18.40,8,92,15.60,78,64,14.47,14,0.00,0.00,2.00,10,0.00,3.00,0.74,0.80,4,0.00,0.40,0.00,0.00,0.00,0.40,0.80,0.80,0.00,1.11,0.60,1.80,0.00,0.60,0.10,0.00,0.20,0.00,0.00,0,0,,6,1.20,60,3,0.56,71,3,0.56,53,0,0,5,30,0.00,99,0,2,0.37,39,15,78,2.78,85,0,0.00,99,0,0.00,0,0,0.00,0,1.86,86,9,1.67,71,4,0.74,44.44,0,0.00,0,0,0,0.00,0,4,0.00,77,0.74,14,N/A,N/A,N/A,N/A,0.00,0,0.00,0,0.49,0.00,0,84.78,50.00,87,71,0.20,0.19,1,65,49,0,0,0,0.40,0.37,2,77,36.77,1.00,0.93,5,0,0.00,0.00,99,0.00,0,0,0,0.00,0.00,0,0.00,0.00,0.00,0.00,0,0,0.00,72,99,99,71,82,2.24,95,0.45,0.42,0.49,58,0.10,0.09,92,13,2.60,2.41,1.30,1.40,66,7,0.09,56,90,55,91,0,71,21,0,0.00,99,1,0.00,0.19,6.68,7.20,36,22,56,39,4.08,4.40,61.11,2,0.37,67,0,33.33,0,0.00,99,5,1.00,0.93,89,99,77,73,0,0,0,0,0,85,71,84,80,0,99,90,52,52,0,0,59,48,0,0
Riley Thomas,24,1016179200,2002/03/15,MLS Next Pro,2026,Midfielder,Austin II,242,207,35,USA,4,3,1,1,1,0,0,0,0,0,0,2,1,1,3,3,0,2,0,0.37,0,0.37,0.43,0,242,1.12,81,61,121,0,0.74,-1,-1,-1,2,0,6.68,0,69,44.26,29.75,76,119,25.75,103,72,38.31,78,0.00,0.00,0.00,0,0.00,1.00,1.12,0.75,3,0.00,0.00,0.00,0.00,0.00,1.25,0.00,0.75,3.00,1.12,0.50,0.00,0.00,0.25,0.21,0.00,1.25,0.00,0.00,0,0,,3,0.75,60,1,0.37,59,2,0.74,61,1,0,4,45,0.00,99,0,5,1.86,91,4,65,1.49,70,0,0.00,99,0,0.00,0,0,0.00,0,0.00,24,0,0.00,18,0,0.00,0.00,0,0.00,0,0,0,0.00,0,3,0.00,67,1.12,26,N/A,N/A,N/A,N/A,0.00,0,0.00,0,0.84,0.00,0,86.55,33.33,65,56,0.25,0.37,1,28,28,0,0,0,0.25,0.37,1,77,26.74,1.00,1.49,4,1,0.00,0.37,1,0.25,0,0,0,0.00,0.00,0,0.00,0.00,0.00,0.00,0,0,33.33,95,21,85,87,72,0.21,37,0.05,0.08,0.84,80,0.21,0.31,20,1,0.25,0.37,1.86,1.25,83,5,0.31,80,36,69,91,0,71,94,0,0.00,99,5,0.00,1.86,6.69,4.50,18,8,32,39,2.98,2.00,44.44,0,0.00,99,0,25.00,0,0.00,99,1,0.25,0.37,66,92,77,96,0,0,0,0,0,73,85,84,85,0,99,90,57,96,2,50,97,2,0,0
Robert Mba Chukwu,18,1203926400,2008/02/25,MLS Next Pro,2026,Midfielder,Toronto II,90,0,90,Canada,1,0,1,0,0,0,1,0,1,0,0,1,0,1,0,0,0,0,0,1,1,0,0,0,0,0,0,90,0,90,0,-1,-1,-1,9,0,6.47,1,99,36.00,17.00,59,34,13.50,27,39,28.59,58,0.00,0.00,0.50,1,0.00,1.00,1.06,0.50,1,0.00,0.00,0.00,0.00,0.00,0.00,0.00,1.00,0.00,0.00,0.00,0.50,0.00,0.00,0.00,0.00,0.00,0.00,0.00,0,0,,0,0.00,25,0,0.00,45,0,0.00,30,0,0,1,42,0.00,99,0,0,0.00,25,2,48,2.12,78,0,0.00,99,0,0.00,0,0,0.00,0,1.06,65,1,1.06,52,0,0.00,0.00,0,0.00,0,0,0,0.00,0,2,0.00,99,2.12,72,N/A,N/A,N/A,N/A,0.00,0,0.00,0,0.00,0.00,0,79.41,0.00,45,17,0.50,1.06,1,28,28,0,0,0,0.00,0.00,0,56,12.95,1.50,3.18,3,0,0.00,0.00,99,0.00,0,0,0,0.00,0.00,0,0.00,0.00,0.00,0.00,0,0,0.00,72,0,0,71,4,0.63,99,0.32,0.67,0.00,27,0.00,0.00,84,2,1.00,2.12,1.06,0.50,53,1,0.00,25,18,88,91,0,71,20,0,0.00,99,0,0.00,0.00,6.35,3.00,6,3,33,33,3.18,1.50,50.00,0,0.00,99,0,0.00,0,0.00,99,0,0.00,0.00,48,3,77,73,0,0,0,0,0,95,71,84,80,0,99,99,52,52,0,0,59,96,0,0
Robert Turdean,56,N/A,N/A,MLS Next Pro,2026,Midfielder,Chicago Fire II,237,85,152,,4,2,2,0,0,0,0,0,0,0,0,1,1,0,2,0,2,1,0,0,0,0,0,0,0,0.76,119,59,237,0,0.38,-1,-1,-1,17,0,6.72,0,69,24.31,14.25,33,57,12.75,51,89,21.75,44,0.00,0.00,1.75,7,0.00,0.25,1.28,0.75,3,0.00,0.75,0.00,0.00,0.00,0.00,1.00,0.50,0.00,0.43,0.25,1.50,0.00,0.00,0.01,0.00,0.25,0.00,0.00,0,0,,1,0.25,39,0,0.00,45,1,0.43,48,1,1,3,53,0.00,99,0,0,0.00,25,1,48,0.43,42,0,0.00,99,0,0.00,0,0,0.00,0,2.99,99,6,2.56,85,4,1.71,66.67,0,0.00,0,0,0,0.00,0,2,0.00,79,0.85,20,N/A,N/A,N/A,N/A,0.00,0,0.00,0,0.05,0.00,0,89.47,0.00,45,51,0.25,0.43,1,93,81,0,0,0,0.00,0.00,0,56,26.88,0.50,0.85,2,0,0.00,0.00,99,0.00,0,0,0,0.00,0.00,0,0.00,0.00,0.00,0.00,0,0,0.00,72,16,85,71,84,0.31,63,0.08,0.13,0.05,38,0.01,0.02,41,2,0.50,0.85,1.71,1.00,81,4,0.02,36,39,47,91,0,71,46,0,0.00,99,1,0.00,0.43,9.38,5.50,22,10,59,70,4.27,2.50,45.45,3,1.28,27,0,0.00,0,0.00,99,0,0.00,0.00,48,60,93,96,0,0,0,0,0,51,71,84,80,0,99,62,73,80,1,25,81,37,0,0
Robinson Aguirre Ortega,21,1101283200,2004/11/24,MLS Next Pro,2026,Midfielder,Carolina Core,4,0,4,USA,1,0,1,0,0,0,0,0,0,0,0,1,0,1,0,0,0,0,0,0,0,0,0,0,0,0,0,4,0,0,0,-1,-1,-1,14,0,1.63,0,69,5.29,0.50,0,2,0.50,2,99,5.29,0,0.00,0.00,0.00,0,0.00,0.00,0.00,0.00,0,0.00,0.00,0.00,0.00,0.00,0.00,0.00,0.00,0.00,0.00,0.00,0.00,0.00,0.00,0.00,0.00,0.00,0.00,0.00,0,0,,0,0.00,25,0,0.00,45,0,0.00,30,0,1,0,11,0.00,99,0,0,0.00,25,0,48,0.00,30,0,0.00,99,0,0.00,0,0,0.00,0,0.00,24,0,0.00,18,0,0.00,0.00,0,0.00,0,0,0,0.00,0,0,0.00,99,0.00,0,N/A,N/A,N/A,N/A,0.00,0,0.00,0,0.00,0.00,0,100.00,0.00,45,99,0.00,0.00,0,28,28,0,0,0,0.00,0.00,0,56,6.51,0.00,0.00,0,0,0.00,0.00,99,0.00,0,0,0,0.00,0.00,0,0.00,0.00,0.00,0.00,0,0,0.00,72,0,0,71,4,0.00,0,0.00,0.00,0.00,27,0.00,0.00,7,0,0.00,0.00,0.00,0.00,12,0,0.00,25,0,15,91,0,71,20,0,0.00,99,0,0.00,0.00,0.00,0.00,0,0,2,1,0.00,0.00,0.00,0,0.00,99,0,0.00,0,0.00,99,0,0.00,0.00,48,0,93,73,0,0,0,0,0,51,71,84,80,0,99,99,52,52,0,0,59,23,0,0
Rodolfo Aloko,19,1167120000,2006/12/26,MLS Next Pro,2026,Midfielder,Crown Legacy,360,270,90,Benin,4,3,1,6,4,2,2,2,0,0,0,2,2,0,3,2,1,1,0,2,0.5,1.5,1.33,2,60,0.75,120,90,360,180,0.25,2,9,-1,1,0,8.39,0.5,94,16.09,14.75,6,59,10.75,43,21,11.73,7,0.00,0.00,2.25,9,0.00,1.00,1.36,1.25,5,0.00,1.50,0.00,0.00,0.00,0.25,2.00,0.75,2.00,3.27,1.50,3.25,0.00,1.50,1.11,0.00,0.50,0.00,0.00,0,0,,12,3.00,92,6,1.64,96,6,1.64,86,0,0,4,56,0.00,99,0,1,0.27,31,4,48,1.09,64,0,0.00,99,0,0.00,0,0,0.00,0,2.45,95,13,3.55,94,8,2.18,61.54,0,0.00,0,0,0,0.00,0,3,0.00,82,0.82,18,N/A,N/A,N/A,N/A,0.00,0,0.00,0,4.43,0.00,0,72.88,50.00,87,99,0.00,0.00,0,97,70,0,0,0,0.25,0.27,1,69,33.57,0.25,0.27,1,0,0.00,0.00,99,0.00,0,0,0,0.00,0.00,0,0.00,0.00,0.55,0.50,2,0,50.00,99,88,85,72,86,1.60,96,0.40,0.44,4.43,99,1.11,1.21,64,5,1.25,1.36,2.45,2.25,94,9,1.21,99,99,19,91,0,89,52,0,0.00,99,2,0.00,0.55,12.82,11.75,47,20,81,91,5.45,5.00,42.55,6,1.64,18,0,0.00,0,0.00,99,0,0.00,0.00,48,92,77,73,0,2,0,50,0,99,99,99,99,0,99,90,97,65,1,25,81,37,0,0
Rogelio Garcia,17,1209538800,2008/04/30,MLS Next Pro,2026,Midfielder,Colorado Rapids II,25,14,11,USA,2,1,1,0,0,0,0,0,0,0,0,0,0,0,0,0,0,0,0,0,0,0,0,0,0,0,0,13,0,0,0,-1,-1,-1,9,0,3.33,0,69,57.60,4.00,91,16,3.00,12,27,43.20,84,0.00,0.00,0.50,2,0.00,1.50,3.60,0.25,1,0.00,0.25,0.00,0.00,0.00,0.00,0.25,0.00,0.00,3.60,0.25,0.50,0.00,0.00,0.01,0.00,0.00,0.00,0.00,0,0,,1,0.25,95,0,0.00,45,1,3.60,99,0,2,0,97,0.00,99,0,0,0.00,25,6,78,21.60,99,0,0.00,99,0,0.00,0,0,0.00,0,7.20,99,2,7.20,99,1,3.60,50.00,0,0.00,0,0,0,0.00,0,0,0.00,99,0.00,0,N/A,N/A,N/A,N/A,0.00,0,0.00,0,0.06,0.00,0,75.00,0.00,45,0,0.25,3.60,1,99,64,0,0,0,0.00,0.00,0,56,13.30,0.00,0.00,0,0,0.00,0.00,99,0.00,0,0,0,0.00,0.00,0,0.00,0.00,0.00,0.00,0,0,0.00,72,0,0,71,4,0.11,94,0.03,0.40,0.06,75,0.01,0.22,99,2,0.50,7.20,0.00,0.00,12,0,0.22,74,0,15,91,0,71,20,0,0.00,99,0,0.00,0.00,25.20,1.75,7,4,99,99,14.40,1.00,57.14,1,3.60,2,0,33.33,0,0.00,99,2,0.50,7.20,99,0,99,73,0,0,0,0,0,51,71,84,80,0,99,41,52,52,0,0,59,57,0,0
Rohan Rajagopal,18,1181631600,2007/06/12,MLS Next Pro,2026,Midfielder,San Jose Earthquakes II,360,90,270,USA,4,1,3,0,0,0,1,1,0,0,0,1,0,1,4,1,3,0,0,0.25,0.25,0,0,0,0,1,90,90,0,360,0,80,27,-1,8,0,6.67,0.25,81,47.54,51.50,82,206,46.25,185,91,42.69,83,0.00,0.00,0.50,2,0.00,1.00,0.69,0.75,3,0.00,1.00,0.00,0.00,0.00,0.25,0.50,1.00,0.00,0.23,0.25,2.00,0.00,0.00,0.01,0.00,0.75,0.00,0.00,0,0,,1,0.25,27,0,0.00,45,1,0.23,34,0,0,4,29,0.00,99,0,1,0.23,28,4,92,0.92,60,0,0.00,99,0,0.00,0,0,0.00,0,0.46,41,8,1.85,74,2,0.46,25.00,0,0.00,0,0,0,0.00,0,4,0.00,74,0.92,24,N/A,N/A,N/A,N/A,0.00,0,0.00,0,0.05,0.00,0,89.81,0.00,45,99,0.00,0.00,0,52,35,0,0,0,0.00,0.00,0,56,26.70,0.25,0.23,1,0,0.00,0.00,99,0.00,0,0,0,0.00,0.00,0,0.00,0.00,0.00,0.00,0,0,0.00,72,88,85,71,78,1.05,77,0.26,0.24,0.05,32,0.01,0.01,64,6,1.50,1.38,1.38,1.50,70,6,0.01,30,33,17,91,0,71,60,0,0.00,99,3,0.00,0.69,7.38,8.00,32,14,35,45,3.23,3.50,43.75,4,0.92,42,0,50.00,0,0.00,99,2,0.50,0.46,75,92,77,73,0,0,0,0,0,64,71,84,80,0,99,62,52,52,0,0,59,35,0,0
Ruben Messalles,23,1037001600,2002/11/11,MLS Next Pro,2026,Midfielder,Real Monarchs,360,270,90,USA,4,3,1,1,0,1,0,0,0,0,0,1,0,1,5,5,0,0,0,0.25,0,0.25,0,1,360,1.25,72,90,0,0,0,31,112,-1,5,0,6.81,0,69,31.72,33.75,52,135,30.25,121,91,28.43,58,0.00,0.00,1.25,5,0.00,1.75,2.58,2.75,11,0.00,0.50,0.00,0.00,0.00,0.00,0.50,1.25,4.00,0.94,0.50,0.75,0.00,0.50,0.23,0.00,0.50,0.00,0.00,0,0,,4,1.00,54,2,0.47,66,2,0.47,50,0,0,4,87,0.00,99,0,0,0.00,25,7,69,1.64,73,0,0.00,99,0,0.00,0,0,0.00,0,1.17,69,3,0.70,42,2,0.47,66.67,0,0.00,0,0,0,0.00,0,5,0.00,64,1.17,28,N/A,N/A,N/A,N/A,0.00,0,0.00,0,0.94,0.00,0,89.63,50.00,87,21,1.00,0.94,4,54,81,0,0,0,0.00,0.00,0,56,27.22,0.75,0.70,3,0,0.00,0.00,99,0.00,0,0,0,0.00,0.00,0,0.00,0.00,0.00,0.00,0,0,25.00,90,88,85,99,69,0.51,59,0.13,0.12,0.94,75,0.23,0.22,58,5,1.25,1.17,0.94,1.00,49,4,0.22,74,49,42,91,0,71,48,0,0.00,99,2,0.00,0.47,8.22,8.75,35,20,67,55,4.70,5.00,57.14,2,0.47,61,0,28.57,0,0.00,99,2,0.50,0.47,76,92,77,73,0,0,0,0,0,64,77,98,80,0,99,62,52,52,0,0,59,77,0,0
Ruben Ramos Jr.,19,1169452800,2007/01/22,MLS Next Pro,2026,Midfielder,LA Galaxy II,69,69,0,USA,1,1,0,1,1,0,0,0,0,0,0,0,0,0,2,2,0,0,0,1.3,0,1.3,1.3,0,69,2.61,35,69,0,0,0,-1,-1,-1,3,0,7.44,0,69,15.65,12.00,6,12,11.00,11,94,14.35,14,0.00,0.00,1.00,1,0.00,0.00,2.61,2.00,2,0.00,3.00,0.00,0.00,0.00,0.00,1.00,2.00,4.00,5.22,3.00,1.00,0.00,1.00,0.88,0.00,0.00,0.00,0.00,0,0,,4,4.00,99,1,1.30,92,3,3.91,99,1,0,1,87,0.00,99,0,0,0.00,25,0,48,0.00,30,0,0.00,99,0,0.00,0,0,0.00,0,1.30,74,1,1.30,60,1,1.30,100.00,0,0.00,0,0,0,0.00,0,2,0.00,8,2.61,83,N/A,N/A,N/A,N/A,0.00,0,0.00,0,0.88,0.00,0,91.67,25.00,56,10,1.00,1.30,1,85,99,0,0,0,0.00,0.00,0,56,7.44,0.00,0.00,0,0,0.00,0.00,99,0.00,0,0,1,1.00,1.30,0,0.00,0.00,1.30,1.00,1,0,25.00,90,0,0,73,12,0.07,42,0.07,0.09,0.88,99,0.88,1.15,94,2,2.00,2.61,2.61,2.00,97,2,1.15,99,93,15,99,0,99,20,0,0.00,99,0,0.00,0.00,14.35,11.00,11,4,75,97,5.22,4.00,36.36,3,3.91,1,0,0.00,0,0.00,99,0,0.00,0.00,48,3,77,96,0,0,0,0,0,97,99,84,98,0,99,41,52,52,0,0,59,24,0,0
Sahil Deo,17,1207551600,2008/04/07,MLS Next Pro,2026,Midfielder,Whitecaps II,111,65,46,Canada,2,1,1,0,0,0,0,0,0,0,0,0,0,0,3,1,2,1,0,0,0,0,0,0,0,2.43,37,56,111,0,0.81,-1,-1,-1,11,0,6.44,0,69,20.81,10.75,19,43,8.25,33,31,15.97,21,0.00,0.00,0.50,2,0.00,0.75,0.48,0.25,1,0.00,0.75,0.00,0.00,0.00,1.25,0.25,1.00,0.00,0.97,0.25,0.75,0.00,0.25,0.04,0.00,0.00,0.00,0.00,0,0,,2,0.50,56,1,0.48,67,1,0.48,51,1,0,2,23,0.00,99,0,5,2.42,97,3,48,1.45,70,0,0.00,99,0,0.00,0,0,0.00,0,0.97,62,3,1.45,64,1,0.48,33.33,0,0.00,0,0,0,0.00,0,4,0.00,9,1.94,62,N/A,N/A,N/A,N/A,0.00,0,0.00,0,0.17,0.00,0,76.74,50.00,87,2,1.00,1.94,4,54,43,0,0,0,0.00,0.00,0,56,25.74,0.25,0.48,1,0,0.00,0.00,99,0.00,0,0,0,0.00,0.00,0,0.00,0.00,0.48,0.25,1,0,0.00,72,0,0,71,14,0.16,37,0.04,0.08,0.17,55,0.04,0.08,67,3,0.75,1.45,0.97,0.50,49,2,0.08,54,18,34,91,0,87,20,0,0.00,99,0,0.00,0.00,8.23,4.25,17,5,23,55,2.42,1.25,29.41,3,1.45,21,0,0.00,0,0.00,99,0,0.00,0.00,48,24,77,96,0,0,0,0,0,51,71,84,80,0,99,41,53,99,0,0,59,66,0,0
Sal Olivas,19,1152601200,2006/07/11,MLS Next Pro,2026,Midfielder,Philadelphia Union II,270,180,90,USA,3,2,1,0,0,0,0,0,0,0,0,1,1,0,2,2,0,0,0,0,0,0,0,0,0,0.67,135,90,0,0,0,-1,-1,-1,8,0,6.37,0,69,16.25,17.33,7,52,11.67,35,9,10.94,6,0.00,0.00,0.00,0,0.00,0.33,0.62,0.67,2,0.00,0.67,0.00,0.00,0.00,0.33,0.67,0.67,0.00,0.62,0.67,3.00,0.00,0.00,0.04,0.00,1.67,0.00,0.00,0,0,,2,0.67,46,0,0.00,45,2,0.62,56,0,0,3,26,0.00,99,0,1,0.31,34,1,48,0.31,36,0,0.00,99,0,0.00,0,0,0.00,0,0.00,24,9,2.81,88,2,0.62,22.22,0,0.00,0,0,0,0.00,0,2,0.00,87,0.62,10,N/A,N/A,N/A,N/A,0.00,0,0.00,0,0.11,0.00,0,67.31,0.00,45,62,0.33,0.31,1,61,32,0,0,0,0.00,0.00,0,56,19.11,0.33,0.31,1,0,0.00,0.00,99,0.00,0,0,0,0.00,0.00,0,0.00,0.00,0.94,1.00,3,0,0.00,72,46,33,71,92,0.07,2,0.02,0.02,0.11,41,0.04,0.03,86,7,2.33,2.19,1.88,2.00,84,6,0.03,40,15,21,91,0,96,89,0,0.00,99,5,0.00,1.56,15.31,16.33,49,14,62,99,4.38,4.67,28.57,2,0.62,53,0,0.00,0,0.00,99,0,0.00,0.00,48,60,77,73,0,0,0,0,0,51,71,84,80,0,99,73,52,52,0,0,59,55,0,0
Samuel Basabe,20,1133510400,2005/12/02,MLS Next Pro,2026,Midfielder,Inter Miami II,360,90,270,USA,4,1,3,0,0,0,0,0,0,0,0,0,0,0,9,1,8,2,0,0,0,0,0,0,0,2.25,40,90,180,0,0.5,112,68,-1,11,0,5.04,0,69,35.82,31.20,58,156,23.60,118,29,27.09,56,0.00,0.00,0.00,0,0.00,0.80,1.84,1.60,8,0.00,1.00,0.00,0.00,0.00,1.20,0.60,1.80,0.00,0.00,0.00,1.20,0.00,0.00,0.00,0.00,0.20,0.00,0.00,0,0,,0,0.00,25,0,0.00,45,0,0.00,30,0,0,4,69,0.00,99,0,6,1.38,82,4,65,0.92,60,0,0.00,99,0,0.00,0,0,0.00,0,0.00,24,6,1.38,61,3,0.69,50.00,0,0.00,0,0,0,0.00,0,9,0.00,17,2.07,69,N/A,N/A,N/A,N/A,0.00,0,0.00,0,0.00,0.00,0,75.64,0.00,45,15,1.00,1.15,5,63,64,0,0,0,0.20,0.23,1,61,25.22,0.60,0.69,3,0,0.00,0.00,99,0.00,0,0,0,0.00,0.00,0,0.00,0.00,0.00,0.00,0,0,0.00,72,88,85,71,21,0.28,24,0.06,0.06,0.00,27,0.00,0.00,48,4,0.80,0.92,1.38,1.20,70,6,0.00,25,6,41,91,0,71,26,0,0.00,99,1,0.00,0.23,8.04,7.00,35,16,42,55,3.67,3.20,45.71,5,1.15,30,0,25.00,0,0.00,99,1,0.20,0.23,52,92,77,73,0,0,0,0,0,51,71,84,80,0,99,41,65,91,2,50,97,51,0,0
Sang-Bin Jeong,23,1017648000,2002/04/01,MLS Next Pro,2026,Forward,St. Louis City II,90,90,0,South Korea,1,1,0,0,0,0,0,0,0,0,0,0,0,0,2,2,0,0,0,0,0,0,0,0,0,2,45,90,0,0,0,-1,-1,-1,6,0,6.92,0,69,33.60,28.00,55,28,23.00,23,53,27.60,57,0.00,0.00,1.00,1,0.00,1.00,0.00,0.00,0,0.00,2.00,0.00,0.00,0.00,0.00,1.00,2.00,0.00,4.80,2.00,4.00,0.00,2.00,0.36,0.00,1.00,0.00,0.00,0,0,,4,4.00,99,2,2.40,99,2,2.40,96,0,0,1,11,0.00,99,0,0,0.00,25,1,48,1.20,65,0,0.00,99,0,0.00,0,0,0.00,0,1.20,70,4,4.80,98,1,1.20,25.00,0,0.00,0,0,0,0.00,0,2,0.00,30,2.40,80,N/A,N/A,N/A,N/A,0.00,0,0.00,0,0.36,0.00,0,82.14,50.00,87,99,0.00,0.00,0,83,35,0,0,0,0.00,0.00,0,56,6.92,0.00,0.00,0,0,0.00,0.00,99,0.00,0,0,0,0.00,0.00,0,0.00,0.00,0.00,0.00,0,0,0.00,72,0,0,71,36,0.09,54,0.09,0.11,0.36,88,0.36,0.43,60,1,1.00,1.20,1.20,1.00,60,1,0.43,87,61,15,91,0,71,81,0,0.00,99,1,0.00,1.20,12.00,10.00,10,3,41,87,3.60,3.00,30.00,2,2.40,5,0,0.00,0,0.00,99,0,0.00,0.00,48,3,77,73,0,0,0,0,0,51,71,84,80,0,99,41,52,52,0,0,59,77,0,0
Santiago Pita,18,1180681200,2007/06/01,MLS Next Pro,2026,Midfielder,Atlanta United II,290,173,117,USA,4,2,2,0,0,0,0,0,0,0,0,0,0,0,2,2,0,1,0,0,0,0,0,0,0,0.62,145,73,290,0,0.31,46,67,-1,19,0,6.71,0,69,21.41,16.00,21,64,12.75,51,40,17.06,26,0.00,0.00,1.50,6,0.00,3.25,0.67,0.50,2,0.00,1.25,0.00,0.00,0.00,0.25,1.50,0.50,0.00,1.67,0.50,3.25,0.00,0.75,0.12,0.00,0.50,0.00,0.00,0,0,,5,1.25,74,3,1.00,86,2,0.67,58,1,0,4,28,0.00,99,0,1,0.33,37,13,70,4.35,94,0,0.00,99,0,0.00,0,0,0.00,0,2.01,91,13,4.35,97,6,2.01,46.15,0,0.00,0,0,0,0.00,0,2,0.00,88,0.67,12,N/A,N/A,N/A,N/A,0.00,0,0.00,0,0.46,0.00,0,79.69,60.00,91,99,0.00,0.00,0,96,50,0,1,0,0.00,0.00,0,56,26.84,0.00,0.00,0,0,0.00,0.00,99,0.00,0,1,0,0.00,0.00,0,0.00,0.00,0.00,0.00,0,0,0.00,72,49,85,71,92,0.32,54,0.08,0.11,-0.24,1,-0.06,-0.08,90,7,1.75,2.34,0.33,0.25,23,1,0.15,66,38,15,91,0,71,59,0,0.00,99,2,0.00,0.67,10.37,7.75,31,17,86,78,5.69,4.25,54.84,5,1.67,17,0,30.77,0,0.00,99,4,1.00,1.34,95,92,77,96,0,0,0,0,0,51,71,84,80,0,99,41,82,70,1,25,81,40,0,0
Santiago Sanchez,18,1201680000,2008/01/30,MLS Next Pro,2026,Midfielder,FC Cincinnati II,44,0,44,USA,1,0,1,0,0,0,0,0,0,0,0,0,0,0,0,0,0,0,0,0,0,0,0,0,0,0,0,44,0,0,0,-1,-1,-1,10,0,3.25,0,69,40.91,10.00,70,20,8.50,17,65,34.77,71,0.00,0.00,0.00,0,0.00,0.00,6.14,1.50,3,0.00,1.00,0.00,0.00,0.00,0.50,0.50,0.00,0.00,0.00,0.00,0.50,0.00,0.00,0.00,0.00,0.00,0.00,0.00,0,0,,0,0.00,25,0,0.00,45,0,0.00,30,0,1,0,99,0.00,99,0,1,2.05,93,0,48,0.00,30,0,0.00,99,0,0.00,0,0,0.00,0,0.00,24,1,2.05,79,1,2.05,100.00,0,0.00,0,0,0,0.00,0,0,0.00,99,0.00,0,N/A,N/A,N/A,N/A,0.00,0,0.00,0,0.00,0.00,0,85.00,0.00,45,0,1.50,6.14,3,96,99,0,0,0,0.00,0.00,0,56,6.49,1.00,4.09,2,0,0.00,0.00,99,0.00,0,0,0,0.00,0.00,0,0.00,0.00,0.00,0.00,0,0,0.00,72,0,0,71,4,0.03,24,0.01,0.06,0.00,27,0.00,0.00,7,0,0.00,0.00,2.05,0.50,87,1,0.00,25,0,94,91,0,71,20,0,0.00,99,0,0.00,0.00,20.45,5.00,10,4,99,99,8.18,2.00,40.00,2,4.09,1,0,0.00,0,0.00,99,0,0.00,0.00,48,0,93,73,0,0,0,0,0,51,71,84,80,0,99,41,52,52,0,0,59,61,0,0
Sawyer Jura,20,1141891200,2006/03/09,MLS Next Pro,2026,Midfielder,Portland Timbers II,270,180,90,USA,3,2,1,0,0,0,0,0,0,0,0,1,1,0,5,1,4,0,0,0,0,0,0,0,0,1.67,54,90,0,0,0,-1,-1,-1,2,0,6.71,0,69,35.40,39.33,58,118,33.33,100,64,30.00,61,0.00,0.00,0.00,0,0.00,1.33,3.30,3.67,11,0.00,0.67,0.00,0.00,0.00,0.67,1.00,2.00,0.00,0.00,0.00,1.33,0.00,0.00,0.00,0.00,0.67,0.00,0.00,0,0,,0,0.00,25,0,0.00,45,0,0.00,30,0,0,3,95,0.00,99,0,2,0.60,52,4,92,1.20,65,0,0.00,99,0,0.00,0,0,0.00,0,0.00,24,4,1.20,58,3,0.90,75.00,0,0.00,0,0,0,0.00,0,6,0.00,40,1.80,57,N/A,N/A,N/A,N/A,0.00,0,0.00,0,0.00,0.00,0,84.75,0.00,45,23,1.00,0.90,3,74,85,0,0,0,0.00,0.00,0,56,20.13,2.33,2.10,7,0,0.00,0.00,99,0.00,0,0,0,0.00,0.00,0,0.00,0.00,0.00,0.00,0,0,0.00,72,46,33,71,44,0.22,30,0.07,0.07,0.00,27,0.00,0.00,31,2,0.67,0.60,0.30,0.33,20,1,0.00,25,38,78,91,0,71,56,0,0.00,99,2,0.00,0.60,7.50,8.33,25,18,79,48,5.40,6.00,72.00,2,0.60,56,0,50.00,0,0.00,99,2,0.67,0.60,81,60,77,73,0,0,0,0,0,51,71,84,80,0,99,73,52,52,0,0,59,16,0,0
Sean Petrie,18,1179730800,2007/05/21,MLS Next Pro,2026,Midfielder,Connecticut United,0,0,0,USA,0,0,0,0,0,0,0,0,0,0,0,0,0,0,0,0,0,0,0,0,0,0,0,0,0,0,0,0,0,0,0,-1,-1,-1,-1,N/A,N/A,N/A,N/A,N/A,N/A,N/A,N/A,N/A,N/A,N/A,N/A,N/A,N/A,N/A,N/A,N/A,N/A,N/A,N/A,N/A,N/A,N/A,N/A,N/A,N/A,N/A,N/A,N/A,N/A,N/A,N/A,N/A,N/A,N/A,N/A,N/A,N/A,N/A,N/A,N/A,N/A,N/A,N/A,N/A,N/A,N/A,N/A,N/A,N/A,N/A,N/A,N/A,N/A,N/A,N/A,N/A,N/A,N/A,N/A,N/A,N/A,N/A,N/A,N/A,N/A,N/A,N/A,N/A,N/A,N/A,N/A,N/A,N/A,N/A,N/A,N/A,N/A,N/A,N/A,N/A,N/A,N/A,N/A,N/A,N/A,N/A,N/A,N/A,N/A,N/A,N/A,N/A,N/A,N/A,N/A,N/A,N/A,N/A,N/A,N/A,N/A,N/A,N/A,N/A,N/A,N/A,N/A,N/A,N/A,N/A,N/A,N/A,N/A,N/A,N/A,N/A,N/A,N/A,N/A,N/A,N/A,N/A,N/A,N/A,N/A,N/A,N/A,N/A,N/A,N/A,N/A,N/A,N/A,N/A,N/A,N/A,N/A,N/A,N/A,N/A,N/A,N/A,N/A,N/A,N/A,N/A,N/A,N/A,N/A,N/A,N/A,N/A,N/A,N/A,N/A,N/A,N/A,N/A,N/A,N/A,N/A,N/A,N/A,N/A,N/A,N/A,N/A,N/A,N/A,N/A,N/A,N/A,N/A,N/A,N/A,N/A,N/A,N/A,N/A,N/A,N/A,N/A,N/A,N/A,N/A,N/A,N/A,N/A,N/A,N/A,N/A,N/A,N/A,N/A,N/A,N/A,N/A,N/A,N/A,N/A,N/A,N/A,N/A,N/A,N/A,N/A,N/A,N/A,N/A,N/A,N/A,N/A,N/A,N/A,N/A,N/A,N/A,N/A,N/A,N/A,N/A,N/A,N/A
Sebastian Gomez,19,1148194800,2006/05/21,MLS Next Pro,2026,Midfielder,Tacoma Defiance,241,241,0,USA,3,3,0,0,0,0,0,0,0,0,0,0,0,0,3,3,0,0,0,0,0,0,0,0,0,1.12,80,80,0,0,0,-1,-1,-1,12,0,6.47,0,69,24.66,20.00,35,40,12.50,25,2,15.41,17,0.00,0.00,1.00,2,0.00,1.50,1.23,1.00,2,0.00,2.00,0.00,0.00,0.00,0.50,1.00,0.50,0.00,1.23,0.50,4.00,0.00,0.50,0.09,0.00,0.00,0.00,0.00,0,0,,2,1.00,61,1,0.62,73,1,0.62,56,1,0,2,51,0.00,99,0,1,0.62,52,3,93,1.85,75,0,0.00,99,0,0.00,0,0,0.00,0,1.23,71,8,4.93,99,2,1.23,25.00,0,0.00,0,0,0,0.00,0,1,0.00,67,0.62,10,N/A,N/A,N/A,N/A,0.00,0,0.00,0,0.17,0.00,0,62.50,50.00,87,38,0.50,0.62,1,83,35,0,0,0,0.50,0.62,1,87,12.94,0.50,0.62,1,0,0.00,0.00,99,0.00,0,0,0,0.00,0.00,0,0.00,0.00,0.00,0.00,0,0,0.00,72,20,33,71,71,0.11,30,0.06,0.07,0.17,60,0.09,0.10,61,2,1.00,1.23,0.62,0.50,34,1,0.10,58,18,38,91,0,71,20,0,0.00,99,0,0.00,0.00,11.10,9.00,18,6,44,83,3.70,3.00,33.33,4,2.47,3,0,66.67,0,0.00,99,2,1.00,1.23,94,24,77,96,0,0,0,0,0,51,71,84,80,0,99,41,52,52,0,0,59,90,0,0
Sebastian Nava,23,1047283200,2003/03/10,MLS Next Pro,2026,Midfielder,Los Angeles II,450,0,450,USA,5,0,5,0,0,0,2,0,2,0,0,0,0,0,11,0,11,0,0,0.4,0.4,0,0,0,0,2.2,41,90,0,225,0,66,11,-1,6,0,7.41,0.4,90,54.66,66.20,88,331,62.40,312,99,51.52,93,0.00,0.00,2.80,14,0.00,4.60,0.99,1.20,6,0.00,0.80,0.00,0.00,0.00,2.60,0.60,2.40,0.00,0.83,0.80,1.40,0.00,0.20,0.07,0.00,0.20,0.00,0.00,0,0,,5,1.00,51,1,0.17,45,4,0.66,57,0,0,5,39,0.00,99,0,13,2.15,95,23,61,3.80,91,0,0.00,99,0,0.00,0,0,0.00,0,2.31,94,7,1.16,56,3,0.50,42.86,0,0.00,0,0,0,0.00,0,12,0.00,18,1.98,64,N/A,N/A,N/A,N/A,0.00,0,0.00,0,0.35,0.00,0,94.26,20.00,51,99,0.00,0.00,0,55,49,0,0,0,0.40,0.33,2,74,37.06,1.00,0.83,5,0,0.00,0.00,99,0.00,0,0,0,0.00,0.00,0,0.00,0.00,0.17,0.20,1,0,0.00,72,99,99,71,24,2.34,93,0.47,0.39,0.35,52,0.07,0.06,28,3,0.60,0.50,1.16,1.40,58,7,0.06,50,92,46,91,0,72,21,0,0.00,99,1,0.00,0.17,4.62,5.60,28,12,18,17,1.98,2.40,42.86,4,0.66,52,0,21.74,0,0.00,99,5,1.00,0.83,88,99,77,73,0,0,0,0,0,75,71,84,80,0,99,41,52,52,0,0,59,40,0,0
Sebastiano Musu,56,N/A,N/A,MLS Next Pro,2026,Forward,New York City II,208,136,72,Italy,3,2,1,0,0,0,0,0,0,0,0,1,0,1,6,6,0,0,0,0,0,0,0,0,0,2.6,35,69,0,0,0,-1,-1,-1,7,0,0.00,0,69,0.00,0.00,0,0,0.00,0,0,0.00,0,0.00,0.00,0.00,0,0.00,0.00,0.00,0.00,0,0.00,0.00,0.00,0.00,0.00,0.00,0.00,0.00,0.00,0.00,0.00,0.00,0.00,0.00,0.00,0.00,0.00,0.00,0.00,0,0,,0,0.00,25,0,0.00,45,0,0.00,30,1,0,3,11,0.00,99,0,0,0.00,25,0,48,0.00,30,0,0.00,99,0,0.00,0,0,0.00,0,0.00,24,0,0.00,18,0,0.00,0.00,0,0.00,0,0,0,0.00,0,0,0.00,8,0.00,0,N/A,N/A,N/A,N/A,0.00,0,0.00,0,0.00,0.00,0,0.00,0.00,45,99,0.00,0.00,0,28,28,0,0,0,0.00,0.00,0,56,0.00,0.00,0.00,0,0,0.00,0.00,99,0.00,0,0,0,0.00,0.00,0,0.00,0.00,0.00,0.00,0,0,0.00,72,6,33,71,12,0.00,0,0.00,0.00,0.00,27,0.00,0.00,7,0,0.00,0.00,0.00,0.00,12,0,0.00,25,0,15,91,0,71,20,0,0.00,99,0,0.00,0.00,0.00,0.00,0,0,2,1,0.00,0.00,0.00,0,0.00,99,0,0.00,0,0.00,99,0,0.00,0.00,48,60,77,96,0,0,0,0,0,51,71,84,80,0,99,73,52,52,0,0,59,81,0,0
Sergio Oregel Jr.,20,1116226800,2005/05/16,MLS Next Pro,2026,Midfielder,Chicago Fire II,82,82,0,USA,1,1,0,0,0,0,0,0,0,0,0,0,0,0,1,1,0,0,0,0,0,0,0,0,0,1.1,82,82,0,0,0,-1,-1,-1,6,0,6.80,0,69,69.40,64.00,99,64,58.00,58,92,62.89,99,0.00,0.00,0.00,0,0.00,2.00,0.00,0.00,0,0.00,0.00,0.00,0.00,0.00,1.00,1.00,1.00,0.00,1.08,1.00,1.00,0.00,0.00,0.05,0.00,0.00,0.00,0.00,0,0,,1,1.00,59,0,0.00,45,1,1.08,74,1,0,1,11,0.00,99,0,1,1.08,74,2,48,2.17,78,0,0.00,99,0,0.00,0,0,0.00,0,0.00,24,1,1.08,52,1,1.08,100.00,0,0.00,0,0,0,0.00,0,1,0.00,67,1.08,26,N/A,N/A,N/A,N/A,0.00,0,0.00,0,0.05,0.00,0,90.62,0.00,45,99,0.00,0.00,0,82,99,0,0,0,0.00,0.00,0,56,6.80,0.00,0.00,0,0,0.00,0.00,99,0.00,0,0,0,0.00,0.00,0,0.00,0.00,0.00,0.00,0,0,0.00,72,0,0,71,72,0.13,67,0.13,0.14,0.05,47,0.05,0.05,7,0,0.00,0.00,0.00,0.00,12,0,0.05,45,47,15,91,0,71,20,0,0.00,99,0,0.00,0.00,1.08,1.00,1,1,10,7,1.08,1.00,100.00,0,0.00,99,0,0.00,0,0.00,99,0,0.00,0.00,48,3,77,96,0,0,0,0,0,51,71,84,80,0,99,41,52,52,0,0,59,35,0,0
Seymour Garfield-Reid,18,1204617600,2008/03/04,MLS Next Pro,2026,Midfielder,New York City II,90,90,0,Jamaica,1,1,0,1,1,0,0,0,0,0,0,0,0,0,1,1,0,1,0,1,0,1,1,0,90,1,90,90,90,0,1,-1,-1,-1,1,0,7.30,0,69,10.50,14.00,2,14,9.00,9,6,6.75,1,0.00,0.00,0.00,0,0.00,0.00,2.25,3.00,3,0.00,3.00,0.00,0.00,0.00,0.00,2.00,1.00,2.00,1.50,0.00,2.00,0.00,2.00,0.86,0.00,0.00,0.00,0.00,0,0,,2,2.00,71,2,1.50,94,0,0.00,30,0,0,1,81,0.00,99,0,0,0.00,25,0,48,0.00,30,0,0.00,99,0,0.00,0,0,0.00,0,0.00,24,2,1.50,67,2,1.50,100.00,0,0.00,0,0,0,0.00,0,1,0.00,74,0.75,15,N/A,N/A,N/A,N/A,0.00,0,0.00,0,0.86,0.00,0,64.29,100.00,99,99,0.00,0.00,0,91,99,0,0,0,0.00,0.00,0,56,7.30,0.00,0.00,0,0,0.00,0.00,99,0.00,0,0,0,0.00,0.00,0,0.00,0.00,1.50,2.00,2,0,50.00,99,0,0,74,78,0.02,0,0.02,0.01,0.86,94,0.86,0.65,36,1,1.00,0.75,2.25,3.00,91,3,0.65,94,88,15,91,0,99,20,0,0.00,99,0,0.00,0.00,9.75,13.00,13,6,63,74,4.50,6.00,46.15,3,2.25,7,0,0.00,0,0.00,99,0,0.00,0.00,48,3,77,73,0,0,0,0,0,95,99,84,96,0,99,41,52,99,1,100,99,74,0,0
Shane Donovan,19,1168070400,2007/01/06,MLS Next Pro,2026,Midfielder,Sporting KC II,360,270,90,USA,4,3,1,1,0,1,0,0,0,0,0,0,0,0,10,8,2,0,0,0.25,0,0.25,0,1,360,2.5,36,90,0,0,0,29,64,-1,1,0,6.85,0,69,18.46,20.00,12,80,17.25,69,70,15.92,20,0.00,0.00,0.25,1,0.00,2.25,1.15,1.25,5,0.00,1.00,0.00,0.00,0.00,0.00,0.25,2.50,6.00,1.38,0.50,0.75,0.00,1.00,0.29,0.00,0.25,0.00,0.00,0,0,,6,1.50,66,4,0.92,85,2,0.46,49,0,0,4,48,0.00,99,0,0,0.00,25,9,78,2.08,77,0,0.00,99,0,0.00,0,0,0.00,0,0.23,25,3,0.69,41,1,0.23,33.33,0,0.00,0,0,0,0.00,0,10,0.00,9,2.31,78,N/A,N/A,N/A,N/A,0.00,0,0.00,0,1.18,0.00,0,86.25,66.67,95,36,0.75,0.69,3,30,43,0,0,0,0.00,0.00,0,56,27.42,0.00,0.00,0,0,0.00,0.00,99,0.00,0,0,0,0.00,0.00,0,0.00,0.00,0.69,0.75,3,0,16.67,81,88,85,99,13,0.20,17,0.05,0.05,1.18,79,0.29,0.27,48,4,1.00,0.92,0.46,0.50,29,2,0.27,78,54,15,91,0,92,26,0,0.00,99,1,0.00,0.23,5.08,5.50,22,10,21,19,2.31,2.50,45.45,4,0.92,42,0,33.33,0,0.00,99,3,0.75,0.69,83,92,77,73,0,0,0,0,0,64,77,98,80,0,99,41,52,52,0,0,59,88,0,0
Shaoziyang Liu,22,1071129600,2003/12/11,MLS Next Pro,2026,Midfielder,Los Angeles II,0,0,0,China,0,0,0,0,0,0,0,0,0,0,0,0,0,0,0,0,0,0,0,0,0,0,0,0,0,0,0,0,0,0,0,-1,-1,-1,-1,N/A,N/A,N/A,N/A,N/A,N/A,N/A,N/A,N/A,N/A,N/A,N/A,N/A,N/A,N/A,N/A,N/A,N/A,N/A,N/A,N/A,N/A,N/A,N/A,N/A,N/A,N/A,N/A,N/A,N/A,N/A,N/A,N/A,N/A,N/A,N/A,N/A,N/A,N/A,N/A,N/A,N/A,N/A,N/A,N/A,N/A,N/A,N/A,N/A,N/A,N/A,N/A,N/A,N/A,N/A,N/A,N/A,N/A,N/A,N/A,N/A,N/A,N/A,N/A,N/A,N/A,N/A,N/A,N/A,N/A,N/A,N/A,N/A,N/A,N/A,N/A,N/A,N/A,N/A,N/A,N/A,N/A,N/A,N/A,N/A,N/A,N/A,N/A,N/A,N/A,N/A,N/A,N/A,N/A,N/A,N/A,N/A,N/A,N/A,N/A,N/A,N/A,N/A,N/A,N/A,N/A,N/A,N/A,N/A,N/A,N/A,N/A,N/A,N/A,N/A,N/A,N/A,N/A,N/A,N/A,N/A,N/A,N/A,N/A,N/A,N/A,N/A,N/A,N/A,N/A,N/A,N/A,N/A,N/A,N/A,N/A,N/A,N/A,N/A,N/A,N/A,N/A,N/A,N/A,N/A,N/A,N/A,N/A,N/A,N/A,N/A,N/A,N/A,N/A,N/A,N/A,N/A,N/A,N/A,N/A,N/A,N/A,N/A,N/A,N/A,N/A,N/A,N/A,N/A,N/A,N/A,N/A,N/A,N/A,N/A,N/A,N/A,N/A,N/A,N/A,N/A,N/A,N/A,N/A,N/A,N/A,N/A,N/A,N/A,N/A,N/A,N/A,N/A,N/A,N/A,N/A,N/A,N/A,N/A,N/A,N/A,N/A,N/A,N/A,N/A,N/A,N/A,N/A,N/A,N/A,N/A,N/A,N/A,N/A,N/A,N/A,N/A,N/A,N/A,N/A,N/A,N/A,N/A,N/A
Sharod Adrian George,56,N/A,N/A,MLS Next Pro,2026,Midfielder,New England II,21,21,0,,1,1,0,0,0,0,0,0,0,0,0,0,0,0,1,1,0,0,0,0,0,0,0,0,0,4.29,21,21,0,0,0,-1,-1,-1,14,0,0.00,0,69,0.00,0.00,0,0,0.00,0,0,0.00,0,0.00,0.00,0.00,0,0.00,0.00,0.00,0.00,0,0.00,0.00,0.00,0.00,0.00,0.00,0.00,0.00,0.00,0.00,0.00,0.00,0.00,0.00,0.00,0.00,0.00,0.00,0.00,0,0,,0,0.00,25,0,0.00,45,0,0.00,30,0,0,0,11,0.00,99,0,0,0.00,25,0,48,0.00,30,0,0.00,99,0,0.00,0,0,0.00,0,0.00,24,0,0.00,18,0,0.00,0.00,0,0.00,0,0,0,0.00,0,0,0.00,0,0.00,0,N/A,N/A,N/A,N/A,0.00,0,0.00,0,0.00,0.00,0,0.00,0.00,45,99,0.00,0.00,0,28,28,0,0,0,0.00,0.00,0,56,0.00,0.00,0.00,0,0,0.00,0.00,99,0.00,0,0,0,0.00,0.00,0,0.00,0.00,0.00,0.00,0,0,0.00,72,0,0,71,4,0.00,0,0.00,0.00,0.00,27,0.00,0.00,7,0,0.00,0.00,0.00,0.00,12,0,0.00,25,0,15,91,0,71,20,0,0.00,99,0,0.00,0.00,0.00,0.00,0,0,2,1,0.00,0.00,0.00,0,0.00,99,0,0.00,0,0.00,99,0,0.00,0.00,48,0,77,73,0,0,0,0,0,51,71,84,80,0,99,41,52,52,0,0,59,20,0,0
Sheridan McNish,17,1214377200,2008/06/25,MLS Next Pro,2026,Midfielder,New England II,0,0,0,Trinidad and Tobago,1,1,0,0,0,0,0,0,0,0,0,0,0,0,0,0,0,0,0,0,0,0,0,0,0,0,0,0,0,0,0,-1,-1,-1,-1,0,0.00,0,69,90.00,1.00,99,1,1.00,1,99,90.00,99,0.00,0.00,0.00,0,0.00,0.00,0.00,0.00,0,0.00,0.00,0.00,0.00,0.00,0.00,0.00,0.00,0.00,0.00,0.00,0.00,0.00,0.00,0.00,0.00,0.00,0.00,0.00,0,0,,0,0.00,25,0,0.00,45,0,0.00,30,0,0,0,11,0.00,99,0,0,0.00,25,0,48,0.00,30,0,0.00,99,0,0.00,0,0,0.00,0,0.00,24,0,0.00,18,0,0.00,0.00,0,0.00,0,0,0,0.00,0,0,0.00,99,0.00,0,N/A,N/A,N/A,N/A,0.00,0,0.00,0,0.00,0.00,0,100.00,0.00,45,99,0.00,0.00,0,28,28,0,0,0,0.00,0.00,0,56,0.00,2.00,180.00,2,0,0.00,0.00,99,0.00,0,0,0,0.00,0.00,0,0.00,0.00,0.00,0.00,0,0,0.00,72,0,0,71,4,0.00,0,0.00,0.00,0.00,27,0.00,0.00,7,0,0.00,0.00,0.00,0.00,12,0,0.00,25,0,99,91,0,71,20,0,0.00,99,0,0.00,0.00,0.00,0.00,0,0,2,1,0.00,0.00,0.00,0,0.00,99,0,0.00,0,0.00,99,0,0.00,0.00,48,0,77,73,0,0,0,0,0,51,71,84,80,0,99,41,52,52,0,0,59,60,0,0
Shunya Sakai,18,1180335600,2007/05/28,MLS Next Pro,2026,Midfielder,New York RB II,90,90,0,Japan,1,1,0,0,0,0,0,0,0,0,0,0,0,0,2,2,0,0,0,0,0,0,0,0,0,2,45,90,0,0,0,-1,-1,-1,9,0,1.65,0,69,62.00,15.50,95,62,12.50,50,45,50.00,91,0.00,0.00,0.00,0,0.00,0.00,3.00,0.75,3,0.00,0.00,0.00,0.00,0.00,0.00,0.00,0.50,0.00,0.00,0.00,0.00,0.00,0.00,0.00,0.00,0.00,0.00,0.00,0,0,,0,0.00,25,0,0.00,45,0,0.00,30,0,0,1,93,0.00,99,0,0,0.00,25,0,48,0.00,30,0,0.00,99,0,0.00,0,0,0.00,0,0.00,24,0,0.00,18,0,0.00,0.00,0,0.00,0,0,0,0.00,0,2,0.00,30,2.00,66,N/A,N/A,N/A,N/A,0.00,0,0.00,0,0.00,0.00,0,80.65,0.00,45,99,0.00,0.00,0,28,28,0,0,0,0.25,1.00,1,94,6.61,0.75,3.00,3,0,0.00,0.00,99,0.00,0,0,0,0.00,0.00,0,0.00,0.00,0.00,0.00,0,0,0.00,72,0,0,71,36,0.09,42,0.02,0.09,0.00,27,0.00,0.00,7,0,0.00,0.00,0.00,0.00,12,0,0.00,25,0,87,91,0,71,20,0,0.00,99,0,0.00,0.00,4.00,1.00,4,3,33,15,3.00,0.75,75.00,0,0.00,99,0,0.00,0,0.00,99,0,0.00,0.00,48,3,77,73,0,0,0,0,0,51,71,84,80,0,99,41,52,52,0,0,59,41,0,0
Sidney Paris,23,1019804400,2002/04/26,MLS Next Pro,2026,Midfielder,St. Louis City II,224,134,90,Puerto Rico,3,2,1,0,0,0,0,0,0,0,0,2,2,0,2,0,2,1,0,0,0,0,0,0,0,0.8,112,75,224,0,0.4,-1,-1,-1,11,0,5.05,0,69,65.09,40.50,97,162,35.50,142,82,57.05,97,0.00,0.00,0.50,2,0.00,0.00,2.81,1.75,7,0.00,1.25,0.00,0.00,0.00,1.25,0.75,0.50,0.00,0.40,0.25,1.25,0.00,0.00,0.01,0.00,0.00,0.00,0.00,0,0,,1,0.25,37,0,0.00,45,1,0.40,46,0,0,2,90,0.00,99,0,5,2.01,93,0,48,0.00,30,0,0.00,99,0,0.00,0,0,0.00,0,0.80,55,5,2.01,78,3,1.21,60.00,0,0.00,0,0,0,0.00,0,2,0.00,77,0.80,16,N/A,N/A,N/A,N/A,0.00,0,0.00,0,0.04,0.00,0,87.65,0.00,45,13,0.75,1.21,3,83,70,0,0,0,0.00,0.00,0,56,20.22,1.25,2.01,5,0,0.00,0.00,99,0.00,0,0,0,0.00,0.00,0,0.00,0.00,0.00,0.00,0,0,0.00,72,11,33,71,81,0.32,63,0.08,0.13,0.04,38,0.01,0.02,97,7,1.75,2.81,2.01,1.25,87,5,0.02,36,6,77,91,0,71,20,0,0.00,99,0,0.00,0.00,13.66,8.50,34,17,95,96,6.83,4.25,50.00,5,2.01,10,0,0.00,0,0.00,99,0,0.00,0.00,48,24,77,73,0,0,0,0,0,51,71,84,80,0,99,97,70,82,1,33,89,43,0,0
Steeve Louis Jean,21,1094454000,2004/09/06,MLS Next Pro,2026,Midfielder,Chattanooga FC,0,0,0,USA,0,0,0,0,0,0,0,0,0,0,0,0,0,0,0,0,0,0,0,0,0,0,0,0,0,0,0,0,0,0,0,-1,-1,-1,-1,N/A,N/A,N/A,N/A,N/A,N/A,N/A,N/A,N/A,N/A,N/A,N/A,N/A,N/A,N/A,N/A,N/A,N/A,N/A,N/A,N/A,N/A,N/A,N/A,N/A,N/A,N/A,N/A,N/A,N/A,N/A,N/A,N/A,N/A,N/A,N/A,N/A,N/A,N/A,N/A,N/A,N/A,N/A,N/A,N/A,N/A,N/A,N/A,N/A,N/A,N/A,N/A,N/A,N/A,N/A,N/A,N/A,N/A,N/A,N/A,N/A,N/A,N/A,N/A,N/A,N/A,N/A,N/A,N/A,N/A,N/A,N/A,N/A,N/A,N/A,N/A,N/A,N/A,N/A,N/A,N/A,N/A,N/A,N/A,N/A,N/A,N/A,N/A,N/A,N/A,N/A,N/A,N/A,N/A,N/A,N/A,N/A,N/A,N/A,N/A,N/A,N/A,N/A,N/A,N/A,N/A,N/A,N/A,N/A,N/A,N/A,N/A,N/A,N/A,N/A,N/A,N/A,N/A,N/A,N/A,N/A,N/A,N/A,N/A,N/A,N/A,N/A,N/A,N/A,N/A,N/A,N/A,N/A,N/A,N/A,N/A,N/A,N/A,N/A,N/A,N/A,N/A,N/A,N/A,N/A,N/A,N/A,N/A,N/A,N/A,N/A,N/A,N/A,N/A,N/A,N/A,N/A,N/A,N/A,N/A,N/A,N/A,N/A,N/A,N/A,N/A,N/A,N/A,N/A,N/A,N/A,N/A,N/A,N/A,N/A,N/A,N/A,N/A,N/A,N/A,N/A,N/A,N/A,N/A,N/A,N/A,N/A,N/A,N/A,N/A,N/A,N/A,N/A,N/A,N/A,N/A,N/A,N/A,N/A,N/A,N/A,N/A,N/A,N/A,N/A,N/A,N/A,N/A,N/A,N/A,N/A,N/A,N/A,N/A,N/A,N/A,N/A,N/A,N/A,N/A,N/A,N/A,N/A,N/A
Stefan Chirila,19,1168848000,2007/01/15,MLS Next Pro,2026,Midfielder,FC Cincinnati II,180,90,90,USA,2,1,1,1,1,0,0,0,0,0,0,0,0,0,3,2,1,0,0,0.5,0,0.5,1,0,180,1.5,60,90,0,0,0,-1,-1,-1,1,0,6.46,0,69,11.00,11.00,2,22,9.50,19,70,9.50,3,0.00,0.00,0.00,0,0.00,0.50,1.00,1.00,2,0.00,2.00,0.00,0.00,0.00,0.00,1.00,2.00,3.00,1.50,1.00,3.00,0.00,0.50,0.39,0.00,0.00,0.00,0.00,0,0,,3,1.50,71,1,0.50,69,2,1.00,70,0,0,2,39,0.00,99,0,0,0.00,25,1,48,0.50,44,0,0.00,99,0,0.00,0,0,0.00,0,0.00,24,6,3.00,91,2,1.00,33.33,0,0.00,0,0,0,0.00,0,4,0.00,46,2.00,66,N/A,N/A,N/A,N/A,0.00,0,0.00,0,0.78,0.00,0,86.36,33.33,65,99,0.00,0.00,0,79,43,1,0,0,0.00,0.00,0,56,12.91,0.50,0.50,1,0,0.00,0.00,99,0.00,0,1,0,0.00,0.00,0,0.00,0.00,1.00,1.00,2,0,33.33,95,0,0,81,51,0.05,6,0.03,0.03,0.08,45,0.04,0.04,28,1,0.50,0.50,2.50,2.50,96,5,0.39,86,18,35,91,0,96,20,0,0.00,99,0,0.00,0.00,9.00,9.00,18,5,24,65,2.50,2.50,27.78,4,2.00,10,0,0.00,0,0.00,99,0,0.00,0.00,48,24,77,73,0,0,0,0,0,80,91,84,96,0,99,41,52,52,0,0,59,19,0,0
Stefan Kapor,16,1238828400,2009/04/04,MLS Next Pro,2026,Midfielder,Toronto II,270,0,270,USA,3,0,3,0,0,0,0,0,0,0,0,2,0,2,1,0,1,0,0,0,0,0,0,0,0,0.33,270,90,0,0,0,-1,-1,-1,6,0,5.25,0,69,68.48,56.50,99,226,48.75,195,70,59.09,98,0.00,0.00,0.00,0,0.00,0.00,0.61,0.50,2,0.00,0.00,0.00,0.00,0.00,2.00,0.25,0.25,0.00,0.00,0.00,0.25,0.00,0.00,0.00,0.00,0.50,0.00,0.00,0,0,,0,0.00,25,0,0.00,45,0,0.00,30,0,0,3,25,0.00,99,0,8,2.42,97,0,48,0.00,30,0,0.00,99,0,0.00,0,0,0.00,0,0.00,24,1,0.30,22,1,0.30,100.00,0,0.00,0,0,0,0.00,0,1,0.00,95,0.30,1,N/A,N/A,N/A,N/A,0.00,0,0.00,0,0.00,0.00,0,86.28,0.00,45,99,0.00,0.00,0,36,99,0,0,0,0.75,0.91,3,94,21.01,2.75,3.33,11,0,0.00,0.00,99,0.00,0,0,0,0.00,0.00,0,0.00,0.00,0.00,0.00,0,0,0.00,72,46,33,71,99,0.43,63,0.11,0.13,0.00,27,0.00,0.00,15,1,0.25,0.30,0.30,0.25,20,1,0.00,25,9,89,91,0,71,56,0,0.00,99,2,0.00,0.61,3.64,3.00,12,6,17,14,1.82,1.50,50.00,0,0.00,99,0,0.00,0,0.00,99,0,0.00,0.00,48,60,77,73,0,0,0,0,0,51,71,84,80,0,99,97,52,52,0,0,59,98,0,0
Steven Sserwadda,23,1030518000,2002/08/28,MLS Next Pro,2026,Midfielder,Connecticut United,360,0,360,Uganda,4,0,4,0,0,0,1,0,1,0,0,0,0,0,8,0,8,1,0,0.25,0.25,0,0,0,0,2,45,90,360,360,0.25,101,21,-1,5,0,7.05,0.25,81,46.75,46.75,80,187,34.75,139,25,34.75,71,0.00,0.00,1.00,4,0.00,0.50,5.50,5.50,22,0.00,2.00,0.00,0.00,0.00,2.75,1.75,2.00,0.00,0.50,0.00,3.00,0.00,0.50,0.07,0.00,1.25,0.00,0.00,0,0,,2,0.50,42,2,0.50,69,0,0.00,30,0,0,4,99,0.00,99,0,11,2.75,98,2,48,0.50,44,0,0.00,99,0,0.00,0,0,0.00,0,1.00,64,12,3.00,91,7,1.75,58.33,0,0.00,0,0,0,0.00,0,8,0.00,30,2.00,66,N/A,N/A,N/A,N/A,0.00,0,0.00,0,0.29,0.00,0,74.33,100.00,99,99,0.00,0.00,0,93,67,0,0,0,0.25,0.25,1,65,28.21,0.75,0.75,3,0,0.00,0.00,99,0.00,0,0,0,0.00,0.00,0,0.00,0.00,0.00,0.00,0,0,0.00,72,88,85,71,36,1.02,82,0.26,0.26,0.29,53,0.07,0.07,87,9,2.25,2.25,1.50,1.50,75,6,0.07,52,75,43,91,0,71,83,0,0.00,99,5,0.00,1.25,18.50,18.50,74,43,99,99,10.75,10.75,58.11,8,2.00,10,0,0.00,0,0.00,99,0,0.00,0.00,48,92,77,73,0,0,0,0,0,64,71,84,80,0,99,41,97,65,1,25,81,8,0,0
Tahir Reid-Brown,19,1151823600,2006/07/02,MLS Next Pro,2026,Midfielder,Orlando City II,90,90,0,USA,1,1,0,0,0,0,0,0,0,0,0,0,0,0,4,4,0,0,0,0,0,0,0,0,0,4,23,90,0,0,0,-1,-1,-1,10,0,5.04,0,69,38.25,51.00,64,51,41.00,41,43,30.75,62,0.00,0.00,0.00,0,0.00,0.00,0.75,1.00,1,0.00,0.00,0.00,0.00,0.00,0.00,0.00,4.00,0.00,0.00,0.00,2.00,0.00,0.00,0.00,0.00,2.00,0.00,0.00,0,0,,0,0.00,25,0,0.00,45,0,0.00,30,0,0,1,30,0.00,99,0,0,0.00,25,0,48,0.00,30,0,0.00,99,0,0.00,0,0,0.00,0,0.00,24,2,1.50,67,0,0.00,0.00,0,0.00,0,0,0,0.00,0,4,0.00,0,3.00,89,N/A,N/A,N/A,N/A,0.00,0,0.00,0,0.00,0.00,0,80.39,0.00,45,2,3.00,2.25,3,28,28,0,0,0,0.00,0.00,0,56,5.04,6.00,4.50,6,0,0.00,0.00,99,0.00,0,0,0,0.00,0.00,0,0.00,0.00,0.00,0.00,0,0,0.00,72,0,0,71,5,0.10,37,0.10,0.08,0.00,27,0.00,0.00,87,3,3.00,2.25,0.75,1.00,40,1,0.00,25,6,95,91,0,71,88,0,0.00,99,2,0.00,1.50,10.50,14.00,14,6,63,79,4.50,6.00,42.86,0,0.00,99,0,0.00,0,0.00,99,0,0.00,0.00,48,3,77,73,0,0,0,0,0,51,71,84,80,0,99,41,52,52,0,0,59,29,0,0
Tanner Rosborough,18,1206082800,2008/03/21,MLS Next Pro,2026,Midfielder,New York RB II,152,90,62,USA,2,1,1,1,1,0,0,0,0,0,0,0,0,0,3,2,1,0,0,0.59,0,0.59,1,0,152,1.78,51,76,0,0,0,-1,-1,-1,3,0,7.22,0,69,41.45,35.00,72,70,30.00,60,67,35.53,73,0.00,0.00,1.00,2,0.00,1.50,1.78,1.50,3,0.00,2.00,0.00,0.00,0.00,0.00,1.50,1.50,5.00,2.96,2.00,2.50,0.00,0.50,0.46,0.00,0.00,0.00,0.00,0,0,,5,2.50,90,1,0.59,71,4,2.37,96,1,0,2,67,0.00,99,0,0,0.00,25,3,93,1.78,74,0,0.00,99,0,0.00,0,0,0.00,0,1.18,69,5,2.96,90,3,1.78,60.00,0,0.00,0,0,0,0.00,0,3,0.00,34,1.78,56,N/A,N/A,N/A,N/A,0.00,0,0.00,0,0.91,0.00,0,85.71,20.00,51,1,2.00,2.37,4,93,70,0,0,0,0.00,0.00,0,56,14.45,0.50,0.59,1,0,0.00,0.00,99,0.00,0,0,0,0.00,0.00,0,0.00,0.00,0.59,0.50,1,0,20.00,84,0,0,79,41,0.23,67,0.12,0.14,0.91,92,0.46,0.54,29,1,0.50,0.59,0.59,0.50,32,1,0.54,91,85,36,91,0,90,20,0,0.00,99,0,0.00,0.00,10.66,9.00,18,7,58,80,4.14,3.50,38.89,4,2.37,5,0,66.67,0,0.00,99,2,1.00,1.18,93,24,77,96,0,0,0,0,0,82,92,84,96,0,99,41,52,52,0,0,59,66,0,0
Tate Boswell Robertson,28,865062000,1997/05/31,MLS Next Pro,2026,Midfielder,Chattanooga FC,450,270,180,USA,5,3,2,2,1,1,1,1,0,0,0,1,1,0,10,6,4,2,0,0.6,0.2,0.4,0.33,0.5,225,2,45,90,225,450,0.4,16,37,-1,2,0,7.36,0.2,73,41.90,44.60,72,223,34.80,174,36,32.69,66,0.00,0.00,1.60,8,0.00,5.00,0.56,0.60,3,0.00,1.20,0.00,0.00,0.00,1.20,1.00,2.00,4.00,1.50,0.80,1.20,0.00,0.80,0.38,0.00,2.00,0.00,0.00,0,0,,8,1.60,71,4,0.75,79,4,0.75,62,0,0,5,24,0.00,99,0,6,1.13,76,25,62,4.70,96,0,0.00,99,0,0.00,0,0,0.00,0,1.50,80,6,1.13,55,5,0.94,83.33,0,0.00,0,0,0,0.00,0,10,0.00,30,1.88,59,N/A,N/A,N/A,N/A,0.00,0,0.00,0,1.88,0.00,0,78.03,50.00,87,71,0.20,0.19,1,76,86,1,1,0,0.80,0.75,4,91,36.78,1.20,1.13,6,0,0.00,0.00,99,0.00,0,2,1,0.20,0.19,0,0.00,0.00,0.00,0.00,0,0,25.00,90,99,99,85,36,1.24,75,0.25,0.23,0.48,58,0.10,0.09,56,6,1.20,1.13,1.13,1.20,56,6,0.35,83,90,60,92,0,71,94,0,0.00,99,10,0.00,1.88,7.14,7.60,38,22,58,43,4.13,4.40,57.89,6,1.13,31,0,24.00,0,0.00,99,6,1.20,1.13,92,99,77,73,0,0,0,0,0,85,88,90,84,0,99,47,72,82,2,40,91,3,0,0
Taylor Calheira,23,1019804400,2002/04/26,MLS Next Pro,2026,Midfielder,Sporting KC II,180,180,0,USA,2,2,0,0,0,0,0,0,0,0,0,0,0,0,6,6,0,0,0,0,0,0,0,0,0,3,30,90,0,0,0,-1,-1,-1,11,0,6.44,0,69,38.77,14.00,65,28,10.50,21,27,29.08,59,0.00,0.00,0.00,0,0.00,0.50,1.38,0.50,1,0.00,0.50,0.00,0.00,0.00,0.50,0.50,2.00,0.00,4.15,0.50,1.50,0.00,1.00,0.15,0.00,0.50,0.00,0.00,0,0,,3,1.50,98,2,2.77,99,1,1.38,80,0,0,2,56,0.00,99,0,1,1.38,82,1,48,1.38,68,0,0.00,99,0,0.00,0,0,0.00,0,0.00,24,3,4.15,96,1,1.38,33.33,0,0.00,0,0,0,0.00,0,4,0.00,3,5.54,99,N/A,N/A,N/A,N/A,0.00,0,0.00,0,0.30,0.00,0,75.00,66.67,95,99,0.00,0.00,0,88,43,0,0,0,0.00,0.00,0,56,12.88,0.00,0.00,0,0,0.00,0.00,99,0.00,0,0,0,0.00,0.00,0,0.00,0.00,1.38,0.50,1,0,0.00,72,0,0,71,8,0.04,24,0.02,0.06,0.30,88,0.15,0.42,99,3,1.50,4.15,4.15,1.50,99,3,0.42,87,18,15,91,0,99,86,0,0.00,99,1,0.00,1.38,16.62,6.00,12,5,97,99,6.92,2.50,41.67,1,1.38,24,0,0.00,0,0.00,99,0,0.00,0.00,48,24,77,73,0,0,0,0,0,51,71,84,80,0,99,41,52,52,0,0,59,19,0,0
Tega Ikoba,22,1060844400,2003/08/14,MLS Next Pro,2026,Forward,Sporting KC II,360,180,180,USA,4,2,2,0,0,0,0,0,0,0,0,0,0,0,9,3,6,0,0,0,0,0,0,0,0,2.25,40,90,0,0,0,97,78,-1,3,0,6.73,0,69,16.58,10.50,7,42,6.75,27,6,10.66,5,0.00,0.00,0.75,3,0.00,0.00,1.18,0.75,3,0.00,0.00,0.00,0.00,0.00,0.00,0.25,1.75,0.00,1.18,0.50,0.75,0.00,0.25,0.06,0.00,1.00,0.00,0.00,0,0,,3,0.75,61,1,0.39,61,2,0.79,63,0,0,4,50,0.00,99,0,0,0.00,25,0,48,0.00,30,0,0.00,99,0,0.00,0,0,0.00,0,1.18,69,3,1.18,57,1,0.39,33.33,0,0.00,0,0,0,0.00,0,7,0.00,17,2.76,86,N/A,N/A,N/A,N/A,0.00,0,0.00,0,0.22,0.00,0,64.29,33.33,65,99,0.00,0.00,0,45,43,0,0,0,0.25,0.39,1,79,26.92,0.25,0.39,1,0,0.00,0.00,99,0.00,0,0,0,0.00,0.00,0,0.00,0.00,0.00,0.00,0,0,0.00,72,88,85,71,21,0.20,37,0.05,0.08,0.22,58,0.06,0.09,70,4,1.00,1.58,1.18,0.75,58,3,0.09,56,41,28,91,0,71,89,0,0.00,99,4,0.00,1.58,7.11,4.50,18,12,68,42,4.74,3.00,66.67,0,0.00,99,0,0.00,0,0.00,99,0,0.00,0.00,48,92,77,73,0,0,0,0,0,51,71,84,80,0,99,41,52,52,0,0,59,37,0,0
Thomas Williams,21,1092553200,2004/08/15,MLS Next Pro,2026,Defender,Huntsville City,90,0,90,USA,1,0,1,0,0,0,0,0,0,0,0,0,0,0,4,0,4,0,0,0,0,0,0,0,0,4,23,90,0,0,0,-1,-1,-1,13,0,6.88,0,69,82.00,82.00,99,82,68.00,68,57,68.00,99,0.00,0.00,0.00,0,0.00,0.00,3.00,3.00,3,0.00,0.00,0.00,0.00,0.00,6.00,1.00,4.00,0.00,0.00,0.00,1.00,0.00,0.00,0.00,0.00,3.00,0.00,0.00,0,0,,0,0.00,25,0,0.00,45,0,0.00,30,0,0,1,93,0.00,99,0,6,6.00,99,0,48,0.00,30,0,0.00,99,0,0.00,0,0,0.00,0,0.00,24,1,1.00,51,1,1.00,100.00,0,0.00,0,0,0,0.00,0,4,0.00,0,4.00,94,N/A,N/A,N/A,N/A,0.00,0,0.00,0,0.00,0.00,0,82.93,0.00,45,99,0.00,0.00,0,79,99,0,0,0,0.00,0.00,0,56,6.88,3.00,3.00,3,0,0.00,0.00,99,0.00,0,0,0,0.00,0.00,0,0.00,0.00,0.00,0.00,0,0,0.00,72,0,0,71,5,0.16,69,0.16,0.16,0.00,27,0.00,0.00,52,1,1.00,1.00,1.00,1.00,51,1,0.00,25,56,87,91,0,71,99,0,0.00,99,3,0.00,3.00,9.00,9.00,9,8,99,65,8.00,8.00,88.89,0,0.00,99,0,0.00,0,0.00,99,0,0.00,0.00,48,3,77,73,0,0,0,0,0,51,71,84,80,0,99,41,52,52,0,0,59,22,0,0
Tim Zeegers,26,952848000,2000/03/12,MLS Next Pro,2026,Midfielder,Carolina Core,202,112,90,Netherlands,3,2,1,0,0,0,0,0,0,0,0,1,0,1,3,3,0,2,0,0,0,0,0,0,0,1.34,67,67,101,0,0.89,-1,-1,-1,10,0,6.70,0,69,23.93,16.75,31,67,11.50,46,12,16.43,24,0.00,0.00,0.00,0,0.00,1.25,2.50,1.75,7,0.00,0.25,0.00,0.00,0.00,1.25,0.25,1.00,0.00,0.36,0.25,0.25,0.00,0.00,0.01,0.00,0.75,0.00,0.00,0,0,,1,0.25,34,0,0.00,45,1,0.36,43,0,1,2,86,0.00,99,0,5,1.79,90,5,60,1.79,75,0,0.00,99,0,0.00,0,0,0.00,0,0.00,24,1,0.36,24,1,0.36,100.00,0,0.00,0,0,0,0.00,0,4,0.00,56,1.43,41,N/A,N/A,N/A,N/A,0.00,0,0.00,0,0.04,0.00,0,68.66,0.00,45,58,0.25,0.36,1,43,99,0,0,0,0.75,1.07,3,95,26.80,1.50,2.14,6,0,0.00,0.00,99,0.00,0,0,0,0.00,0.00,0,0.00,0.00,0.00,0.00,0,0,0.00,72,4,33,71,61,0.10,12,0.03,0.04,0.04,32,0.01,0.01,19,1,0.25,0.36,1.79,1.25,82,5,0.01,30,36,79,91,0,71,77,0,0.00,99,3,0.00,1.07,7.50,5.25,21,11,52,48,3.93,2.75,52.38,1,0.36,68,0,20.00,0,0.00,99,1,0.25,0.36,65,24,93,73,0,0,0,0,0,51,71,84,80,0,99,73,53,99,1,33,89,7,0,0
Timothy Dennis,56,N/A,N/A,MLS Next Pro,2026,Midfielder,Minnesota United II,0,0,0,,0,0,0,0,0,0,0,0,0,0,0,0,0,0,0,0,0,0,0,0,0,0,0,0,0,0,0,0,0,0,0,-1,-1,-1,-1,N/A,N/A,N/A,N/A,N/A,N/A,N/A,N/A,N/A,N/A,N/A,N/A,N/A,N/A,N/A,N/A,N/A,N/A,N/A,N/A,N/A,N/A,N/A,N/A,N/A,N/A,N/A,N/A,N/A,N/A,N/A,N/A,N/A,N/A,N/A,N/A,N/A,N/A,N/A,N/A,N/A,N/A,N/A,N/A,N/A,N/A,N/A,N/A,N/A,N/A,N/A,N/A,N/A,N/A,N/A,N/A,N/A,N/A,N/A,N/A,N/A,N/A,N/A,N/A,N/A,N/A,N/A,N/A,N/A,N/A,N/A,N/A,N/A,N/A,N/A,N/A,N/A,N/A,N/A,N/A,N/A,N/A,N/A,N/A,N/A,N/A,N/A,N/A,N/A,N/A,N/A,N/A,N/A,N/A,N/A,N/A,N/A,N/A,N/A,N/A,N/A,N/A,N/A,N/A,N/A,N/A,N/A,N/A,N/A,N/A,N/A,N/A,N/A,N/A,N/A,N/A,N/A,N/A,N/A,N/A,N/A,N/A,N/A,N/A,N/A,N/A,N/A,N/A,N/A,N/A,N/A,N/A,N/A,N/A,N/A,N/A,N/A,N/A,N/A,N/A,N/A,N/A,N/A,N/A,N/A,N/A,N/A,N/A,N/A,N/A,N/A,N/A,N/A,N/A,N/A,N/A,N/A,N/A,N/A,N/A,N/A,N/A,N/A,N/A,N/A,N/A,N/A,N/A,N/A,N/A,N/A,N/A,N/A,N/A,N/A,N/A,N/A,N/A,N/A,N/A,N/A,N/A,N/A,N/A,N/A,N/A,N/A,N/A,N/A,N/A,N/A,N/A,N/A,N/A,N/A,N/A,N/A,N/A,N/A,N/A,N/A,N/A,N/A,N/A,N/A,N/A,N/A,N/A,N/A,N/A,N/A,N/A,N/A,N/A,N/A,N/A,N/A,N/A,N/A,N/A,N/A,N/A,N/A,N/A
Tomás Romero,25,977212800,2000/12/19,MLS Next Pro,2026,Goalkeeper,New York City II,90,90,0,El Salvador,1,1,0,0,0,0,0,0,0,0,0,0,0,0,1,1,0,0,0,0,0,0,0,0,0,1,90,90,0,0,0,-1,-1,-1,11,0,7.09,0,69,40.50,54.00,69,54,42.00,42,35,31.50,64,0.00,0.00,0.00,0,0.00,0.00,0.00,0.00,0,0.00,0.00,0.00,0.00,4.00,0.00,0.00,5.00,0.00,0.00,0.00,0.00,0.00,0.00,0.00,0.00,0.00,0.00,0.00,0,0,,0,0.00,25,0,0.00,45,0,0.00,30,0,0,1,11,0.00,99,0,0,0.00,25,0,48,0.00,30,0,0.00,99,0,0.00,0,0,0.00,0,0.00,24,0,0.00,18,0,0.00,0.00,0,0.00,0,4,67,3.00,58,5,0.00,74,3.75,93,N/A,N/A,N/A,N/A,80.00,0,0.00,0,0.00,0.00,0,77.78,0.00,45,99,0.00,0.00,0,28,28,0,0,3,0.00,0.00,0,56,7.09,1.00,0.75,1,0,0.00,0.00,99,0.00,0,0,0,0.00,0.00,1,1.00,0.75,0.00,0.00,0,0,0.00,72,0,0,71,78,0.08,24,0.08,0.06,0.00,27,0.00,0.00,7,0,0.00,0.00,0.00,0.00,12,0,0.00,25,77,43,91,71,71,20,0,0.00,99,0,0.00,0.00,0.00,0.00,0,0,2,1,0.00,0.00,0.00,0,0.00,99,0,0.00,0,0.00,99,0,0.00,0.00,48,3,77,73,0,0,0,0,0,51,71,84,80,0,99,41,52,52,0,0,59,30,0,0
Tomas Totland,27,906966000,1998/09/28,MLS Next Pro,2026,Defender,St. Louis City II,90,0,90,Norway,1,0,1,0,0,0,0,0,0,0,0,0,0,0,2,0,2,0,0,0,0,0,0,0,0,2,45,90,0,0,0,-1,-1,-1,12,0,6.62,0,69,45.00,30.00,78,30,25.00,25,59,37.50,77,0.00,0.00,0.00,0,0.00,3.00,0.00,0.00,0,0.00,0.00,0.00,0.00,0.00,2.00,0.00,1.00,0.00,0.00,0.00,0.00,0.00,0.00,0.00,0.00,0.00,0.00,0.00,0,0,,0,0.00,25,0,0.00,45,0,0.00,30,0,0,1,11,0.00,99,0,2,3.00,99,3,48,4.50,94,0,0.00,99,0,0.00,0,0,0.00,0,0.00,24,0,0.00,18,0,0.00,0.00,0,0.00,0,0,0,0.00,0,1,0.00,30,1.50,48,N/A,N/A,N/A,N/A,0.00,0,0.00,0,0.00,0.00,0,83.33,0.00,45,99,0.00,0.00,0,28,28,0,0,0,0.00,0.00,0,56,6.62,0.00,0.00,0,0,0.00,0.00,99,0.00,0,0,0,0.00,0.00,0,0.00,0.00,0.00,0.00,0,0,0.00,72,0,0,71,36,0.05,37,0.05,0.08,0.00,27,0.00,0.00,7,0,0.00,0.00,0.00,0.00,12,0,0.00,25,29,15,91,0,71,20,0,0.00,99,0,0.00,0.00,0.00,0.00,0,0,2,1,0.00,0.00,0.00,0,0.00,99,0,0.00,0,0.00,99,0,0.00,0.00,48,3,77,73,0,0,0,0,0,51,71,84,80,0,99,41,52,52,0,0,59,14,0,0
Tomáš Wiesner,28,869122800,1997/07/17,MLS Next Pro,2026,Defender,Houston Dynamo FC II,151,151,0,Czech Republic,2,2,0,1,1,0,0,0,0,0,0,2,2,0,0,0,0,0,0,0.6,0,0.6,0.6,0,151,0,0,76,0,0,0,-1,-1,-1,3,0,7.17,0,69,42.32,35.50,73,71,28.50,57,42,33.97,69,0.00,0.00,1.00,2,0.00,4.00,1.79,1.50,3,0.00,1.00,0.00,0.00,0.00,1.00,0.50,0.00,3.00,1.79,1.00,1.00,0.00,0.50,0.42,0.00,0.00,0.00,0.00,0,0,,3,1.50,75,1,0.60,73,2,1.19,76,0,0,2,67,0.00,99,0,2,1.19,77,8,79,4.77,96,0,0.00,99,0,0.00,0,0,0.00,0,1.19,70,2,1.19,57,1,0.60,50.00,0,0.00,0,0,0,0.00,0,0,0.00,99,0.00,0,N/A,N/A,N/A,N/A,0.00,0,0.00,0,0.84,0.00,0,80.28,33.33,65,38,0.50,0.60,1,60,64,0,0,0,0.00,0.00,0,56,14.33,0.50,0.60,1,0,0.00,0.00,99,0.00,0,0,0,0.00,0.00,0,0.00,0.00,0.00,0.00,0,0,33.33,95,0,0,79,4,0.21,63,0.10,0.13,0.84,91,0.42,0.50,7,0,0.00,0.00,2.38,2.00,93,4,0.50,90,82,38,91,0,71,20,0,0.00,99,0,0.00,0.00,7.75,6.50,13,4,22,50,2.38,2.00,30.77,2,1.19,28,0,37.50,0,0.00,99,3,1.50,1.79,97,24,77,73,0,0,0,0,0,85,92,84,91,0,99,99,52,52,0,0,59,32,0,0
Tommy Mihalic,23,1036828800,2002/11/09,MLS Next Pro,2026,Midfielder,Los Angeles II,450,0,450,USA,5,0,5,4,0,4,0,0,0,0,0,0,0,0,11,0,11,1,0,0.8,0,0.8,0,0.8,113,2.2,41,90,450,0,0.2,7,52,-1,1,0,7.56,0,69,23.61,28.60,30,143,22.80,114,40,18.83,33,0.00,0.00,1.20,6,0.00,1.00,0.83,1.00,5,0.00,0.20,0.00,0.00,0.00,0.80,1.80,2.40,5.25,3.47,2.40,2.40,0.00,1.80,0.82,0.00,0.00,0.00,0.00,0,0,,21,4.20,95,9,1.49,93,12,1.98,93,0,0,5,34,0.00,99,0,4,0.66,53,5,82,0.83,56,0,0.00,99,0,0.00,0,0,0.00,0,0.99,63,12,1.98,77,9,1.49,75.00,0,0.00,0,0,0,0.00,0,12,0.00,18,1.98,64,N/A,N/A,N/A,N/A,0.00,0,0.00,0,4.09,0.00,0,79.72,42.86,73,44,0.60,0.50,3,91,85,0,0,0,0.20,0.17,1,56,37.80,0.80,0.66,4,0,0.00,0.00,99,0.00,0,0,2,0.40,0.33,0,0.00,0.00,0.66,0.80,4,0,19.05,82,99,99,76,24,0.53,42,0.11,0.09,4.09,96,0.82,0.68,73,10,2.00,1.65,0.66,0.80,35,4,0.68,95,96,40,96,0,91,20,0,0.00,99,0,0.00,0.00,5.78,7.00,35,23,46,29,3.80,4.60,65.71,1,0.17,78,0,40.00,0,0.00,99,2,0.40,0.33,62,99,77,73,0,1,0,20,0,91,96,93,80,0,99,41,99,55,1,20,63,90,0,0
Tomo Allen,18,1183446000,2007/07/03,MLS Next Pro,2026,Midfielder,San Jose Earthquakes II,64,27,37,USA,3,1,2,0,0,0,0,0,0,0,0,1,0,1,0,0,0,0,0,0,0,0,0,0,0,0,0,21,0,0,0,-1,-1,-1,11,0,4.85,0,69,16.28,4.25,7,17,3.25,13,30,12.45,10,0.00,0.00,0.00,0,0.00,0.00,0.00,0.00,0,0.00,0.00,0.00,0.00,0.00,0.00,0.00,0.00,0.00,0.00,0.00,0.00,0.00,0.00,0.00,0.00,0.50,0.00,0.00,0,0,,0,0.00,25,0,0.00,45,0,0.00,30,0,0,0,11,0.00,99,0,0,0.00,25,0,48,0.00,30,0,0.00,99,0,0.00,0,0,0.00,0,0.00,24,0,0.00,18,0,0.00,0.00,0,0.00,0,0,0,0.00,0,0,0.00,99,0.00,0,N/A,N/A,N/A,N/A,0.00,0,0.00,0,0.00,0.00,0,76.47,0.00,45,99,0.00,0.00,0,28,28,0,0,0,0.00,0.00,0,56,19.39,0.25,0.96,1,0,0.00,0.00,99,0.00,0,0,0,0.00,0.00,0,0.00,0.00,0.96,0.25,1,0,0.00,72,0,33,71,4,0.03,6,0.01,0.03,0.00,27,0.00,0.00,49,1,0.25,0.96,1.91,0.50,84,2,0.00,25,4,56,91,0,96,95,0,0.00,99,2,0.00,1.91,5.74,1.50,6,3,31,27,2.87,0.75,50.00,0,0.00,99,0,0.00,0,0.00,99,0,0.00,0.00,48,0,77,73,0,0,0,0,0,51,71,84,80,0,99,73,52,52,0,0,59,70,0,0
Trace Alphin,23,1033714800,2002/10/04,MLS Next Pro,2026,Goalkeeper,Real Monarchs,0,0,0,USA,0,0,0,0,0,0,0,0,0,0,0,0,0,0,0,0,0,0,0,0,0,0,0,0,0,0,0,0,0,0,0,-1,-1,-1,-1,N/A,N/A,N/A,N/A,N/A,N/A,N/A,N/A,N/A,N/A,N/A,N/A,N/A,N/A,N/A,N/A,N/A,N/A,N/A,N/A,N/A,N/A,N/A,N/A,N/A,N/A,N/A,N/A,N/A,N/A,N/A,N/A,N/A,N/A,N/A,N/A,N/A,N/A,N/A,N/A,N/A,N/A,N/A,N/A,N/A,N/A,N/A,N/A,N/A,N/A,N/A,N/A,N/A,N/A,N/A,N/A,N/A,N/A,N/A,N/A,N/A,N/A,N/A,N/A,N/A,N/A,N/A,N/A,N/A,N/A,N/A,N/A,N/A,N/A,N/A,N/A,N/A,N/A,N/A,N/A,N/A,N/A,N/A,N/A,N/A,N/A,N/A,N/A,N/A,N/A,N/A,N/A,N/A,N/A,N/A,N/A,N/A,N/A,N/A,N/A,N/A,N/A,N/A,N/A,N/A,N/A,N/A,N/A,N/A,N/A,N/A,N/A,N/A,N/A,N/A,N/A,N/A,N/A,N/A,N/A,N/A,N/A,N/A,N/A,N/A,N/A,N/A,N/A,N/A,N/A,N/A,N/A,N/A,N/A,N/A,N/A,N/A,N/A,N/A,N/A,N/A,N/A,N/A,N/A,N/A,N/A,N/A,N/A,N/A,N/A,N/A,N/A,N/A,N/A,N/A,N/A,N/A,N/A,N/A,N/A,N/A,N/A,N/A,N/A,N/A,N/A,N/A,N/A,N/A,N/A,N/A,N/A,N/A,N/A,N/A,N/A,N/A,N/A,N/A,N/A,N/A,N/A,N/A,N/A,N/A,N/A,N/A,N/A,N/A,N/A,N/A,N/A,N/A,N/A,N/A,N/A,N/A,N/A,N/A,N/A,N/A,N/A,N/A,N/A,N/A,N/A,N/A,N/A,N/A,N/A,N/A,N/A,N/A,N/A,N/A,N/A,N/A,N/A,N/A,N/A,N/A,N/A,N/A,N/A
Trevor Jackson,25,963817200,2000/07/17,MLS Next Pro,2026,Midfielder,Carolina Core,180,90,90,USA,2,1,1,0,0,0,0,0,0,0,0,0,0,0,4,2,2,0,0,0,0,0,0,0,0,2,45,90,0,0,0,-1,-1,-1,6,0,3.08,0,69,27.50,13.75,43,55,7.75,31,1,15.50,17,0.00,0.00,0.00,0,0.00,0.00,0.00,0.00,0,0.00,0.00,0.00,0.00,1.50,0.00,0.00,2.75,0.00,0.00,0.00,0.00,0.00,0.00,0.00,0.00,0.25,0.00,0.00,0,0,,0,0.00,25,0,0.00,45,0,0.00,30,0,0,2,11,0.00,99,0,0,0.00,25,0,48,0.00,30,0,0.00,99,0,0.00,0,0,0.00,0,0.00,24,0,0.00,18,0,0.00,0.00,0,0.00,0,6,25,3.00,58,11,0.00,30,5.50,99,N/A,N/A,N/A,N/A,54.55,0,0.00,0,0.00,0.00,0,56.36,0.00,45,99,0.00,0.00,0,28,28,0,0,5,0.00,0.00,0,56,12.34,0.50,1.00,2,0,0.00,0.00,99,0.00,0,0,0,0.00,0.00,1,0.25,0.50,0.50,0.25,1,0,0.00,72,0,0,71,36,0.07,12,0.02,0.04,0.00,27,0.00,0.00,7,0,0.00,0.00,0.00,0.00,12,0,0.00,25,0,56,91,57,88,50,0,0.00,99,1,0.00,0.50,0.50,0.25,1,1,6,6,0.50,0.25,100.00,0,0.00,99,0,0.00,0,0.00,99,0,0.00,0.00,48,24,77,73,0,0,0,0,0,51,71,84,80,0,99,41,52,52,0,0,59,44,0,0
Tristan Brown,18,1192604400,2007/10/17,MLS Next Pro,2026,Midfielder,Columbus Crew II,231,231,0,USA,3,3,0,0,0,0,1,1,0,0,0,2,2,0,2,2,0,0,0,0.39,0.39,0,0,0,0,0.78,116,77,0,231,0,-1,-1,-1,7,0,6.81,0.33,89,33.79,32.67,56,98,29.00,87,86,30.00,61,0.00,0.00,1.33,4,0.00,3.00,3.10,3.00,9,0.00,1.00,0.00,0.00,0.00,0.00,1.00,0.67,0.00,1.03,1.00,3.00,0.00,0.00,0.05,0.00,1.00,0.00,0.00,0,0,,3,1.00,58,0,0.00,45,3,1.03,72,1,0,3,94,0.00,99,0,0,0.00,25,9,82,3.10,88,0,0.00,99,0,0.00,0,0,0.00,0,1.38,77,9,3.10,92,3,1.03,33.33,0,0.00,0,0,0,0.00,0,2,0.00,78,0.69,12,N/A,N/A,N/A,N/A,0.00,0,0.00,0,0.15,0.00,0,88.78,0.00,45,8,1.33,1.38,4,80,43,0,0,0,0.00,0.00,0,56,20.44,1.00,1.03,3,0,0.00,0.00,99,0.00,0,0,0,0.00,0.00,0,0.00,0.00,0.34,0.33,1,0,0.00,72,14,33,71,82,0.92,88,0.31,0.32,0.15,47,0.05,0.05,18,1,0.33,0.34,0.69,0.67,37,2,0.05,45,49,57,91,0,82,75,0,0.00,99,3,0.00,1.03,10.69,10.33,31,16,83,81,5.52,5.33,51.61,3,1.03,36,0,44.44,0,0.00,99,4,1.33,1.38,96,60,77,96,0,0,0,0,0,73,71,84,80,0,99,97,52,52,0,0,59,22,0,0
Tristan Himes,22,1058252400,2003/07/15,MLS Next Pro,2026,Midfielder,Orlando City II,180,180,0,USA,2,2,0,0,0,0,0,0,0,0,0,0,0,0,5,5,0,0,0,0,0,0,0,0,0,2.5,36,90,0,0,0,-1,-1,-1,7,0,4.47,0,69,25.29,19.67,37,59,11.00,33,1,14.14,14,0.00,0.00,0.33,1,0.00,0.00,0.00,0.00,0,0.00,0.00,0.00,0.00,2.67,0.00,0.00,4.33,0.00,0.00,0.00,0.00,0.00,0.00,0.00,0.00,0.00,0.00,0.00,0,0,,0,0.00,25,0,0.00,45,0,0.00,30,0,0,2,11,0.00,99,0,0,0.00,25,0,48,0.00,30,0,0.00,99,0,0.00,0,0,0.00,0,0.43,39,0,0.00,18,0,0.00,0.00,0,0.00,0,8,29,3.43,79,13,0.00,9,5.57,99,N/A,N/A,N/A,N/A,61.54,0,0.00,0,0.00,0.00,0,55.93,0.00,45,99,0.00,0.00,0,28,28,0,0,3,0.00,0.00,0,56,13.41,0.67,0.86,2,0,0.00,0.00,99,0.00,0,0,0,0.00,0.00,0,0.00,0.00,0.00,0.00,0,0,0.00,72,0,0,71,13,0.12,17,0.04,0.05,0.00,27,0.00,0.00,25,1,0.33,0.43,0.00,0.00,12,0,0.00,25,2,51,91,0,71,20,0,0.00,99,0,0.00,0.00,0.43,0.33,1,1,6,6,0.43,0.33,100.00,0,0.00,99,0,0.00,0,0.00,99,0,0.00,0.00,48,24,77,73,0,0,0,0,0,51,71,84,80,0,99,41,52,52,0,0,59,40,0,0
Tucker Lepley,24,1011254400,2002/01/17,MLS Next Pro,2026,Midfielder,LA Galaxy II,252,72,180,USA,3,1,2,0,0,0,1,0,1,0,0,2,0,2,2,2,0,0,0,0.36,0.36,0,0,0,0,0.71,126,84,0,252,0,-1,-1,-1,12,0,6.71,0.33,87,44.53,47.50,78,95,40.00,80,61,37.50,77,0.00,0.00,0.00,0,0.00,1.50,0.47,0.50,1,0.00,0.50,0.00,0.00,0.00,0.50,0.50,1.00,0.00,0.94,1.00,1.00,0.00,0.00,0.04,0.00,0.00,0.00,0.00,0,0,,2,1.00,54,0,0.00,45,2,0.94,69,1,0,2,22,0.00,99,0,1,0.47,46,3,78,1.41,68,0,0.00,99,0,0.00,0,0,0.00,0,0.00,24,2,0.94,49,1,0.47,50.00,0,0.00,0,0,0,0.00,0,2,0.00,83,0.94,25,N/A,N/A,N/A,N/A,0.00,0,0.00,0,0.08,0.00,0,84.21,0.00,45,46,0.50,0.47,1,54,64,0,0,0,0.00,0.00,0,56,13.41,0.50,0.47,1,0,0.00,0.00,99,0.00,0,0,0,0.00,0.00,0,0.00,0.00,0.00,0.00,0,0,0.00,72,23,33,71,88,0.17,37,0.09,0.08,0.08,45,0.04,0.04,27,1,0.50,0.47,0.47,0.50,29,1,0.04,43,38,34,91,0,71,20,0,0.00,99,0,0.00,0.00,3.28,3.50,7,3,12,13,1.41,1.50,42.86,1,0.47,61,0,33.33,0,0.00,99,1,0.50,0.47,76,24,77,96,0,0,0,0,0,72,71,84,80,0,99,97,52,52,0,0,59,21,0,0
Tyler Hall,20,1139126400,2006/02/05,MLS Next Pro,2026,Midfielder,Inter Miami II,155,0,155,USA,2,0,2,0,0,0,1,0,1,0,0,0,0,0,3,0,3,0,0,0.58,0.58,0,0,0,0,1.74,52,78,0,155,0,-1,-1,-1,8,0,5.09,0.5,95,31.94,18.33,52,55,15.33,46,60,26.71,55,0.00,0.00,0.00,0,0.00,0.00,2.32,1.33,4,0.00,0.00,0.00,0.00,0.00,1.33,0.00,1.00,0.00,0.00,0.00,0.00,0.00,0.00,0.00,0.00,1.00,0.00,0.00,0,0,,0,0.00,25,0,0.00,45,0,0.00,30,0,0,2,83,0.00,99,0,4,2.32,96,0,48,0.00,30,0,0.00,99,0,0.00,0,0,0.00,0,0.00,24,0,0.00,18,0,0.00,0.00,0,0.00,0,0,0,0.00,0,3,0.00,36,1.74,55,N/A,N/A,N/A,N/A,0.00,0,0.00,0,0.00,0.00,0,83.64,0.00,45,39,0.33,0.58,1,28,28,0,0,0,2.00,3.48,6,99,15.26,4.00,6.97,12,0,0.00,0.00,99,0.00,0,0,0,0.00,0.00,0,0.00,0.00,0.00,0.00,0,0,0.00,72,0,0,71,41,0.09,17,0.03,0.05,0.00,27,0.00,0.00,89,4,1.33,2.32,0.00,0.00,12,0,0.00,25,6,99,91,0,71,91,0,0.00,99,3,0.00,1.74,7.55,4.33,13,11,91,48,6.39,3.67,84.62,0,0.00,99,0,0.00,0,0.00,99,0,0.00,0.00,48,24,77,73,0,0,0,0,0,82,71,84,80,0,99,41,52,52,0,0,59,26,0,0
Tyler Miller,33,731923200,1993/03/12,MLS Next Pro,2026,Goalkeeper,Crown Legacy,90,90,0,USA,1,1,0,0,0,0,0,0,0,0,0,1,1,0,0,0,0,0,0,0,0,0,0,0,0,0,0,90,0,0,0,-1,-1,-1,15,0,8.33,0,69,34.00,34.00,56,34,27.00,27,39,27.00,55,0.00,0.00,0.00,0,0.00,0.00,0.00,0.00,0,0.00,0.00,0.00,0.00,7.00,0.00,0.00,7.00,0.00,0.00,0.00,0.00,0.00,0.00,0.00,0.00,0.00,0.00,0.00,0,0,,0,0.00,25,0,0.00,45,0,0.00,30,0,0,1,11,0.00,99,0,0,0.00,25,0,48,0.00,30,0,0.00,99,0,0.00,0,0,0.00,0,0.00,24,0,0.00,18,0,0.00,0.00,0,0.00,0,7,99,7.00,99,7,0.00,99,7.00,99,N/A,N/A,N/A,N/A,100.00,0,0.00,0,0.00,0.00,0,79.41,0.00,45,99,0.00,0.00,0,28,28,0,0,5,0.00,0.00,0,56,8.33,0.00,0.00,0,0,0.00,0.00,99,0.00,0,0,0,0.00,0.00,0,0.00,0.00,0.00,0.00,0,0,0.00,72,0,0,71,4,0.05,17,0.05,0.05,0.00,27,0.00,0.00,7,0,0.00,0.00,0.00,0.00,12,0,0.00,25,99,15,91,0,71,20,0,0.00,99,0,0.00,0.00,0.00,0.00,0,0,2,1,0.00,0.00,0.00,0,0.00,99,0,0.00,0,0.00,99,0,0.00,0.00,48,3,77,73,0,0,0,0,0,51,71,84,80,0,99,99,52,52,0,0,59,21,0,0
Tyler Wolff,23,1045123200,2003/02/13,MLS Next Pro,2026,Forward,Real Monarchs,18,0,18,USA,1,0,1,0,0,0,1,0,1,0,0,1,0,1,0,0,0,0,0,5,5,0,0,0,0,0,0,18,0,18,0,-1,-1,-1,12,0,3.50,1,99,10.00,1.00,2,2,1.00,2,99,10.00,5,0.00,0.00,0.50,1,0.00,0.00,5.00,0.50,1,0.00,0.00,0.00,0.00,0.00,0.00,0.00,0.00,0.00,0.00,0.00,0.00,0.00,0.00,0.00,0.00,0.00,0.00,0.00,0,0,,0,0.00,25,0,0.00,45,0,0.00,30,0,1,0,99,0.00,99,0,0,0.00,25,0,48,0.00,30,0,0.00,99,0,0.00,0,0,0.00,0,5.00,99,0,0.00,18,0,0.00,0.00,0,0.00,0,0,0,0.00,0,0,0.00,99,0.00,0,N/A,N/A,N/A,N/A,0.00,0,0.00,0,0.00,0.00,0,100.00,0.00,45,99,0.00,0.00,0,28,28,0,0,0,0.00,0.00,0,56,6.99,0.00,0.00,0,0,0.00,0.00,99,0.00,0,0,0,0.00,0.00,0,0.00,0.00,0.00,0.00,0,0,0.00,72,0,0,71,4,0.63,99,0.32,3.15,0.00,27,0.00,0.00,7,0,0.00,0.00,0.00,0.00,12,0,0.00,25,0,15,91,0,71,20,0,0.00,99,0,0.00,0.00,5.00,0.50,1,1,72,18,5.00,0.50,100.00,0,0.00,99,0,0.00,0,0.00,99,0,0.00,0.00,48,0,93,73,0,0,0,0,0,99,71,84,80,0,99,99,52,52,0,0,59,16,0,0
Uriel Zeitz,24,988441200,2001/04/28,MLS Next Pro,2026,Midfielder,New York City II,18,0,18,USA,1,0,1,0,0,0,0,0,0,0,0,1,0,1,0,0,0,1,0,0,0,0,0,0,0,0,0,18,18,0,5,-1,-1,-1,10,0,4.35,0,69,19.73,5.33,15,16,4.67,14,81,17.26,27,0.00,0.00,0.00,0,0.00,0.00,1.23,0.33,1,0.00,0.67,0.00,0.00,0.00,0.33,0.00,0.67,0.00,2.47,0.00,0.00,0.00,0.67,0.08,0.00,0.00,0.00,0.00,0,0,,2,0.67,85,2,2.47,99,0,0.00,30,0,1,0,51,0.00,99,0,1,1.23,78,0,48,0.00,30,0,0.00,99,0,0.00,0,0,0.00,0,0.00,24,0,0.00,18,0,0.00,0.00,0,0.00,0,0,0,0.00,0,2,0.00,99,2.47,81,N/A,N/A,N/A,N/A,0.00,0,0.00,0,0.23,0.00,0,87.50,100.00,99,99,0.00,0.00,0,28,28,0,0,0,0.00,0.00,0,56,13.04,0.00,0.00,0,0,0.00,0.00,99,0.00,0,0,0,0.00,0.00,0,0.00,0.00,0.00,0.00,0,0,0.00,72,0,0,71,4,0.03,12,0.01,0.04,0.23,79,0.08,0.28,61,1,0.33,1.23,2.47,0.67,95,2,0.28,78,2,15,91,0,71,20,0,0.00,99,0,0.00,0.00,7.40,2.00,6,2,23,45,2.47,0.67,33.33,2,2.47,3,0,0.00,0,0.00,99,0,0.00,0.00,48,0,93,73,0,0,0,0,0,51,71,84,80,0,99,99,52,99,0,0,59,99,0,0
Vicente Garcia,15,1277449200,2010/06/25,MLS Next Pro,2026,Midfielder,LA Galaxy II,252,162,90,USA,3,2,1,0,0,0,1,1,0,0,0,0,0,0,6,4,2,1,0,0.36,0.36,0,0,0,0,2.14,42,84,252,252,0.36,-1,-1,-1,5,0,7.08,0.33,87,31.60,33.00,52,99,30.00,90,93,28.72,59,0.00,0.00,2.00,6,0.00,3.00,1.91,2.00,6,0.00,1.00,0.00,0.00,0.00,1.33,2.00,2.00,0.00,0.96,0.67,4.33,0.00,0.33,0.07,0.00,0.00,0.00,0.00,0,0,,3,1.00,55,1,0.32,57,2,0.64,57,1,0,3,74,0.00,99,0,4,1.28,79,9,51,2.87,86,0,0.00,99,0,0.00,0,0,0.00,0,1.91,89,13,4.15,96,6,1.91,46.15,0,0.00,0,0,0,0.00,0,6,0.00,20,1.91,62,N/A,N/A,N/A,N/A,0.00,0,0.00,0,0.20,0.00,0,90.91,33.33,65,19,1.00,0.96,3,95,50,0,0,0,0.00,0.00,0,56,21.25,0.33,0.32,1,0,0.00,0.00,99,0.00,0,0,0,0.00,0.00,0,0.00,0.00,0.00,0.00,0,0,0.00,72,23,33,71,25,1.00,88,0.33,0.32,0.20,52,0.07,0.06,99,10,3.33,3.19,1.91,2.00,84,6,0.06,50,77,22,91,0,71,20,0,0.00,99,0,0.00,0.00,13.40,14.00,42,22,97,95,7.02,7.33,52.38,3,0.96,40,0,11.11,0,0.00,99,1,0.33,0.32,60,60,77,96,0,0,0,0,0,72,71,84,80,0,99,41,75,77,1,33,89,45,0,0
Victor Enriquez,19,1145170800,2006/04/16,MLS Next Pro,2026,Midfielder,Portland Timbers II,360,270,90,USA,4,3,1,0,0,0,0,0,0,0,0,2,2,0,5,1,4,3,0,0,0,0,0,0,0,1.25,72,90,120,0,0.75,88,111,-1,4,0,6.97,0,69,46.74,50.25,80,201,43.50,174,72,40.47,80,0.00,0.00,1.00,4,0.00,1.00,1.86,2.00,8,0.00,1.25,0.00,0.00,0.00,1.00,0.00,1.50,2.00,0.47,0.25,0.50,0.00,0.25,0.18,0.00,0.25,0.00,0.00,0,0,,2,0.50,40,1,0.23,49,1,0.23,34,0,0,4,70,0.00,99,0,4,0.93,68,4,65,0.93,61,0,0.00,99,0,0.00,0,0,0.00,0,0.93,60,2,0.47,32,0,0.00,0.00,0,0.00,0,0,0,0.00,0,6,0.00,64,1.40,40,N/A,N/A,N/A,N/A,0.00,0,0.00,0,0.72,0.00,0,86.57,50.00,87,33,0.75,0.70,3,28,28,1,0,0,0.25,0.23,1,61,27.86,1.25,1.16,5,0,0.00,0.00,99,0.00,0,1,0,0.00,0.00,0,0.00,0.00,0.00,0.00,0,0,50.00,99,88,85,71,69,0.59,67,0.15,0.14,0.02,27,0.01,0.00,90,10,2.50,2.33,1.40,1.50,71,6,0.17,68,66,61,91,0,71,26,0,0.00,99,1,0.00,0.23,9.30,10.00,40,19,62,68,4.42,4.75,47.50,5,1.16,29,0,25.00,0,0.00,99,1,0.25,0.23,52,92,77,73,0,0,0,0,0,51,71,84,80,0,99,90,56,97,3,75,99,46,0,0
Viktor Radojević,21,1089788400,2004/07/14,MLS Next Pro,2026,Midfielder,Chicago Fire II,70,70,0,Serbia,1,1,0,0,0,0,0,0,0,0,0,0,0,0,1,1,0,0,0,0,0,0,0,0,0,1.29,70,70,0,0,0,-1,-1,-1,7,0,6.74,0,69,48.86,38.00,83,38,31.00,31,50,39.86,80,0.00,0.00,3.00,3,0.00,7.00,0.00,0.00,0,0.00,2.00,0.00,0.00,0.00,3.00,0.00,1.00,0.00,1.29,1.00,0.00,0.00,0.00,0.05,0.00,0.00,0.00,0.00,0,0,,1,1.00,63,0,0.00,45,1,1.29,79,1,0,1,11,0.00,99,0,3,3.86,99,7,69,9.00,99,0,0.00,99,0,0.00,0,0,0.00,0,3.86,99,0,0.00,18,0,0.00,0.00,0,0.00,0,0,0,0.00,0,1,0.00,58,1.29,32,N/A,N/A,N/A,N/A,0.00,0,0.00,0,0.05,0.00,0,81.58,0.00,45,99,0.00,0.00,0,28,28,0,0,0,0.00,0.00,0,56,6.74,1.00,1.29,1,0,0.00,0.00,99,0.00,0,0,0,0.00,0.00,0,0.00,0.00,1.29,1.00,1,0,0.00,72,0,0,71,63,0.19,77,0.19,0.24,0.05,52,0.05,0.06,7,0,0.00,0.00,2.57,2.00,96,2,0.06,50,42,64,91,0,99,20,0,0.00,99,0,0.00,0.00,5.14,4.00,4,0,2,20,0.00,0.00,0.00,2,2.57,3,0,28.57,0,0.00,99,2,2.00,2.57,99,3,77,96,0,0,0,0,0,51,71,84,80,0,99,41,52,52,0,0,59,14,0,0
Vincent Rinaldi,19,1169107200,2007/01/18,MLS Next Pro,2026,Midfielder,Colorado Rapids II,90,0,90,USA,1,0,1,0,0,0,0,0,0,0,0,0,0,0,2,0,2,0,0,0,0,0,0,0,0,2,45,90,0,0,0,-1,-1,-1,12,0,3.17,0,69,86.00,43.00,99,86,38.50,77,89,77.00,99,0.00,0.00,0.00,0,0.00,0.00,1.00,0.50,1,0.00,0.50,0.00,0.00,0.00,1.00,0.00,1.00,0.00,0.00,0.00,0.00,0.00,0.00,0.00,0.00,0.50,0.00,0.00,0,0,,0,0.00,25,0,0.00,45,0,0.00,30,0,0,1,39,0.00,99,0,2,2.00,93,0,48,0.00,30,0,0.00,99,0,0.00,0,0,0.00,0,0.00,24,0,0.00,18,0,0.00,0.00,0,0.00,0,0,0,0.00,0,2,0.00,30,2.00,66,N/A,N/A,N/A,N/A,0.00,0,0.00,0,0.00,0.00,0,89.53,0.00,45,18,0.50,1.00,1,28,28,0,0,0,0.00,0.00,0,56,6.33,1.50,3.00,3,0,0.00,0.00,99,0.00,0,0,0,0.00,0.00,0,0.00,0.00,0.00,0.00,0,0,0.00,72,0,0,71,36,0.19,73,0.10,0.19,0.00,27,0.00,0.00,83,2,1.00,2.00,5.00,2.50,99,5,0.00,25,0,87,91,0,71,74,0,0.00,99,1,0.00,1.00,13.00,6.50,13,4,54,92,4.00,2.00,30.77,1,1.00,37,0,0.00,0,0.00,99,0,0.00,0.00,48,3,77,73,0,0,0,0,0,51,71,84,80,0,99,41,52,52,0,0,59,94,0,0
Vitaliy Hlyut,17,1209452400,2008/04/29,MLS Next Pro,2026,Midfielder,Chicago Fire II,283,103,180,USA,4,2,2,0,0,0,0,0,0,0,0,1,1,0,3,0,3,0,0,0,0,0,0,0,0,0.95,94,71,0,0,0,64,83,-1,13,0,6.59,0,69,26.75,21.25,41,85,16.50,66,35,20.77,42,0.00,0.00,1.00,4,0.00,0.50,1.26,1.00,4,0.00,2.50,0.00,0.00,0.00,0.00,1.00,0.75,0.00,1.26,0.75,2.00,0.00,0.25,0.06,0.00,0.25,0.00,0.00,0,0,,4,1.00,61,1,0.31,57,3,0.94,69,0,1,3,52,0.00,99,0,0,0.00,25,2,92,0.63,48,0,0.00,99,0,0.00,0,0,0.00,0,1.26,71,8,2.52,84,4,1.26,50.00,0,0.00,0,0,0,0.00,0,3,0.00,75,0.94,25,N/A,N/A,N/A,N/A,0.00,0,0.00,0,0.24,0.00,0,77.65,25.00,56,21,0.75,0.94,3,84,64,0,0,0,0.00,0.00,0,56,26.35,0.25,0.31,1,0,0.00,0.00,99,0.00,0,0,0,0.00,0.00,0,0.00,0.00,0.00,0.00,0,0,0.00,72,48,85,71,79,0.28,42,0.07,0.09,0.24,55,0.06,0.08,86,7,1.75,2.20,1.26,1.00,64,4,0.08,54,27,21,91,0,71,33,0,0.00,99,1,0.00,0.31,13.22,10.50,42,16,73,94,5.03,4.00,38.10,10,3.15,2,0,50.00,0,0.00,99,1,0.25,0.31,59,60,93,73,0,0,0,0,0,51,71,84,80,0,99,62,52,52,0,0,59,68,0,0
Vlad Danciutiu,19,1152601200,2006/07/11,MLS Next Pro,2026,Midfielder,Austin II,0,0,0,Romania,0,0,0,0,0,0,0,0,0,0,0,0,0,0,0,0,0,0,0,0,0,0,0,0,0,0,0,0,0,0,0,-1,-1,-1,-1,N/A,N/A,N/A,N/A,N/A,N/A,N/A,N/A,N/A,N/A,N/A,N/A,N/A,N/A,N/A,N/A,N/A,N/A,N/A,N/A,N/A,N/A,N/A,N/A,N/A,N/A,N/A,N/A,N/A,N/A,N/A,N/A,N/A,N/A,N/A,N/A,N/A,N/A,N/A,N/A,N/A,N/A,N/A,N/A,N/A,N/A,N/A,N/A,N/A,N/A,N/A,N/A,N/A,N/A,N/A,N/A,N/A,N/A,N/A,N/A,N/A,N/A,N/A,N/A,N/A,N/A,N/A,N/A,N/A,N/A,N/A,N/A,N/A,N/A,N/A,N/A,N/A,N/A,N/A,N/A,N/A,N/A,N/A,N/A,N/A,N/A,N/A,N/A,N/A,N/A,N/A,N/A,N/A,N/A,N/A,N/A,N/A,N/A,N/A,N/A,N/A,N/A,N/A,N/A,N/A,N/A,N/A,N/A,N/A,N/A,N/A,N/A,N/A,N/A,N/A,N/A,N/A,N/A,N/A,N/A,N/A,N/A,N/A,N/A,N/A,N/A,N/A,N/A,N/A,N/A,N/A,N/A,N/A,N/A,N/A,N/A,N/A,N/A,N/A,N/A,N/A,N/A,N/A,N/A,N/A,N/A,N/A,N/A,N/A,N/A,N/A,N/A,N/A,N/A,N/A,N/A,N/A,N/A,N/A,N/A,N/A,N/A,N/A,N/A,N/A,N/A,N/A,N/A,N/A,N/A,N/A,N/A,N/A,N/A,N/A,N/A,N/A,N/A,N/A,N/A,N/A,N/A,N/A,N/A,N/A,N/A,N/A,N/A,N/A,N/A,N/A,N/A,N/A,N/A,N/A,N/A,N/A,N/A,N/A,N/A,N/A,N/A,N/A,N/A,N/A,N/A,N/A,N/A,N/A,N/A,N/A,N/A,N/A,N/A,N/A,N/A,N/A,N/A,N/A,N/A,N/A,N/A,N/A,N/A
Wesley Charpie,33,720864000,1992/11/04,MLS Next Pro,2026,Defender,Real Monarchs,222,178,44,USA,4,3,1,0,0,0,0,0,0,0,0,1,0,1,3,3,0,0,0,0,0,0,0,0,0,1.22,74,56,0,0,0,-1,-1,-1,9,0,6.57,0,69,58.09,45.50,92,182,42.25,169,97,53.94,95,0.00,0.00,0.00,0,0.00,0.00,1.28,1.00,4,0.00,0.00,0.00,0.00,0.00,0.50,0.00,1.00,0.00,0.32,0.25,0.00,0.00,0.00,0.01,0.00,0.50,0.00,0.00,0,0,,1,0.25,33,0,0.00,45,1,0.32,41,0,3,1,53,0.00,99,0,2,0.64,52,0,48,0.00,30,0,0.00,99,0,0.00,0,0,0.00,0,0.00,24,0,0.00,18,0,0.00,0.00,0,0.00,0,0,0,0.00,0,4,0.00,65,1.28,31,N/A,N/A,N/A,N/A,0.00,0,0.00,0,0.05,0.00,0,92.86,0.00,45,38,0.50,0.64,2,28,28,0,0,0,0.75,0.96,3,94,26.28,1.25,1.60,5,0,0.00,0.00,99,0.00,0,0,0,0.00,0.00,0,0.00,0.00,0.00,0.00,0,0,0.00,72,10,85,71,70,0.42,63,0.10,0.13,0.05,38,0.01,0.02,7,0,0.00,0.00,0.00,0.00,12,0,0.02,36,26,72,91,0,71,58,0,0.00,99,2,0.00,0.64,2.87,2.25,9,5,15,12,1.60,1.25,55.56,0,0.00,99,0,0.00,0,0.00,99,0,0.00,0.00,48,3,99,73,0,0,0,0,0,51,71,84,80,0,99,62,52,52,0,0,59,67,0,0
William David Sangoquiza Paredes,20,1126162800,2005/09/08,MLS Next Pro,2026,Midfielder,Crown Legacy,360,270,90,Ecuador,4,3,1,0,0,0,0,0,0,0,0,2,2,0,3,2,1,2,0,0,0,0,0,0,0,0.75,120,90,180,0,0.5,73,90,-1,8,0,6.92,0,69,48.50,48.50,82,194,44.75,179,96,44.75,86,0.00,0.00,0.50,2,0.00,0.25,1.00,1.00,4,0.00,0.00,0.00,0.00,0.00,1.50,0.25,0.75,0.00,1.00,1.00,0.25,0.00,0.00,0.05,0.00,2.75,0.00,0.00,0,0,,4,1.00,57,0,0.00,45,4,1.00,70,0,0,4,39,0.00,99,0,6,1.50,85,1,99,0.25,33,0,0.00,99,0,0.00,0,0,0.00,0,0.50,42,1,0.25,20,1,0.25,100.00,0,0.00,0,0,0,0.00,0,3,0.00,82,0.75,15,N/A,N/A,N/A,N/A,0.00,0,0.00,0,0.20,0.00,0,92.27,0.00,45,68,0.25,0.25,1,31,99,0,0,0,0.75,0.75,3,91,27.66,2.25,2.25,9,1,0.00,0.25,3,0.25,0,0,0,0.00,0.00,0,0.00,0.00,0.00,0.00,0,0,0.00,72,88,85,71,86,0.44,54,0.11,0.11,0.20,47,0.05,0.05,12,1,0.25,0.25,0.75,0.75,40,3,0.05,45,61,79,91,0,71,99,0,0.00,99,11,0.00,2.75,5.75,5.75,23,16,54,28,4.00,4.00,69.57,0,0.00,99,0,100.00,0,0.00,99,1,0.25,0.25,55,92,77,73,0,0,0,0,0,51,71,84,80,0,99,90,65,91,2,50,97,43,0,0
William Kuisel,18,1200470400,2008/01/16,MLS Next Pro,2026,Midfielder,FC Cincinnati II,224,90,134,USA,3,1,2,0,0,0,0,0,0,0,0,0,0,0,4,2,2,0,0,0,0,0,0,0,0,1.61,56,75,0,0,0,-1,-1,-1,6,0,6.44,0,69,64.29,46.25,96,185,37.75,151,51,52.47,94,0.00,0.00,0.00,0,0.00,0.50,1.39,1.00,4,0.00,0.25,0.00,0.00,0.00,0.75,0.00,1.25,0.00,0.35,0.25,0.00,0.00,0.00,0.01,0.00,1.50,0.00,0.00,0,0,,1,0.25,33,0,0.00,45,1,0.35,42,0,1,2,57,0.00,99,0,3,1.04,72,2,92,0.69,50,0,0.00,99,0,0.00,0,0,0.00,0,0.00,24,0,0.00,18,0,0.00,0.00,0,0.00,0,0,0,0.00,0,5,0.00,41,1.74,55,N/A,N/A,N/A,N/A,0.00,0,0.00,0,0.04,0.00,0,81.62,0.00,45,58,0.25,0.35,1,28,28,0,0,0,0.00,0.00,0,56,25.77,3.75,5.21,15,0,0.00,0.00,99,0.00,0,0,0,0.00,0.00,0,0.00,0.00,0.35,0.25,1,0,0.00,72,11,33,71,46,0.38,63,0.10,0.13,0.04,32,0.01,0.01,34,2,0.50,0.69,1.04,0.75,53,3,0.01,30,18,98,91,0,82,97,0,0.00,99,6,0.00,2.08,6.95,5.00,20,11,47,40,3.82,2.75,55.00,1,0.35,69,0,50.00,0,0.00,99,1,0.25,0.35,64,24,93,73,0,0,0,0,0,51,71,84,80,0,99,41,52,52,0,0,59,60,0,0
William Mackay,18,1206082800,2008/03/21,MLS Next Pro,2026,Midfielder,Huntsville City,270,90,180,USA,3,1,2,0,0,0,0,0,0,0,0,0,0,0,7,2,5,0,0,0,0,0,0,0,0,2.33,39,90,0,0,0,-1,-1,-1,9,0,6.94,0,69,36.00,40.00,59,120,26.33,79,7,23.70,49,0.00,0.00,0.33,1,0.00,0.00,0.00,0.00,0,0.00,0.00,0.00,0.00,4.00,0.00,0.00,6.33,0.00,0.00,0.00,0.00,0.00,0.00,0.00,0.00,0.67,0.00,0.00,0,0,,0,0.00,25,0,0.00,45,0,0.00,30,0,0,3,11,0.00,99,0,0,0.00,25,0,48,0.00,30,0,0.00,99,0,0.00,0,0,0.00,0,0.30,30,0,0.00,18,0,0.00,0.00,0,0.00,0,12,42,3.60,83,19,0.00,15,5.70,99,N/A,N/A,N/A,N/A,63.16,0,0.00,0,0.00,0.00,0,65.83,0.00,45,99,0.00,0.00,0,28,28,0,0,8,0.00,0.00,0,56,20.82,0.67,0.60,2,0,0.00,0.00,99,0.00,1,0,0,0.00,0.00,1,0.33,0.30,0.00,0.00,0,0,0.00,72,46,33,71,20,0.19,24,0.06,0.06,0.00,27,0.00,0.00,7,0,0.00,0.00,0.00,0.00,12,0,0.00,25,63,38,91,29,71,56,0,0.00,99,2,0.00,0.60,0.60,0.67,2,2,7,6,0.60,0.67,100.00,0,0.00,99,0,0.00,0,0.00,99,0,0.00,0.00,48,60,77,73,0,0,0,0,0,51,71,84,80,0,99,41,52,52,0,0,59,95,0,0
Willyam Ferreira,56,N/A,N/A,MLS Next Pro,2026,Midfielder,Philadelphia Union II,360,270,90,,4,3,1,0,0,0,1,1,0,0,0,2,2,0,2,2,0,1,0,0.25,0.25,0,0,0,0,0.5,180,90,360,360,0.25,43,30,-1,6,0,6.50,0.25,81,28.23,21.25,45,85,15.00,60,16,19.93,37,0.00,0.00,1.25,5,0.00,3.75,1.00,0.75,3,0.00,2.75,0.00,0.00,0.00,0.75,0.75,0.25,0.00,0.33,0.25,2.00,0.00,0.00,0.01,0.00,0.50,0.00,0.00,0,0,,1,0.25,33,0,0.00,45,1,0.33,42,0,0,4,39,0.00,99,0,3,1.00,70,15,52,4.98,97,0,0.00,99,0,0.00,0,0,0.00,0,1.66,83,8,2.66,86,3,1.00,37.50,0,0.00,0,0,0,0.00,0,1,0.00,91,0.33,2,N/A,N/A,N/A,N/A,0.00,0,0.00,0,0.05,0.00,0,70.59,0.00,45,18,0.75,1.00,3,79,45,0,0,0,0.00,0.00,0,56,26.01,0.50,0.66,2,0,0.00,0.00,99,0.00,0,0,0,0.00,0.00,0,0.00,0.00,0.00,0.00,0,0,0.00,72,88,85,71,96,0.90,85,0.23,0.30,0.05,38,0.01,0.02,83,6,1.50,1.99,2.32,1.75,92,7,0.02,36,20,40,91,0,71,58,0,0.00,99,2,0.00,0.66,14.94,11.25,45,14,66,98,4.65,3.50,31.11,11,3.65,1,0,13.33,0,0.00,99,2,0.50,0.66,82,92,77,73,0,0,0,0,0,64,71,84,80,0,99,90,97,65,1,25,81,49,0,0
Xavi Gnaulati,21,1106380800,2005/01/22,MLS Next Pro,2026,Midfielder,Tacoma Defiance,450,360,90,USA,5,4,1,0,0,0,0,0,0,0,0,1,1,0,8,4,4,2,0,0,0,0,0,0,0,1.6,56,90,225,0,0.4,69,60,-1,11,0,6.87,0,69,38.14,44.50,64,178,38.75,155,76,33.21,68,0.00,0.00,1.50,6,0.00,1.75,1.07,1.25,5,0.00,0.00,0.00,0.00,0.00,1.00,0.50,1.75,0.00,1.50,1.50,1.00,0.00,0.25,0.12,0.00,0.25,0.00,0.00,0,0,,7,1.75,71,1,0.21,47,6,1.29,79,0,0,4,42,0.00,99,0,4,0.86,63,7,93,1.50,70,0,0.00,99,0,0.00,0,0,0.00,0,1.29,73,4,0.86,46,2,0.43,50.00,0,0.00,0,0,0,0.00,0,7,0.00,42,1.50,48,N/A,N/A,N/A,N/A,0.00,0,0.00,0,0.46,0.00,0,87.08,14.29,46,25,1.00,0.86,4,50,64,0,0,0,0.25,0.21,1,59,27.46,0.50,0.43,2,0,0.00,0.00,99,0.00,0,0,0,0.00,0.00,0,0.00,0.00,0.00,0.00,0,0,0.00,72,99,99,71,46,0.65,67,0.16,0.14,0.46,60,0.12,0.10,55,5,1.25,1.07,0.86,1.00,45,4,0.10,58,56,32,91,0,71,23,0,0.00,99,1,0.00,0.21,5.14,6.00,24,13,30,20,2.79,3.25,54.17,0,0.00,99,0,57.14,0,0.00,99,4,1.00,0.86,88,92,77,73,0,0,0,0,0,51,71,84,80,0,99,47,72,82,2,40,91,32,0,0
Xavier Valdez,22,1069574400,2003/11/23,MLS Next Pro,2026,Goalkeeper,Huntsville City,90,0,90,USA,1,0,1,0,0,0,0,0,0,0,0,0,0,0,7,0,7,0,0,0,0,0,0,0,0,7,13,90,0,0,0,-1,-1,-1,12,0,5.57,0,69,31.00,31.00,51,31,22.00,22,16,22.00,44,0.00,0.00,0.00,0,0.00,0.00,0.00,0.00,0,0.00,0.00,0.00,0.00,4.00,0.00,0.00,11.00,0.00,0.00,0.00,0.00,0.00,0.00,0.00,0.00,0.00,0.00,0.00,0,0,,0,0.00,25,0,0.00,45,0,0.00,30,0,0,1,11,0.00,99,0,0,0.00,25,0,48,0.00,30,0,0.00,99,0,0.00,0,0,0.00,0,0.00,24,0,0.00,18,0,0.00,0.00,0,0.00,0,4,8,4.00,92,11,0.00,0,11.00,99,N/A,N/A,N/A,N/A,36.36,0,0.00,0,0.00,0.00,0,70.97,0.00,45,18,1.00,1.00,1,28,28,0,0,1,0.00,0.00,0,56,5.57,3.00,3.00,3,0,0.00,0.00,99,0.00,0,0,0,0.00,0.00,1,1.00,1.00,0.00,0.00,0,0,0.00,72,0,0,71,4,0.05,17,0.05,0.05,0.00,27,0.00,0.00,7,0,0.00,0.00,0.00,0.00,12,0,0.00,25,10,87,91,93,71,20,0,0.00,99,0,0.00,0.00,1.00,1.00,1,0,2,7,0.00,0.00,0.00,0,0.00,99,0,0.00,0,0.00,99,0,0.00,0.00,48,3,77,73,0,0,0,0,0,51,71,84,80,0,99,41,52,52,0,0,59,13,0,0
Xavier Zengue,25,985161600,2001/03/21,MLS Next Pro,2026,Midfielder,Columbus Crew II,26,0,26,USA,1,0,1,0,0,0,0,0,0,0,0,0,0,0,0,0,0,0,0,0,0,0,0,0,0,0,0,26,0,0,0,-1,-1,-1,4,0,6.65,0,69,55.38,16.00,90,16,16.00,16,99,55.38,97,0.00,0.00,2.00,2,0.00,2.00,0.00,0.00,0,0.00,2.00,0.00,0.00,0.00,0.00,0.00,0.00,0.00,0.00,0.00,1.00,0.00,0.00,0.00,0.00,1.00,0.00,0.00,0,0,,0,0.00,25,0,0.00,45,0,0.00,30,0,1,0,11,0.00,99,0,0,0.00,25,2,92,6.92,98,0,0.00,99,0,0.00,0,0,0.00,0,6.92,99,1,3.46,93,0,0.00,0.00,0,0.00,0,0,0,0.00,0,0,0.00,99,0.00,0,N/A,N/A,N/A,N/A,0.00,0,0.00,0,0.00,0.00,0,100.00,0.00,45,99,0.00,0.00,0,28,28,0,0,0,0.00,0.00,0,56,6.65,0.00,0.00,0,0,0.00,0.00,99,0.00,0,0,0,0.00,0.00,0,0.00,0.00,0.00,0.00,0,0,0.00,72,0,0,71,4,0.13,96,0.13,0.45,0.00,27,0.00,0.00,99,2,2.00,6.92,0.00,0.00,12,0,0.00,25,30,15,91,0,71,99,0,0.00,99,1,0.00,3.46,24.23,7.00,7,3,99,99,10.38,3.00,42.86,2,6.92,0,0,50.00,0,0.00,99,1,1.00,3.46,99,0,93,73,0,0,0,0,0,51,71,84,80,0,99,41,52,52,0,0,59,48,0,0
Yair Alexander Ramos Perez,20,1129186800,2005/10/13,MLS Next Pro,2026,Midfielder,FC Cincinnati II,180,90,90,Venezuela,2,1,1,0,0,0,0,0,0,0,0,0,0,0,4,2,2,0,0,0,0,0,0,0,0,2,45,90,0,0,0,-1,-1,-1,4,0,3.33,0,69,37.67,18.00,63,72,14.75,59,52,30.87,62,0.00,0.00,0.00,0,0.00,0.00,2.62,1.25,5,0.00,0.75,0.00,0.00,0.00,1.25,0.25,1.00,0.00,1.57,0.75,0.50,0.00,0.00,0.04,0.00,0.75,0.00,0.00,0,0,,3,0.75,71,0,0.00,45,3,1.57,85,0,0,2,87,0.00,99,0,5,2.62,97,0,48,0.00,30,0,0.00,99,0,0.00,0,0,0.00,0,0.00,24,2,1.05,52,1,0.52,50.00,0,0.00,0,0,0,0.00,0,4,0.00,30,2.09,69,N/A,N/A,N/A,N/A,0.00,0,0.00,0,0.14,0.00,0,81.94,0.00,45,42,0.25,0.52,1,55,64,0,0,0,0.50,1.05,2,94,13.30,0.50,1.05,2,0,0.00,0.00,99,0.00,0,0,0,0.00,0.00,0,0.00,0.00,0.00,0.00,0,0,0.00,72,0,0,71,36,0.11,24,0.03,0.06,0.14,53,0.04,0.07,7,0,0.00,0.00,3.66,1.75,99,7,0.07,52,0,57,91,0,71,89,0,0.00,99,3,0.00,1.57,12.03,5.75,23,9,68,87,4.71,2.25,39.13,3,1.57,19,0,0.00,0,0.00,99,0,0.00,0.00,48,24,77,73,0,0,0,0,0,51,71,84,80,0,99,41,52,52,0,0,59,52,0,0
Yu Tsukanome,25,977385600,2000/12/21,MLS Next Pro,2026,Midfielder,Tacoma Defiance,270,270,0,Japan,3,3,0,1,1,0,0,0,0,0,0,1,1,0,3,3,0,1,0,0.33,0,0.33,0.33,0,270,1,90,90,270,0,0.33,-1,-1,-1,2,0,7.06,0,69,26.45,32.33,40,97,26.33,79,48,21.55,43,0.00,0.00,2.00,6,0.00,0.67,1.09,1.33,4,0.00,2.33,0.00,0.00,0.00,0.00,0.67,1.00,5.00,1.36,0.33,1.00,0.00,1.33,0.39,0.00,0.33,0.00,0.00,0,0,,5,1.67,65,4,1.09,88,1,0.27,37,0,0,3,44,0.00,99,0,0,0.00,25,2,99,0.55,46,0,0.00,99,0,0.00,0,0,0.00,0,1.64,83,3,0.82,45,2,0.55,66.67,0,0.00,0,0,0,0.00,0,3,0.00,74,0.82,18,N/A,N/A,N/A,N/A,0.00,0,0.00,0,1.16,0.00,0,81.44,80.00,96,99,0.00,0.00,0,57,81,0,0,0,0.00,0.00,0,56,21.17,1.00,0.82,3,0,0.00,0.00,99,0.00,0,0,0,0.00,0.00,0,0.00,0.00,0.27,0.33,1,0,20.00,84,46,33,91,78,0.37,49,0.12,0.10,1.16,81,0.39,0.32,64,5,1.67,1.36,1.09,1.33,55,4,0.32,81,76,45,91,0,80,30,0,0.00,99,1,0.00,0.27,7.36,9.00,27,12,35,45,3.27,4.00,44.44,7,1.91,11,0,100.00,0,0.00,99,2,0.67,0.55,79,60,77,73,0,0,0,0,0,69,82,84,84,0,99,73,81,75,1,33,89,36,0,0
Yujin Kikuchi,56,N/A,N/A,MLS Next Pro,2026,Forward,San Jose Earthquakes II,4,0,4,,1,0,1,0,0,0,0,0,0,0,0,0,0,0,1,0,1,0,0,0,0,0,0,0,0,22.5,4,4,0,0,0,-1,-1,-1,10,0,3.39,0,69,26.16,6.25,39,25,4.75,19,30,19.88,37,0.00,0.00,0.50,2,0.00,1.00,3.14,0.75,3,0.00,0.25,0.00,0.00,0.00,0.00,0.00,0.25,0.00,0.00,0.00,0.50,0.00,0.00,0.00,0.00,0.00,0.00,0.00,0,0,,0,0.00,25,0,0.00,45,0,0.00,30,0,0,0,94,0.00,99,0,0,0.00,25,4,65,4.19,94,0,0.00,99,0,0.00,0,0,0.00,0,2.09,92,2,2.09,79,0,0.00,0.00,0,0.00,0,0,0,0.00,0,1,0.00,3,1.05,26,N/A,N/A,N/A,N/A,0.00,0,0.00,0,0.00,0.00,0,76.00,0.00,45,17,0.25,1.05,1,28,28,0,0,0,0.25,1.05,1,94,13.55,0.25,1.05,1,0,0.00,0.00,99,0.00,0,0,0,0.00,0.00,0,0.00,0.00,0.00,0.00,0,0,0.00,72,0,0,71,4,0.12,63,0.03,0.13,0.00,27,0.00,0.00,7,0,0.00,0.00,3.14,0.75,99,3,0.00,25,0,57,91,0,71,20,0,0.00,99,0,0.00,0.00,10.47,2.50,10,3,33,79,3.14,0.75,30.00,1,1.05,36,0,25.00,0,0.00,99,1,0.25,1.05,90,0,77,73,0,0,0,0,0,51,71,84,80,0,99,41,52,52,0,0,59,60,0,0
Yves Tcheuyap,23,1047283200,2003/03/10,MLS Next Pro,2026,Midfielder,Chattanooga FC,444,264,180,Canada,5,3,2,0,0,0,2,1,1,0,0,1,1,0,10,6,4,2,1,0.41,0.41,0,0,0,0,2.03,44,89,222,222,0.41,74,10,-1,6,0,6.56,0.4,92,29.05,30.60,47,153,24.60,123,43,23.35,48,0.00,0.00,1.00,5,0.00,0.80,1.52,1.60,8,0.00,0.60,0.00,0.00,0.00,1.20,0.60,2.00,0.00,0.00,0.00,1.20,0.00,0.00,0.00,0.00,0.40,0.00,0.00,0,0,,0,0.00,25,0,0.00,45,0,0.00,30,0,0,5,61,0.00,99,0,6,1.14,76,4,65,0.76,53,0,0.00,99,0,0.00,0,0,0.00,0,0.95,61,6,1.14,55,3,0.57,50.00,0,0.00,0,0,0,0.00,0,10,0.00,23,1.90,60,N/A,N/A,N/A,N/A,0.00,0,0.00,0,0.00,0.00,0,80.39,0.00,45,55,0.40,0.38,2,58,64,0,0,0,0.20,0.19,1,58,32.78,0.80,0.76,4,0,0.00,0.00,99,0.00,0,0,0,0.00,0.00,0,0.00,0.00,0.00,0.00,0,0,0.00,72,91,99,71,27,1.59,85,0.32,0.30,0.00,27,0.00,0.00,49,5,1.00,0.95,0.57,0.60,31,3,0.00,25,24,44,91,0,71,40,0,0.00,99,2,0.00,0.38,6.65,7.00,35,18,37,38,3.42,3.60,51.43,3,0.57,57,0,25.00,0,0.00,99,1,0.20,0.19,49,99,77,73,0,0,0,0,0,77,71,84,80,0,99,47,70,84,1,20,63,2,0,0
Zach Barrett,24,994748400,2001/07/10,MLS Next Pro,2026,Midfielder,Huntsville City,90,90,0,USA,1,1,0,0,0,0,0,0,0,0,0,0,0,0,2,2,0,0,0,0,0,0,0,0,0,2,45,90,0,0,0,-1,-1,-1,14,0,6.56,0,69,154.57,79.00,99,79,72.00,72,93,140.87,99,0.00,0.00,0.00,0,0.00,0.00,1.96,1.00,1,0.00,0.00,0.00,0.00,0.00,0.00,0.00,1.00,0.00,0.00,0.00,0.00,0.00,0.00,0.00,0.00,0.00,0.00,0.00,0,0,,0,0.00,25,0,0.00,45,0,0.00,30,0,0,1,75,0.00,99,0,0,0.00,25,0,48,0.00,30,0,0.00,99,0,0.00,0,0,0.00,0,0.00,24,0,0.00,18,0,0.00,0.00,0,0.00,0,0,0,0.00,0,1,0.00,30,1.96,63,N/A,N/A,N/A,N/A,0.00,0,0.00,0,0.00,0.00,0,91.14,0.00,45,99,0.00,0.00,0,28,28,0,0,0,0.00,0.00,0,56,6.56,3.00,5.87,3,0,0.00,0.00,99,0.00,0,0,0,0.00,0.00,0,0.00,0.00,0.00,0.00,0,0,0.00,72,0,0,71,36,0.17,90,0.17,0.33,0.00,27,0.00,0.00,7,0,0.00,0.00,0.00,0.00,12,0,0.00,25,24,99,91,0,71,20,0,0.00,99,0,0.00,0.00,1.96,1.00,1,1,18,10,1.96,1.00,100.00,0,0.00,99,0,0.00,0,0.00,99,0,0.00,0.00,48,3,77,73,0,0,0,0,0,51,71,84,80,0,99,41,52,52,0,0,59,28,0,0
Zach Lloyd,56,N/A,N/A,MLS Next Pro,2026,Midfielder,Columbus Crew II,90,0,90,,1,0,1,0,0,0,0,0,0,0,0,0,0,0,1,0,1,0,0,0,0,0,0,0,0,1,90,90,0,0,0,-1,-1,-1,9,0,3.40,0,69,21.00,10.50,20,21,8.50,17,47,17.00,25,0.00,0.00,0.00,0,0.00,0.00,4.00,2.00,4,0.00,0.00,0.00,0.00,0.00,1.50,0.00,1.00,0.00,0.00,0.00,0.00,0.00,0.00,0.00,0.00,0.50,0.00,0.00,0,0,,0,0.00,25,0,0.00,45,0,0.00,30,0,0,1,97,0.00,99,0,3,3.00,99,0,48,0.00,30,0,0.00,99,0,0.00,0,0,0.00,0,0.00,24,0,0.00,18,0,0.00,0.00,0,0.00,0,0,0,0.00,0,2,0.00,74,2.00,66,N/A,N/A,N/A,N/A,0.00,0,0.00,0,0.00,0.00,0,80.95,0.00,45,18,0.50,1.00,1,28,28,0,0,0,0.00,0.00,0,56,6.81,4.50,9.00,9,0,0.00,0.00,99,0.00,0,0,0,0.00,0.00,0,0.00,0.00,0.00,0.00,0,0,0.00,72,0,0,71,78,0.04,12,0.02,0.04,0.00,27,0.00,0.00,7,0,0.00,0.00,1.00,0.50,51,1,0.00,25,0,99,91,0,71,74,0,0.00,99,1,0.00,1.00,7.00,3.50,7,5,72,40,5.00,2.50,71.43,0,0.00,99,0,0.00,0,0.00,99,0,0.00,0.00,48,3,77,73,0,0,0,0,0,51,71,84,80,0,99,41,52,52,0,0,59,68,0,0
Zackory Campagnolo,19,1173682800,2007/03/12,MLS Next Pro,2026,Midfielder,Colorado Rapids II,270,180,90,USA,3,2,1,0,0,0,0,0,0,0,0,0,0,0,8,6,2,0,0,0,0,0,0,0,0,2.67,34,90,0,0,0,-1,-1,-1,15,0,7.00,0,69,43.20,48.00,74,144,39.67,119,55,35.70,74,0.00,0.00,0.00,0,0.00,0.00,0.00,0.00,0,0.00,0.00,0.00,0.00,4.33,0.00,0.00,7.00,0.00,0.00,0.00,0.00,0.00,0.00,0.00,0.00,0.00,0.00,0.00,0,0,,0,0.00,25,0,0.00,45,0,0.00,30,0,0,3,11,0.00,99,0,0,0.00,25,0,48,0.00,30,0,0.00,99,0,0.00,0,0,0.00,0,0.00,24,0,0.00,18,0,0.00,0.00,0,0.00,0,13,33,3.90,92,21,0.00,7,6.30,99,N/A,N/A,N/A,N/A,61.90,0,0.00,0,0.00,0.00,0,82.64,0.00,45,99,0.00,0.00,0,28,28,0,0,7,0.00,0.00,0,56,21.00,2.67,2.40,8,0,0.00,0.00,99,0.00,0,0,0,0.00,0.00,4,1.33,1.20,0.00,0.00,0,0,0.00,72,46,33,71,12,0.24,30,0.08,0.07,0.00,27,0.00,0.00,15,1,0.33,0.30,0.00,0.00,12,0,0.00,25,70,82,91,99,71,20,0,0.00,99,0,0.00,0.00,0.30,0.33,1,1,3,3,0.30,0.33,100.00,0,0.00,99,0,0.00,0,0.00,99,0,0.00,0.00,48,60,77,73,0,0,0,0,0,51,71,84,80,0,99,41,52,52,0,0,59,51,0,0
Zakaria Taifi,20,1128150000,2005/10/01,MLS Next Pro,2026,Midfielder,Orlando City II,180,180,0,USA,2,2,0,0,0,0,0,0,0,0,0,0,0,0,4,4,0,2,0,0,0,0,0,0,0,2,45,90,90,0,1,-1,-1,-1,6,0,6.74,0,69,36.50,36.50,60,73,31.00,62,65,31.00,63,0.00,0.00,0.00,0,0.00,3.00,0.50,0.50,1,0.00,0.00,0.00,0.00,0.00,2.50,1.00,2.50,0.00,3.00,2.00,2.00,0.00,1.00,0.27,0.00,2.50,0.00,0.00,0,0,,6,3.00,90,2,1.00,86,4,2.00,94,0,0,2,23,0.00,99,0,5,2.50,97,6,55,3.00,87,0,0.00,99,0,0.00,0,0,0.00,0,0.00,24,4,2.00,77,2,1.00,50.00,0,0.00,0,0,0,0.00,0,5,0.00,30,2.50,81,N/A,N/A,N/A,N/A,0.00,0,0.00,0,0.54,0.00,0,84.93,33.33,65,6,1.50,1.50,3,79,64,0,0,0,2.00,2.00,4,99,13.48,3.00,3.00,6,0,0.00,0.00,99,0.00,0,0,0,0.00,0.00,0,0.00,0.00,0.00,0.00,0,0,0.00,72,0,0,71,36,0.11,24,0.06,0.06,0.54,79,0.27,0.27,52,2,1.00,1.00,1.00,1.00,51,2,0.27,78,42,87,91,0,71,99,0,0.00,99,5,0.00,2.50,9.50,9.50,19,10,72,73,5.00,5.00,52.63,0,0.00,99,0,16.67,0,0.00,99,1,0.50,0.50,77,24,77,73,0,0,0,0,0,51,71,84,80,0,99,41,52,99,2,100,99,19,0,0
Zamir Loyo Reynaga,56,N/A,N/A,MLS Next Pro,2026,Midfielder,Sporting KC II,76,62,14,USA,2,1,1,0,0,0,0,0,0,0,0,0,0,0,3,3,0,0,0,0,0,0,0,0,0,3.55,25,38,0,0,0,-1,-1,-1,14,0,6.67,0,69,18.68,11.00,12,22,9.50,19,70,16.13,21,0.00,0.00,1.50,3,0.00,2.00,0.85,0.50,1,0.00,0.50,0.00,0.00,0.00,0.50,1.00,1.50,0.00,0.00,0.00,2.50,0.00,0.00,0.00,0.00,0.50,0.00,0.00,0,0,,0,0.00,25,0,0.00,45,0,0.00,30,1,0,1,34,0.00,99,0,1,0.85,61,4,92,3.40,88,0,0.00,99,0,0.00,0,0,0.00,0,2.55,97,5,4.25,96,2,1.70,40.00,0,0.00,0,0,0,0.00,0,3,0.00,2,2.55,81,N/A,N/A,N/A,N/A,0.00,0,0.00,0,0.00,0.00,0,86.36,0.00,45,99,0.00,0.00,0,92,46,0,0,0,0.00,0.00,0,56,13.34,0.00,0.00,0,0,0.00,0.00,99,0.00,0,0,0,0.00,0.00,0,0.00,0.00,0.00,0.00,0,0,0.00,72,0,0,71,6,0.15,63,0.07,0.13,0.00,27,0.00,0.00,74,2,1.00,1.70,0.85,0.50,44,1,0.00,25,33,15,91,0,71,67,0,0.00,99,1,0.00,0.85,9.34,5.50,11,6,73,70,5.09,3.00,54.55,1,0.85,45,0,50.00,0,0.00,99,2,1.00,1.70,97,3,77,96,0,0,0,0,0,51,71,84,80,0,99,41,52,52,0,0,59,75,0,0
Zane Wantland,18,1187852400,2007/08/23,MLS Next Pro,2026,Midfielder,Sporting KC II,316,180,136,USA,4,2,2,0,0,0,0,0,0,0,0,0,0,0,7,3,4,2,0,0,0,0,0,0,0,1.99,45,79,158,0,0.57,100,76,-1,6,0,5.16,0,69,20.06,14.80,15,74,12.20,61,54,16.54,24,0.00,0.00,0.00,0,0.00,1.00,1.36,1.00,5,0.00,0.20,0.00,0.00,0.00,1.00,0.40,1.40,0.00,0.54,0.40,0.60,0.00,0.00,0.02,0.00,0.00,0.00,0.00,0,0,,2,0.40,43,0,0.00,45,2,0.54,53,0,0,4,56,0.00,99,0,5,1.36,82,5,60,1.36,68,0,0.00,99,0,0.00,0,0,0.00,0,0.00,24,3,0.81,45,2,0.54,66.67,0,0.00,0,0,0,0.00,0,7,0.00,30,1.90,60,N/A,N/A,N/A,N/A,0.00,0,0.00,0,0.08,0.00,0,82.43,0.00,45,66,0.20,0.27,1,56,81,0,0,0,0.20,0.27,1,69,25.81,1.20,1.63,6,0,0.00,0.00,99,0.00,0,0,0,0.00,0.00,0,0.00,0.00,0.54,0.40,2,0,0.00,72,55,85,71,36,0.12,6,0.02,0.03,0.08,38,0.02,0.02,64,5,1.00,1.36,1.08,0.80,54,4,0.02,36,7,73,91,0,89,20,0,0.00,99,0,0.00,0.00,5.42,4.00,20,11,32,24,2.98,2.20,55.00,1,0.27,75,0,20.00,0,0.00,99,1,0.20,0.27,57,92,77,73,0,0,0,0,0,51,71,84,80,0,99,41,60,92,2,50,97,72,0,0
Zinedine Rodriguez,19,1173513600,2007/03/10,MLS Next Pro,2026,Midfielder,Orlando City II,0,0,0,USA,0,0,0,0,0,0,0,0,0,0,0,0,0,0,0,0,0,0,0,0,0,0,0,0,0,0,0,0,0,0,0,-1,-1,-1,-1,N/A,N/A,N/A,N/A,N/A,N/A,N/A,N/A,N/A,N/A,N/A,N/A,N/A,N/A,N/A,N/A,N/A,N/A,N/A,N/A,N/A,N/A,N/A,N/A,N/A,N/A,N/A,N/A,N/A,N/A,N/A,N/A,N/A,N/A,N/A,N/A,N/A,N/A,N/A,N/A,N/A,N/A,N/A,N/A,N/A,N/A,N/A,N/A,N/A,N/A,N/A,N/A,N/A,N/A,N/A,N/A,N/A,N/A,N/A,N/A,N/A,N/A,N/A,N/A,N/A,N/A,N/A,N/A,N/A,N/A,N/A,N/A,N/A,N/A,N/A,N/A,N/A,N/A,N/A,N/A,N/A,N/A,N/A,N/A,N/A,N/A,N/A,N/A,N/A,N/A,N/A,N/A,N/A,N/A,N/A,N/A,N/A,N/A,N/A,N/A,N/A,N/A,N/A,N/A,N/A,N/A,N/A,N/A,N/A,N/A,N/A,N/A,N/A,N/A,N/A,N/A,N/A,N/A,N/A,N/A,N/A,N/A,N/A,N/A,N/A,N/A,N/A,N/A,N/A,N/A,N/A,N/A,N/A,N/A,N/A,N/A,N/A,N/A,N/A,N/A,N/A,N/A,N/A,N/A,N/A,N/A,N/A,N/A,N/A,N/A,N/A,N/A,N/A,N/A,N/A,N/A,N/A,N/A,N/A,N/A,N/A,N/A,N/A,N/A,N/A,N/A,N/A,N/A,N/A,N/A,N/A,N/A,N/A,N/A,N/A,N/A,N/A,N/A,N/A,N/A,N/A,N/A,N/A,N/A,N/A,N/A,N/A,N/A,N/A,N/A,N/A,N/A,N/A,N/A,N/A,N/A,N/A,N/A,N/A,N/A,N/A,N/A,N/A,N/A,N/A,N/A,N/A,N/A,N/A,N/A,N/A,N/A,N/A,N/A,N/A,N/A,N/A,N/A,N/A,N/A,N/A,N/A,N/A,N/A
